CustomerID,Recency,Frequency,Monetary,Customer_Lifetime_Days,Purchase_Velocity,Spend_Velocity,Purchase_Interval_Mean,Purchase_Interval_Std,Purchase_Interval_Max,Purchase_Regularity_Index,Invoice_Value_Mean,Invoice_Value_Std,Invoice_Value_Max,Invoice_Value_Min,Invoice_Value_CV,Invoice_Value_Range,Spending_Momentum,Spending_Momentum_Ratio,Avg_Products_Per_Invoice,Std_Products_Per_Invoice,Avg_Quantity_Per_Invoice
12346,326,1,77183.6,1,1.0,77183.6,0.0,0.0,0.0,1.0,77183.6,0.0,77183.6,77183.6,0.0,0.0,0.0,0.0,1.0,0.0,74215.0
12347,2,7,4310.0,366,0.01912568306010929,11.775956284153006,60.333333333333336,18.47881670093263,90.0,0.05133782073898364,615.7142857142857,341.07078946836157,1294.32,224.82,0.5539432775588239,1069.5,13.832500000000095,1.0227579342228659,26.0,11.430952132988164,351.14285714285717
12348,75,4,1797.24,283,0.014134275618374558,6.350671378091873,94.0,70.14983962918234,173.0,0.01405484545308584,449.31,301.1599183158343,892.8,227.44,0.6702720133445379,665.3599999999999,-221.62,0.6043347854031279,6.75,4.349329450233296,585.25
12349,19,1,1757.55,1,1.0,1757.55,0.0,0.0,0.0,1.0,1757.55,0.0,1757.55,1757.55,0.0,0.0,0.0,0.0,73.0,0.0,631.0
12350,310,1,334.40000000000003,1,1.0,334.40000000000003,0.0,0.0,0.0,1.0,334.40000000000003,0.0,334.40000000000003,334.40000000000003,0.0,0.0,0.0,0.0,17.0,0.0,197.0
12352,36,8,2506.04,261,0.03065134099616858,9.601685823754789,36.857142857142854,64.53791797960992,181.0,0.015258342511141701,313.255,230.5931599778524,840.3,120.33000000000001,0.7361196468623084,719.9699999999999,-74.23000000000002,0.7881382538459343,10.375,5.95069023607466,67.0
12353,204,1,89.0,1,1.0,89.0,0.0,0.0,0.0,1.0,89.0,0.0,89.0,89.0,0.0,0.0,0.0,0.0,4.0,0.0,20.0
12354,232,1,1079.4,1,1.0,1079.4,0.0,0.0,0.0,1.0,1079.4,0.0,1079.4,1079.4,0.0,0.0,0.0,0.0,58.0,0.0,530.0
12355,214,1,459.4,1,1.0,459.40000000000003,0.0,0.0,0.0,1.0,459.40000000000003,0.0,459.40000000000003,459.40000000000003,0.0,0.0,0.0,0.0,13.0,0.0,240.0
12356,23,3,2811.43,303,0.009900990099009901,9.278646864686468,151.0,100.40916292848975,222.0,0.009861041853832927,937.1433333333333,1174.8942498937226,2271.62,58.349999999999994,1.2536974954671352,2213.27,-2001.715,0.11881608719768273,19.666666666666668,17.03917055884274,530.3333333333334
12357,33,1,6207.67,1,1.0,6207.67,0.0,0.0,0.0,1.0,6207.67,0.0,6207.67,6207.67,0.0,0.0,0.0,0.0,131.0,0.0,2708.0
12358,2,2,1168.06,150,0.013333333333333334,7.787066666666666,149.0,0.0,149.0,1.0,584.03,140.2475589805399,683.2,484.86,0.24013759392589407,198.34000000000003,198.34000000000003,1.4090665346698017,9.5,3.5355339059327378,124.0
12359,58,4,6310.03,275,0.014545454545454545,22.945563636363634,91.0,56.929781309961136,132.0,0.017262278182086768,1577.5075,979.4729773837561,2814.3,547.5,0.6208990939084322,2266.8,768.605,1.6441516755293517,60.75,36.98085090061251,402.25
12360,52,3,2662.06,149,0.020134228187919462,17.866174496644295,74.0,19.79898987322333,88.0,0.04807925798778345,887.3533333333334,306.0543908087798,1083.58,534.7,0.3449070165309344,548.8799999999999,-294.3399999999999,0.728363388028572,43.0,12.12435565298214,388.3333333333333
12361,287,1,189.9,1,1.0,189.9,0.0,0.0,0.0,1.0,189.9,0.0,189.9,189.9,0.0,0.0,0.0,0.0,10.0,0.0,91.0
12362,3,10,5226.2300000000005,293,0.034129692832764506,17.836962457337886,31.88888888888889,25.90581230363393,70.0,0.037166690554253916,522.623,166.05058794435706,829.99,303.76,0.3177253736333017,526.23,14.309999999999945,1.0277611801314532,26.6,7.848566748139433,222.9
12363,110,2,552.0,133,0.015037593984962405,4.150375939849624,132.0,0.0,132.0,1.0,276.0,32.668333290818495,299.1,252.9,0.11836352641600904,46.20000000000002,-46.20000000000002,0.8455366098294884,11.5,6.363961030678928,204.0
12364,8,4,1313.1,105,0.0380952380952381,12.505714285714285,34.333333333333336,2.516611478423584,37.0,0.2843646522044218,328.275,223.8464428278159,623.92,79.8,0.6818869631492375,544.12,-47.16999999999996,0.8659409992610698,21.25,13.744695946679455,376.5
12365,291,2,641.38,1,2.0,641.38,0.0,0.0,0.0,1.0,320.69,0.0,320.69,320.69,0.0,0.0,0.0,1.0,11.0,14.142135623730951,87.0
12367,4,1,168.9,1,1.0,168.9,0.0,0.0,0.0,1.0,168.9,0.0,168.9,168.9,0.0,0.0,0.0,0.0,11.0,0.0,173.0
12370,51,4,3541.94,310,0.012903225806451613,11.425612903225804,102.66666666666667,111.80488957703653,223.0,0.008864863958907399,885.4849999999999,543.5706009035686,1587.07,277.2,0.6138676554696789,1309.87,-93.29999999999995,0.8999072022829312,41.5,31.55418619877031,588.0
12371,45,2,1887.96,15,0.13333333333333333,125.864,14.0,0.0,14.0,1.0,943.98,825.8724361546401,1527.96,360.0,0.8748834044732304,1167.96,-1167.96,0.23560826199638735,31.5,43.1335136523794,295.5
12372,72,3,1298.04,225,0.013333333333333334,5.769066666666666,112.0,41.012193308819754,141.0,0.02380261350911348,432.68,72.3466847892839,515.7,383.12,0.1672059831498657,132.58000000000004,50.19,1.1257201543008868,17.333333333333332,3.785938897200182,264.6666666666667
12373,311,1,364.6,1,1.0,364.6,0.0,0.0,0.0,1.0,364.6,0.0,364.6,364.6,0.0,0.0,0.0,0.0,14.0,0.0,197.0
12374,25,1,742.9300000000001,1,1.0,742.9300000000001,0.0,0.0,0.0,1.0,742.9300000000001,0.0,742.9300000000001,742.9300000000001,0.0,0.0,0.0,0.0,33.0,0.0,342.0
12375,11,2,457.5,88,0.022727272727272728,5.198863636363637,87.0,0.0,87.0,1.0,228.75,2.1920310216782832,230.3,227.20000000000002,0.00958264927509632,3.0999999999999943,-3.0999999999999943,0.9865392965696917,8.5,3.5355339059327378,89.0
12377,315,2,1628.12,40,0.05,40.702999999999996,39.0,0.0,39.0,1.0,814.06,265.10847440246033,1001.52,626.6,0.3256620819134466,374.91999999999996,-374.91999999999996,0.6256490134994809,38.5,6.363961030678928,472.0
12378,130,1,4008.62,1,1.0,4008.62,0.0,0.0,0.0,1.0,4008.62,0.0,4008.62,4008.62,0.0,0.0,0.0,0.0,219.0,0.0,2529.0
12379,82,2,852.24,89,0.02247191011235955,9.575730337078651,88.0,0.0,88.0,1.0,426.12,47.68728132322072,459.84,392.40000000000003,0.11191045086647124,67.43999999999994,-67.43999999999994,0.8533402922755743,20.0,0.0,203.5
12380,22,4,2724.81,165,0.024242424242424242,16.514000000000003,54.0,46.357307945997036,107.0,0.02111606515176771,681.2025000000001,252.02131541796226,1040.39,450.86,0.3699653413162198,589.5300000000001,128.84500000000003,1.2088994455073123,26.0,8.04155872120988,281.75
12381,5,5,1845.31,116,0.04310344827586207,15.907844827586207,28.25,24.608602831801186,60.0,0.03904937753020182,369.062,530.5532164825693,1268.74,4.5,1.4375720515321795,1264.24,-447.18000000000006,0.298398104711549,17.4,25.676837811537464,161.6
12383,185,5,1850.56,168,0.02976190476190476,11.015238095238095,41.25,18.5,60.0,0.05128205128205128,370.11199999999997,253.75093806723163,651.16,99.45,0.685605811395555,551.7099999999999,-426.38,0.31881649998402406,19.8,13.6088206689632,306.4
12384,29,2,585.27,93,0.021505376344086023,6.293225806451613,92.0,0.0,92.0,1.0,292.635,0.07778174593052987,292.69,292.58,0.0002657978229894916,0.11000000000001364,-0.11000000000001364,0.999624175749086,13.5,0.7071067811865476,63.0
12386,338,2,401.9,30,0.06666666666666667,13.396666666666668,29.0,0.0,29.0,1.0,200.95000000000002,81.95367593952088,258.90000000000003,143.0,0.40783118158507525,115.90000000000003,-115.90000000000003,0.552336809578988,5.0,4.242640687119285,177.0
12388,16,6,2780.6600000000003,312,0.019230769230769232,8.912371794871794,61.8,41.54756310543375,126.0,0.023503108686200876,463.4433333333333,327.1524836321233,902.09,124.05000000000001,0.7059169052644838,778.04,416.0533333333335,2.6289200652528555,16.666666666666668,10.98483803552272,243.66666666666666
12390,80,1,549.84,1,1.0,549.84,0.0,0.0,0.0,1.0,549.84,0.0,549.84,549.84,0.0,0.0,0.0,0.0,32.0,0.0,353.0
12391,22,1,439.66,1,1.0,439.66,0.0,0.0,0.0,1.0,439.66,0.0,439.66,439.66,0.0,0.0,0.0,0.0,92.0,0.0,293.0
12393,72,4,1582.6,261,0.01532567049808429,6.063601532567049,86.33333333333333,85.04900548115383,173.0,0.011621284806353941,395.65,151.42475579199942,521.5,177.00000000000003,0.38272401312270804,344.5,151.8,1.474745895230649,15.75,8.99536917900909,204.0
12394,64,2,1272.48,154,0.012987012987012988,8.262857142857143,153.0,0.0,153.0,1.0,636.24,360.850732575119,891.4000000000001,381.08,0.5671613425360226,510.3200000000001,510.3200000000001,2.3391413876351423,13.5,10.606601717798213,409.5
12395,19,12,3018.63,352,0.03409090909090909,8.57565340909091,31.454545454545453,19.92166477161804,55.0,0.04779734361084794,251.5525,74.69311385139987,346.68,149.97,0.29692852923902513,196.71,-20.13500000000002,0.9230372295696047,13.0,3.3028912953790814,176.5
12397,36,2,2409.9,100,0.02,24.098999999999997,99.0,0.0,99.0,1.0,1204.9499999999998,13.944145724998656,1214.81,1195.09,0.011572385347938634,19.720000000000027,-19.720000000000027,0.9837670088326569,63.0,9.899494936611665,631.5
12398,46,1,1635.66,1,1.0,1635.6599999999999,0.0,0.0,0.0,1.0,1635.6599999999999,0.0,1635.6599999999999,1635.6599999999999,0.0,0.0,0.0,0.0,85.0,0.0,1394.0
12399,119,4,1108.65,143,0.027972027972027972,7.752797202797203,47.333333333333336,17.009801096230763,64.0,0.05552532172103156,277.1625,150.3581919672708,480.9,130.08,0.5424911088883626,350.81999999999994,-214.625,0.44177124650497435,14.75,7.804912982645398,294.5
12401,303,1,84.3,1,1.0,84.3,0.0,0.0,0.0,1.0,84.3,0.0,84.3,84.3,0.0,0.0,0.0,0.0,5.0,0.0,11.0
12402,323,1,225.6,1,1.0,225.60000000000002,0.0,0.0,0.0,1.0,225.60000000000002,0.0,225.60000000000002,225.60000000000002,0.0,0.0,0.0,0.0,11.0,0.0,94.0
12403,50,1,427.7,1,1.0,427.7,0.0,0.0,0.0,1.0,427.7,0.0,427.7,427.7,0.0,0.0,0.0,0.0,5.0,0.0,96.0
12405,149,1,1710.39,1,1.0,1710.39,0.0,0.0,0.0,1.0,1710.39,0.0,1710.39,1710.39,0.0,0.0,0.0,0.0,54.0,0.0,857.0
12406,22,2,3415.3,162,0.012345679012345678,21.0820987654321,161.0,0.0,161.0,1.0,1707.65,122.1880517890353,1794.05,1621.25,0.0715533345761926,172.79999999999995,172.79999999999995,1.1065844255975328,52.0,5.656854249492381,909.0
12407,50,5,1708.12,215,0.023255813953488372,7.944744186046512,53.0,32.516662395352526,84.0,0.029835906338295234,341.62399999999997,214.99532292587205,719.06,192.34,0.6293331935867271,526.7199999999999,156.07333333333332,1.6293787133370972,15.4,10.691117808723277,283.2
12408,33,5,2888.55,228,0.021929824561403508,12.669078947368423,56.5,38.379682124790975,84.0,0.02539380579129822,577.71,286.6105120193605,762.89,74.7,0.49611485350670836,688.1899999999999,264.8583333333333,1.6324295498593184,21.0,11.113055385446433,281.8
12409,79,3,11072.67,104,0.028846153846153848,106.46798076923076,51.5,72.8319984622144,103.0,0.013544262932443554,3690.89,3262.336652017998,6207.08,4.95,0.8838888864252248,6202.13,-3774.285,0.39193872158889526,36.333333333333336,32.19213154380016,1850.3333333333333
12410,309,2,693.33,1,2.0,693.33,0.0,0.0,0.0,1.0,346.665,394.09182235869855,625.33,68.0,1.136808799153934,557.33,-557.33,0.10874258391569251,13.0,12.727922061357855,105.5
12412,75,3,1226.88,95,0.031578947368421054,12.914526315789475,46.5,21.920310216782973,62.0,0.04362942693802497,408.96000000000004,93.57361380218249,514.5,336.14,0.22880871919547752,178.36,-158.31,0.6923032069970846,20.333333333333332,6.6583281184793925,276.3333333333333
12413,67,3,758.1,271,0.01107011070110701,2.797416974169742,134.5,48.79036790187178,169.0,0.020084205884375615,252.70000000000002,203.7007056934266,479.25,84.65,0.8060969754389655,394.6,-339.825,0.2909233176838811,12.666666666666666,10.263202878893768,95.33333333333333
12414,217,3,562.4100000000001,94,0.031914893617021274,5.98308510638298,46.0,50.91168824543142,82.0,0.019263484463694105,187.47000000000003,48.29698437790915,242.8,153.76,0.25762513670405474,89.04000000000002,50.565000000000026,1.3288566597294487,6.0,1.0,100.0
12415,24,21,124914.53,314,0.06687898089171974,397.816974522293,15.15,14.99219094974728,46.0,0.06253051899782391,5948.310952380953,7774.349436419039,22775.93,61.2,1.306984368950512,22714.73,-3352.890636363638,0.5648189012125326,34.0,41.33642461558571,3684.4761904761904
12417,3,9,3649.1,355,0.02535211267605634,10.279154929577464,43.75,15.508062419270823,67.0,0.06057646104079676,405.4555555555555,81.78530783568515,562.69,291.34,0.20171214012254154,271.3500000000001,72.334,1.1980288553672627,21.333333333333332,6.5383484153110105,172.44444444444446
12418,113,1,668.58,1,1.0,668.58,0.0,0.0,0.0,1.0,668.58,0.0,668.58,668.58,0.0,0.0,0.0,0.0,34.0,0.0,407.0
12420,64,1,600.39,1,1.0,600.39,0.0,0.0,0.0,1.0,600.39,0.0,600.39,600.39,0.0,0.0,0.0,0.0,29.0,0.0,345.0
12421,16,4,807.04,304,0.013157894736842105,2.654736842105263,100.33333333333333,43.54690957270485,145.0,0.022448246345078183,201.76,40.076354624641205,239.35000000000002,157.45,0.19863379572086245,81.90000000000003,6.719999999999999,1.0338709677419355,11.25,2.0615528128088303,121.0
12422,96,3,803.5600000000001,230,0.013043478260869565,3.4937391304347822,114.0,59.39696961966999,156.0,0.01655712209233626,267.8533333333333,137.20547559530317,417.36,147.7,0.512241060761996,269.66,44.02999999999997,1.1846121593291403,13.0,5.0,123.33333333333333
12423,1,8,1859.31,353,0.0226628895184136,5.267167138810198,49.857142857142854,35.55009878761976,100.0,0.027359707173725063,232.41375,83.74813634386993,347.35,84.92,0.36034071281871205,262.43,-51.64750000000001,0.7999999999999999,15.625,5.262739645035518,167.375
12424,163,2,1760.96,1,2.0,1760.96,0.0,0.0,0.0,1.0,880.48,828.502873380654,1466.32,294.64,0.9409672830508973,1171.6799999999998,-1171.6799999999998,0.20093840362267446,15.0,11.313708498984761,370.0
12425,78,1,777.2,1,1.0,777.2,0.0,0.0,0.0,1.0,777.2,0.0,777.2,777.2,0.0,0.0,0.0,0.0,36.0,0.0,496.0
12426,195,1,582.73,1,1.0,582.73,0.0,0.0,0.0,1.0,582.73,0.0,582.73,582.73,0.0,0.0,0.0,0.0,30.0,0.0,258.0
12427,22,3,825.8000000000001,350,0.008571428571428572,2.3594285714285714,174.5,193.04015126392747,311.0,0.005153572564679311,275.26666666666665,32.512854893616016,303.5,239.72000000000003,0.11811402843406157,63.77999999999997,-42.35000000000002,0.8604612850082372,10.333333333333334,4.509249752822894,177.66666666666666
12428,26,9,7956.46,258,0.03488372093023256,30.838992248062016,31.875,37.50595190861617,94.0,0.02597001113940097,884.0511111111111,768.3008857284436,2474.62,373.72,0.8690684012181287,2100.8999999999996,-828.9970000000001,0.38346428876882055,32.666666666666664,36.857834987964225,392.8888888888889
12429,9,4,3750.4,357,0.011204481792717087,10.50532212885154,118.33333333333333,56.36783953047458,163.0,0.017431369355800582,937.6,367.0537294002973,1281.5,437.98,0.3914822199235253,843.52,155.72000000000003,1.1811245260194942,24.25,4.425306015783918,389.25
12430,43,1,256.4,1,1.0,256.4,0.0,0.0,0.0,1.0,256.4,0.0,256.4,256.4,0.0,0.0,0.0,0.0,11.0,0.0,117.0
12431,36,15,6419.95,339,0.04424778761061947,18.937905604719763,23.714285714285715,23.38450694017654,73.0,0.0410096461024756,427.99666666666667,164.5911814451911,640.1,89.80000000000001,0.38456183018214574,550.3,-25.46071428571429,0.942341226063804,15.6,9.955615787799655,193.06666666666666
12432,43,5,5059.32,130,0.038461538461538464,38.91784615384615,32.0,63.33508769499995,127.0,0.015543617578339277,1011.8639999999999,1087.3683086608694,2862.06,64.6,1.0746190285066664,2797.46,-1077.4433333333332,0.3502841211741129,21.6,25.422431040323428,360.2
12433,1,7,13375.87,373,0.01876675603217158,35.86024128686327,61.666666666666664,105.58156404726475,274.0,0.009382485694773058,1910.8385714285716,966.506920261974,2843.29,19.8,0.5058024967223678,2823.49,-386.58333333333326,0.8186539029870701,60.0,27.018512172212592,1581.5714285714287
12434,85,2,806.14,176,0.011363636363636364,4.580340909090909,175.0,0.0,175.0,1.0,403.07,165.20842835642495,519.89,286.25,0.40987527813140384,233.64,233.64,1.8162096069868996,25.0,12.727922061357855,197.0
12435,80,2,7829.89,189,0.010582010582010581,41.42798941798942,188.0,0.0,188.0,1.0,3914.9450000000006,90.57330760218481,3978.9900000000002,3850.9000000000005,0.023135269487102577,128.0899999999997,-128.0899999999997,0.9678084136929221,18.0,1.4142135623730951,1027.5
12436,100,1,509.01,1,1.0,509.01,0.0,0.0,0.0,1.0,509.01,0.0,509.01,509.01,0.0,0.0,0.0,0.0,16.0,0.0,211.0
12437,2,18,4951.41,330,0.05454545454545454,15.004272727272728,18.941176470588236,19.356751368176734,79.0,0.04912375171822741,275.0783333333333,158.14167405693354,736.55,65.1,0.574896874430678,671.4499999999999,-0.2277777777777601,0.9991722957286423,11.055555555555555,7.764718261031923,162.33333333333334
12438,14,2,2906.85,126,0.015873015873015872,23.070238095238093,125.0,0.0,125.0,1.0,1453.425,796.704281430695,2016.78,890.0699999999999,0.5481564452453309,1126.71,1126.71,2.265866729583067,49.0,0.0,590.0
12441,367,1,173.55,1,1.0,173.55,0.0,0.0,0.0,1.0,173.55,0.0,173.55,173.55,0.0,0.0,0.0,0.0,11.0,0.0,121.0
12442,3,1,172.06,1,1.0,172.06,0.0,0.0,0.0,1.0,172.06,0.0,172.06,172.06,0.0,0.0,0.0,0.0,12.0,0.0,182.0
12444,21,5,5005.46,150,0.03333333333333333,33.369733333333336,37.25,9.03234926989282,49.0,0.09967755040197913,1001.092,506.5277346503349,1870.2,562.54,0.5059752097213192,1307.66,-520.905,0.6034629101691109,35.2,31.52300747073477,230.6
12445,22,1,133.4,1,1.0,133.4,0.0,0.0,0.0,1.0,133.4,0.0,133.4,133.4,0.0,0.0,0.0,0.0,4.0,0.0,62.0
12446,58,1,1002.31,1,1.0,1002.3100000000001,0.0,0.0,0.0,1.0,1002.3100000000001,0.0,1002.3100000000001,1002.3100000000001,0.0,0.0,0.0,0.0,57.0,0.0,351.0
12447,243,1,476.49,1,1.0,476.49,0.0,0.0,0.0,1.0,476.49,0.0,476.49,476.49,0.0,0.0,0.0,0.0,26.0,0.0,190.0
12448,44,1,449.45,1,1.0,449.45,0.0,0.0,0.0,1.0,449.45,0.0,449.45,449.45,0.0,0.0,0.0,0.0,22.0,0.0,243.0
12449,22,4,4067.29,165,0.024242424242424242,24.650242424242425,54.333333333333336,16.165807537309522,69.0,0.05825534265291749,1016.8225,253.78231845093808,1342.71,777.95,0.24958369671298392,564.76,396.7649999999999,1.4847820243389862,47.75,8.381527307120106,388.25
12450,156,2,197.88,18,0.1111111111111111,10.993333333333332,17.0,0.0,17.0,1.0,98.94,4.157787873376896,101.88,96.0,0.04202332598925507,5.8799999999999955,-5.8799999999999955,0.9422850412249706,4.0,2.8284271247461903,64.0
12451,11,5,9035.52,314,0.01592356687898089,28.775541401273887,77.75,63.53148825582476,152.0,0.01549631082481253,1807.104,1148.3161166812906,2919.5099999999998,262.5,0.6354455065570607,2657.0099999999998,-1411.3433333333332,0.4682022625735864,70.8,39.16248204595822,1315.0
12452,17,2,430.5700000000001,1,2.0,430.57,0.0,0.0,0.0,1.0,215.285,191.32188178564417,350.57,80.0,0.8886911851064596,270.57,-270.57,0.22819978891519527,11.0,14.142135623730951,92.5
12453,134,1,707.09,1,1.0,707.09,0.0,0.0,0.0,1.0,707.09,0.0,707.09,707.09,0.0,0.0,0.0,0.0,43.0,0.0,473.0
12454,56,1,3528.34,1,1.0,3528.34,0.0,0.0,0.0,1.0,3528.34,0.0,3528.34,3528.34,0.0,0.0,0.0,0.0,15.0,0.0,1006.0
12455,73,6,2466.86,224,0.026785714285714284,11.012767857142858,44.2,38.880586415330725,105.0,0.02507485696387815,411.1433333333334,632.4667106391188,1683.9,15.0,1.538311968994881,1668.9,-486.58000000000004,0.256486527784852,15.0,14.198591479439079,348.1666666666667
12456,44,3,3181.04,211,0.014218009478672985,15.07601895734597,104.5,26.16295090390226,123.0,0.036814851359037684,1060.3466666666666,229.723345425173,1325.23,915.64,0.21664928333988853,409.59000000000003,180.26499999999987,1.1917366008275099,41.666666666666664,3.0550504633038926,544.3333333333334
12457,66,7,2363.23,173,0.04046242774566474,13.660289017341041,28.166666666666668,58.478771076918726,147.0,0.016812721276752454,337.6042857142857,253.38797319901505,743.28,160.0,0.750547264715286,583.28,-31.755000000000052,0.91073787772312,8.857142857142858,13.533028380331473,120.42857142857143
12458,71,2,947.4,214,0.009345794392523364,4.427102803738318,213.0,0.0,213.0,1.0,473.70000000000005,44.94370701221694,505.48,441.92,0.09487799664812525,63.56,63.56,1.1438269370021723,19.0,0.0,253.0
12461,94,2,826.88,61,0.03278688524590164,13.555409836065573,60.0,0.0,60.0,1.0,413.44,301.8497427529134,626.88,200.0,0.730093224537813,426.88,-426.88,0.31904032669729454,17.5,23.33452377915607,143.5
12462,19,2,1189.59,285,0.007017543859649123,4.174,284.0,0.0,284.0,1.0,594.7950000000001,236.61914218845442,762.11,427.48,0.3978162933253548,334.63,-334.63,0.5609164031439031,31.0,12.727922061357855,268.0
12463,53,4,1344.78,189,0.021164021164021163,7.115238095238095,62.0,51.11751167652823,121.0,0.01918740875824205,336.195,27.298125088242475,358.99,297.38,0.08119729647449389,61.610000000000014,24.439999999999998,1.0754379195925612,20.75,2.2173557826083456,194.0
12464,10,8,1212.05,300,0.02666666666666667,4.040166666666667,42.285714285714285,33.10445229730832,84.0,0.029321684784215832,151.50625,82.31924110046899,281.9,34.0,0.5433389124242003,247.89999999999998,30.587500000000006,1.224557217582821,3.625,1.407885953173359,14.0
12465,17,2,742.19,153,0.013071895424836602,4.850915032679739,152.0,0.0,152.0,1.0,371.095,98.77574626394885,440.94,301.25,0.2661737459786546,139.69,-139.69,0.6831995282804917,23.5,3.5355339059327378,239.5
12468,188,2,729.54,129,0.015503875968992248,5.655348837209303,128.0,0.0,128.0,1.0,364.77000000000004,203.9013114229529,508.95000000000005,220.59,0.5589859676589436,288.36,288.36,2.3072215422276625,19.0,9.899494936611665,183.0
12471,2,30,19788.65,363,0.08264462809917356,54.5141873278237,12.172413793103448,14.616695360143192,52.0,0.06403403389376425,659.6216666666667,615.7383696415635,2238.51,29.700000000000003,0.9334720200340552,2208.8100000000004,101.702,1.1670612688302984,15.3,11.974541960860707,273.3333333333333
12472,32,7,6572.11,337,0.020771513353115726,19.501810089020772,55.666666666666664,26.867576494106544,88.0,0.035883995876407865,938.8728571428572,494.6683528289193,1631.3,268.08,0.5268746977458434,1363.22,-135.46249999999998,0.8667075018695636,48.42857142857143,25.48108542204814,592.5714285714286
12473,29,5,3928.05,163,0.03067484662576687,24.09846625766871,40.25,34.7598906787694,77.0,0.027964291305669416,785.61,618.2356287856596,1697.98,40.46,0.7869497954273235,1657.52,329.5583333333334,1.5605925295910412,33.0,40.04372610035185,482.8
12474,17,18,7324.09,313,0.05750798722044728,23.39964856230032,17.823529411764707,14.946719097002722,50.0,0.06270882392278145,406.8938888888889,253.4899585234536,806.47,7.800000000000001,0.6229878733634028,798.6700000000001,114.47888888888883,1.327405787936661,23.444444444444443,14.983215009674785,268.5
12475,54,1,723.38,1,1.0,723.38,0.0,0.0,0.0,1.0,723.38,0.0,723.38,723.38,0.0,0.0,0.0,0.0,36.0,0.0,535.0
12476,16,11,6816.42,346,0.031791907514450865,19.70063583815029,34.1,26.218949889980973,77.0,0.03673911021703634,619.6745454545454,527.3353669983389,1750.46,12.45,0.8509876206251564,1738.01,239.5333333333333,1.489823183782531,21.09090909090909,18.796034398002924,218.9090909090909
12477,23,6,13219.74,279,0.021505376344086023,47.38258064516129,55.4,50.122849081032896,138.0,0.01956072515471385,2203.29,1132.6246460323912,4257.0599999999995,1059.24,0.5140606302540253,3197.8199999999997,-1482.7733333333329,0.49645631721875527,50.0,23.143033509028154,608.8333333333334
12478,4,1,680.99,1,1.0,680.99,0.0,0.0,0.0,1.0,680.99,0.0,680.99,680.99,0.0,0.0,0.0,0.0,36.0,0.0,236.0
12479,11,1,527.2,1,1.0,527.2,0.0,0.0,0.0,1.0,527.2,0.0,527.2,527.2,0.0,0.0,0.0,0.0,31.0,0.0,385.0
12480,28,4,3281.63,308,0.012987012987012988,10.654642857142857,102.33333333333333,30.072135496724094,124.0,0.03218317582663184,820.4075,239.10279761014914,1136.6799999999998,557.6800000000001,0.2914439441498879,578.9999999999998,53.54499999999996,1.067468042614048,38.5,3.1091263510296048,426.75
12481,23,10,5579.82,343,0.029154518950437316,16.267696793002916,37.666666666666664,38.40572873934304,113.0,0.025377020854371126,557.9820000000001,391.41224453679695,1307.76,134.82,0.7014782637016909,1172.94,225.25600000000003,1.5057908989253495,21.6,13.631662489301231,329.4
12483,17,8,2484.98,323,0.02476780185758514,7.69343653250774,45.285714285714285,40.16928464102178,112.0,0.02428995326782003,310.6225,175.47566658738106,547.56,8.5,0.5649161493046416,539.06,123.91499999999999,1.4983210343232862,9.375,5.655275665884277,138.75
12484,33,6,4527.32,304,0.019736842105263157,14.892499999999998,60.2,64.65833279632254,159.0,0.015230359307204478,754.5533333333333,507.57961758394777,1241.99,140.0,0.6726888546653841,1101.99,-836.6599999999999,0.2866639194009066,55.5,48.08222124652729,364.5
12488,10,3,1298.66,66,0.045454545454545456,19.67666666666667,32.5,4.949747468305833,36.0,0.1680743603534397,432.8866666666667,189.83366570061628,553.39,214.06,0.4385297130132974,339.33,-180.755,0.673367787636206,18.333333333333332,10.263202878893768,176.33333333333334
12489,336,1,334.93,1,1.0,334.93,0.0,0.0,0.0,1.0,334.93,0.0,334.93,334.93,0.0,0.0,0.0,0.0,15.0,0.0,105.0
12490,5,10,5417.93,325,0.03076923076923077,16.670553846153847,35.666666666666664,34.590461112855955,115.0,0.028097416238273488,541.793,233.69165601278962,1035.82,331.5,0.43133015009937303,704.3199999999999,76.8780000000001,1.1527314772506032,24.5,10.146154170149616,306.4
12491,39,1,460.4,1,1.0,460.40000000000003,0.0,0.0,0.0,1.0,460.40000000000003,0.0,460.40000000000003,460.40000000000003,0.0,0.0,0.0,0.0,25.0,0.0,260.0
12492,63,2,263.21000000000004,43,0.046511627906976744,6.121162790697675,42.0,0.0,42.0,1.0,131.60500000000002,7.375123727775666,136.82,126.39000000000001,0.05603984444189556,10.429999999999978,10.429999999999978,1.0825223514518552,10.0,1.4142135623730951,96.0
12493,166,2,433.74,32,0.0625,13.554375,31.0,0.0,31.0,1.0,216.87,22.10415797989147,232.5,201.24,0.10192353935487374,31.25999999999999,-31.25999999999999,0.8655483870967743,11.0,1.4142135623730951,103.5
12494,16,7,1246.1,350,0.02,3.5602857142857145,57.666666666666664,44.94737663831635,121.0,0.021764028181014406,178.01428571428573,130.70073652650711,403.09000000000003,4.949999999999999,0.7342148749583097,398.14000000000004,129.20416666666668,2.240161574148136,11.0,7.14142842854285,101.0
12497,82,1,1043.1,1,1.0,1043.1,0.0,0.0,0.0,1.0,1043.1,0.0,1043.1,1043.1,0.0,0.0,0.0,0.0,14.0,0.0,1236.0
12498,21,3,403.7000000000001,37,0.08108108108108109,10.910810810810812,18.0,25.45584412271571,36.0,0.0377988317198079,134.5666666666667,108.65358177866634,247.25000000000003,30.450000000000003,0.8074331070993286,216.8,-169.02500000000003,0.31638018200202217,7.666666666666667,5.507570547286102,53.0
12500,23,11,4257.82,311,0.03536977491961415,13.690739549839227,30.7,30.52521726194408,98.0,0.0317206378528962,387.07454545454544,299.25113531492696,1096.65,3.0,0.7731098281430865,1093.65,197.82866666666666,1.7086366154669113,5.545454545454546,2.6967994498529686,243.45454545454547
12501,337,1,2169.39,1,1.0,2169.39,0.0,0.0,0.0,1.0,2169.39,0.0,2169.39,2169.39,0.0,0.0,0.0,0.0,149.0,0.0,1783.0
12502,96,5,3723.87,215,0.023255813953488372,17.32032558139535,53.25,25.578311124857326,90.0,0.03762466303078044,744.774,218.02465830726575,1092.35,522.6,0.2927393522159283,569.7499999999999,141.24833333333322,1.2140045200308067,29.4,8.763560920082659,164.0
12504,18,2,482.05,13,0.15384615384615385,37.08076923076923,12.0,0.0,12.0,1.0,241.02499999999998,294.68675105949364,449.4,32.65,1.22263977205474,416.75,-416.75,0.07265242545616378,4.5,2.1213203435596424,45.0
12506,233,1,73.5,1,1.0,73.5,0.0,0.0,0.0,1.0,73.5,0.0,73.5,73.5,0.0,0.0,0.0,0.0,23.0,0.0,23.0
12507,134,3,1304.81,165,0.01818181818181818,7.907939393939394,82.0,86.2670273047588,143.0,0.011459081750404354,434.93666666666667,382.69844921730913,811.9,46.75,0.8798946571929457,765.15,-16.835000000000036,0.9622668997668997,7.0,6.0,298.0
12508,26,2,397.88,3,0.6666666666666666,132.62666666666667,2.0,0.0,2.0,1.0,198.94,107.282240841623,274.8,123.08,0.5392693316659445,151.72000000000003,-151.72000000000003,0.4478893740902474,32.0,21.213203435596427,135.5
12509,284,1,176.5,1,1.0,176.5,0.0,0.0,0.0,1.0,176.5,0.0,176.5,176.5,0.0,0.0,0.0,0.0,7.0,0.0,55.0
12510,143,2,982.57,183,0.01092896174863388,5.369234972677595,182.0,0.0,182.0,1.0,491.28499999999997,268.3682366637304,681.05,301.52,0.5462577458374068,379.53,-379.53,0.4427281403714852,16.5,17.67766952966369,176.5
12512,66,2,132.18,1,2.0,132.18,0.0,0.0,0.0,1.0,66.09,71.26222140798026,116.48,15.7,1.0782602724766268,100.78,-100.78,0.1347870879120879,15.5,19.091883092036785,48.0
12513,113,1,612.29,1,1.0,612.29,0.0,0.0,0.0,1.0,612.29,0.0,612.29,612.29,0.0,0.0,0.0,0.0,35.0,0.0,462.0
12514,267,1,1017.68,1,1.0,1017.6800000000001,0.0,0.0,0.0,1.0,1017.6800000000001,0.0,1017.6800000000001,1017.6800000000001,0.0,0.0,0.0,0.0,51.0,0.0,440.0
12515,353,1,383.7,1,1.0,383.7,0.0,0.0,0.0,1.0,383.7,0.0,383.7,383.7,0.0,0.0,0.0,0.0,16.0,0.0,131.0
12516,78,2,1312.06,103,0.019417475728155338,12.738446601941748,102.0,0.0,102.0,1.0,656.03,102.99717374763253,728.86,583.2,0.15700070690003892,145.65999999999997,145.65999999999997,1.2497599451303154,13.0,0.0,437.5
12517,28,5,2481.6,162,0.030864197530864196,15.318518518518518,40.0,27.676705006196094,63.0,0.03487150981202104,496.32,292.41425367105484,771.75,54.0,0.5891647599755295,717.75,-440.675,0.42071707910217226,54.2,47.82990696206715,272.2
12518,1,5,2056.89,110,0.045454545454545456,18.698999999999998,27.0,6.48074069840786,33.0,0.13367660240019172,411.378,89.76072259067438,524.9,324.83,0.2181952427953716,200.07,-22.47833333333341,0.9470929981680454,24.8,6.833739825307955,263.6
12519,64,1,330.84000000000003,1,1.0,330.84000000000003,0.0,0.0,0.0,1.0,330.84000000000003,0.0,330.84000000000003,330.84000000000003,0.0,0.0,0.0,0.0,17.0,0.0,175.0
12520,79,5,2634.26,195,0.02564102564102564,13.509025641025643,48.25,23.7679756535273,63.0,0.04037471669016221,526.8520000000001,287.3901053794302,987.42,246.54,0.5454854596346416,740.88,-150.2133333333333,0.7565345175964645,30.4,17.429859437184227,287.8
12521,143,1,599.68,1,1.0,599.68,0.0,0.0,0.0,1.0,599.68,0.0,599.68,599.68,0.0,0.0,0.0,0.0,38.0,0.0,309.0
12522,39,2,192.72,13,0.15384615384615385,14.824615384615385,12.0,0.0,12.0,1.0,96.36,9.842926394116732,103.32,89.4,0.10214743040801923,13.919999999999987,13.919999999999987,1.155704697986577,6.0,0.0,97.0
12523,19,11,1789.77,313,0.03514376996805112,5.7181150159744405,30.8,31.83568926709631,117.0,0.030454667537680436,162.70636363636365,50.91167494253697,262.42,102.95,0.31290524724847696,159.47000000000003,39.817000000000036,1.282414106165064,9.636363636363637,2.500908925679912,78.63636363636364
12524,9,8,4485.72,325,0.024615384615384615,13.802215384615385,45.857142857142854,29.099991818031906,98.0,0.033222600392898885,560.715,327.584885051624,1094.33,289.1,0.5842270762359202,805.2299999999999,-94.81999999999994,0.8440781089414184,18.0,8.96022958889527,462.375
12526,1,3,1316.66,94,0.031914893617021274,14.007021276595744,46.5,9.192388155425117,53.0,0.09811243299910322,438.8866666666666,140.12961190745278,520.3,277.08,0.3192842766715465,243.21999999999997,-122.12,0.7652892561983471,23.666666666666668,9.237604307034013,210.66666666666666
12527,82,3,348.71000000000004,244,0.012295081967213115,1.4291393442622953,121.5,129.4005409571382,213.0,0.007668679843350447,116.23666666666668,46.49508827105648,152.4,63.79,0.4000036271204423,88.61000000000001,-24.42500000000001,0.8156881980078478,6.0,3.605551275463989,78.0
12528,9,6,1933.48,304,0.019736842105263157,6.360131578947368,60.4,38.161498922343185,127.0,0.025535284080494183,322.24666666666667,95.31998419359219,493.53,234.0,0.2957982007372991,259.53,-57.75333333333327,0.8355183838537268,15.333333333333334,7.916228058025278,126.0
12530,60,4,1662.28,278,0.014388489208633094,5.979424460431654,92.0,24.576411454889016,110.0,0.03909852645918576,415.57,21.808559481695873,440.63,387.40000000000003,0.052478666606578614,53.22999999999996,26.139999999999986,1.064944099378882,16.5,3.5118845842842465,228.25
12531,15,1,125.22,1,1.0,125.22,0.0,0.0,0.0,1.0,125.22,0.0,125.22,125.22,0.0,0.0,0.0,0.0,17.0,0.0,45.0
12532,30,1,349.83000000000004,1,1.0,349.83000000000004,0.0,0.0,0.0,1.0,349.83000000000004,0.0,349.83000000000004,349.83000000000004,0.0,0.0,0.0,0.0,16.0,0.0,153.0
12534,131,1,1089.18,1,1.0,1089.18,0.0,0.0,0.0,1.0,1089.18,0.0,1089.18,1089.18,0.0,0.0,0.0,0.0,63.0,0.0,651.0
12535,92,2,716.35,95,0.021052631578947368,7.540526315789473,94.0,0.0,94.0,1.0,358.17499999999995,18.773685040502826,371.45,344.9,0.05241483922803889,26.55000000000001,-26.55000000000001,0.9285233544218603,17.0,1.4142135623730951,109.5
12536,43,3,12601.830000000002,16,0.1875,787.6143750000001,7.5,10.606601717798213,15.0,0.08615786293989429,4200.610000000001,68.50260943934894,4279.71,4161.06,0.016307776594196778,118.64999999999964,-118.64999999999964,0.9722761588986171,87.0,148.95636945092346,934.3333333333334
12538,29,1,363.95,1,1.0,363.95,0.0,0.0,0.0,1.0,363.95,0.0,363.95,363.95,0.0,0.0,0.0,0.0,21.0,0.0,191.0
12539,22,4,5568.35,312,0.01282051282051282,17.847275641025643,103.33333333333333,118.93835938557979,239.0,0.00833761613150955,1392.0875,374.12686354363797,1715.85,1050.66,0.26875240496279,665.1899999999998,-647.5249999999999,0.6226214412681762,68.25,28.581754086596344,516.75
12540,20,17,13400.24,343,0.04956268221574344,39.06775510204081,20.875,12.805597734324367,51.0,0.07243438634415195,788.2494117647059,395.3832688270742,1380.1100000000001,277.48,0.5015966557360362,1102.63,-144.77027777777778,0.8326147148023856,28.11764705882353,11.569800954106647,393.2352941176471
12541,30,3,981.18,252,0.011904761904761904,3.8935714285714282,125.0,25.45584412271571,143.0,0.0377988317198079,327.06,111.37598125269197,445.03999999999996,223.74,0.3405368472228092,221.29999999999995,21.99000000000001,1.0703905249679897,17.333333333333332,6.5064070986477125,226.66666666666666
12544,36,1,372.7,1,1.0,372.7,0.0,0.0,0.0,1.0,372.7,0.0,372.7,372.7,0.0,0.0,0.0,0.0,19.0,0.0,136.0
12545,75,2,1000.39,185,0.010810810810810811,5.407513513513513,184.0,0.0,184.0,1.0,500.195,180.95569637344934,628.15,372.24,0.3617703023289904,255.90999999999997,-255.90999999999997,0.5925973095598186,25.0,12.727922061357855,261.5
12546,47,2,1161.5,32,0.0625,36.296875,31.0,0.0,31.0,1.0,580.75,253.78062376785192,760.2,401.3,0.4369877292601841,358.90000000000003,-358.90000000000003,0.5278873980531439,34.5,14.849242404917497,316.5
12547,198,2,207.8,83,0.024096385542168676,2.5036144578313255,82.0,0.0,82.0,1.0,103.9,78.48885271170678,159.4,48.4,0.7554268788422212,111.0,-111.0,0.30363864491844417,4.0,2.8284271247461903,67.0
12548,166,1,95.2,1,1.0,95.19999999999999,0.0,0.0,0.0,1.0,95.19999999999999,0.0,95.19999999999999,95.19999999999999,0.0,0.0,0.0,0.0,5.0,0.0,49.0
12550,79,1,964.83,1,1.0,964.83,0.0,0.0,0.0,1.0,964.83,0.0,964.83,964.83,0.0,0.0,0.0,0.0,57.0,0.0,569.0
12551,358,1,168.0,1,1.0,168.0,0.0,0.0,0.0,1.0,168.0,0.0,168.0,168.0,0.0,0.0,0.0,0.0,10.0,0.0,100.0
12552,39,2,437.82,1,2.0,437.82,0.0,0.0,0.0,1.0,218.91,139.87986345432282,317.82,120.0,0.6389834336225975,197.82,-197.82,0.37757221068529356,10.0,12.727922061357855,44.0
12553,8,10,3692.28,322,0.031055900621118012,11.46670807453416,35.22222222222222,15.594692829435418,55.0,0.06026022959739363,369.22799999999995,181.02544559014652,700.31,6.3,0.4902809255802554,694.01,44.608000000000004,1.128581476058157,19.1,9.666091936937768,196.5
12556,50,2,599.56,101,0.019801980198019802,5.936237623762375,100.0,0.0,100.0,1.0,299.78,12.68549565448664,308.75,290.81,0.04231601726094683,17.939999999999998,-17.939999999999998,0.9418947368421052,57.0,4.242640687119285,177.5
12557,16,5,11990.96,356,0.014044943820224719,33.68247191011236,88.25,43.36184959154764,142.0,0.022541891494770594,2398.192,1589.420208415635,4146.34,620.0,0.6627576976387357,3526.34,632.72,1.3134511731135066,6.6,4.722287581247038,876.8
12558,8,1,269.96,1,1.0,269.96,0.0,0.0,0.0,1.0,269.96,0.0,269.96,269.96,0.0,0.0,0.0,0.0,11.0,0.0,196.0
12559,311,2,561.71,9,0.2222222222222222,62.412222222222226,8.0,0.0,8.0,1.0,280.855,290.27440474488964,486.11,75.60000000000001,1.0335383195773251,410.51,-410.51,0.15552035547509824,10.5,13.435028842544403,141.5
12560,5,3,2134.01,138,0.021739130434782608,15.463840579710146,68.0,53.74011537017761,106.0,0.018268138333972155,711.3366666666667,574.276443042315,1292.31,144.0,0.8073201761598797,1148.31,-871.4599999999999,0.3256571565646014,35.0,37.986839826445156,370.0
12561,303,1,238.85,1,1.0,238.85,0.0,0.0,0.0,1.0,238.85,0.0,238.85,238.85,0.0,0.0,0.0,0.0,16.0,0.0,177.0
12562,8,7,3781.74,191,0.03664921465968586,19.799685863874345,31.333333333333332,13.633292583476182,49.0,0.06833732014141461,540.2485714285714,104.15321925390677,654.37,388.64,0.19278758845857924,265.73,9.05083333333323,1.0169150215233953,24.0,4.163331998932265,254.14285714285714
12564,261,1,456.9,1,1.0,456.90000000000003,0.0,0.0,0.0,1.0,456.90000000000003,0.0,456.90000000000003,456.90000000000003,0.0,0.0,0.0,0.0,21.0,0.0,133.0
12565,289,1,145.92000000000002,1,1.0,145.92000000000002,0.0,0.0,0.0,1.0,145.92000000000002,0.0,145.92000000000002,145.92000000000002,0.0,0.0,0.0,0.0,9.0,0.0,80.0
12566,86,1,351.65,1,1.0,351.65,0.0,0.0,0.0,1.0,351.65,0.0,351.65,351.65,0.0,0.0,0.0,0.0,19.0,0.0,265.0
12567,23,10,9401.28,347,0.02881844380403458,27.093025936599425,38.111111111111114,39.73488531644594,107.0,0.02454898282471091,940.128,527.6253193276035,1650.1,286.34000000000003,0.5612271087847649,1363.7599999999998,211.99200000000008,1.2541468256822663,44.6,22.49049181814889,430.5
12569,2,32,4124.6900000000005,251,0.12749003984063745,16.43302788844622,7.645161290322581,8.98720715645958,35.0,0.10012809230188188,128.89656250000002,76.1222492848807,348.68,52.0,0.590568497781938,296.68,-53.21687499999999,0.6577802964534903,5.875,2.536825549967467,56.28125
12571,40,2,519.61,82,0.024390243902439025,6.336707317073171,81.0,0.0,81.0,1.0,259.805,16.199816356983792,271.26,248.35,0.06235375130187561,22.909999999999997,22.909999999999997,1.092248842359573,17.0,4.242640687119285,261.5
12572,9,2,1020.42,44,0.045454545454545456,23.191363636363636,43.0,0.0,43.0,1.0,510.21000000000004,31.862231560265855,532.74,487.68,0.06244924944682749,45.06,-45.06,0.9154184029733078,30.0,8.48528137423857,226.0
12573,227,1,160.54000000000002,1,1.0,160.54000000000002,0.0,0.0,0.0,1.0,160.54000000000002,0.0,160.54000000000002,160.54000000000002,0.0,0.0,0.0,0.0,26.0,0.0,84.0
12574,316,1,218.45,1,1.0,218.45000000000002,0.0,0.0,0.0,1.0,218.45000000000002,0.0,218.45000000000002,218.45000000000002,0.0,0.0,0.0,0.0,11.0,0.0,61.0
12576,36,5,1315.83,269,0.01858736059479554,4.891561338289963,67.0,13.904435743076137,86.0,0.06709411998133176,263.16600000000005,80.57712628283538,379.28000000000003,154.8,0.3061836494183723,224.48000000000002,87.23499999999999,1.4137792007589232,17.6,5.504543577809153,193.4
12577,35,3,626.6,324,0.009259259259259259,1.9339506172839507,161.5,228.39549032325485,323.0,0.004359283604881859,208.86666666666667,113.09474626760225,327.89,102.82000000000001,0.5414686224111183,225.07,19.465000000000003,1.0993669916790036,48.0,24.758836806279895,156.33333333333334
12578,21,2,2794.51,309,0.006472491909385114,9.043721682847897,308.0,0.0,308.0,1.0,1397.255,298.9718181534844,1608.66,1185.85,0.2139708343527018,422.8100000000002,-422.8100000000002,0.7371663371999054,57.0,18.384776310850235,598.0
12579,78,1,440.42,1,1.0,440.42,0.0,0.0,0.0,1.0,440.42,0.0,440.42,440.42,0.0,0.0,0.0,0.0,29.0,0.0,285.0
12580,247,1,415.7,1,1.0,415.7,0.0,0.0,0.0,1.0,415.7,0.0,415.7,415.7,0.0,0.0,0.0,0.0,24.0,0.0,238.0
12581,40,1,197.71,1,1.0,197.71,0.0,0.0,0.0,1.0,197.71,0.0,197.71,197.71,0.0,0.0,0.0,0.0,15.0,0.0,161.0
12582,239,2,511.36,50,0.04,10.2272,49.0,0.0,49.0,1.0,255.68,71.44606917108875,306.2,205.16,0.2794355020771619,101.03999999999999,101.03999999999999,1.4924936634821602,11.0,1.4142135623730951,150.0
12583,3,15,7281.38,371,0.04043126684636118,19.62636118598383,26.0,17.57620769458181,72.0,0.053832300781804544,485.42533333333336,210.95437319364535,855.86,243.1,0.4345763574905691,612.76,-70.14982142857139,0.8658289092235517,16.466666666666665,5.012365661422711,337.3333333333333
12584,4,9,2338.15,277,0.032490974729241874,8.440974729241878,34.0,28.137417893514776,94.0,0.034320131030642,259.7944444444445,142.96583063018164,463.63,12.75,0.5503036484706433,450.88,115.46450000000002,1.5901659872985856,10.666666666666666,5.196152422706632,46.22222222222222
12585,234,2,2040.1,118,0.01694915254237288,17.288983050847456,117.0,0.0,117.0,1.0,1020.05,343.3710529441874,1262.85,777.25,0.3366217861322361,485.5999999999999,-485.5999999999999,0.6154729381953519,43.5,30.405591591021544,639.5
12586,17,1,196.94000000000003,1,1.0,196.94000000000003,0.0,0.0,0.0,1.0,196.94000000000003,0.0,196.94000000000003,196.94000000000003,0.0,0.0,0.0,0.0,11.0,0.0,79.0
12587,8,1,144.0,1,1.0,144.0,0.0,0.0,0.0,1.0,144.0,0.0,144.0,144.0,0.0,0.0,0.0,0.0,4.0,0.0,51.0
12588,39,1,214.9,1,1.0,214.89999999999998,0.0,0.0,0.0,1.0,214.89999999999998,0.0,214.89999999999998,214.89999999999998,0.0,0.0,0.0,0.0,10.0,0.0,53.0
12589,29,2,646.68,116,0.017241379310344827,5.574827586206896,115.0,0.0,115.0,1.0,323.34,271.3027298056545,515.18,131.5,0.8390633073719754,383.67999999999995,383.67999999999995,3.917718631178707,17.5,10.606601717798213,153.0
12590,211,2,9864.26,1,2.0,9864.26,0.0,0.0,0.0,1.0,4932.13,6235.451444266085,9341.26,523.0,1.2642512351187185,8818.26,-8818.26,0.0559881643375733,34.0,46.66904755831214,2141.5
12591,317,1,452.85,1,1.0,452.84999999999997,0.0,0.0,0.0,1.0,452.84999999999997,0.0,452.84999999999997,452.84999999999997,0.0,0.0,0.0,0.0,26.0,0.0,228.0
12592,92,2,437.6,122,0.01639344262295082,3.5868852459016396,121.0,0.0,121.0,1.0,218.8,18.384776310850235,231.8,205.8,0.0840254858813996,26.0,-26.0,0.8878343399482312,9.0,0.0,145.0
12593,109,3,418.1,111,0.02702702702702703,3.766666666666667,55.0,48.08326112068523,89.0,0.020373544405315983,139.36666666666667,83.85143608390577,236.0,85.8,0.6016606272463939,150.2,-144.95,0.3858050847457627,7.0,3.4641016151377544,68.66666666666667
12594,38,10,3338.2200000000003,286,0.03496503496503497,11.672097902097903,31.22222222222222,25.267458210996303,74.0,0.03806991875526699,333.822,262.2933573437701,722.4,28.0,0.7857281944981759,694.4,196.6280000000001,1.8349100667493254,11.8,9.101892355133874,177.7
12596,51,2,618.27,191,0.010471204188481676,3.237015706806283,190.0,0.0,190.0,1.0,309.135,55.41595844158973,348.32,269.95,0.17926135326504514,78.37,78.37,1.290313020929802,13.5,2.1213203435596424,237.0
12597,19,4,3811.22,249,0.01606425702811245,15.306104417670682,82.66666666666667,60.53373714990124,142.0,0.01625124762963637,952.805,865.51790855726,2176.45,205.96,0.9083893436298718,1970.4899999999998,476.79999999999995,1.6674085427733567,51.5,45.44227107000705,559.0
12598,10,8,3023.08,276,0.028985507246376812,10.953188405797102,38.857142857142854,33.92849624051819,90.0,0.02862991848014251,377.885,223.83666940746903,720.86,36.0,0.5923407105533933,684.86,-36.42000000000007,0.9080523611759803,16.5,8.211490207542807,245.5
12599,29,7,1032.58,276,0.025362318840579712,3.741231884057971,45.333333333333336,34.42479726398787,97.0,0.028228813634357187,147.51142857142855,43.042399030324916,201.86,78.6,0.2917902663350776,123.26000000000002,-12.439999999999998,0.9195446902082525,8.857142857142858,3.933978962347216,136.57142857142858
12600,29,10,2599.04,343,0.029154518950437316,7.57737609329446,37.666666666666664,15.459624833740307,58.0,0.06075472619218616,259.904,110.8240627902322,427.94,76.5,0.42640383676369814,351.44,74.32799999999997,1.3336984825356917,6.4,2.590581230363393,77.4
12601,190,5,577.0600000000001,143,0.03496503496503497,4.035384615384615,35.25,17.017148213885115,49.0,0.055502679343523355,115.41199999999999,30.536367170965185,144.26,68.1,0.26458572047070655,76.16,-22.113333333333344,0.8281525230546056,5.6,2.3021728866442674,49.0
12602,59,1,153.12,1,1.0,153.12,0.0,0.0,0.0,1.0,153.12,0.0,153.12,153.12,0.0,0.0,0.0,0.0,12.0,0.0,162.0
12603,22,1,739.1999999999999,1,1.0,739.1999999999999,0.0,0.0,0.0,1.0,739.1999999999999,0.0,739.1999999999999,739.1999999999999,0.0,0.0,0.0,0.0,2.0,0.0,63.0
12604,79,2,254.18,183,0.01092896174863388,1.38896174863388,182.0,0.0,182.0,1.0,127.09,72.70471924160083,178.5,75.67999999999999,0.5720726984153027,102.82000000000001,-102.82000000000001,0.4239775910364145,8.0,2.8284271247461903,100.5
12607,60,1,1579.51,1,1.0,1579.51,0.0,0.0,0.0,1.0,1579.51,0.0,1579.51,1579.51,0.0,0.0,0.0,0.0,101.0,0.0,1228.0
12609,78,3,1126.85,241,0.012448132780082987,4.6757261410788375,120.0,16.97056274847714,132.0,0.05564656009922349,375.6166666666666,120.32900412341708,512.8,287.93,0.3203505456540367,224.86999999999995,131.52999999999997,1.45681241968534,20.0,6.082762530298219,216.0
12610,23,5,2099.54,104,0.04807692307692308,20.187884615384615,25.25,25.38208029299411,61.0,0.03790451658452252,419.908,311.05414250577024,946.75,160.0,0.7407673645316837,786.75,-347.02833333333336,0.44751708126036477,21.2,20.315019074566482,209.8
12611,52,1,1193.32,1,1.0,1193.32,0.0,0.0,0.0,1.0,1193.32,0.0,1193.32,1193.32,0.0,0.0,0.0,0.0,65.0,0.0,846.0
12612,74,1,704.04,1,1.0,704.04,0.0,0.0,0.0,1.0,704.04,0.0,704.04,704.04,0.0,0.0,0.0,0.0,19.0,0.0,262.0
12613,57,5,3344.38,205,0.024390243902439025,16.314048780487806,51.0,66.56325312562981,140.0,0.014800945095709943,668.876,745.2814280726443,1881.8600000000001,18.0,1.1142295852634037,1863.8600000000001,430.07666666666677,2.0468482502900636,30.6,32.035917342882506,328.8
12614,278,1,315.6,1,1.0,315.6,0.0,0.0,0.0,1.0,315.6,0.0,315.6,315.6,0.0,0.0,0.0,0.0,20.0,0.0,76.0
12615,2,4,2291.19,167,0.023952095808383235,13.719700598802396,55.0,35.510561809129406,96.0,0.027389334769150325,572.7975,105.54242602700899,656.95,422.85,0.18425783287638123,234.10000000000002,-65.79499999999985,0.8913727205936984,26.25,4.856267428111154,344.0
12616,95,2,713.3,203,0.009852216748768473,3.5137931034482754,202.0,0.0,202.0,1.0,356.65,142.90628047780126,457.7,255.60000000000002,0.40069053828067086,202.09999999999997,202.09999999999997,1.7906885758998432,16.0,7.0710678118654755,142.0
12617,29,1,352.98,1,1.0,352.98,0.0,0.0,0.0,1.0,352.98,0.0,352.98,352.98,0.0,0.0,0.0,0.0,39.0,0.0,210.0
12618,22,1,177.31,1,1.0,177.31,0.0,0.0,0.0,1.0,177.31,0.0,177.31,177.31,0.0,0.0,0.0,0.0,11.0,0.0,96.0
12619,16,9,3641.24,238,0.037815126050420166,15.299327731092436,29.375,22.315513501982043,76.0,0.04288989817509232,404.5822222222222,147.40336612318066,688.0,199.8,0.36433475824406686,488.2,-40.954999999999984,0.9041618402424327,10.0,5.291502622129181,375.3333333333333
12620,15,3,1339.41,190,0.015789473684210527,7.049526315789473,94.5,40.30508652763321,123.0,0.02421009333392868,446.46999999999997,100.38589691784395,561.66,377.66,0.224843543615123,183.99999999999994,-172.78499999999997,0.692367268454225,30.666666666666668,5.859465277082315,393.6666666666667
12621,2,20,13689.67,365,0.0547945205479452,37.50594520547945,18.63157894736842,15.5856434163545,58.0,0.0602931086178988,684.4835,317.8623090564281,1209.8,49.8,0.4643827193152619,1160.0,-102.19700000000012,0.8610664752536086,23.35,14.911228549053401,372.0
12622,232,1,180.1,1,1.0,180.1,0.0,0.0,0.0,1.0,180.1,0.0,180.1,180.1,0.0,0.0,0.0,0.0,11.0,0.0,69.0
12623,276,1,305.1,1,1.0,305.1,0.0,0.0,0.0,1.0,305.1,0.0,305.1,305.1,0.0,0.0,0.0,0.0,18.0,0.0,191.0
12624,106,2,641.13,72,0.027777777777777776,8.904583333333333,71.0,0.0,71.0,1.0,320.565,29.168154723945086,341.19,299.94,0.09098982959445069,41.25,41.25,1.1375275055011003,19.0,0.0,177.5
12625,212,2,2683.82,108,0.018518518518518517,24.850185185185186,107.0,0.0,107.0,1.0,1341.91,529.9199639568225,1716.6200000000001,967.2,0.3948997801319183,749.4200000000001,-749.4200000000001,0.5634327923477531,43.0,14.142135623730951,806.0
12626,23,9,6620.4800000000005,304,0.029605263157894735,21.777894736842104,37.5,48.51509338045518,154.0,0.020195862144828845,735.6088888888888,464.01996760496314,1377.55,178.10000000000002,0.6307971187050891,1199.4499999999998,-137.45900000000017,0.8307103051202314,32.666666666666664,19.748417658131498,383.6666666666667
12627,11,7,4478.53,130,0.05384615384615385,34.450230769230764,21.166666666666668,18.91472089846072,53.0,0.05021411071230698,639.79,344.7081025544173,1183.72,72.0,0.5387831984782777,1111.72,48.299999999999955,1.0788970744376745,32.857142857142854,17.620334573332894,393.14285714285717
12628,4,3,786.46,61,0.04918032786885246,12.892786885245902,29.5,2.1213203435596424,31.0,0.32037724101704074,262.15333333333336,62.907100023235344,333.64,215.25,0.23996299884254255,118.38999999999999,-107.22999999999999,0.67860568277185,13.666666666666666,3.055050463303893,149.33333333333334
12630,10,2,1270.88,35,0.05714285714285714,36.310857142857145,34.0,0.0,34.0,1.0,635.44,93.83306986345485,701.79,569.09,0.1476662940064441,132.69999999999993,-132.69999999999993,0.8109120962111174,32.0,4.242640687119285,274.0
12631,57,1,640.5,1,1.0,640.5,0.0,0.0,0.0,1.0,640.5,0.0,640.5,640.5,0.0,0.0,0.0,0.0,31.0,0.0,236.0
12633,59,4,2163.98,230,0.017391304347826087,9.408608695652173,76.0,13.228756555322953,91.0,0.07028021008806296,540.995,392.92767701787903,1012.8199999999999,215.23000000000002,0.726305561082596,797.5899999999999,-647.56,0.2511809430198607,25.25,12.526638282742368,290.5
12635,90,2,1689.18,66,0.030303030303030304,25.59363636363636,65.0,0.0,65.0,1.0,844.5899999999999,227.61767286394968,1005.54,683.64,0.26950079075521816,321.9,321.9,1.4708618571177812,50.5,14.849242404917497,586.0
12637,67,8,6002.9,257,0.0311284046692607,23.357587548638133,36.285714285714285,32.22170223992046,82.0,0.03010080557516893,750.3625000000001,566.1918201142487,1516.68,4.63,0.7545577239191039,1512.05,307.14999999999986,1.5146723079823217,47.125,24.48578304707798,374.25
12638,33,1,671.69,1,1.0,671.69,0.0,0.0,0.0,1.0,671.69,0.0,671.69,671.69,0.0,0.0,0.0,0.0,39.0,0.0,577.0
12639,239,1,486.1,1,1.0,486.1,0.0,0.0,0.0,1.0,486.1,0.0,486.1,486.1,0.0,0.0,0.0,0.0,22.0,0.0,201.0
12640,24,3,1174.58,58,0.05172413793103448,20.25137931034483,28.5,38.890872965260115,56.0,0.025068390979331865,391.5266666666667,347.23325479183785,764.59,77.76,0.8868699998088793,686.83,-559.595,0.26811101374592916,17.666666666666668,21.361959960016154,103.66666666666667
12641,115,1,185.9,1,1.0,185.9,0.0,0.0,0.0,1.0,185.9,0.0,185.9,185.9,0.0,0.0,0.0,0.0,10.0,0.0,72.0
12642,25,3,1013.26,83,0.03614457831325301,12.207951807228916,41.0,22.627416997969522,57.0,0.04232371232479358,337.75333333333333,40.08007027605281,366.45,291.96000000000004,0.11866669051196971,74.48999999999995,-43.04499999999996,0.8825351343975987,15.666666666666666,7.234178138070234,184.0
12643,128,6,3344.64,205,0.02926829268292683,16.315317073170732,40.4,43.8782406210641,112.0,0.022282513444402696,557.44,397.0997216820984,1202.22,202.48000000000002,0.7123631631782763,999.74,173.60000000000008,1.3688594254631992,4.0,2.280350850198276,301.3333333333333
12644,130,1,477.91,1,1.0,477.90999999999997,0.0,0.0,0.0,1.0,477.90999999999997,0.0,477.90999999999997,477.90999999999997,0.0,0.0,0.0,0.0,31.0,0.0,325.0
12645,34,4,1775.18,283,0.014134275618374558,6.2727208480565375,93.66666666666667,17.616280348965084,110.0,0.05371642354191298,443.795,60.05204936830493,511.96000000000004,369.3,0.13531483988847312,142.66000000000003,88.68999999999994,1.22203029165102,18.25,4.031128874149275,271.0
12646,5,2,1346.97,45,0.044444444444444446,29.932666666666666,44.0,0.0,44.0,1.0,673.485,82.31430039792606,731.69,615.28,0.12222143091223421,116.41000000000008,-116.41000000000008,0.8409025680274432,22.5,2.1213203435596424,448.5
12647,22,12,3722.82,347,0.0345821325648415,10.728587896253602,30.90909090909091,27.020194468043883,90.0,0.03568854602848911,310.23499999999996,132.3069174650022,596.8,85.5,0.4264732137412033,511.29999999999995,-49.21666666666658,0.8530158382527154,10.083333333333334,6.229815892994435,119.25
12648,155,1,318.05,1,1.0,318.05,0.0,0.0,0.0,1.0,318.05,0.0,318.05,318.05,0.0,0.0,0.0,0.0,21.0,0.0,160.0
12649,107,3,623.51,106,0.02830188679245283,5.882169811320755,52.5,74.24621202458749,105.0,0.013289705529272881,207.83666666666667,181.18740859489475,375.0,15.3,0.871777879720749,359.7,-250.745,0.3313466666666667,10.333333333333334,8.32666399786453,195.33333333333334
12650,3,1,314.44,1,1.0,314.44,0.0,0.0,0.0,1.0,314.44,0.0,314.44,314.44,0.0,0.0,0.0,0.0,20.0,0.0,254.0
12651,335,1,114.0,1,1.0,114.0,0.0,0.0,0.0,1.0,114.0,0.0,114.0,114.0,0.0,0.0,0.0,0.0,9.0,0.0,78.0
12652,331,1,919.98,1,1.0,919.98,0.0,0.0,0.0,1.0,919.98,0.0,919.98,919.98,0.0,0.0,0.0,0.0,48.0,0.0,505.0
12653,149,2,2209.85,148,0.013513513513513514,14.931418918918919,147.0,0.0,147.0,1.0,1104.925,460.7861339602137,1430.75,779.1,0.4170293313665758,651.65,651.65,1.8364138108073418,21.5,7.7781745930520225,459.5
12654,11,5,601.98,285,0.017543859649122806,2.1122105263157893,70.75,72.25591094621025,160.0,0.013650775576789589,120.396,51.728138667460286,171.23000000000002,48.1,0.4296499773037334,123.13000000000002,-40.714999999999975,0.7188675988261697,7.6,3.5777087639996634,52.8
12656,17,5,4051.17,217,0.02304147465437788,18.668986175115208,53.75,24.404576073624664,87.0,0.039362987089487864,810.234,303.4013415098885,1161.07,541.2,0.3744613796877056,619.8699999999999,-32.61000000000013,0.960701373825018,25.2,9.20326029187483,344.6
12657,11,4,1643.18,68,0.058823529411764705,24.164411764705882,22.0,19.28730152198591,36.0,0.049291917849018624,410.795,252.75934819507665,618.44,42.5,0.6152931466913586,575.94,160.64999999999998,1.4861258208006778,11.75,11.470977871713176,261.0
12658,19,1,686.05,1,1.0,686.05,0.0,0.0,0.0,1.0,686.05,0.0,686.05,686.05,0.0,0.0,0.0,0.0,36.0,0.0,320.0
12659,30,1,91.68,1,1.0,91.68,0.0,0.0,0.0,1.0,91.68,0.0,91.68,91.68,0.0,0.0,0.0,0.0,5.0,0.0,105.0
12660,11,1,245.1,1,1.0,245.10000000000002,0.0,0.0,0.0,1.0,245.10000000000002,0.0,245.10000000000002,245.10000000000002,0.0,0.0,0.0,0.0,13.0,0.0,127.0
12662,1,11,3849.78,373,0.029490616621983913,10.321126005361931,36.8,18.103406677565783,64.0,0.05234668438349045,349.98,120.7732968002447,521.62,120.9,0.34508628150249926,400.72,-32.33266666666668,0.912047716457753,20.90909090909091,7.942978603201011,187.0909090909091
12664,8,9,4881.88,315,0.02857142857142857,15.498031746031746,38.75,34.48705761379395,90.0,0.028179287527385653,542.4311111111111,225.13576839567517,890.0,310.0,0.41504951280266544,580.0,-48.309999999999945,0.9151369297521388,4.111111111111111,2.088327347690278,133.66666666666666
12665,325,1,63.0,1,1.0,63.0,0.0,0.0,0.0,1.0,63.0,0.0,63.0,63.0,0.0,0.0,0.0,0.0,3.0,0.0,37.0
12667,58,1,620.13,1,1.0,620.13,0.0,0.0,0.0,1.0,620.13,0.0,620.13,620.13,0.0,0.0,0.0,0.0,33.0,0.0,395.0
12668,12,4,3807.15,344,0.011627906976744186,11.067296511627909,114.33333333333333,115.00144926623028,247.0,0.008620581952428371,951.7875000000001,401.43372166730927,1444.8000000000002,469.87,0.42176822207405457,974.9300000000002,423.9050000000002,1.572972351943339,40.25,12.120918557051139,408.5
12669,151,3,2744.03,106,0.02830188679245283,25.88707547169811,52.5,64.34671708797582,98.0,0.015302987580136691,914.6766666666666,383.8628734761064,1136.3,471.43,0.4196705649822776,664.8699999999999,-332.43499999999995,0.7074408166857344,33.666666666666664,34.07834111768548,371.6666666666667
12670,10,5,2996.05,223,0.02242152466367713,13.435201793721975,55.25,37.133767202731626,101.0,0.02622347786106921,599.21,119.7778047052124,696.12,393.34000000000003,0.19989286678328533,302.78,143.35833333333335,1.2793447584901128,18.4,4.61519230368573,279.4
12672,330,1,225.9,1,1.0,225.9,0.0,0.0,0.0,1.0,225.9,0.0,225.9,225.9,0.0,0.0,0.0,0.0,10.0,0.0,78.0
12673,5,2,610.52,322,0.006211180124223602,1.8960248447204968,321.0,0.0,321.0,1.0,305.26,119.3030561217943,389.62,220.9,0.39082439927207724,168.72,168.72,1.7637845178813942,21.0,2.8284271247461903,175.5
12674,39,4,1970.6,170,0.023529411764705882,11.591764705882353,56.333333333333336,21.197484127446195,79.0,0.04505015047014021,492.65,99.49127465930535,586.74,390.06,0.20195123243541124,196.68,8.5,1.0174037674037675,20.75,2.9860788111948193,283.25
12676,25,6,1331.39,287,0.020905923344947737,4.638989547038328,56.8,10.545141061171254,70.0,0.0866165250560005,221.89833333333334,143.31631343523551,509.5,121.55,0.6458647583438459,387.95,-108.83666666666664,0.6061161710597744,7.5,2.4289915602982237,111.66666666666667
12678,42,12,17628.46,312,0.038461538461538464,56.501474358974356,27.727272727272727,25.139971794299647,68.0,0.03825558833303984,1469.0383333333332,2531.2272383419554,8895.76,52.2,1.7230505024320597,8843.56,974.2900000000002,1.9922564569131747,13.75,17.8127890726145,910.25
12679,59,4,1113.02,226,0.017699115044247787,4.924867256637168,74.33333333333333,44.06056437828882,117.0,0.02219235408604474,278.255,343.97467479452615,794.0600000000001,94.32000000000001,1.236185063321508,699.74,-349.87000000000006,0.2279838478342417,12.0,20.0,138.5
12680,1,4,862.81,113,0.035398230088495575,7.635486725663716,37.0,30.512292604784715,72.0,0.0317336479621341,215.7025,85.14243218474165,311.78,112.38,0.39472158266474267,199.39999999999998,7.2450000000000045,1.0341616371180686,13.0,5.715476066494082,110.75
12681,15,22,13787.54,354,0.062146892655367235,38.947853107344635,16.285714285714285,17.436005440303283,74.0,0.05424168501349441,626.7063636363637,261.72577822245023,1238.06,121.92,0.4176210637208599,1116.1399999999999,-105.89454545454544,0.844193365872189,29.0,11.101265479128731,342.54545454545456
12682,4,31,12279.82,368,0.08423913043478261,33.36907608695652,11.766666666666667,11.084886677078758,40.0,0.08274798322243986,396.1232258064516,194.6338326428561,835.11,99.6,0.4913466819488021,735.51,-101.74349999999987,0.7732159256056137,16.903225806451612,8.529770761709356,179.19354838709677
12683,4,15,8476.57,362,0.04143646408839779,23.415939226519335,25.5,23.67650571931853,79.0,0.040524376156593704,565.1046666666666,342.4066201351559,1130.95,24.9,0.6059171695659139,1106.05,-37.609107142857056,0.9357288203039936,22.933333333333334,14.582115595416711,332.46666666666664
12684,8,7,2283.63,206,0.03398058252427184,11.085582524271846,33.833333333333336,37.30102768914908,106.0,0.026108960002744423,326.23285714285714,177.20598773877873,489.1,30.0,0.5431886576071654,459.1,35.93250000000006,1.117541707556428,15.0,11.16542281629615,283.57142857142856
12685,28,6,2863.08,66,0.09090909090909091,43.379999999999995,12.6,8.734987120768983,22.0,0.10272227252017241,477.18,305.61245943187595,1057.18,222.60000000000002,0.6404552986962487,834.58,-264.9866666666666,0.5653628719204821,26.166666666666668,19.229317893952103,253.83333333333334
12686,372,1,89.14,1,1.0,89.14,0.0,0.0,0.0,1.0,89.14,0.0,89.14,89.14,0.0,0.0,0.0,0.0,7.0,0.0,107.0
12688,114,1,4873.81,1,1.0,4873.81,0.0,0.0,0.0,1.0,4873.81,0.0,4873.81,4873.81,0.0,0.0,0.0,0.0,171.0,0.0,3028.0
12689,26,2,1247.61,102,0.0196078431372549,12.231470588235295,101.0,0.0,101.0,1.0,623.8050000000001,159.48793449662577,736.58,511.03000000000003,0.2556695353461831,225.55,225.55,1.441363520732638,36.0,2.8284271247461903,314.0
12690,206,1,389.01,1,1.0,389.01,0.0,0.0,0.0,1.0,389.01,0.0,389.01,389.01,0.0,0.0,0.0,0.0,16.0,0.0,106.0
12691,28,6,1035.8,330,0.01818181818181818,3.1387878787878787,65.4,66.9686493816323,172.0,0.0147126654582346,172.63333333333333,85.52778885641008,303.09999999999997,36.0,0.49543032741693427,267.09999999999997,74.46666666666664,1.5499753815854256,5.333333333333333,3.386246693120078,65.66666666666667
12693,127,4,855.91,193,0.02072538860103627,4.434766839378238,63.666666666666664,17.672954855748753,84.0,0.053553388187629815,213.9775,35.176883863317585,239.85,162.05,0.1643952465250673,77.79999999999998,26.055000000000007,1.1296591191838767,9.75,2.217355782608345,63.75
12694,70,2,869.67,113,0.017699115044247787,7.696194690265488,112.0,0.0,112.0,1.0,434.83500000000004,6.597306268470497,439.5,430.17,0.015171976194350723,9.329999999999984,-9.329999999999984,0.9787713310580205,18.5,2.1213203435596424,254.5
12695,7,4,582.1,204,0.0196078431372549,2.8534313725490197,67.0,31.480152477394387,102.0,0.03078803280544888,145.525,75.17247390723105,244.65,85.1,0.5165605490962449,159.55,-42.849999999999994,0.7433363282419886,6.75,4.349329450233296,55.0
12697,29,3,957.59,141,0.02127659574468085,6.791418439716312,69.5,45.96194077712559,102.0,0.0212938388714779,319.19666666666666,86.00547792631198,390.5,223.68,0.2694435340583506,166.82,-106.95499999999998,0.7261075544174136,13.666666666666666,4.725815626252608,169.33333333333334
12700,8,4,4939.99,208,0.019230769230769232,23.74995192307692,68.66666666666667,18.475208614068027,90.0,0.05134733187287372,1234.9975,197.2124978079905,1476.19,1056.62,0.15968655629504555,419.57000000000016,320.94499999999994,1.2986854656708777,67.0,14.809906594348709,741.75
12701,80,2,797.71,163,0.012269938650306749,4.893926380368098,162.0,0.0,162.0,1.0,398.855,87.36304281559791,460.63,337.08000000000004,0.21903459356306904,123.54999999999995,123.54999999999995,1.3665302005458644,26.5,7.7781745930520225,339.0
12702,20,1,219.0,1,1.0,219.0,0.0,0.0,0.0,1.0,219.0,0.0,219.0,219.0,0.0,0.0,0.0,0.0,12.0,0.0,53.0
12703,71,1,283.55,1,1.0,283.55,0.0,0.0,0.0,1.0,283.55,0.0,283.55,283.55,0.0,0.0,0.0,0.0,21.0,0.0,164.0
12704,7,8,2340.84,163,0.049079754601226995,14.360981595092026,22.571428571428573,15.349887544182453,42.0,0.06116250018831572,292.605,155.47956824887683,561.28,69.61,0.5313633336712524,491.66999999999996,-88.025,0.7385014148105787,11.0,6.2335497797918356,125.75
12705,15,9,6868.29,342,0.02631578947368421,20.082719298245614,42.25,37.84838173555113,111.0,0.02574109796405946,763.1433333333333,403.49792648166124,1321.25,72.0,0.5287315093472977,1249.25,-499.476,0.5200253692474751,37.111111111111114,20.943044456599694,444.1111111111111
12707,292,1,603.42,1,1.0,603.42,0.0,0.0,0.0,1.0,603.42,0.0,603.42,603.42,0.0,0.0,0.0,0.0,33.0,0.0,256.0
12708,30,10,2712.91,339,0.029498525073746312,8.002684365781711,37.111111111111114,20.841331797922873,77.0,0.04578475384431918,271.291,107.90207025611491,403.83000000000004,33.0,0.39773553216330404,370.83000000000004,7.3139999999999645,1.0273283663510613,15.7,5.558776843874918,130.7
12709,15,15,9706.52,352,0.04261363636363636,27.57534090909091,24.642857142857142,11.112066503491688,42.0,0.08256229436254484,647.1013333333334,324.64382533272783,1225.26,68.0,0.5016893160464221,1157.26,169.24267857142854,1.3039349054740152,13.8,9.593152319679461,260.8
12710,97,3,1149.02,105,0.02857142857142857,10.943047619047618,51.5,17.67766952966369,64.0,0.05353987007917717,383.00666666666666,324.46580487523386,718.96,71.4,0.8471544573860347,647.5600000000001,-503.93000000000006,0.29908478913986863,25.666666666666668,20.207259421636902,283.6666666666667
12712,29,13,4396.13,343,0.037900874635568516,12.816705539358601,28.0,17.034723895086127,57.0,0.05544858938885487,338.1638461538462,192.29234620487202,776.0500000000001,146.8,0.5686366191771708,629.25,146.5759523809524,1.565410024421359,10.23076923076923,2.7127429585153027,81.6923076923077
12713,1,1,848.55,1,1.0,848.55,0.0,0.0,0.0,1.0,848.55,0.0,848.55,848.55,0.0,0.0,0.0,0.0,38.0,0.0,508.0
12714,9,5,4708.86,286,0.017482517482517484,16.464545454545455,70.75,30.923292192132454,97.0,0.031325089968209846,941.7719999999999,307.6275581283316,1319.16,513.26,0.32664759424609313,805.9000000000001,101.35333333333335,1.1150487347136457,51.8,18.566098136118963,613.8
12715,106,1,343.36,1,1.0,343.36,0.0,0.0,0.0,1.0,343.36,0.0,343.36,343.36,0.0,0.0,0.0,0.0,20.0,0.0,192.0
12716,4,2,1053.49,130,0.015384615384615385,8.103769230769231,129.0,0.0,129.0,1.0,526.745,213.76545102050514,677.9,375.59000000000003,0.4058234079497767,302.30999999999995,-302.30999999999995,0.554049269803806,34.5,14.849242404917497,354.0
12717,151,2,1030.98,95,0.021052631578947368,10.852421052631579,94.0,0.0,94.0,1.0,515.49,133.2896282536642,609.74,421.24,0.25856879523106985,188.5,-188.5,0.6908518384885362,27.5,4.949747468305833,253.0
12718,71,1,238.25,1,1.0,238.25,0.0,0.0,0.0,1.0,238.25,0.0,238.25,238.25,0.0,0.0,0.0,0.0,19.0,0.0,203.0
12719,5,2,644.95,60,0.03333333333333333,10.749166666666667,59.0,0.0,59.0,1.0,322.475,54.97755223725407,361.35,283.6,0.17048624618111194,77.75,77.75,1.2741537376586742,19.5,2.1213203435596424,187.0
12720,3,25,5781.7300000000005,367,0.0681198910081744,15.754032697547682,14.916666666666666,11.802419304925381,44.0,0.0781102365250041,231.26919999999998,144.12571494243028,498.32,16.5,0.623194592891878,481.82,-17.70987179487173,0.9263556448126093,14.16,8.92879237821853,186.88
12721,32,6,2656.13,324,0.018518518518518517,8.197932098765433,64.0,22.67156809750927,103.0,0.0422447721199011,442.68833333333333,135.5022494893228,614.32,286.6,0.3060894974778858,327.72,146.83000000000004,1.3976187467278078,26.833333333333332,7.833687935236294,326.5
12722,85,4,997.63,66,0.06060606060606061,15.11560606060606,21.0,16.522711641858304,32.0,0.05706879280094966,249.4075,249.1548591237988,580.08,46.65,0.9989870357699699,533.4300000000001,149.24500000000003,1.8538776210773238,13.25,13.073510112692254,141.5
12723,4,5,725.07,62,0.08064516129032258,11.694677419354838,15.0,22.715633383201094,48.0,0.04216627841398271,145.01399999999998,142.44524344463034,329.12,19.259999999999998,0.9822861478521409,309.86,-7.818333333333328,0.9477750687463122,13.8,15.270887335056859,86.8
12724,5,4,1031.41,328,0.012195121951219513,3.144542682926829,108.33333333333333,43.66157731156002,158.0,0.022390610905297426,257.85249999999996,193.03641131057802,542.81,125.46000000000001,0.7486311411003502,417.3499999999999,235.34499999999997,2.6788771579397914,13.25,9.322910847297997,111.25
12725,371,1,427.8,1,1.0,427.8,0.0,0.0,0.0,1.0,427.8,0.0,427.8,427.8,0.0,0.0,0.0,0.0,24.0,0.0,164.0
12726,28,7,2609.1,330,0.021212121212121213,7.906363636363636,54.166666666666664,23.549239195070964,98.0,0.04073445991763287,372.7285714285714,198.90174085282842,784.46,170.28,0.5336369575600012,614.1800000000001,134.34500000000003,1.4539295850790648,17.714285714285715,9.586697132212006,449.0
12727,11,7,3980.7,310,0.02258064516129032,12.840967741935483,51.166666666666664,42.9391041670255,94.0,0.022758770779638678,568.6714285714286,278.48800210114206,919.66,38.4,0.4897168876599579,881.26,-153.36166666666662,0.766326209292404,19.857142857142858,15.356090772378359,299.7142857142857
12728,71,4,836.33,262,0.015267175572519083,3.1920992366412215,86.66666666666667,86.72562097404281,186.0,0.011399178357436656,209.0825,36.90151611609836,252.54000000000002,164.05,0.17649260993195678,88.49000000000001,-35.09499999999997,0.8451440674226715,11.5,2.3804761428476167,104.75
12729,114,1,453.01,1,1.0,453.01,0.0,0.0,0.0,1.0,453.01,0.0,453.01,453.01,0.0,0.0,0.0,0.0,26.0,0.0,233.0
12731,24,12,18895.91,342,0.03508771929824561,55.25119883040936,30.636363636363637,20.752217844234035,59.0,0.04597232370330802,1574.6591666666666,842.6647443616896,3174.4300000000003,252.0,0.5351410401690248,2922.4300000000003,405.95500000000015,1.2959542362234193,22.833333333333332,12.223920910421601,703.0833333333334
12732,180,1,236.26,1,1.0,236.26000000000002,0.0,0.0,0.0,1.0,236.26000000000002,0.0,236.26000000000002,236.26000000000002,0.0,0.0,0.0,0.0,12.0,0.0,111.0
12733,234,1,383.95,1,1.0,383.95,0.0,0.0,0.0,1.0,383.95,0.0,383.95,383.95,0.0,0.0,0.0,0.0,22.0,0.0,137.0
12734,353,1,110.4,1,1.0,110.39999999999999,0.0,0.0,0.0,1.0,110.39999999999999,0.0,110.39999999999999,110.39999999999999,0.0,0.0,0.0,0.0,4.0,0.0,88.0
12735,315,2,779.5699999999999,22,0.09090909090909091,35.434999999999995,21.0,0.0,21.0,1.0,389.78499999999997,99.01616256955229,459.8,319.77,0.25402763720910837,140.03000000000003,140.03000000000003,1.4379084967320264,21.5,0.7071067811865476,184.0
12736,333,1,234.0,1,1.0,234.0,0.0,0.0,0.0,1.0,234.0,0.0,234.0,234.0,0.0,0.0,0.0,0.0,4.0,0.0,173.0
12738,372,1,155.35,1,1.0,155.35,0.0,0.0,0.0,1.0,155.35,0.0,155.35,155.35,0.0,0.0,0.0,0.0,11.0,0.0,148.0
12739,78,2,1013.04,21,0.09523809523809523,48.239999999999995,20.0,0.0,20.0,1.0,506.52,663.294445024229,975.54,37.5,1.3095128425811993,938.04,-938.04,0.03844024847776616,19.0,25.45584412271571,243.0
12740,64,1,427.6,1,1.0,427.6,0.0,0.0,0.0,1.0,427.6,0.0,427.6,427.6,0.0,0.0,0.0,0.0,27.0,0.0,342.0
12743,134,2,540.13,1,2.0,540.13,0.0,0.0,0.0,1.0,270.065,105.69125058395325,344.8,195.33,0.39135486117769147,149.47,-149.47,0.5665023201856149,64.5,24.748737341529164,157.5
12744,52,7,21279.29,267,0.026217228464419477,79.69771535580524,44.0,48.133148660772235,104.0,0.020352858045069623,3039.8985714285714,1729.78594590418,6068.0599999999995,999.26,0.5690275202475863,5068.799999999999,569.208333333333,1.2096812219192008,31.142857142857142,30.829793876641315,748.7142857142857
12747,2,11,4196.01,367,0.02997275204359673,11.433269754768393,36.3,17.461385970191486,65.0,0.05416711408421021,381.4554545454546,109.62042568459917,675.38,301.70000000000005,0.2873741203025233,373.67999999999995,52.883333333333326,1.1499768393787282,9.363636363636363,3.2022719207689803,115.9090909090909
12748,1,209,33053.19,373,0.5603217158176944,88.61445040214478,1.4326923076923077,3.1354739005765278,30.0,0.2418102553761951,158.14923444976077,241.38642120608262,1948.35,0.95,1.5263205164787805,1947.3999999999999,93.71851648351651,1.8438109881433487,20.497607655502392,24.495903190030084,120.99043062200957
12749,4,5,4090.88,210,0.023809523809523808,19.48038095238095,51.75,50.940324563813554,107.0,0.01925286390483383,818.176,668.1234694500711,1866.43,29.700000000000003,0.8166011584916583,1836.73,-907.6483333333333,0.3339656262574007,39.8,29.71026758546614,294.2
12750,129,1,275.88,1,1.0,275.88,0.0,0.0,0.0,1.0,275.88,0.0,275.88,275.88,0.0,0.0,0.0,0.0,15.0,0.0,137.0
12752,81,1,4366.78,1,1.0,4366.78,0.0,0.0,0.0,1.0,4366.78,0.0,4366.78,4366.78,0.0,0.0,0.0,0.0,53.0,0.0,2262.0
12753,23,6,21429.39,340,0.01764705882352941,63.02761764705882,67.4,43.28163582860518,113.0,0.02258272489911082,3571.565,1942.7531832505124,5735.24,15.3,0.5439501124158492,5719.94,915.7100000000005,1.2940896872219958,32.833333333333336,17.290652580705757,1903.5
12754,236,3,3010.74,73,0.0410958904109589,41.243013698630136,36.0,7.0710678118654755,41.0,0.12389934309929541,1003.5799999999999,1684.9517133437384,2949.12,16.05,1.6789411041907358,2933.0699999999997,1437.015,32.534233048057935,21.0,13.892443989449804,2160.3333333333335
12755,281,2,3811.95,86,0.023255813953488372,44.325,85.0,0.0,85.0,1.0,1905.9750000000001,2670.636246524412,3794.4,17.549999999999997,1.4011916454960909,3776.85,-3776.85,0.004625237191650853,2.0,1.4142135623730951,745.5
12756,87,1,112.08,1,1.0,112.08,0.0,0.0,0.0,1.0,112.08,0.0,112.08,112.08,0.0,0.0,0.0,0.0,4.0,0.0,144.0
12757,16,13,7834.650000000001,196,0.0663265306122449,39.972704081632656,15.833333333333334,23.06840946297588,78.0,0.04154823780683501,602.6653846153847,481.8365362792549,1556.42,49.5,0.7995092278060044,1506.92,-256.7307142857143,0.6534903742238015,27.076923076923077,46.677013504974695,184.23076923076923
12758,117,2,2791.59,160,0.0125,17.4474375,159.0,0.0,159.0,1.0,1395.795,246.63177421005588,1570.19,1221.4,0.17669627288395207,348.78999999999996,-348.78999999999996,0.77786764659054,48.5,10.606601717798213,1067.5
12759,52,3,1531.44,224,0.013392857142857142,6.836785714285715,111.5,10.606601717798213,119.0,0.08615786293989429,510.48,110.21232598942825,637.72,444.8,0.21589940054346546,192.92000000000002,98.52000000000004,1.2214928057553958,31.666666666666668,6.429100507328637,300.6666666666667
12762,8,2,1898.52,18,0.1111111111111111,105.47333333333333,17.0,0.0,17.0,1.0,949.26,689.6695279624873,1436.93,461.59,0.7265338558060883,975.3400000000001,975.3400000000001,3.1130007149201675,34.5,19.091883092036785,613.5
12763,138,2,494.08,231,0.008658008658008658,2.138874458874459,230.0,0.0,230.0,1.0,247.04,103.29415859573085,320.08,174.0,0.4181272611549986,146.07999999999998,-146.07999999999998,0.5436140964758811,9.0,9.899494936611665,158.0
12764,317,1,1693.88,1,1.0,1693.88,0.0,0.0,0.0,1.0,1693.88,0.0,1693.88,1693.88,0.0,0.0,0.0,0.0,45.0,0.0,386.0
12766,4,7,6989.63,363,0.01928374655647383,19.25517906336088,60.0,25.13961017995307,91.0,0.0382561175593551,998.5185714285715,241.14333707213578,1319.01,686.48,0.24150110370719916,632.53,108.57916666666665,1.115944750161955,44.285714285714285,13.511899517515241,520.8571428571429
12769,239,1,1143.6,1,1.0,1143.6,0.0,0.0,0.0,1.0,1143.6,0.0,1143.6,1143.6,0.0,0.0,0.0,0.0,32.0,0.0,356.0
12770,211,1,1351.45,1,1.0,1351.45,0.0,0.0,0.0,1.0,1351.45,0.0,1351.45,1351.45,0.0,0.0,0.0,0.0,12.0,0.0,743.0
12772,60,1,892.47,1,1.0,892.47,0.0,0.0,0.0,1.0,892.47,0.0,892.47,892.47,0.0,0.0,0.0,0.0,55.0,0.0,556.0
12775,17,5,1386.04,295,0.01694915254237288,4.698440677966102,73.0,68.85249934945475,172.0,0.014315880023093345,277.20799999999997,85.75954506642397,419.8,214.45,0.3093689398084614,205.35000000000002,86.88,1.3859960902790118,13.2,1.3038404810405297,175.4
12778,20,6,822.23,293,0.020477815699658702,2.806245733788396,58.0,41.13392760240627,119.0,0.023733842461505773,137.03833333333333,32.24305036231322,171.93,84.0,0.2352848985975692,87.93,2.03666666666669,1.0149732882419253,8.333333333333334,1.96638416050035,137.5
12779,38,8,3981.36,334,0.023952095808383235,11.920239520958084,47.142857142857146,48.67384161069329,152.0,0.020131319977972673,497.67,316.17975976604555,981.95,25.0,0.6353201112505185,956.95,237.16000000000003,1.6256034187132344,18.625,14.421586003527588,253.0
12781,64,2,826.74,222,0.009009009009009009,3.724054054054054,221.0,0.0,221.0,1.0,413.37,192.17748099087987,549.26,277.48,0.4649042770178771,271.78,-271.78,0.5051887994756582,12.5,3.5355339059327378,335.5
12782,5,5,2330.92,353,0.014164305949008499,6.603172804532578,87.5,45.96012764705222,144.0,0.021294661026390375,466.184,156.69152571214565,683.9300000000001,252.25,0.336115194241213,431.68000000000006,-179.21833333333336,0.6876178358011672,20.6,6.228964600958975,217.2
12783,2,6,2225.91,74,0.08108108108108109,30.079864864864863,14.2,12.853015210447703,30.0,0.07218645073354264,370.98499999999996,145.7606970002545,642.01,222.26,0.39290186126192306,419.75,-100.73000000000002,0.7609350895929748,14.0,12.361229712289955,104.0
12784,9,2,532.82,7,0.2857142857142857,76.11714285714285,6.0,0.0,6.0,1.0,266.40999999999997,297.5646756589229,476.82,56.0,1.1169425909647646,420.82,-420.82,0.11744473805628959,27.0,36.76955262170047,140.0
12785,364,1,311.95,1,1.0,311.95,0.0,0.0,0.0,1.0,311.95,0.0,311.95,311.95,0.0,0.0,0.0,0.0,14.0,0.0,131.0
12787,10,3,463.66,183,0.01639344262295082,2.533661202185792,91.0,14.142135623730951,101.0,0.06604088253131131,154.5533333333333,33.91935337433974,186.56,119.0,0.21946698038006135,67.56,-5.319999999999993,0.9663504111321949,6.666666666666667,2.3094010767585034,87.0
12789,65,1,91.85,1,1.0,91.85,0.0,0.0,0.0,1.0,91.85,0.0,91.85,91.85,0.0,0.0,0.0,0.0,4.0,0.0,4.0
12790,192,1,324.92,1,1.0,324.92,0.0,0.0,0.0,1.0,324.92,0.0,324.92,324.92,0.0,0.0,0.0,0.0,21.0,0.0,166.0
12791,374,1,192.6,1,1.0,192.60000000000002,0.0,0.0,0.0,1.0,192.60000000000002,0.0,192.60000000000002,192.60000000000002,0.0,0.0,0.0,0.0,2.0,0.0,97.0
12792,257,1,400.54,1,1.0,400.54,0.0,0.0,0.0,1.0,400.54,0.0,400.54,400.54,0.0,0.0,0.0,0.0,25.0,0.0,217.0
12793,335,2,545.48,37,0.05405405405405406,14.742702702702703,36.0,0.0,36.0,1.0,272.74,199.31925948086402,413.68,131.8,0.7308031806147394,281.88,281.88,3.1386949924127463,12.0,7.0710678118654755,147.5
12794,53,2,860.41,46,0.043478260869565216,18.704565217391302,45.0,0.0,45.0,1.0,430.205,160.0960463284462,543.41,317.0,0.37213897171917154,226.40999999999997,226.40999999999997,1.7142271293375393,22.5,3.5355339059327378,296.0
12795,19,1,430.48,1,1.0,430.48,0.0,0.0,0.0,1.0,430.48,0.0,430.48,430.48,0.0,0.0,0.0,0.0,14.0,0.0,68.0
12797,366,1,254.03,1,1.0,254.03,0.0,0.0,0.0,1.0,254.03,0.0,254.03,254.03,0.0,0.0,0.0,0.0,13.0,0.0,118.0
12798,10,3,6977.04,161,0.018633540372670808,43.33565217391304,80.0,65.05382386916237,126.0,0.01513916895985875,2325.68,1149.6295695570814,3651.6,1607.04,0.4943197557519011,2044.56,1077.96,1.670773596176822,2.6666666666666665,2.8867513459481287,1752.0
12802,187,1,427.58,1,1.0,427.58,0.0,0.0,0.0,1.0,427.58,0.0,427.58,427.58,0.0,0.0,0.0,0.0,25.0,0.0,314.0
12808,37,3,483.65,332,0.009036144578313253,1.4567771084337349,165.5,26.16295090390226,184.0,0.036814851359037684,161.21666666666667,37.32299335976863,202.3,129.4,0.23150828094553064,72.9,47.724999999999994,1.3688176197836166,9.333333333333334,2.516611478423583,62.666666666666664
12809,178,1,489.31,1,1.0,489.31,0.0,0.0,0.0,1.0,489.31,0.0,489.31,489.31,0.0,0.0,0.0,0.0,25.0,0.0,220.0
12811,261,3,514.85,24,0.125,21.452083333333334,11.0,15.556349186104045,22.0,0.0603997891539587,171.61666666666667,125.29561378329784,247.6,27.0,0.7300900094200127,220.6,-102.94999999999999,0.5714880332986473,10.333333333333334,8.144527815247077,76.66666666666667
12812,45,1,229.64,1,1.0,229.64000000000001,0.0,0.0,0.0,1.0,229.64000000000001,0.0,229.64000000000001,229.64000000000001,0.0,0.0,0.0,0.0,15.0,0.0,164.0
12814,102,1,125.92,1,1.0,125.92,0.0,0.0,0.0,1.0,125.92,0.0,125.92,125.92,0.0,0.0,0.0,0.0,2.0,0.0,49.0
12815,148,2,1063.46,51,0.0392156862745098,20.852156862745097,50.0,0.0,50.0,1.0,531.73,118.27068022126194,615.36,448.1,0.22242619416106282,167.26,-167.26,0.7281916276651066,23.5,10.606601717798213,189.5
12816,96,2,572.2,81,0.024691358024691357,7.064197530864198,80.0,0.0,80.0,1.0,286.1,46.03265145524426,318.65000000000003,253.55,0.16089706905013723,65.10000000000002,-65.10000000000002,0.7957006119566923,14.5,0.7071067811865476,64.0
12817,281,1,166.04000000000002,1,1.0,166.04000000000002,0.0,0.0,0.0,1.0,166.04000000000002,0.0,166.04000000000002,166.04000000000002,0.0,0.0,0.0,0.0,4.0,0.0,53.0
12818,262,1,1542.08,1,1.0,1542.08,0.0,0.0,0.0,1.0,1542.08,0.0,1542.08,1542.08,0.0,0.0,0.0,0.0,14.0,0.0,929.0
12820,3,4,942.34,324,0.012345679012345678,2.908456790123457,107.33333333333333,124.54048873090764,251.0,0.007965557646851851,235.585,75.0494852303021,343.76,170.46,0.318566484412429,173.29999999999998,82.94,1.4272724931097545,14.75,4.9916597106239795,180.5
12821,214,1,92.72,1,1.0,92.72,0.0,0.0,0.0,1.0,92.72,0.0,92.72,92.72,0.0,0.0,0.0,0.0,6.0,0.0,70.0
12822,71,2,948.88,17,0.11764705882352941,55.81647058823529,16.0,0.0,16.0,1.0,474.44,306.12066771128013,690.9,257.98,0.645225250213473,432.91999999999996,-432.91999999999996,0.3733970183818209,23.0,19.79898987322333,275.0
12823,75,5,1759.5,222,0.02252252252252252,7.925675675675675,55.0,51.43928459844674,127.0,0.019069672816047916,351.9,138.96915125307487,535.5,229.5,0.3949109157518468,306.0,140.25,1.5238095238095237,1.0,0.0,46.0
12824,60,1,397.12,1,1.0,397.12,0.0,0.0,0.0,1.0,397.12,0.0,397.12,397.12,0.0,0.0,0.0,0.0,25.0,0.0,232.0
12826,3,7,1474.72,363,0.01928374655647383,4.062589531680441,59.833333333333336,50.64944882885367,137.0,0.01936129083029741,210.67428571428573,76.44008609299681,329.38,121.52,0.3628353874979505,207.86,-37.96166666666667,0.8366303256347726,13.0,6.082762530298219,151.14285714285714
12827,6,3,430.15,39,0.07692307692307693,11.029487179487178,19.0,11.313708498984761,27.0,0.08121030314161228,143.38333333333333,64.61705141317834,217.75,100.95,0.4506594309881089,116.8,-111.55,0.48771526980482205,8.333333333333334,5.773502691896258,65.66666666666667
12828,3,6,1018.71,128,0.046875,7.958671875,25.0,21.224985276791124,58.0,0.044994405510102614,169.785,88.62847347212973,273.78000000000003,77.31,0.5220041433114216,196.47000000000003,62.56333333333336,1.4517099468123513,9.333333333333334,4.033195589934446,82.33333333333333
12829,337,2,293.0,24,0.08333333333333333,12.208333333333334,23.0,0.0,23.0,1.0,146.5,85.91347391416552,207.25,85.75,0.586440094977239,121.5,121.5,2.4169096209912535,5.5,0.7071067811865476,188.0
12830,38,6,6814.64,135,0.044444444444444446,50.47881481481482,26.2,21.33541656495134,53.0,0.044771943119663885,1135.7733333333333,726.3371169551139,2221.84,400.32000000000005,0.6395088664596638,1821.52,-806.1066666666669,0.4761549925484351,6.333333333333333,4.96655480858378,1641.3333333333333
12831,262,1,215.05,1,1.0,215.05,0.0,0.0,0.0,1.0,215.05,0.0,215.05,215.05,0.0,0.0,0.0,0.0,9.0,0.0,135.0
12832,32,2,383.03,66,0.030303030303030304,5.803484848484849,65.0,0.0,65.0,1.0,191.51500000000001,107.88328160563157,267.8,115.23,0.5633150489811846,152.57,-152.57,0.4302837938760269,13.5,6.363961030678928,97.5
12833,145,1,417.38,1,1.0,417.38,0.0,0.0,0.0,1.0,417.38,0.0,417.38,417.38,0.0,0.0,0.0,0.0,24.0,0.0,156.0
12834,283,1,312.38,1,1.0,312.38,0.0,0.0,0.0,1.0,312.38,0.0,312.38,312.38,0.0,0.0,0.0,0.0,18.0,0.0,110.0
12836,59,4,2610.36,253,0.015810276679841896,10.317628458498024,83.66666666666667,7.637626158259735,92.0,0.11577254927197207,652.59,206.957719997749,846.69,451.13,0.31713283991135166,395.56000000000006,-356.22,0.5711809317443121,43.0,15.853495934125487,265.5
12837,173,1,134.1,1,1.0,134.1,0.0,0.0,0.0,1.0,134.1,0.0,134.1,134.1,0.0,0.0,0.0,0.0,12.0,0.0,24.0
12838,34,2,671.95,341,0.005865102639296188,1.9705278592375368,340.0,0.0,340.0,1.0,335.975,77.5201164214812,390.79,281.16,0.23073179975141364,109.63,-109.63,0.719465697689296,58.5,0.7071067811865476,177.5
12839,3,14,5591.42,365,0.038356164383561646,15.31895890410959,27.692307692307693,23.80260705393639,89.0,0.04031834225431924,399.38714285714286,129.7527499295707,752.39,278.66,0.3248796368389407,473.72999999999996,126.38285714285712,1.3759204884909726,22.357142857142858,4.813556862687889,271.92857142857144
12840,144,4,2726.77,83,0.04819277108433735,32.85265060240964,27.0,13.45362404707371,38.0,0.06918680026152062,681.6925,134.81339779487797,854.07,572.8,0.19776277103661544,281.2700000000001,-214.58500000000004,0.7280239801770629,28.25,14.930394055974098,377.75
12841,5,25,3991.58,368,0.06793478260869565,10.846684782608696,14.833333333333334,9.281429175306563,41.0,0.09726274265466434,159.6632,58.13054803056078,294.25,5.0,0.36408231847138717,289.25,-3.809551282051274,0.9764324852507229,16.48,6.940941338656211,108.8
12842,70,2,1118.99,239,0.008368200836820083,4.681966527196653,238.0,0.0,238.0,1.0,559.495,351.806836843743,808.26,310.73,0.6287935313876675,497.53,497.53,2.601164998551797,17.0,4.242640687119285,273.5
12843,66,8,1702.26,199,0.04020100502512563,8.554070351758794,27.714285714285715,31.873260923613728,93.0,0.030419860150888583,212.7825,157.12595000281053,444.45,9.95,0.7384345517268127,434.5,-110.19,0.5886552622000728,12.5,10.596495377515827,97.625
12844,29,2,325.96000000000004,102,0.0196078431372549,3.1956862745098045,101.0,0.0,101.0,1.0,162.98000000000002,16.82914139223983,174.88,151.08,0.10325893601816068,23.799999999999983,-23.799999999999983,0.8639066788655079,25.0,2.8284271247461903,62.5
12845,267,4,354.09000000000003,23,0.17391304347826086,15.39521739130435,7.333333333333333,10.115993936995679,19.0,0.08996046648350998,88.52250000000001,85.51092732315952,208.8,6.7,0.9659795794646504,202.10000000000002,-96.845,0.29281828471284094,6.75,9.604686356149273,51.0
12847,22,1,843.64,1,1.0,843.64,0.0,0.0,0.0,1.0,843.64,0.0,843.64,843.64,0.0,0.0,0.0,0.0,72.0,0.0,873.0
12849,31,2,1010.29,238,0.008403361344537815,4.2449159663865546,237.0,0.0,237.0,1.0,505.145,231.51383122828753,668.85,341.44,0.4583116357249652,327.41,-327.41,0.5104881513044778,23.5,13.435028842544403,298.5
12851,97,1,131.81,1,1.0,131.81,0.0,0.0,0.0,1.0,131.81,0.0,131.81,131.81,0.0,0.0,0.0,0.0,43.0,0.0,106.0
12852,295,1,311.55,1,1.0,311.55,0.0,0.0,0.0,1.0,311.55,0.0,311.55,311.55,0.0,0.0,0.0,0.0,17.0,0.0,149.0
12853,135,6,1957.1,182,0.03296703296703297,10.753296703296703,36.0,50.27922035990614,104.0,0.01950107651757267,326.18333333333334,314.02703970624356,897.8,47.7,0.9627317143924486,850.0999999999999,62.36666666666662,1.2114124293785309,13.0,10.545141061171254,133.33333333333334
12854,79,3,1316.25,240,0.0125,5.484375,119.5,60.10407640085654,162.0,0.016365520254978966,438.75,60.112052867956564,505.88,389.9,0.1370075279041745,115.98000000000002,73.27499999999998,1.187932803282893,35.666666666666664,4.725815626252608,208.66666666666666
12855,373,1,38.1,1,1.0,38.1,0.0,0.0,0.0,1.0,38.1,0.0,38.1,38.1,0.0,0.0,0.0,0.0,3.0,0.0,30.0
12856,8,6,2170.78,56,0.10714285714285714,38.76392857142857,10.8,3.70135110466435,17.0,0.21270481139089364,361.7966666666667,133.33046893589878,598.49,213.1,0.36852320991320753,385.39,-174.48666666666662,0.6114228873448543,51.0,20.376457003120045,179.33333333333334
12857,211,2,1106.4,92,0.021739130434782608,12.02608695652174,91.0,0.0,91.0,1.0,553.2,351.2906488934768,801.6,304.8,0.6350156342976804,496.8,-496.8,0.38023952095808383,23.0,15.556349186104045,171.5
12863,52,1,521.2,1,1.0,521.2,0.0,0.0,0.0,1.0,521.2,0.0,521.2,521.2,0.0,0.0,0.0,0.0,5.0,0.0,188.0
12864,138,1,147.12,1,1.0,147.12,0.0,0.0,0.0,1.0,147.12,0.0,147.12,147.12,0.0,0.0,0.0,0.0,3.0,0.0,216.0
12865,26,2,1568.23,98,0.02040816326530612,16.00234693877551,97.0,0.0,97.0,1.0,784.115,278.97483838152857,981.38,586.85,0.3557830654706626,394.53,-394.53,0.5979844708471744,47.5,14.849242404917497,462.5
12866,283,1,559.12,1,1.0,559.12,0.0,0.0,0.0,1.0,559.12,0.0,559.12,559.12,0.0,0.0,0.0,0.0,26.0,0.0,171.0
12867,26,7,4009.34,334,0.020958083832335328,12.004011976047904,55.0,13.827508813954884,70.0,0.06744221248136112,572.7628571428571,214.54689570614357,993.38,362.79,0.3745824175407935,630.5899999999999,256.7533333333333,1.602641338194564,74.85714285714286,16.727507997592586,612.0
12868,186,6,1607.0600000000002,188,0.031914893617021274,8.548191489361702,37.0,14.560219778561036,50.0,0.06426644444815657,267.84333333333336,91.00257549468954,437.52000000000004,182.45000000000002,0.3397604650530392,255.07000000000002,86.88000000000002,1.387160024360898,17.833333333333332,6.705718952257593,154.66666666666666
12871,84,2,380.64,124,0.016129032258064516,3.0696774193548384,123.0,0.0,123.0,1.0,190.32,82.4769349575989,248.64,132.0,0.4333592631231552,116.63999999999999,116.63999999999999,1.8836363636363636,5.5,2.1213203435596424,100.0
12872,327,2,599.97,39,0.05128205128205128,15.383846153846154,38.0,0.0,38.0,1.0,299.985,111.07940425659477,378.53000000000003,221.44,0.3702831950150666,157.09000000000003,-157.09000000000003,0.5849998679100731,33.0,7.0710678118654755,159.5
12873,282,1,374.0,1,1.0,374.0,0.0,0.0,0.0,1.0,374.0,0.0,374.0,374.0,0.0,0.0,0.0,0.0,4.0,0.0,128.0
12875,143,2,343.2300000000001,220,0.00909090909090909,1.5601363636363639,219.0,0.0,219.0,1.0,171.61500000000004,172.73911557606172,293.76000000000005,49.470000000000006,1.00655021749883,244.29000000000005,-244.29000000000005,0.16840277777777776,1.0,0.0,1009.5
12876,58,2,2218.02,139,0.014388489208633094,15.956978417266187,138.0,0.0,138.0,1.0,1109.01,541.0498246926988,1491.5900000000001,726.43,0.4878673994758378,765.1600000000002,765.1600000000002,2.0533155293696574,42.5,12.020815280171307,970.5
12877,4,12,1535.77,355,0.03380281690140845,4.326112676056338,31.636363636363637,15.538807723070178,54.0,0.0604638506441482,127.98083333333334,71.53947930508318,276.79,79.2,0.5589858843843792,197.59000000000003,59.58833333333334,1.6068882400869093,12.833333333333334,16.336425186643126,98.16666666666667
12878,236,2,854.99,30,0.06666666666666667,28.499666666666666,29.0,0.0,29.0,1.0,427.495,158.83739625793422,539.8100000000001,315.18,0.37155381058944364,224.63000000000005,224.63000000000005,1.7127038517672442,23.5,6.363961030678928,273.5
12879,45,3,573.22,48,0.0625,11.942083333333334,23.0,18.384776310850235,36.0,0.051586873325965094,191.07333333333335,157.06989569402958,367.2,65.52,0.8220398574405791,301.68,75.85999999999999,1.5399288256227757,3.3333333333333335,0.5773502691896258,123.33333333333333
12881,276,1,298.0,1,1.0,298.0,0.0,0.0,0.0,1.0,298.0,0.0,298.0,298.0,0.0,0.0,0.0,0.0,7.0,0.0,21.0
12882,9,2,1463.04,25,0.08,58.5216,24.0,0.0,24.0,1.0,731.52,367.2429778770453,991.1999999999999,471.84000000000003,0.5020272554093467,519.3599999999999,519.3599999999999,2.1007121057985754,6.5,2.1213203435596424,123.0
12883,25,4,703.47,65,0.06153846153846154,10.822615384615386,21.333333333333332,36.950417228136054,64.0,0.02635017143523287,175.8675,109.17823726213328,291.63,32.550000000000004,0.6207982558581504,259.08,27.55499999999998,1.1699981491763833,10.5,7.234178138070235,49.0
12884,88,1,309.05,1,1.0,309.05,0.0,0.0,0.0,1.0,309.05,0.0,309.05,309.05,0.0,0.0,0.0,0.0,7.0,0.0,43.0
12885,63,3,1175.22,61,0.04918032786885246,19.265901639344264,30.0,42.42640687119285,60.0,0.02302746351928452,391.74,336.19427463893555,645.35,10.4,0.8582076750879041,634.95,-380.415,0.4105291702177113,23.666666666666668,20.033305601755625,218.33333333333334
12886,68,2,1378.4,152,0.013157894736842105,9.06842105263158,151.0,0.0,151.0,1.0,689.2,121.33952365161161,775.0,603.4,0.17605850791005748,171.60000000000002,-171.60000000000002,0.7785806451612903,41.0,8.48528137423857,385.0
12888,214,2,354.12,42,0.047619047619047616,8.431428571428572,41.0,0.0,41.0,1.0,177.06,135.3402379191052,272.76,81.36,0.7643750023670236,191.39999999999998,-191.39999999999998,0.2982842058952926,2.5,2.1213203435596424,38.0
12890,24,1,376.72,1,1.0,376.71999999999997,0.0,0.0,0.0,1.0,376.71999999999997,0.0,376.71999999999997,376.71999999999997,0.0,0.0,0.0,0.0,78.0,0.0,256.0
12891,186,3,331.0,108,0.027777777777777776,3.064814814814815,53.5,26.16295090390226,72.0,0.036814851359037684,110.33333333333333,83.91861136442462,204.00000000000003,42.0,0.7605916437863259,162.00000000000003,102.5,3.4404761904761907,1.0,0.0,316.6666666666667
12893,31,1,176.55,1,1.0,176.55,0.0,0.0,0.0,1.0,176.55,0.0,176.55,176.55,0.0,0.0,0.0,0.0,27.0,0.0,90.0
12895,42,2,372.8,45,0.044444444444444446,8.284444444444444,44.0,0.0,44.0,1.0,186.4,115.11698397716995,267.8,105.0,0.6175803861436155,162.8,-162.8,0.39208364451082894,11.0,7.0710678118654755,105.0
12897,205,2,216.5,98,0.02040816326530612,2.2091836734693877,97.0,0.0,97.0,1.0,108.25,29.062088706767103,128.8,87.7,0.26847195110177463,41.10000000000001,-41.10000000000001,0.6809006211180124,2.0,0.0,55.0
12901,9,28,17654.54,262,0.10687022900763359,67.38374045801527,9.222222222222221,8.125616347431192,27.0,0.1095816394123882,630.5192857142857,660.9641618285316,2843.6,36.24,1.048285400310565,2807.36,10.215714285714284,1.016334390161448,4.142857142857143,3.5141437576181125,824.1071428571429
12902,265,1,138.68,1,1.0,138.68,0.0,0.0,0.0,1.0,138.68,0.0,138.68,138.68,0.0,0.0,0.0,0.0,10.0,0.0,66.0
12904,18,2,496.06,155,0.012903225806451613,3.2003870967741936,154.0,0.0,154.0,1.0,248.03,4.723473298326143,251.37,244.69,0.01904395959491248,6.680000000000007,6.680000000000007,1.0272998487882627,33.5,2.1213203435596424,147.0
12906,12,5,2919.81,67,0.07462686567164178,43.579253731343286,16.5,33.0,66.0,0.029411764705882353,583.962,569.4427727348905,1546.8600000000001,42.96,0.9751366916595438,1503.9,-640.5550000000001,0.3384712303585168,12.6,10.784247771634329,349.8
12908,176,2,750.0,137,0.014598540145985401,5.474452554744525,136.0,0.0,136.0,1.0,375.0,80.61017305526642,432.0,318.0,0.21496046148071044,114.0,114.0,1.3584905660377358,1.0,0.0,600.0
12909,40,5,2178.67,214,0.02336448598130841,10.18070093457944,53.25,46.75735236302415,114.0,0.02093918424117339,435.73400000000004,173.70928150216957,624.92,278.65,0.3986590018271917,346.27,-26.651666666666642,0.9410002398214253,18.0,7.7781745930520225,256.0
12910,23,8,3075.04,219,0.0365296803652968,14.041278538812785,31.0,26.076809620810597,63.0,0.036931972931974366,384.38,238.76045425129703,720.22,49.8,0.6211573293389278,670.4200000000001,25.309999999999945,1.068087968256103,9.375,8.210402808980463,211.5
12912,3,5,1662.3,38,0.13157894736842105,43.74473684210527,8.75,5.188127472091127,16.0,0.16159977384274446,332.46000000000004,189.28799961962724,616.32,139.92000000000002,0.5693557108212333,476.40000000000003,172.45000000000005,1.7530896545700687,4.8,3.1144823004794873,134.0
12913,5,5,2483.63,364,0.013736263736263736,6.823159340659341,90.25,119.6895289210102,266.0,0.008285722953268694,496.726,358.73709019280403,1082.14,134.97,0.7222031667212991,947.1700000000001,218.36,1.5970851220912745,10.0,7.648529270389178,283.8
12915,149,2,363.65,224,0.008928571428571428,1.6234374999999999,223.0,0.0,223.0,1.0,181.825,25.208356749300414,199.65,164.0,0.1386407630925363,35.650000000000006,-35.650000000000006,0.8214375156523916,11.0,2.8284271247461903,46.5
12916,139,4,2944.95,182,0.02197802197802198,16.181043956043954,60.0,4.358898943540674,63.0,0.18660549686337075,736.2375,76.92126856944918,807.05,649.78,0.10447887885288265,157.26999999999998,15.644999999999982,1.021478140894957,24.25,5.315072906367325,270.75
12917,128,1,594.0,1,1.0,594.0,0.0,0.0,0.0,1.0,594.0,0.0,594.0,594.0,0.0,0.0,0.0,0.0,2.0,0.0,120.0
12919,8,6,1335.19,162,0.037037037037037035,8.241913580246914,31.8,30.57286378473564,84.0,0.031672768324660636,222.53166666666667,100.04932911652465,336.12,52.8,0.4495959187075606,283.32,150.62999999999997,2.023185780595494,8.333333333333334,5.573747990954261,112.16666666666667
12920,17,1,162.78,1,1.0,162.78,0.0,0.0,0.0,1.0,162.78,0.0,162.78,162.78,0.0,0.0,0.0,0.0,27.0,0.0,128.0
12921,9,37,16587.09,365,0.10136986301369863,45.44408219178082,9.805555555555555,13.524199357225118,47.0,0.06885061099788238,448.29972972972973,253.7755897713841,1348.5800000000002,12.48,0.5660846370002943,1336.1000000000001,134.68921052631583,1.3552539610595589,19.45945945945946,9.96826797223903,257.4594594594595
12922,161,1,405.38,1,1.0,405.38,0.0,0.0,0.0,1.0,405.38,0.0,405.38,405.38,0.0,0.0,0.0,0.0,28.0,0.0,370.0
12923,64,1,172.82,1,1.0,172.82,0.0,0.0,0.0,1.0,172.82,0.0,172.82,172.82,0.0,0.0,0.0,0.0,28.0,0.0,68.0
12924,88,4,933.7,240,0.016666666666666666,3.890416666666667,79.33333333333333,29.569128044860125,110.0,0.03271274203609937,233.425,129.9526284202568,367.28,58.190000000000005,0.5567211242165868,309.09,178.86,2.2421264627244004,6.75,5.1234753829798,120.25
12925,5,2,694.05,71,0.028169014084507043,9.775352112676055,70.0,0.0,70.0,1.0,347.025,30.101535675111304,368.31,325.74,0.08674169202539098,42.56999999999999,-42.56999999999999,0.8844180174309685,22.5,0.7071067811865476,270.5
12928,35,5,2062.7,324,0.015432098765432098,6.366358024691357,80.5,48.03123983409131,117.0,0.020395160379050873,412.53999999999996,103.42421283239239,592.56,334.0,0.25070105403692344,258.55999999999995,37.5333333333333,1.0962343811428472,16.8,3.7682887362833544,294.4
12929,312,1,117.85,1,1.0,117.85,0.0,0.0,0.0,1.0,117.85,0.0,117.85,117.85,0.0,0.0,0.0,0.0,8.0,0.0,37.0
12930,78,2,415.8,94,0.02127659574468085,4.4234042553191495,93.0,0.0,93.0,1.0,207.9,19.318157262016474,221.56,194.24,0.09292042935072858,27.319999999999993,-27.319999999999993,0.8766925437804658,12.5,2.1213203435596424,126.0
12931,22,15,42055.96,337,0.04451038575667656,124.79513353115726,23.571428571428573,23.643878003258415,76.0,0.040578029150597966,2803.730666666667,5093.521302241936,18841.48,33.0,1.8166942220229674,18808.48,4206.807499999999,8.510815033029814,5.266666666666667,7.095941160436786,1866.9333333333334
12933,24,3,607.53,260,0.011538461538461539,2.336653846153846,129.5,24.748737341529164,147.0,0.03883685583242708,202.51,79.48361906707571,250.04,110.75,0.39249231676004004,139.29,137.64,2.2427990970654625,35.0,25.534290669607408,166.33333333333334
12935,2,7,2160.7,318,0.0220125786163522,6.794654088050314,52.333333333333336,41.302138766251154,115.0,0.023639466683367905,308.6714285714285,142.58283351892578,434.6,12.48,0.46192429982527916,422.12,-171.09500000000003,0.5790399566971755,18.428571428571427,8.541216596737314,264.7142857142857
12936,17,4,1063.9,62,0.06451612903225806,17.15967741935484,20.0,31.240998703626616,56.0,0.031016408926796534,265.975,355.12341568343066,798.46,79.48,1.3351759213588894,718.98,-368.51,0.1815072296381849,15.5,16.421530582338136,139.75
12937,15,4,1504.27,253,0.015810276679841896,5.945731225296442,83.66666666666667,37.233497463081996,126.0,0.026155075165843596,376.0675,219.1119194042168,677.83,210.8,0.5826398702472743,467.03000000000003,323.905,2.512761833594096,30.0,21.786846184490923,251.75
12938,26,1,114.14,1,1.0,114.14,0.0,0.0,0.0,1.0,114.14,0.0,114.14,114.14,0.0,0.0,0.0,0.0,9.0,0.0,140.0
12939,64,8,11581.8,271,0.02952029520295203,42.737269372693724,38.285714285714285,46.995440508324094,134.0,0.02083531246737,1447.725,983.989095279298,3376.08,346.32,0.6796795629551869,3029.7599999999998,-1099.5900000000001,0.44952240778565417,5.875,3.8706773124535787,609.5
12940,55,2,899.69,34,0.058823529411764705,26.461470588235294,33.0,0.0,33.0,1.0,449.84499999999997,125.26396628719688,538.42,361.27,0.2784602836247972,177.14999999999998,177.14999999999998,1.490353475240125,46.0,38.18376618407357,202.0
12942,131,3,675.6,235,0.01276595744680851,2.874893617021277,117.0,72.12489168102785,168.0,0.01367523393213379,225.20000000000002,76.39588274246196,279.08,137.77,0.33923571377647405,141.30999999999997,-50.32499999999999,0.8055072463768116,23.333333333333332,20.033305601755625,66.0
12944,36,2,604.51,320,0.00625,1.88909375,319.0,0.0,319.0,1.0,302.255,21.64453857212023,317.56,286.95,0.071610191964137,30.610000000000014,30.610000000000014,1.1066736365220422,15.0,1.4142135623730951,144.5
12945,288,1,462.95,1,1.0,462.95,0.0,0.0,0.0,1.0,462.95,0.0,462.95,462.95,0.0,0.0,0.0,0.0,23.0,0.0,165.0
12947,144,6,1603.99,230,0.02608695652173913,6.973869565217392,45.6,36.569112649885284,102.0,0.02661761030448648,267.33166666666665,129.09870369863,429.57,40.8,0.48291586742547027,388.77,-155.51666666666662,0.5493446154143364,16.166666666666668,10.53407170407847,194.16666666666666
12948,16,7,2064.95,249,0.028112449799196786,8.2929718875502,41.166666666666664,37.31710957009755,109.0,0.026098001942724672,294.99285714285713,143.16885610056002,537.7,127.68,0.4853299076025667,410.02000000000004,-0.7475000000000023,0.9974697041500237,16.571428571428573,9.761440174775148,154.28571428571428
12949,31,8,4167.22,222,0.036036036036036036,18.771261261261262,31.428571428571427,36.450226989952306,83.0,0.026702107847525053,520.9025,507.91531737232395,1534.3,35.1,0.9750679203350414,1499.2,-422.78,0.42266239241833015,26.875,25.32326711036428,297.625
12950,2,3,1843.0,22,0.13636363636363635,83.77272727272727,10.5,7.7781745930520225,16.0,0.11391890072356342,614.3333333333334,483.04046759389985,1171.4,311.6,0.7862839949982091,859.8000000000001,454.1,2.457317073170732,7.666666666666667,4.041451884327381,460.0
12951,9,6,1064.07,323,0.018575851393188854,3.294334365325078,63.8,60.639920844275515,165.0,0.016223252501027016,177.34500000000003,70.93198453448204,312.29,117.4,0.3999660804335168,194.89000000000001,47.16999999999996,1.3067767950052027,10.5,4.5934736311423405,83.83333333333333
12952,6,4,1387.79,73,0.0547945205479452,19.01082191780822,24.0,20.808652046684813,37.0,0.0458533612191778,346.9475,275.95799974815003,731.54,74.65,0.7953883505376175,656.89,-112.29499999999996,0.7214180280082859,19.75,15.456929406148772,163.25
12953,10,1,329.85,1,1.0,329.85,0.0,0.0,0.0,1.0,329.85,0.0,329.85,329.85,0.0,0.0,0.0,0.0,17.0,0.0,84.0
12955,1,11,4757.16,267,0.04119850187265917,17.817078651685392,26.3,16.234736421225527,51.0,0.058022355292213515,432.4690909090909,278.0381076562904,994.8000000000001,17.0,0.6429086228378265,977.8000000000001,298.9893333333334,2.109900117799622,16.363636363636363,10.102204979832148,333.09090909090907
12956,306,1,108.07,1,1.0,108.07,0.0,0.0,0.0,1.0,108.07,0.0,108.07,108.07,0.0,0.0,0.0,0.0,19.0,0.0,34.0
12957,10,8,4017.54,330,0.024242424242424242,12.174363636363637,46.714285714285715,40.5697518097506,114.0,0.0240559531020688,502.1925,298.4431944393151,968.9,53.2,0.5942804690219688,915.6999999999999,146.74,1.3421928653463846,29.75,17.29368175292435,318.625
12962,7,2,266.39,107,0.018691588785046728,2.489626168224299,106.0,0.0,106.0,1.0,133.195,52.81380548682321,170.54,95.85000000000001,0.3965149253862624,74.68999999999998,-74.68999999999998,0.5620382314999415,8.0,4.242640687119285,64.5
12963,8,8,1856.63,358,0.0223463687150838,5.1861173184357545,50.42857142857143,102.04224148664635,280.0,0.009704757831084196,232.07875,143.69197486662722,498.06,82.0,0.6191517959598938,416.06,32.58749999999998,1.1510183747711842,11.875,5.566160513059506,110.125
12965,89,1,769.8100000000001,1,1.0,769.8100000000001,0.0,0.0,0.0,1.0,769.8100000000001,0.0,769.8100000000001,769.8100000000001,0.0,0.0,0.0,0.0,108.0,0.0,282.0
12966,10,1,160.18,1,1.0,160.18,0.0,0.0,0.0,1.0,160.18,0.0,160.18,160.18,0.0,0.0,0.0,0.0,10.0,0.0,75.0
12967,358,2,1660.9,14,0.14285714285714285,118.63571428571429,13.0,0.0,13.0,1.0,830.45,760.7761858786066,1368.4,292.5,0.9161011329744194,1075.9,-1075.9,0.21375328851213093,9.5,7.7781745930520225,219.0
12968,112,1,135.95,1,1.0,135.95,0.0,0.0,0.0,1.0,135.95,0.0,135.95,135.95,0.0,0.0,0.0,0.0,5.0,0.0,73.0
12970,7,4,405.47,316,0.012658227848101266,1.283132911392405,105.0,181.86533479473212,315.0,0.005468505012841873,101.36749999999999,160.60035727959428,341.34,6.6,1.584337754009858,334.73999999999995,178.93499999999997,16.03655462184874,29.25,43.50766216043637,67.0
12971,4,86,11189.91,369,0.23306233062330622,30.324959349593495,3.9176470588235293,3.8674827690873643,16.0,0.20544500051460818,130.11523255813952,74.10548743239153,411.08000000000004,25.2,0.5695373706478133,385.88000000000005,25.169069767441897,1.2141489012271909,3.546511627906977,1.7466403161443542,108.01162790697674
12974,198,1,144.8,1,1.0,144.8,0.0,0.0,0.0,1.0,144.8,0.0,144.8,144.8,0.0,0.0,0.0,0.0,8.0,0.0,24.0
12976,212,1,738.6,1,1.0,738.6,0.0,0.0,0.0,1.0,738.6,0.0,738.6,738.6,0.0,0.0,0.0,0.0,22.0,0.0,561.0
12977,156,1,39.24,1,1.0,39.239999999999995,0.0,0.0,0.0,1.0,39.239999999999995,0.0,39.239999999999995,39.239999999999995,0.0,0.0,0.0,0.0,9.0,0.0,12.0
12980,158,9,7374.900000000001,201,0.04477611940298507,36.691044776119405,24.375,20.479519386101675,71.0,0.046555976510677895,819.4333333333334,174.09983199302638,1077.1200000000001,432.9,0.21246369278732422,644.2200000000001,199.25699999999995,1.281144574488349,2.2222222222222223,0.8333333333333334,98.44444444444444
12981,30,2,372.22,104,0.019230769230769232,3.579038461538462,103.0,0.0,103.0,1.0,186.11,1.5132085117392322,187.18,185.04,0.008130721142008662,2.140000000000015,-2.140000000000015,0.9885671546105352,10.0,1.4142135623730951,121.0
12982,243,1,390.54,1,1.0,390.54,0.0,0.0,0.0,1.0,390.54,0.0,390.54,390.54,0.0,0.0,0.0,0.0,28.0,0.0,288.0
12984,19,1,97.5,1,1.0,97.5,0.0,0.0,0.0,1.0,97.5,0.0,97.5,97.5,0.0,0.0,0.0,0.0,4.0,0.0,26.0
12985,1,2,1239.38,28,0.07142857142857142,44.26357142857143,27.0,0.0,27.0,1.0,619.69,190.4804247160322,754.38,485.0,0.30738018156825536,269.38,-269.38,0.6429120602348949,38.0,19.79898987322333,766.5
12987,74,2,558.7,125,0.016,4.469600000000001,124.0,0.0,124.0,1.0,279.35,35.284628381208734,304.3,254.4,0.12630974899305075,49.900000000000006,-49.900000000000006,0.8360170883996056,14.0,0.0,109.5
12988,292,1,505.82,1,1.0,505.82,0.0,0.0,0.0,1.0,505.82,0.0,505.82,505.82,0.0,0.0,0.0,0.0,75.0,0.0,126.0
12989,3,15,6924.11,362,0.04143646408839779,19.127375690607735,25.357142857142858,18.79282654818933,69.0,0.05052335489149634,461.6073333333333,307.95142377762545,1141.2,61.2,0.6671285344491035,1080.0,-25.89874999999995,0.9455244836144884,4.266666666666667,5.483308003994183,196.2
12990,31,3,409.5,279,0.010752688172043012,1.467741935483871,138.5,20.506096654409877,153.0,0.04649844256116777,136.5,35.3399207695773,166.4,97.5,0.25890051845844175,68.9,58.5,1.6,4.333333333333333,1.5275252316519468,66.66666666666667
12991,23,2,503.76,90,0.022222222222222223,5.597333333333333,89.0,0.0,89.0,1.0,251.88,73.08655690344156,303.56,200.2,0.29016419288328393,103.36000000000001,-103.36000000000001,0.6595071814468308,15.5,9.192388155425117,202.5
12993,23,4,414.76,276,0.014492753623188406,1.5027536231884058,91.33333333333333,5.131601439446886,97.0,0.16308953050448222,103.69,66.99871939074656,197.1,42.36000000000001,0.6461444632148381,154.73999999999998,32.08,1.366001140901312,6.75,4.112987559751022,60.0
12994,4,3,974.42,265,0.011320754716981131,3.6770566037735852,131.5,23.33452377915607,148.0,0.04109387999844723,324.8066666666667,30.079787787372002,352.6,292.87,0.09260828324758934,59.73000000000002,-41.690000000000055,0.8817640385706181,20.333333333333332,1.5275252316519465,153.0
12995,85,1,211.32,1,1.0,211.32,0.0,0.0,0.0,1.0,211.32,0.0,211.32,211.32,0.0,0.0,0.0,0.0,3.0,0.0,108.0
12997,22,4,1226.89,295,0.013559322033898305,4.158949152542373,97.66666666666667,43.29357150124408,147.0,0.022576639591411426,306.7225,3.2422870014852005,310.5,302.92,0.010570750438866404,7.579999999999984,4.975000000000023,1.0163524906733283,14.75,3.4034296427770223,166.0
12999,196,3,455.88,50,0.06,9.1176,24.0,22.627416997969522,40.0,0.04232371232479358,151.96,146.0287875728618,320.28,59.099999999999994,0.9609685941883508,261.17999999999995,-252.47999999999996,0.21168977144998127,9.333333333333334,11.930353445448853,114.0
13000,107,3,534.85,259,0.011583011583011582,2.065057915057915,128.5,34.64823227814083,153.0,0.028051881849221198,178.28333333333333,92.49035751543691,256.78000000000003,76.32000000000001,0.5187829719478559,180.46000000000004,-35.19999999999999,0.8255266418835193,10.333333333333334,9.018499505645789,126.33333333333333
13001,4,13,9785.97,323,0.04024767801857585,30.29712074303406,26.333333333333332,35.08776873999707,135.0,0.02771021969257059,752.7669230769231,396.6359403446401,1820.67,278.28,0.526904049826468,1542.39,-13.324523809523612,0.9824663860478016,25.307692307692307,21.530538835897783,422.3076923076923
13002,318,1,120.95,1,1.0,120.95,0.0,0.0,0.0,1.0,120.95,0.0,120.95,120.95,0.0,0.0,0.0,0.0,7.0,0.0,73.0
13003,106,3,149.05,110,0.02727272727272727,1.3550000000000002,54.0,12.727922061357855,63.0,0.07284423640594942,49.68333333333334,17.052883431646784,60.0,30.0,0.34323146792982456,30.0,-14.050000000000004,0.7620660457239626,2.0,1.7320508075688772,34.333333333333336
13004,12,18,5655.91,347,0.05187319884726225,16.299452449567724,19.88235294117647,11.329620210653447,36.0,0.08110549902712712,314.21722222222223,119.10633004393992,467.2,15.8,0.37905729419154804,451.4,11.363333333333344,1.0368298989491578,22.444444444444443,8.705794028875403,267.8888888888889
13005,174,2,513.7,73,0.0273972602739726,7.036986301369864,72.0,0.0,72.0,1.0,256.85,91.64103884177656,321.65,192.05,0.3567881597888906,129.59999999999997,-129.59999999999997,0.5970775687859475,13.0,7.0710678118654755,86.0
13006,56,1,81.57,1,1.0,81.57,0.0,0.0,0.0,1.0,81.57,0.0,81.57,81.57,0.0,0.0,0.0,0.0,4.0,0.0,55.0
13008,323,1,229.47,1,1.0,229.47,0.0,0.0,0.0,1.0,229.47,0.0,229.47,229.47,0.0,0.0,0.0,0.0,14.0,0.0,175.0
13011,372,1,50.55,1,1.0,50.550000000000004,0.0,0.0,0.0,1.0,50.550000000000004,0.0,50.550000000000004,50.550000000000004,0.0,0.0,0.0,0.0,3.0,0.0,13.0
13012,9,8,1646.84,286,0.027972027972027972,5.758181818181819,40.142857142857146,32.69775003181193,75.0,0.029675571783159493,205.85500000000002,137.66673340249739,377.27000000000004,15.0,0.6687558398022753,362.27000000000004,-94.44500000000005,0.626813920636959,11.0,6.8868404532536855,102.5
13013,1,13,4810.9400000000005,371,0.03504043126684636,12.967493261455527,30.333333333333332,32.23305286456275,122.0,0.030090524757848094,370.07230769230773,211.03576905167236,841.94,194.51000000000002,0.5702555005200107,647.4300000000001,-220.5964285714286,0.5487487525515161,16.846153846153847,9.511801037361904,171.07692307692307
13014,11,10,3466.28,271,0.03690036900369004,12.790701107011069,29.666666666666668,19.32614809008769,55.0,0.049197712993524,346.628,131.4315498061422,515.38,76.5,0.3791717628297258,438.88,-115.73599999999993,0.7138760333847555,10.9,5.425249610233001,90.5
13015,53,5,3339.64,196,0.025510204081632654,17.038979591836735,48.5,66.71581521648372,143.0,0.014767598925052519,667.928,567.8461842523906,1576.6,108.0,0.850160772197588,1468.6,559.2383333333333,2.6825017173859633,35.0,30.732718721258617,321.8
13016,73,3,789.89,50,0.06,15.7978,24.5,34.64823227814083,49.0,0.028051881849221198,263.2966666666667,220.26640060012178,425.25,12.48,0.8365711704165963,412.77,-242.92999999999998,0.42873603762492657,15.666666666666666,13.650396819628847,175.66666666666666
13017,7,1,204.0,1,1.0,204.0,0.0,0.0,0.0,1.0,204.0,0.0,204.0,204.0,0.0,0.0,0.0,0.0,1.0,0.0,48.0
13018,16,28,7277.7,280,0.1,25.991785714285715,10.0,9.730997260934137,33.0,0.0931879839015959,259.91785714285714,138.39672706355725,493.45,17.4,0.5324633273945893,476.05,-69.04999999999995,0.7654893018291206,16.357142857142858,9.097066217007203,194.10714285714286
13021,4,9,2616.38,355,0.02535211267605634,7.370084507042254,43.875,35.59469262203486,96.0,0.02732636697699347,290.7088888888889,130.08475366510524,441.61,25.200000000000003,0.4474742900442394,416.41,4.664500000000032,1.0161895754336339,14.555555555555555,7.26483157256779,150.22222222222223
13023,64,2,689.9,66,0.030303030303030304,10.453030303030303,65.0,0.0,65.0,1.0,344.95,12.091525958289978,353.5,336.4,0.03505298147061887,17.100000000000023,17.100000000000023,1.050832342449465,20.0,0.0,143.0
13026,1,5,975.36,275,0.01818181818181818,3.5467636363636363,67.75,41.572226305551645,127.0,0.023489492722855197,195.072,101.88093992499283,360.48,84.36,0.5222735191364872,276.12,122.01999999999998,2.0013129821106186,8.0,5.0990195135927845,324.0
13027,114,6,6912.0,241,0.024896265560165973,28.680497925311204,47.6,34.20964776199837,86.0,0.02840130656118906,1152.0,610.185545551515,2016.0,384.0,0.5296749527356901,1632.0,-256.0,0.8,4.333333333333333,1.632993161855452,2880.0
13028,23,2,661.3199999999999,23,0.08695652173913043,28.753043478260867,22.0,0.0,22.0,1.0,330.65999999999997,35.751318856791826,355.94,305.38,0.1081210876936788,50.56,-50.56,0.8579535876833174,22.5,2.1213203435596424,399.0
13029,31,3,1247.5,323,0.009287925696594427,3.862229102167183,160.5,75.66042558696059,214.0,0.0130445401567154,415.8333333333333,50.79934382778317,474.3,382.5,0.12216275068805572,91.80000000000001,50.0,1.130718954248366,3.3333333333333335,2.516611478423583,44.666666666666664
13030,11,2,752.44,357,0.0056022408963585435,2.1076750700280114,356.0,0.0,356.0,1.0,376.22,36.967542520432744,402.36,350.08,0.09826043942489167,52.28000000000003,-52.28000000000003,0.8700666070185903,39.0,15.556349186104045,174.0
13032,52,2,1010.18,35,0.05714285714285714,28.862285714285715,34.0,0.0,34.0,1.0,505.09000000000003,12.430937213259474,513.88,496.3,0.0246113310761636,17.579999999999984,17.579999999999984,1.0354221237154946,35.5,12.020815280171307,187.5
13033,357,1,190.55,1,1.0,190.55,0.0,0.0,0.0,1.0,190.55,0.0,190.55,190.55,0.0,0.0,0.0,0.0,11.0,0.0,83.0
13034,55,2,642.77,315,0.006349206349206349,2.0405396825396824,314.0,0.0,314.0,1.0,321.385,219.94556428807564,476.91,165.86,0.6843678587615342,311.05,311.05,2.8753768238273243,18.5,10.606601717798213,184.5
13035,74,2,921.88,187,0.0106951871657754,4.929839572192513,186.0,0.0,186.0,1.0,460.94,180.93448317001378,588.88,333.0,0.39253369889793416,255.88,255.88,1.7684084084084084,13.5,2.1213203435596424,322.0
13037,138,3,881.07,119,0.025210084033613446,7.4039495798319335,58.5,31.81980515339464,81.0,0.030469406973202804,293.69,39.21989673622306,326.90000000000003,250.42000000000002,0.1335418187075592,76.48000000000002,64.90500000000003,1.2591845699225304,16.0,1.7320508075688772,143.66666666666666
13038,80,3,908.46,211,0.014218009478672985,4.305497630331754,104.5,2.1213203435596424,106.0,0.32037724101704074,302.82,99.9454811384687,395.1,196.66,0.3300491418613985,198.44000000000003,-138.42000000000002,0.6496583143507972,9.333333333333334,4.932882862316248,120.0
13040,9,2,676.99,25,0.08,27.0796,24.0,0.0,24.0,1.0,338.495,49.84395700583974,373.74,303.25,0.14725167877173884,70.49000000000001,70.49000000000001,1.2324484748557296,21.5,0.7071067811865476,177.5
13043,273,1,516.42,1,1.0,516.42,0.0,0.0,0.0,1.0,516.42,0.0,516.42,516.42,0.0,0.0,0.0,0.0,13.0,0.0,254.0
13044,291,1,560.47,1,1.0,560.47,0.0,0.0,0.0,1.0,560.47,0.0,560.47,560.47,0.0,0.0,0.0,0.0,33.0,0.0,429.0
13045,99,1,305.28000000000003,1,1.0,305.28000000000003,0.0,0.0,0.0,1.0,305.28000000000003,0.0,305.28000000000003,305.28000000000003,0.0,0.0,0.0,0.0,18.0,0.0,221.0
13046,31,2,629.31,236,0.00847457627118644,2.666567796610169,235.0,0.0,235.0,1.0,314.655,165.37106291609786,431.59,197.72,0.5255631180693072,233.86999999999998,233.86999999999998,2.1828343111470767,17.5,4.949747468305833,132.0
13047,32,10,3237.54,343,0.029154518950437316,9.438892128279884,37.77777777777778,25.415437128730336,70.0,0.03785665159076113,323.754,216.91133084486134,562.4,4.95,0.6699881108646112,557.4499999999999,146.43599999999998,1.5844908516141392,17.2,12.025897979869205,139.1
13048,14,4,1819.41,313,0.012779552715654952,5.812811501597444,103.66666666666667,18.448125469362285,124.0,0.05141883733603815,454.8525,18.481862054457633,477.61,435.13,0.04063264916529563,42.48000000000002,-13.715000000000032,0.9702952069480842,33.5,4.795831523312718,307.0
13049,64,2,656.6800000000001,254,0.007874015748031496,2.5853543307086615,253.0,0.0,253.0,1.0,328.34000000000003,246.8651194478475,502.90000000000003,153.78000000000003,0.7518581940910259,349.12,349.12,3.270256210170373,7.0,0.0,134.0
13050,15,17,5836.86,352,0.048295454545454544,16.581988636363636,21.375,17.5836097924554,57.0,0.05381085866352949,343.3447058823529,71.02270359871261,585.17,269.5,0.2068553916280525,315.66999999999996,50.97111111111104,1.161117433022857,23.58823529411765,20.874801865914236,220.47058823529412
13052,212,1,348.15000000000003,1,1.0,348.15000000000003,0.0,0.0,0.0,1.0,348.15000000000003,0.0,348.15000000000003,348.15000000000003,0.0,0.0,0.0,0.0,18.0,0.0,222.0
13055,78,3,1214.41,136,0.022058823529411766,8.929485294117647,67.5,95.45941546018392,135.0,0.010367054322579587,404.80333333333334,364.6887070274227,795.75,73.8,0.900903419011922,721.95,89.91499999999996,1.2607289914748012,25.333333333333332,23.18045153428495,298.0
13058,25,3,271.40000000000003,128,0.0234375,2.1203125,63.0,42.42640687119285,93.0,0.02302746351928452,90.46666666666665,43.07587298399572,133.7,47.550000000000004,0.47615187528366687,86.14999999999998,64.375,2.3538380651945316,2.6666666666666665,0.5773502691896257,17.333333333333332
13059,250,1,183.4,1,1.0,183.4,0.0,0.0,0.0,1.0,183.4,0.0,183.4,183.4,0.0,0.0,0.0,0.0,8.0,0.0,35.0
13060,254,1,307.53000000000003,1,1.0,307.53000000000003,0.0,0.0,0.0,1.0,307.53000000000003,0.0,307.53000000000003,307.53000000000003,0.0,0.0,0.0,0.0,15.0,0.0,123.0
13061,72,1,248.61,1,1.0,248.61,0.0,0.0,0.0,1.0,248.61,0.0,248.61,248.61,0.0,0.0,0.0,0.0,10.0,0.0,107.0
13062,191,1,346.98,1,1.0,346.98,0.0,0.0,0.0,1.0,346.98,0.0,346.98,346.98,0.0,0.0,0.0,0.0,11.0,0.0,343.0
13064,13,4,1105.59,315,0.012698412698412698,3.5098095238095244,104.33333333333333,60.58327602014712,174.0,0.016238174787467422,276.39750000000004,124.44958078809799,455.95,183.08,0.4502558119668158,272.87,-106.45499999999998,0.6770420932878272,16.75,8.460693430998036,128.5
13065,373,1,205.86,1,1.0,205.86,0.0,0.0,0.0,1.0,205.86,0.0,205.86,205.86,0.0,0.0,0.0,0.0,14.0,0.0,74.0
13066,24,2,470.8,8,0.25,58.85,7.0,0.0,7.0,1.0,235.4,118.21411167876703,318.99,151.81,0.5021839918384325,167.18,167.18,2.1012449772742245,24.0,5.656854249492381,161.0
13067,82,1,115.46,1,1.0,115.46000000000001,0.0,0.0,0.0,1.0,115.46000000000001,0.0,115.46000000000001,115.46000000000001,0.0,0.0,0.0,0.0,14.0,0.0,32.0
13068,10,2,344.0,310,0.0064516129032258064,1.1096774193548387,309.0,0.0,309.0,1.0,172.0,9.899494936611665,179.0,165.0,0.057555203119835266,14.0,14.0,1.084848484848485,1.0,0.0,100.0
13069,1,24,4431.44,369,0.06504065040650407,12.00932249322493,15.652173913043478,14.729712382713736,47.0,0.06357395327195914,184.64333333333332,126.0199737331751,476.76000000000005,1.9,0.6825048674011615,474.86000000000007,-32.23166666666663,0.8394510835951867,17.458333333333332,13.532502473245875,244.70833333333334
13070,192,1,228.8,1,1.0,228.8,0.0,0.0,0.0,1.0,228.8,0.0,228.8,228.8,0.0,0.0,0.0,0.0,9.0,0.0,110.0
13072,267,1,177.15,1,1.0,177.15,0.0,0.0,0.0,1.0,177.15,0.0,177.15,177.15,0.0,0.0,0.0,0.0,7.0,0.0,69.0
13075,130,1,919.61,1,1.0,919.61,0.0,0.0,0.0,1.0,919.61,0.0,919.61,919.61,0.0,0.0,0.0,0.0,22.0,0.0,485.0
13077,1,4,728.02,366,0.01092896174863388,1.9891256830601092,121.66666666666667,149.81432953270303,289.0,0.006630669665796956,182.005,132.9219120386101,313.72,9.6,0.7303201122969704,304.12,-202.58,0.2849150179141884,27.75,22.12653007891959,215.5
13078,3,26,12627.94,364,0.07142857142857142,34.69214285714286,14.16,7.706490770772389,27.0,0.11485683799918459,485.69,196.21053366218646,846.45,100.8,0.4039830625752774,745.6500000000001,76.53230769230765,1.1710510254430921,13.76923076923077,5.7152966138788805,216.53846153846155
13079,4,5,220.1,137,0.0364963503649635,1.6065693430656935,33.5,20.2895703913776,53.0,0.0469713564725104,44.02,39.08909054966616,112.9,17.700000000000003,0.8879847921323525,95.2,23.78333333333334,1.7994397759103644,1.2,0.4472135954999579,12.4
13080,179,1,58.08,1,1.0,58.08,0.0,0.0,0.0,1.0,58.08,0.0,58.08,58.08,0.0,0.0,0.0,0.0,6.0,0.0,120.0
13081,12,11,28337.38,360,0.030555555555555555,78.71494444444444,35.4,34.500241545048155,107.0,0.028168822421420613,2576.1254545454544,2240.370249491649,7271.34,11.6,0.8696665938914655,7259.74,1984.7729999999997,2.328921167548921,93.0909090909091,76.26329988330501,1733.4545454545455
13082,126,9,3613.63,213,0.04225352112676056,16.965399061032866,26.125,25.068121475007143,68.0,0.03836103038566671,401.51444444444445,413.3321019202087,1278.1,34.0,1.0294327081859178,1244.1,-144.05500000000006,0.7008483111651038,8.11111111111111,6.641619615057092,480.44444444444446
13083,4,2,303.75,72,0.027777777777777776,4.21875,71.0,0.0,71.0,1.0,151.875,57.29686247954594,192.39,111.36,0.37726329204639303,81.02999999999999,-81.02999999999999,0.5788242632153439,9.0,7.0710678118654755,93.5
13085,158,2,416.08,138,0.014492753623188406,3.0150724637681163,137.0,0.0,137.0,1.0,208.04000000000002,99.07980217985907,278.1,137.98,0.47625361555402357,140.12000000000003,-140.12000000000003,0.49615246314275435,11.0,2.8284271247461903,108.0
13089,3,97,58762.08,367,0.26430517711171664,160.11465940054495,3.46875,4.32849341724784,20.0,0.18767030785157632,605.7946391752578,590.8834927921878,3705.48,17.4,0.9753858066433695,3688.08,97.60388605442165,1.1753921169014185,18.68041237113402,18.532935992304225,319.8453608247423
13090,9,14,8910.82,365,0.038356164383561646,24.413205479452053,27.53846153846154,21.372160180225833,71.0,0.04469841052201449,636.4871428571429,450.22606546264956,1833.69,15.0,0.7073608171276149,1818.69,383.94571428571436,1.8637421262373057,11.071428571428571,9.643365879945938,161.64285714285714
13091,28,1,345.82,1,1.0,345.82,0.0,0.0,0.0,1.0,345.82,0.0,345.82,345.82,0.0,0.0,0.0,0.0,21.0,0.0,466.0
13092,71,5,477.83,289,0.01730103806228374,1.6533910034602077,71.75,53.66174925711361,141.0,0.018294328549499562,95.566,60.5331667765697,185.45000000000002,38.08,0.6334173950627807,147.37,-87.09833333333336,0.4108010598117143,5.0,1.9999999999999998,55.8
13093,276,8,7832.47,98,0.08163265306122448,79.92316326530613,13.428571428571429,8.383657572069263,23.0,0.10656825361749452,979.05875,488.18912361143396,1827.91,304.5,0.4986310817521767,1523.41,-626.8675000000001,0.5149933171759217,19.875,11.319231422671772,495.125
13094,21,12,1927.32,348,0.034482758620689655,5.538275862068966,31.09090909090909,22.554177198268818,74.0,0.042455314468530785,160.61,67.36521006627031,228.95999999999998,76.32000000000001,0.41943347279914267,152.64,76.32000000000001,1.6232748060432831,2.0,0.8528028654224418,143.0
13095,71,1,74.39999999999999,1,1.0,74.39999999999999,0.0,0.0,0.0,1.0,74.39999999999999,0.0,74.39999999999999,74.39999999999999,0.0,0.0,0.0,0.0,6.0,0.0,144.0
13097,33,10,6003.22,328,0.03048780487804878,18.302500000000002,36.0,17.98610574860495,59.0,0.05267009534451147,600.322,195.67117216845656,878.02,304.90000000000003,0.3259436971632833,573.1199999999999,-0.22000000000002728,0.9996335971433901,41.6,23.82435728409058,236.0
13098,1,28,28882.44,317,0.08832807570977919,91.11179810725551,11.222222222222221,9.039798046303284,33.0,0.09960359714289335,1031.5157142857142,681.3943033843591,2482.44,96.3,0.6605757856594545,2386.14,447.3399999999997,1.553744350052697,20.428571428571427,10.577504331532928,570.2857142857143
13099,99,1,207.36,1,1.0,207.36,0.0,0.0,0.0,1.0,207.36,0.0,207.36,207.36,0.0,0.0,0.0,0.0,1.0,0.0,288.0
13101,234,1,101.19,1,1.0,101.19,0.0,0.0,0.0,1.0,101.19,0.0,101.19,101.19,0.0,0.0,0.0,0.0,8.0,0.0,113.0
13102,1,24,6424.09,364,0.06593406593406594,17.6485989010989,15.434782608695652,13.743845190935872,52.0,0.06782491182251246,267.67041666666665,98.5154437453366,447.28000000000003,8.5,0.3680475600261015,438.78000000000003,13.267499999999927,1.050826192999706,12.666666666666666,6.14793473040137,175.16666666666666
13103,40,1,243.94,1,1.0,243.94,0.0,0.0,0.0,1.0,243.94,0.0,243.94,243.94,0.0,0.0,0.0,0.0,8.0,0.0,82.0
13104,3,6,1098.48,352,0.017045454545454544,3.120681818181818,69.8,40.82523729263554,134.0,0.023909009601149996,183.08,85.94817415163628,339.48,101.76,0.46945692676226936,237.72000000000003,115.19999999999996,1.9180745935607264,3.3333333333333335,3.011090610836324,84.0
13106,133,1,76.5,1,1.0,76.5,0.0,0.0,0.0,1.0,76.5,0.0,76.5,76.5,0.0,0.0,0.0,0.0,1.0,0.0,18.0
13107,44,4,1531.62,290,0.013793103448275862,5.281448275862069,96.0,58.23229344616267,157.0,0.016882682432496365,382.90500000000003,190.56489174731706,566.84,124.2,0.49768190999678,442.64000000000004,-169.41000000000003,0.6377109129402707,14.5,8.06225774829855,323.25
13108,373,1,350.06,1,1.0,350.06,0.0,0.0,0.0,1.0,350.06,0.0,350.06,350.06,0.0,0.0,0.0,0.0,10.0,0.0,298.0
13109,60,2,786.54,98,0.02040816326530612,8.025918367346938,97.0,0.0,97.0,1.0,393.27,33.12088163077789,416.69,369.85,0.08421919198204258,46.839999999999975,46.839999999999975,1.1266459375422468,23.5,0.7071067811865476,260.0
13110,31,7,1488.67,280,0.025,5.316678571428572,46.166666666666664,45.49029200463178,120.0,0.02150986704708955,212.66714285714286,98.57926687261809,302.71000000000004,7.040000000000001,0.46353783451559216,295.67,-55.11833333333337,0.7742563038403254,20.571428571428573,9.253056123197764,55.42857142857143
13113,1,24,12245.96,366,0.06557377049180328,33.45890710382514,15.347826086956522,12.182732547832435,52.0,0.07585680710517217,510.2483333333334,364.25866790637605,1961.05,2.55,0.713885071464632,1958.5,185.54500000000002,1.4444448880274507,8.333333333333334,4.071819021632413,126.875
13115,12,4,2294.78,173,0.023121387283236993,13.26462427745665,57.0,62.864934582006846,125.0,0.015658044692990848,573.695,415.16140993594286,901.07,15.6,0.7236622420204862,885.47,-632.23,0.2894775289106663,30.0,23.62202362203543,391.75
13116,138,1,501.14,1,1.0,501.14,0.0,0.0,0.0,1.0,501.14,0.0,501.14,501.14,0.0,0.0,0.0,0.0,30.0,0.0,291.0
13117,22,8,984.91,351,0.022792022792022793,2.806011396011396,49.714285714285715,35.33513023283526,100.0,0.02752157467420667,123.11375,49.22431424103336,202.12,65.28,0.39982791719879673,136.84,-49.037499999999994,0.6678407532216822,9.5,2.672612419124244,118.125
13118,20,5,1197.81,270,0.018518518518518517,4.436333333333333,66.75,83.03162048280161,188.0,0.011900282230123904,239.56199999999998,163.33711510247755,423.55,19.8,0.6818156264452524,403.75,-112.79666666666671,0.6328711539296097,15.8,10.425929215182693,82.0
13120,239,1,30.6,1,1.0,30.6,0.0,0.0,0.0,1.0,30.6,0.0,30.6,30.6,0.0,0.0,0.0,0.0,1.0,0.0,12.0
13121,269,1,283.73,1,1.0,283.73,0.0,0.0,0.0,1.0,283.73,0.0,283.73,283.73,0.0,0.0,0.0,0.0,50.0,0.0,252.0
13122,94,2,922.39,147,0.013605442176870748,6.274761904761905,146.0,0.0,146.0,1.0,461.19500000000005,625.7541460110352,903.6700000000001,18.72,1.3568103427206175,884.95,-884.95,0.020715526685626387,27.5,37.476659402887016,292.5
13124,90,3,3756.33,270,0.011111111111111112,13.912333333333333,134.0,39.59797974644666,162.0,0.024631767547189955,1252.11,10.78026437523698,1260.15,1239.86,0.00860967836311265,20.29000000000019,-6.314999999999827,0.9949734144167093,71.66666666666667,9.451631252505216,706.3333333333334
13126,5,8,2099.64,362,0.022099447513812154,5.8001104972375686,51.285714285714285,59.943624308495856,180.0,0.016408607321054827,262.455,114.92747924545411,369.44,19.8,0.4378940361031572,349.64,146.28500000000003,1.772717068339386,17.5,8.635475005547093,267.875
13127,78,1,259.17,1,1.0,259.17,0.0,0.0,0.0,1.0,259.17,0.0,259.17,259.17,0.0,0.0,0.0,0.0,15.0,0.0,127.0
13130,94,1,64.0,1,1.0,64.0,0.0,0.0,0.0,1.0,64.0,0.0,64.0,64.0,0.0,0.0,0.0,0.0,2.0,0.0,32.0
13131,23,3,1073.3,165,0.01818181818181818,6.504848484848486,81.5,48.79036790187178,116.0,0.020084205884375615,357.7666666666667,78.44598991238068,447.3,301.1,0.2192657875124774,146.2,49.30000000000001,1.151738996614343,14.666666666666666,2.0816659994661326,149.0
13132,262,1,77.3,1,1.0,77.3,0.0,0.0,0.0,1.0,77.3,0.0,77.3,77.3,0.0,0.0,0.0,0.0,3.0,0.0,20.0
13133,274,2,109.8,31,0.06451612903225806,3.541935483870968,30.0,0.0,30.0,1.0,54.9,3.6062445840513884,57.449999999999996,52.35,0.06568751519219287,5.099999999999994,5.099999999999994,1.0974212034383952,3.5,0.7071067811865476,16.0
13134,86,4,1793.58,155,0.025806451612903226,11.571483870967741,51.0,45.50824101193101,97.0,0.021501565706246867,448.395,365.3401397328249,907.84,25.5,0.8147730008872198,882.34,371.09000000000003,2.4117937987445313,24.5,20.984120980716188,264.75
13135,197,1,3096.0,1,1.0,3096.0,0.0,0.0,0.0,1.0,3096.0,0.0,3096.0,3096.0,0.0,0.0,0.0,0.0,1.0,0.0,4300.0
13136,56,5,2607.61,157,0.03184713375796178,16.608980891719746,38.5,30.04995840263344,69.0,0.03220616230890625,521.522,286.60059494006634,921.4,119.17999999999999,0.5495465099076671,802.22,-53.71333333333337,0.9030007524454476,25.4,11.674759098157015,265.6
13137,11,8,3603.29,299,0.026755852842809364,12.05113712374582,42.0,36.615115275889366,114.0,0.02658505743410502,450.41125,175.41904257581126,682.17,206.63,0.38946416763748964,475.53999999999996,186.44249999999988,1.5219700999468067,80.5,28.745185932355945,275.5
13138,22,6,962.39,351,0.017094017094017096,2.7418518518518518,69.6,47.07228483938293,131.0,0.02080200688070387,160.39833333333334,40.31602382014708,198.44,102.6,0.2513493936147326,95.84,-5.50333333333333,0.9662682602921647,10.5,3.2093613071762426,78.83333333333333
13139,16,7,5064.9400000000005,244,0.028688524590163935,20.757950819672132,40.166666666666664,35.852010636318106,105.0,0.027135561472309135,723.5628571428572,531.1229888238155,1873.6200000000001,353.52000000000004,0.7340384924138703,1520.1000000000001,268.1866666666666,1.4702444270401065,24.285714285714285,23.055832853562862,346.42857142857144
13140,108,3,422.47,259,0.011583011583011582,1.6311583011583013,128.5,171.82694782833104,250.0,0.0057861347004362984,140.82333333333335,23.529769087973065,158.26,114.06,0.16708714764106133,44.19999999999999,-26.154999999999973,0.8347339820548466,15.0,1.0,61.666666666666664
13141,85,5,2388.75,231,0.021645021645021644,10.340909090909092,57.25,58.68205290660283,129.0,0.01675545580787766,477.75,305.20522996829527,987.72,215.52,0.6388387859095662,772.2,359.1083333333333,2.369153147657446,27.0,12.609520212918492,309.6
13142,19,1,307.09000000000003,1,1.0,307.09000000000003,0.0,0.0,0.0,1.0,307.09000000000003,0.0,307.09000000000003,307.09000000000003,0.0,0.0,0.0,0.0,23.0,0.0,258.0
13144,333,1,110.95,1,1.0,110.95,0.0,0.0,0.0,1.0,110.95,0.0,110.95,110.95,0.0,0.0,0.0,0.0,3.0,0.0,21.0
13145,40,4,618.52,333,0.012012012012012012,1.8574174174174174,110.66666666666667,116.64618867898486,245.0,0.008500062868408334,154.63,94.85493977648186,295.0,85.92,0.61343167416725,209.07999999999998,-104.54,0.4947317544707588,1.5,1.0,36.25
13146,26,1,228.91,1,1.0,228.91,0.0,0.0,0.0,1.0,228.91,0.0,228.91,228.91,0.0,0.0,0.0,0.0,16.0,0.0,154.0
13147,10,4,712.8,90,0.044444444444444446,7.92,29.333333333333332,23.437861108329262,56.0,0.04092011144376157,178.2,68.58921197972754,237.6,118.8,0.3849001794597505,118.8,118.8,2.0,1.0,0.0,36.0
13148,29,12,3683.26,336,0.03571428571428571,10.962083333333334,30.181818181818183,35.68702336093102,104.0,0.02725759433143127,306.93833333333333,185.14517256532085,677.09,14.85,0.6031999019303145,662.24,20.75,1.0699681911677101,25.0,14.807860320543522,163.75
13149,14,4,1676.06,275,0.014545454545454545,6.094763636363636,91.0,48.0,139.0,0.02040816326530612,419.015,133.57120984703255,543.44,249.72,0.3187742917247176,293.72,-44.870000000000005,0.8983576849020274,21.5,6.191391873668903,320.0
13151,296,1,1257.87,1,1.0,1257.8700000000001,0.0,0.0,0.0,1.0,1257.8700000000001,0.0,1257.8700000000001,1257.8700000000001,0.0,0.0,0.0,0.0,73.0,0.0,363.0
13153,6,1,486.22,1,1.0,486.22,0.0,0.0,0.0,1.0,486.22,0.0,486.22,486.22,0.0,0.0,0.0,0.0,15.0,0.0,418.0
13155,33,4,971.76,336,0.011904761904761904,2.892142857142857,111.0,116.940155635265,246.0,0.008478876381107576,242.94,129.26355918561634,379.7,89.25999999999999,0.532080181055472,290.44,-83.32000000000002,0.7072382290934645,21.0,20.412414523193153,124.25
13157,49,4,1741.22,249,0.01606425702811245,6.99285140562249,82.66666666666667,22.6789182575654,100.0,0.04223165894330923,435.305,297.5016989867453,868.02,197.82,0.683432763204524,670.2,372.66999999999996,2.496847009679881,21.75,15.107944929738126,359.75
13158,95,4,1201.06,225,0.017777777777777778,5.338044444444444,74.33333333333333,76.95020034628456,163.0,0.012828703397266692,300.265,31.891959801805875,332.89,256.40999999999997,0.10621271144424384,76.48000000000002,37.700000000000045,1.133965851145106,19.75,2.5,196.0
13159,9,4,1429.35,107,0.037383177570093455,13.35841121495327,35.0,23.57965224510319,55.0,0.040684058099285034,357.3375,80.15013511113584,457.31,282.56,0.22429813582715458,174.75,-128.41499999999996,0.6953706010034516,29.75,9.429563439877091,264.5
13160,22,1,91.8,1,1.0,91.8,0.0,0.0,0.0,1.0,91.8,0.0,91.8,91.8,0.0,0.0,0.0,0.0,4.0,0.0,56.0
13161,313,1,112.75,1,1.0,112.75,0.0,0.0,0.0,1.0,112.75,0.0,112.75,112.75,0.0,0.0,0.0,0.0,8.0,0.0,29.0
13162,122,4,1688.29,213,0.018779342723004695,7.926244131455399,70.66666666666667,27.061657993059725,101.0,0.03563581311721931,422.0725,317.37648331017425,753.26,3.75,0.7519477893257065,749.51,-457.545,0.29699851731210963,19.75,14.773286702694158,428.25
13165,46,2,1021.48,306,0.006535947712418301,3.3381699346405225,305.0,0.0,305.0,1.0,510.73999999999995,220.75873708644008,666.8399999999999,354.64,0.4322331070337943,312.19999999999993,312.19999999999993,1.8803293480712835,21.0,11.313708498984761,688.0
13166,283,1,417.2,1,1.0,417.2,0.0,0.0,0.0,1.0,417.2,0.0,417.2,417.2,0.0,0.0,0.0,0.0,39.0,0.0,216.0
13167,19,4,791.33,126,0.031746031746031744,6.280396825396825,41.0,26.210684844162312,63.0,0.036750269452131654,197.83249999999998,54.497876028948745,242.91,131.66,0.2754748387092553,111.25,-21.88499999999999,0.8951742306310622,16.25,5.377421934967226,196.25
13168,36,4,1299.59,282,0.014184397163120567,4.608475177304965,93.33333333333333,68.00980321492875,162.0,0.014490694849332247,324.89750000000004,217.66829709062674,622.33,131.43,0.6699599014785486,490.90000000000003,-171.83500000000004,0.5817216995484585,31.0,27.129319932501073,167.5
13169,64,2,712.88,189,0.010582010582010581,3.771851851851852,188.0,0.0,188.0,1.0,356.44,210.3784095386216,505.2,207.68,0.5902211018365549,297.52,-297.52,0.41108471892319876,6.5,0.7071067811865476,136.0
13170,27,1,108.81,1,1.0,108.81,0.0,0.0,0.0,1.0,108.81,0.0,108.81,108.81,0.0,0.0,0.0,0.0,29.0,0.0,141.0
13171,22,3,468.41,278,0.01079136690647482,1.6849280575539567,138.5,157.6848122046001,250.0,0.0063018003179198465,156.13666666666666,34.329786386363295,195.52,132.54,0.21987011199395806,62.98000000000002,23.680000000000007,1.1687210545065907,15.333333333333334,6.8068592855540455,76.33333333333333
13173,4,2,353.65000000000003,364,0.005494505494505495,0.9715659340659341,363.0,0.0,363.0,1.0,176.825,15.393714626431157,187.71,165.94,0.08705621165803001,21.77000000000001,21.77000000000001,1.1311919971073883,21.5,2.1213203435596424,138.5
13174,16,3,2742.82,353,0.0084985835694051,7.770028328611898,175.5,174.65537495307723,299.0,0.005692965559790753,914.2733333333332,394.46409029635805,1369.06,665.0,0.43145094132647216,704.06,-682.18,0.5017165062159438,86.0,31.176914536239792,450.6666666666667
13176,46,1,481.49,1,1.0,481.49,0.0,0.0,0.0,1.0,481.49,0.0,481.49,481.49,0.0,0.0,0.0,0.0,66.0,0.0,448.0
13177,65,1,282.45,1,1.0,282.45,0.0,0.0,0.0,1.0,282.45,0.0,282.45,282.45,0.0,0.0,0.0,0.0,17.0,0.0,91.0
13178,26,11,5725.47,335,0.03283582089552239,17.0909552238806,32.9,19.795903055374307,65.0,0.04808639458153124,520.4972727272727,203.3188655334723,795.8000000000001,262.26,0.39062426680572865,533.5400000000001,-42.795000000000016,0.9213095763459841,24.09090909090909,8.882055454167638,324.54545454545456
13182,45,1,121.18,1,1.0,121.18,0.0,0.0,0.0,1.0,121.18,0.0,121.18,121.18,0.0,0.0,0.0,0.0,11.0,0.0,201.0
13183,8,9,3957.78,327,0.027522935779816515,12.103302752293578,40.25,19.300259065618782,73.0,0.04926045508914881,439.75333333333333,151.54977499158488,690.6000000000001,211.96,0.344624505385409,478.6400000000001,-31.61099999999999,0.9308769666422488,10.444444444444445,5.479760740924532,245.33333333333334
13184,15,10,1668.95,276,0.036231884057971016,6.0469202898550725,30.11111111111111,35.505085707699834,116.0,0.027393443423393334,166.895,95.60245095068315,335.02,8.29,0.5728299287017774,326.72999999999996,-34.19799999999998,0.8141352435405503,17.8,11.707547423208101,166.2
13185,268,1,71.4,1,1.0,71.4,0.0,0.0,0.0,1.0,71.4,0.0,71.4,71.4,0.0,0.0,0.0,0.0,1.0,0.0,12.0
13186,40,3,1575.89,90,0.03333333333333333,17.50988888888889,44.0,12.727922061357855,53.0,0.07284423640594942,525.2966666666667,401.4970448625162,988.34,273.95,0.7643243719977589,714.3900000000001,-694.565,0.2972408280551227,26.333333333333332,21.455380055672126,273.3333333333333
13187,337,1,236.02,1,1.0,236.02,0.0,0.0,0.0,1.0,236.02,0.0,236.02,236.02,0.0,0.0,0.0,0.0,37.0,0.0,95.0
13188,11,1,114.6,1,1.0,114.6,0.0,0.0,0.0,1.0,114.6,0.0,114.6,114.6,0.0,0.0,0.0,0.0,2.0,0.0,25.0
13189,19,2,260.68,97,0.020618556701030927,2.687422680412371,96.0,0.0,96.0,1.0,130.34,4.723473298326143,133.68,127.0,0.036239629417877416,6.680000000000007,6.680000000000007,1.0525984251968505,14.5,4.949747468305833,421.0
13192,95,2,911.94,110,0.01818181818181818,8.290363636363637,109.0,0.0,109.0,1.0,455.97,11.808683245815356,464.32,447.62,0.02589793899996788,16.69999999999999,-16.69999999999999,0.9640334252239835,31.5,2.1213203435596424,297.5
13193,61,1,112.08,1,1.0,112.08,0.0,0.0,0.0,1.0,112.08,0.0,112.08,112.08,0.0,0.0,0.0,0.0,22.0,0.0,46.0
13194,136,1,60.7,1,1.0,60.7,0.0,0.0,0.0,1.0,60.7,0.0,60.7,60.7,0.0,0.0,0.0,0.0,3.0,0.0,26.0
13196,11,4,1797.78,251,0.01593625498007968,7.162470119521912,83.33333333333333,88.95129753597378,177.0,0.011117127016428805,449.445,460.49154972340875,1074.82,58.4,1.0245782013892886,1016.42,-688.06,0.13285232679038408,27.5,27.061657993059725,306.0
13198,10,6,3401.24,352,0.017045454545454544,9.662613636363636,70.0,31.693847983480957,110.0,0.03058679420376777,566.8733333333333,226.03719629005013,903.01,384.55,0.39874374573399723,518.46,-258.08666666666664,0.6291414201891989,37.666666666666664,17.80636590286369,441.3333333333333
13199,4,38,9817.12,364,0.1043956043956044,26.970109890109892,9.35135135135135,9.286238971415404,35.0,0.09721726306173871,258.34526315789475,296.77097835396927,1826.8799999999999,15.0,1.148737835276622,1811.8799999999999,58.610526315789514,1.255896464878578,3.1315789473684212,2.3729449445393964,162.52631578947367
13200,19,4,870.09,108,0.037037037037037035,8.05638888888889,35.0,28.583211855912904,52.0,0.03380295570577562,217.5225,112.29274371777842,319.32,100.2,0.5162350732350833,219.12,-191.965,0.3876812172054672,11.5,8.020806277010642,129.0
13203,10,4,869.46,233,0.017167381974248927,3.731587982832618,77.0,46.130250378683186,121.0,0.021217795194491386,217.365,119.73126366993709,396.38,144.15,0.5508304633677781,252.23,124.87,1.8059768927902924,14.25,7.22841614740048,200.0
13207,15,2,250.26,136,0.014705882352941176,1.8401470588235298,135.0,0.0,135.0,1.0,125.13000000000002,102.37491978018836,197.52000000000004,52.74,0.8181484838183357,144.78000000000003,-144.78000000000003,0.26701093560145805,4.0,1.4142135623730951,65.0
13208,59,6,1217.65,251,0.02390438247011952,4.851195219123507,49.6,36.156603822815,96.0,0.026913116300095685,202.9416666666667,134.44057860879158,382.35,6.48,0.662459221987229,375.87,-56.75666666666666,0.7546400368897344,24.333333333333332,13.185851002747857,133.83333333333334
13209,30,8,5891.61,332,0.024096385542168676,17.74581325301205,47.0,44.87761134463375,98.0,0.021797124363951193,736.45125,628.8639950722368,1932.24,85.92,0.85391123319057,1846.32,-307.50749999999994,0.6545655214248404,40.0,41.10960958218893,531.625
13210,94,1,353.48,1,1.0,353.48,0.0,0.0,0.0,1.0,353.48,0.0,353.48,353.48,0.0,0.0,0.0,0.0,22.0,0.0,316.0
13211,10,3,1095.42,351,0.008547008547008548,3.120854700854701,175.0,128.69343417595164,266.0,0.007710490560712014,365.14000000000004,285.5277247484034,673.94,110.7,0.7819678061795567,563.24,381.66,4.4476964769647696,18.0,21.166010488516726,278.0
13212,20,3,786.83,42,0.07142857142857142,18.73404761904762,20.5,28.991378028648448,41.0,0.03334291605556694,262.2766666666667,213.808361467304,495.36,75.25,0.8152016120406084,420.11,69.08500000000001,1.3195125335306632,46.666666666666664,37.00450423034111,103.0
13213,57,5,1520.58,143,0.03496503496503497,10.633426573426574,35.25,32.877297131404625,71.0,0.029518293508515737,304.11600000000004,192.2064242682851,556.7,94.80000000000001,0.63201681025755,461.90000000000003,160.79333333333338,1.7743851537918194,18.0,13.874436925511608,272.0
13216,268,1,333.74,1,1.0,333.74,0.0,0.0,0.0,1.0,333.74,0.0,333.74,333.74,0.0,0.0,0.0,0.0,5.0,0.0,297.0
13217,122,3,533.98,35,0.08571428571428572,15.256571428571428,16.5,10.606601717798213,24.0,0.08615786293989429,177.99333333333334,190.34631841286907,396.96000000000004,52.02,1.0694013918847283,344.94000000000005,139.49,2.641058823529412,1.3333333333333333,0.5773502691896257,87.33333333333333
13218,127,1,62.64,1,1.0,62.64,0.0,0.0,0.0,1.0,62.64,0.0,62.64,62.64,0.0,0.0,0.0,0.0,5.0,0.0,88.0
13220,78,4,819.2900000000001,159,0.025157232704402517,5.152767295597484,52.333333333333336,48.01388688008224,107.0,0.02040238111387917,204.8225,184.78165319731647,476.29,83.4,0.9021550522882812,392.89,-150.04500000000002,0.4638281906055138,5.25,6.652067347825035,49.0
13221,240,2,847.41,120,0.016666666666666666,7.061750000000001,119.0,0.0,119.0,1.0,423.70500000000004,105.29527078648883,498.16,349.25,0.24851080536337503,148.91000000000003,-148.91000000000003,0.701079974305444,33.0,2.8284271247461903,122.0
13223,200,2,163.2,32,0.0625,5.1,31.0,0.0,31.0,1.0,81.6,27.15290039756342,100.8,62.4,0.33275613232308116,38.4,-38.4,0.6190476190476191,2.5,2.1213203435596424,44.0
13224,60,2,2155.95,92,0.021739130434782608,23.43423913043478,91.0,0.0,91.0,1.0,1077.975,189.90766822327095,1212.26,943.69,0.17617075370325933,268.56999999999994,-268.56999999999994,0.7784551168891163,54.0,16.97056274847714,759.0
13225,3,7,6463.84,359,0.019498607242339833,18.005125348189416,59.166666666666664,20.77899580505917,82.0,0.04591579928435929,923.4057142857143,347.1877750755415,1363.2000000000003,537.0,0.37598616697331466,826.2000000000003,-253.55333333333317,0.7626557000574126,4.571428571428571,2.14919697074224,488.0
13226,273,1,108.21,1,1.0,108.21000000000001,0.0,0.0,0.0,1.0,108.21000000000001,0.0,108.21000000000001,108.21000000000001,0.0,0.0,0.0,0.0,16.0,0.0,80.0
13227,202,1,257.7,1,1.0,257.7,0.0,0.0,0.0,1.0,257.7,0.0,257.7,257.7,0.0,0.0,0.0,0.0,9.0,0.0,99.0
13228,81,1,358.0,1,1.0,358.0,0.0,0.0,0.0,1.0,358.0,0.0,358.0,358.0,0.0,0.0,0.0,0.0,2.0,0.0,200.0
13229,226,1,160.95,1,1.0,160.95,0.0,0.0,0.0,1.0,160.95,0.0,160.95,160.95,0.0,0.0,0.0,0.0,10.0,0.0,63.0
13230,4,14,2755.63,361,0.038781163434903045,7.633324099722992,27.23076923076923,28.66808285112512,109.0,0.033706256147996314,196.8307142857143,103.73375650149805,390.71,5.04,0.5270201699868896,385.66999999999996,46.09857142857149,1.2652675363962946,40.92857142857143,30.195425750661908,117.0
13232,13,7,1328.35,231,0.030303030303030304,5.7504329004329,38.0,31.426103799230347,82.0,0.03083935110402427,189.7642857142857,68.61310634204489,305.76,117.43,0.36157017683164394,188.32999999999998,-61.604166666666686,0.7261631352793005,28.571428571428573,16.02973427578826,110.42857142857143
13233,74,2,605.12,262,0.007633587786259542,2.309618320610687,261.0,0.0,261.0,1.0,302.56,2.3758787847868095,304.24,300.88,0.007852587205138846,3.3600000000000136,-3.3600000000000136,0.9889560872995004,21.5,6.363961030678928,502.0
13235,212,1,1031.07,1,1.0,1031.07,0.0,0.0,0.0,1.0,1031.07,0.0,1031.07,1031.07,0.0,0.0,0.0,0.0,53.0,0.0,441.0
13236,25,2,744.85,83,0.024096385542168676,8.974096385542168,82.0,0.0,82.0,1.0,372.425,94.47653703433463,439.23,305.62,0.2536793637224532,133.61,-133.61,0.6958085740955763,18.0,4.242640687119285,208.0
13238,17,4,700.73,344,0.011627906976744186,2.0370058139534883,113.66666666666667,98.1851991561525,196.0,0.01008214943870453,175.1825,92.07474079065695,277.88,91.15,0.5255932572640357,186.73,31.514999999999986,1.197679159479379,7.75,5.852349955359813,74.5
13239,262,1,329.56,1,1.0,329.56,0.0,0.0,0.0,1.0,329.56,0.0,329.56,329.56,0.0,0.0,0.0,0.0,21.0,0.0,327.0
13240,96,4,663.65,270,0.014814814814814815,2.457962962962963,89.33333333333333,16.65332799572906,108.0,0.05664654280722218,165.9125,63.89087434837622,224.07,110.04,0.3850877682415504,114.02999999999999,-110.58499999999998,0.5000791121358017,16.5,7.187952884282608,74.5
13242,112,3,270.40000000000003,102,0.029411764705882353,2.6509803921568627,50.5,71.4177848998413,101.0,0.01380876260414576,90.13333333333333,66.86264527621783,166.4,41.6,0.7418192893071506,124.80000000000001,72.80000000000001,2.75,4.333333333333333,3.2145502536643185,43.333333333333336
13243,203,1,585.12,1,1.0,585.12,0.0,0.0,0.0,1.0,585.12,0.0,585.12,585.12,0.0,0.0,0.0,0.0,56.0,0.0,232.0
13244,93,1,121.74,1,1.0,121.74000000000001,0.0,0.0,0.0,1.0,121.74000000000001,0.0,121.74000000000001,121.74000000000001,0.0,0.0,0.0,0.0,27.0,0.0,38.0
13245,51,1,430.5,1,1.0,430.5,0.0,0.0,0.0,1.0,430.5,0.0,430.5,430.5,0.0,0.0,0.0,0.0,16.0,0.0,125.0
13246,18,6,1961.52,313,0.019169329073482427,6.266837060702875,62.2,61.27968668327213,158.0,0.016056599723848524,326.92,151.02318365072298,562.88,123.01,0.46195761547388653,439.87,-54.933333333333394,0.844990405959592,22.5,11.74308307047174,264.5
13247,18,4,501.12,65,0.06153846153846154,7.709538461538462,21.0,14.798648586948742,31.0,0.06329655315114102,125.28,121.03749253846927,305.07,44.55,0.9661357961244353,260.52,-140.31,0.28206309002993324,6.25,5.560275772537426,82.0
13248,125,2,465.68,65,0.03076923076923077,7.164307692307693,64.0,0.0,64.0,1.0,232.84000000000003,218.67984314975172,387.47,78.21000000000001,0.9391850332835926,309.26,-309.26,0.20184788499754822,13.0,11.313708498984761,152.5
13249,92,3,711.41,169,0.01775147928994083,4.209526627218935,84.0,118.79393923933998,168.0,0.008347667723006165,237.13666666666666,94.74895267670946,291.84,127.73,0.39955420647745804,164.10999999999996,-82.05499999999998,0.7188356633771931,7.666666666666667,9.814954576223638,182.0
13253,157,2,1030.4,183,0.01092896174863388,5.630601092896176,182.0,0.0,182.0,1.0,515.2,54.758349135086156,553.92,476.48,0.10628561555723244,77.43999999999994,77.43999999999994,1.1625251846877098,18.0,2.8284271247461903,786.0
13255,9,2,399.51,365,0.005479452054794521,1.0945479452054794,364.0,0.0,364.0,1.0,199.755,36.69177087576994,225.7,173.81,0.18368386711606688,51.889999999999986,-51.889999999999986,0.7700930438635357,6.5,0.7071067811865476,88.5
13258,12,3,672.83,194,0.015463917525773196,3.4681958762886596,96.5,120.91525958289962,182.0,0.008202418658839196,224.27666666666664,135.18264841810625,370.35999999999996,103.6,0.6027494987653922,266.76,38.10999999999996,1.1916327248956602,11.666666666666666,7.505553499465135,94.0
13259,62,1,283.18,1,1.0,283.18,0.0,0.0,0.0,1.0,283.18,0.0,283.18,283.18,0.0,0.0,0.0,0.0,77.0,0.0,126.0
13260,61,1,557.62,1,1.0,557.62,0.0,0.0,0.0,1.0,557.62,0.0,557.62,557.62,0.0,0.0,0.0,0.0,8.0,0.0,142.0
13261,269,2,944.1,18,0.1111111111111111,52.45,17.0,0.0,17.0,1.0,472.05,527.5723694432832,845.1,99.0,1.1176196789392716,746.1,-746.1,0.11714589989350373,4.5,4.949747468305833,105.0
13262,263,1,200.29,1,1.0,200.29,0.0,0.0,0.0,1.0,200.29,0.0,200.29,200.29,0.0,0.0,0.0,0.0,11.0,0.0,125.0
13263,1,35,7436.93,324,0.10802469135802469,22.953487654320988,9.0,8.99831634083271,46.0,0.10001683942685843,212.48371428571429,108.79368942786952,499.49,7.800000000000001,0.5120095429129269,491.69,-18.976274509803943,0.9146147256270517,47.285714285714285,21.987391344842628,136.22857142857143
13265,53,5,2092.66,221,0.02262443438914027,9.469049773755657,54.75,30.357591033106257,95.0,0.03189020479743596,418.53200000000004,223.37533417994032,817.44,305.36,0.5337114824671478,512.08,-239.8466666666667,0.5735604390394234,18.0,6.284902544988268,348.0
13266,11,12,3834.26,246,0.04878048780487805,15.586422764227644,21.90909090909091,11.545168214058602,45.0,0.07971196423491246,319.5216666666667,30.55158256080523,382.34000000000003,279.02,0.09561662243292388,103.32000000000005,30.233333333333405,1.0993194373723605,15.583333333333334,3.4234042953903314,369.0
13267,3,19,4521.49,365,0.052054794520547946,12.387643835616437,19.88888888888889,19.58056926676182,56.0,0.048589520874674115,237.97315789473683,127.08256485243632,384.88,9.96,0.5340205844083012,374.92,0.7765555555555466,1.0032688206241114,11.105263157894736,5.59657372210003,103.63157894736842
13268,18,11,3174.75,250,0.044,12.699,24.6,24.4367664709461,84.0,0.03931317296725592,288.6136363636364,182.54128109952157,648.53,8.2,0.6324762869815693,640.3299999999999,-134.66633333333337,0.628063420867535,38.81818181818182,25.852729766189807,329.45454545454544
13269,1,15,5343.28,369,0.04065040650406504,14.480433604336042,26.0,27.956009399384268,110.0,0.03453514557918552,356.21866666666665,159.84170092700495,701.65,55.6,0.4487179249272122,646.05,-45.345357142857154,0.8807964864316776,20.933333333333334,20.779339555937586,234.2
13270,366,1,590.0,1,1.0,590.0,0.0,0.0,0.0,1.0,590.0,0.0,590.0,590.0,0.0,0.0,0.0,0.0,1.0,0.0,200.0
13271,37,1,211.49,1,1.0,211.49,0.0,0.0,0.0,1.0,211.49,0.0,211.49,211.49,0.0,0.0,0.0,0.0,79.0,0.0,240.0
13272,31,2,276.56,59,0.03389830508474576,4.687457627118644,58.0,0.0,58.0,1.0,138.28,3.7900923471599044,140.96,135.6,0.02740882518918068,5.360000000000014,-5.360000000000014,0.9619750283768445,7.5,0.7071067811865476,48.0
13273,113,1,138.98,1,1.0,138.98,0.0,0.0,0.0,1.0,138.98,0.0,138.98,138.98,0.0,0.0,0.0,0.0,16.0,0.0,153.0
13276,64,2,590.9300000000001,37,0.05405405405405406,15.971081081081083,36.0,0.0,36.0,1.0,295.46500000000003,223.56595100775073,453.55,137.38,0.756657983205289,316.17,316.17,3.3014266996651624,15.0,11.313708498984761,80.5
13277,16,4,258.4,118,0.03389830508474576,2.189830508474576,38.666666666666664,44.63556130859489,90.0,0.021912735842950233,64.6,17.391760501264194,83.0,49.5,0.2692222987811795,33.5,3.299999999999997,1.0524225575853852,2.0,0.816496580927726,44.0
13278,41,1,542.73,1,1.0,542.73,0.0,0.0,0.0,1.0,542.73,0.0,542.73,542.73,0.0,0.0,0.0,0.0,46.0,0.0,537.0
13279,78,1,137.75,1,1.0,137.75,0.0,0.0,0.0,1.0,137.75,0.0,137.75,137.75,0.0,0.0,0.0,0.0,9.0,0.0,73.0
13280,122,3,798.46,215,0.013953488372093023,3.7137674418604654,106.5,122.32947314527271,193.0,0.00810836189028454,266.15333333333336,139.91283369774675,392.01,115.5,0.5256850701265439,276.51,-37.19499999999999,0.8721601649768002,26.666666666666668,17.61628034896508,172.66666666666666
13282,18,3,1132.14,203,0.014778325123152709,5.57704433497537,101.0,60.81118318204309,144.0,0.01617830218610849,377.38000000000005,44.76258705660338,428.4,344.70000000000005,0.11861409469660124,83.69999999999993,49.01999999999998,1.1422106179286335,12.333333333333334,3.7859388972001824,102.33333333333333
13283,60,2,93.66,126,0.015873015873015872,0.7433333333333333,125.0,0.0,125.0,1.0,46.83,30.165175285418115,68.16,25.5,0.6441421158534725,42.66,42.66,2.672941176470588,3.5,2.1213203435596424,45.0
13284,331,1,201.19,1,1.0,201.19,0.0,0.0,0.0,1.0,201.19,0.0,201.19,201.19,0.0,0.0,0.0,0.0,13.0,0.0,91.0
13285,23,4,2709.12,267,0.0149812734082397,10.146516853932583,88.33333333333333,42.15843134336634,137.0,0.023170443616081633,677.28,125.72296554992117,796.83,506.38,0.18562923096787323,290.45000000000005,181.28999999999996,1.3090337262522693,46.75,11.354147553500733,512.75
13291,156,1,361.11,1,1.0,361.11,0.0,0.0,0.0,1.0,361.11,0.0,361.11,361.11,0.0,0.0,0.0,0.0,41.0,0.0,233.0
13292,39,2,578.94,246,0.008130081300813009,2.3534146341463416,245.0,0.0,245.0,1.0,289.47,56.42712113868648,329.37,249.57,0.19493253580228168,79.80000000000001,79.80000000000001,1.319749969948311,15.5,2.1213203435596424,173.5
13294,190,2,873.74,60,0.03333333333333333,14.562333333333333,59.0,0.0,59.0,1.0,436.87,66.15691044781335,483.65,390.09000000000003,0.15143386006778525,93.55999999999995,-93.55999999999995,0.8065543264757574,27.0,7.0710678118654755,226.5
13295,360,1,201.2,1,1.0,201.20000000000002,0.0,0.0,0.0,1.0,201.20000000000002,0.0,201.20000000000002,201.20000000000002,0.0,0.0,0.0,0.0,10.0,0.0,82.0
13296,137,1,87.4,1,1.0,87.4,0.0,0.0,0.0,1.0,87.4,0.0,87.4,87.4,0.0,0.0,0.0,0.0,5.0,0.0,78.0
13297,8,4,2089.85,60,0.06666666666666667,34.83083333333333,19.666666666666668,21.73323108360405,43.0,0.043988467645553156,522.4625,541.2876329873055,1315.3799999999999,94.56,1.0360315486514449,1220.82,-626.845,0.2500822481561459,14.75,15.777093099385155,240.75
13298,1,1,360.0,1,1.0,360.0,0.0,0.0,0.0,1.0,360.0,0.0,360.0,360.0,0.0,0.0,0.0,0.0,2.0,0.0,96.0
13299,268,1,142.5,1,1.0,142.5,0.0,0.0,0.0,1.0,142.5,0.0,142.5,142.5,0.0,0.0,0.0,0.0,5.0,0.0,30.0
13300,169,1,371.89,1,1.0,371.89,0.0,0.0,0.0,1.0,371.89,0.0,371.89,371.89,0.0,0.0,0.0,0.0,20.0,0.0,203.0
13301,104,4,618.09,189,0.021164021164021163,3.2703174603174605,62.333333333333336,7.637626158259734,69.0,0.11577254927197207,154.5225,15.04070781800731,173.91,137.19,0.09733668441817411,36.72,-18.724999999999994,0.8857430515300363,20.25,3.304037933599835,86.25
13302,155,1,63.75,1,1.0,63.75,0.0,0.0,0.0,1.0,63.75,0.0,63.75,63.75,0.0,0.0,0.0,0.0,1.0,0.0,5.0
13304,351,1,300.42,1,1.0,300.42,0.0,0.0,0.0,1.0,300.42,0.0,300.42,300.42,0.0,0.0,0.0,0.0,21.0,0.0,238.0
13305,4,10,2000.86,369,0.02710027100271003,5.422384823848239,40.44444444444444,32.73419890233726,99.0,0.02964350814717925,200.08599999999998,76.21045542152045,316.45,75.3,0.38088849505472877,241.14999999999998,43.69200000000001,1.2451301615798922,8.1,3.5103022978402048,123.2
13307,120,1,15.0,1,1.0,15.0,0.0,0.0,0.0,1.0,15.0,0.0,15.0,15.0,0.0,0.0,0.0,0.0,1.0,0.0,4.0
13308,23,3,1385.51,181,0.016574585635359115,7.65475138121547,90.0,86.2670273047588,151.0,0.011459081750404354,461.83666666666664,305.80570569126627,814.95,284.68,0.6621512057464752,530.27,-529.6700000000001,0.3500582857844039,18.0,7.54983443527075,281.0
13309,7,5,1456.79,302,0.016556291390728478,4.823807947019867,75.0,40.97153483415854,118.0,0.023825671468801036,291.358,99.41419098901322,390.71,155.93,0.34120975222582944,234.77999999999997,30.063333333333333,1.109993170398556,21.4,8.324662155306964,308.8
13310,28,3,1132.03,297,0.010101010101010102,3.8115488215488216,147.5,43.1335136523794,178.0,0.0226585176942078,377.3433333333333,54.544679239439446,410.18,314.38,0.14454920604429067,95.80000000000001,-49.254999999999995,0.8799185723340972,24.0,3.605551275463989,195.66666666666666
13311,4,2,598.57,146,0.0136986301369863,4.099794520547945,145.0,0.0,145.0,1.0,299.285,269.86730303984586,490.11,108.46000000000001,0.9017067445406414,381.65,-381.65,0.22129725979882067,13.0,15.556349186104045,152.5
13313,22,5,1555.3200000000002,318,0.015723270440251572,4.890943396226415,79.0,48.586692279539534,124.0,0.020166701064927052,311.064,8.252507497724553,324.3,302.44,0.026529934347030038,21.860000000000014,10.32333333333338,1.0338614272750135,15.6,1.51657508881031,170.2
13314,2,3,775.94,73,0.0410958904109589,10.62931506849315,35.5,36.062445840513924,61.0,0.02698148968104188,258.6466666666667,214.20776510979553,499.62,89.85,0.8281868383243376,409.77,-361.46000000000004,0.2765301629238221,20.333333333333332,17.61628034896508,186.66666666666666
13316,37,4,5732.93,218,0.01834862385321101,26.29784403669725,72.0,43.58898943540674,122.0,0.02242706131406358,1433.2325,527.3308415896672,1912.7,683.58,0.36793112184496735,1229.12,-668.7150000000001,0.62167980131139,21.5,11.120551545074852,1377.0
13317,66,6,2273.68,293,0.020477815699658702,7.760000000000001,58.2,63.73539048283928,132.0,0.015447500857588713,378.9466666666667,323.49944739777635,959.7,32.25,0.8536806781898323,927.45,302.7733333333333,2.330520888263901,20.666666666666668,18.927933502278233,172.5
13318,1,3,640.76,37,0.08108108108108109,17.31783783783784,17.5,19.091883092036785,31.0,0.04977134275663489,213.58666666666667,79.4786646423638,302.96,150.84,0.3721143547148564,152.11999999999998,-134.05999999999997,0.5574993398468445,6.666666666666667,5.507570547286102,101.33333333333333
13319,5,26,10845.55,361,0.07202216066481995,30.043074792243765,14.08,13.200126262022394,41.0,0.07042190904136222,417.1365384615384,373.51474294803734,1855.99,14.85,0.8954256184932043,1841.14,63.519230769230774,1.1648236491746342,18.307692307692307,12.305345930185727,181.69230769230768
13320,78,4,1532.2,136,0.029411764705882353,11.266176470588235,45.0,55.48873759602033,107.0,0.017702643793378926,383.05,161.20878822198247,551.05,188.8,0.4208557322072379,362.24999999999994,257.48999999999995,2.012524331019838,26.25,10.719919153924002,271.5
13321,72,2,567.36,15,0.13333333333333333,37.824,14.0,0.0,14.0,1.0,283.68,34.84622217687304,308.32,259.04,0.12283637259191005,49.27999999999997,49.27999999999997,1.1902408894379246,5.5,4.949747468305833,186.0
13322,17,1,199.48,1,1.0,199.48000000000002,0.0,0.0,0.0,1.0,199.48000000000002,0.0,199.48000000000002,199.48000000000002,0.0,0.0,0.0,0.0,25.0,0.0,117.0
13323,3,5,787.85,82,0.06097560975609756,9.607926829268292,20.0,21.587033144922902,52.0,0.04427318955897399,157.57,69.15064714086196,274.8,97.7,0.4388566804649487,177.10000000000002,80.95000000000002,1.7426605504587158,4.2,0.8366600265340756,35.0
13324,36,10,7121.95,325,0.03076923076923077,21.91369230769231,35.77777777777778,39.75480404233486,113.0,0.024536984620542653,712.1949999999999,429.0623584631959,1783.24,208.79999999999998,0.6024506749741235,1574.44,247.80200000000013,1.4212213621080618,7.5,4.169998667732268,520.5
13325,82,1,675.3,1,1.0,675.3,0.0,0.0,0.0,1.0,675.3,0.0,675.3,675.3,0.0,0.0,0.0,0.0,12.0,0.0,240.0
13327,39,8,3627.77,327,0.024464831804281346,11.094097859327217,46.142857142857146,27.24229904290123,73.0,0.0354078822861042,453.47125,258.3879243882013,889.02,60.0,0.5698000135360319,829.02,195.96749999999992,1.551264109145891,13.5,7.367883976130073,200.0
13328,316,1,1308.48,1,1.0,1308.48,0.0,0.0,0.0,1.0,1308.48,0.0,1308.48,1308.48,0.0,0.0,0.0,0.0,17.0,0.0,680.0
13329,32,2,789.0,336,0.005952380952380952,2.3482142857142856,335.0,0.0,335.0,1.0,394.5,127.70348468229044,484.79999999999995,304.2,0.3237097203606855,180.59999999999997,180.59999999999997,1.593688362919132,8.5,2.1213203435596424,231.5
13330,93,3,1140.93,224,0.013392857142857142,5.093437499999999,111.5,26.16295090390226,130.0,0.036814851359037684,380.30999999999995,39.84525191286909,412.71,335.82,0.10477045545178695,76.88999999999999,66.73499999999996,1.1987225299267463,17.666666666666668,7.234178138070234,250.33333333333334
13332,14,1,350.90000000000003,1,1.0,350.90000000000003,0.0,0.0,0.0,1.0,350.90000000000003,0.0,350.90000000000003,350.90000000000003,0.0,0.0,0.0,0.0,21.0,0.0,179.0
13334,82,3,3502.32,224,0.013392857142857142,15.635357142857144,111.0,4.242640687119285,114.0,0.1907435698305462,1167.44,429.8534100132277,1637.19,793.73,0.3682017148746211,843.46,-704.625,0.5696131786781009,86.66666666666667,36.073998022583154,588.0
13336,77,1,795.12,1,1.0,795.12,0.0,0.0,0.0,1.0,795.12,0.0,795.12,795.12,0.0,0.0,0.0,0.0,51.0,0.0,559.0
13338,158,1,487.02,1,1.0,487.02,0.0,0.0,0.0,1.0,487.02,0.0,487.02,487.02,0.0,0.0,0.0,0.0,19.0,0.0,256.0
13339,201,1,860.12,1,1.0,860.12,0.0,0.0,0.0,1.0,860.12,0.0,860.12,860.12,0.0,0.0,0.0,0.0,54.0,0.0,326.0
13340,45,7,10736.48,232,0.03017241379310345,46.277931034482755,38.333333333333336,50.693852355750856,131.0,0.019344660040387793,1533.782857142857,1350.8769257376766,3678.0299999999997,482.8,0.8807484836896019,3195.2299999999996,-215.58333333333326,0.8698932994294819,19.142857142857142,15.931400560199464,824.2857142857143
13341,261,1,775.85,1,1.0,775.85,0.0,0.0,0.0,1.0,775.85,0.0,775.85,775.85,0.0,0.0,0.0,0.0,42.0,0.0,301.0
13343,178,1,353.43,1,1.0,353.43,0.0,0.0,0.0,1.0,353.43,0.0,353.43,353.43,0.0,0.0,0.0,0.0,19.0,0.0,135.0
13344,68,3,2511.69,210,0.014285714285714285,11.960428571428572,104.5,147.78531726798843,209.0,0.006721093306531214,837.23,717.0375519455031,1656.15,322.08,0.8564403472707656,1334.0700000000002,-1228.38,0.25829182139298973,38.666666666666664,26.63331247391757,317.3333333333333
13345,288,1,389.5,1,1.0,389.5,0.0,0.0,0.0,1.0,389.5,0.0,389.5,389.5,0.0,0.0,0.0,0.0,20.0,0.0,141.0
13347,70,1,341.36,1,1.0,341.36,0.0,0.0,0.0,1.0,341.36,0.0,341.36,341.36,0.0,0.0,0.0,0.0,8.0,0.0,205.0
13348,64,1,233.76,1,1.0,233.76000000000002,0.0,0.0,0.0,1.0,233.76000000000002,0.0,233.76000000000002,233.76000000000002,0.0,0.0,0.0,0.0,14.0,0.0,136.0
13349,11,1,247.32,1,1.0,247.32,0.0,0.0,0.0,1.0,247.32,0.0,247.32,247.32,0.0,0.0,0.0,0.0,16.0,0.0,225.0
13350,16,2,979.12,64,0.03125,15.298750000000002,63.0,0.0,63.0,1.0,489.56000000000006,222.0456714281997,646.57,332.55,0.45356171139022733,314.02000000000004,-314.02000000000004,0.5143294616205515,20.0,16.97056274847714,143.5
13351,66,1,373.94,1,1.0,373.94,0.0,0.0,0.0,1.0,373.94,0.0,373.94,373.94,0.0,0.0,0.0,0.0,16.0,0.0,117.0
13352,60,1,397.98,1,1.0,397.98,0.0,0.0,0.0,1.0,397.98,0.0,397.98,397.98,0.0,0.0,0.0,0.0,24.0,0.0,321.0
13354,71,1,743.53,1,1.0,743.53,0.0,0.0,0.0,1.0,743.53,0.0,743.53,743.53,0.0,0.0,0.0,0.0,51.0,0.0,604.0
13355,122,1,674.7,1,1.0,674.7,0.0,0.0,0.0,1.0,674.7,0.0,674.7,674.7,0.0,0.0,0.0,0.0,32.0,0.0,314.0
13356,80,1,768.24,1,1.0,768.24,0.0,0.0,0.0,1.0,768.24,0.0,768.24,768.24,0.0,0.0,0.0,0.0,42.0,0.0,325.0
13357,257,1,609.4,1,1.0,609.4,0.0,0.0,0.0,1.0,609.4,0.0,609.4,609.4,0.0,0.0,0.0,0.0,85.0,0.0,321.0
13358,269,1,439.03,1,1.0,439.03000000000003,0.0,0.0,0.0,1.0,439.03000000000003,0.0,439.03000000000003,439.03000000000003,0.0,0.0,0.0,0.0,29.0,0.0,285.0
13359,64,1,439.56,1,1.0,439.56,0.0,0.0,0.0,1.0,439.56,0.0,439.56,439.56,0.0,0.0,0.0,0.0,23.0,0.0,161.0
13362,9,4,3090.74,279,0.014336917562724014,11.077921146953406,92.33333333333333,87.18562572656879,193.0,0.011339716555401358,772.6850000000001,27.534003825573006,812.7,753.1,0.035634189644645625,59.60000000000002,-36.16000000000008,0.954272128887849,41.5,7.593857166596345,345.5
13363,18,2,992.5,27,0.07407407407407407,36.75925925925926,26.0,0.0,26.0,1.0,496.25,152.12695290447385,603.82,388.68,0.3065530537117861,215.14000000000004,-215.14000000000004,0.6437017654267828,30.0,12.727922061357855,355.0
13364,71,1,134.96,1,1.0,134.96,0.0,0.0,0.0,1.0,134.96,0.0,134.96,134.96,0.0,0.0,0.0,0.0,10.0,0.0,71.0
13365,34,2,2225.37,185,0.010810810810810811,12.029027027027027,184.0,0.0,184.0,1.0,1112.685,582.776195850517,1524.77,700.6,0.5237566749354192,824.17,824.17,2.176377390807879,64.0,35.35533905932738,623.5
13366,50,1,56.16,1,1.0,56.16,0.0,0.0,0.0,1.0,56.16,0.0,56.16,56.16,0.0,0.0,0.0,0.0,1.0,0.0,144.0
13368,257,2,623.4,81,0.024691358024691357,7.696296296296296,80.0,0.0,80.0,1.0,311.7,390.7472072836861,588.0,35.400000000000006,1.2536002800246588,552.6,552.6,16.610169491525422,14.5,19.091883092036785,163.5
13369,366,1,308.28000000000003,1,1.0,308.28000000000003,0.0,0.0,0.0,1.0,308.28000000000003,0.0,308.28000000000003,308.28000000000003,0.0,0.0,0.0,0.0,14.0,0.0,149.0
13370,372,1,754.87,1,1.0,754.87,0.0,0.0,0.0,1.0,754.87,0.0,754.87,754.87,0.0,0.0,0.0,0.0,39.0,0.0,343.0
13372,90,1,378.64,1,1.0,378.64,0.0,0.0,0.0,1.0,378.64,0.0,378.64,378.64,0.0,0.0,0.0,0.0,23.0,0.0,159.0
13373,61,3,3312.25,216,0.013888888888888888,15.33449074074074,107.0,14.142135623730951,117.0,0.06604088253131131,1104.0833333333333,138.0913691485944,1256.67,987.7,0.12507332098899032,268.97,174.57500000000005,1.1767490128581553,52.666666666666664,3.055050463303893,550.3333333333334
13375,89,1,778.65,1,1.0,778.65,0.0,0.0,0.0,1.0,778.65,0.0,778.65,778.65,0.0,0.0,0.0,0.0,37.0,0.0,442.0
13376,99,3,1019.76,136,0.022058823529411766,7.498235294117647,67.0,52.32590180780452,104.0,0.018752613009793393,339.92,78.59783203116993,394.0,249.76,0.23122449997402308,144.24,-54.120000000000005,0.856063829787234,17.666666666666668,3.5118845842842465,164.33333333333334
13379,26,3,572.56,111,0.02702702702702703,5.158198198198198,54.5,19.091883092036785,68.0,0.04977134275663489,190.85333333333332,94.11702307942666,299.53,136.29,0.49313795801012994,163.23999999999998,81.845,1.6005209479785751,31.333333333333332,16.258331197676263,200.33333333333334
13381,32,6,3639.31,268,0.022388059701492536,13.579514925373134,53.0,25.971137826441105,91.0,0.037076670863312705,606.5516666666666,113.67119712867756,709.74,416.11,0.18740562985073145,293.63,25.710000000000036,1.0433049424790437,28.666666666666668,4.676180777800049,338.1666666666667
13382,281,1,222.99,1,1.0,222.99,0.0,0.0,0.0,1.0,222.99,0.0,222.99,222.99,0.0,0.0,0.0,0.0,15.0,0.0,131.0
13384,31,7,4151.93,148,0.0472972972972973,28.053581081081084,24.166666666666668,18.584043334717734,49.0,0.05106197851529688,593.1328571428572,405.85171153654494,1172.6,90.0,0.6842509340850674,1082.6,-583.6375,0.37015723474056805,21.714285714285715,16.46930767330841,346.0
13385,330,1,534.57,1,1.0,534.57,0.0,0.0,0.0,1.0,534.57,0.0,534.57,534.57,0.0,0.0,0.0,0.0,35.0,0.0,281.0
13388,131,2,677.1,1,2.0,677.0999999999999,0.0,0.0,0.0,1.0,338.54999999999995,399.8688847609926,621.3,55.8,1.1811220935193993,565.5,-565.5,0.08981168517624337,17.5,19.091883092036785,141.0
13389,11,3,797.96,222,0.013513513513513514,3.594414414414415,110.0,66.46803743153546,157.0,0.014821833242367098,265.9866666666667,52.69362042347568,322.26,217.81,0.19810624751920777,104.44999999999999,12.144999999999982,1.0470937221295902,17.0,3.605551275463989,143.0
13390,75,1,544.08,1,1.0,544.08,0.0,0.0,0.0,1.0,544.08,0.0,544.08,544.08,0.0,0.0,0.0,0.0,13.0,0.0,224.0
13391,204,1,59.8,1,1.0,59.8,0.0,0.0,0.0,1.0,59.8,0.0,59.8,59.8,0.0,0.0,0.0,0.0,1.0,0.0,4.0
13394,2,8,2520.02,309,0.025889967637540454,8.155404530744336,43.57142857142857,13.04935685333627,63.0,0.0711776354205518,315.0025,23.94277150086967,371.73,301.15000000000003,0.07600819517581502,70.57999999999998,11.70999999999998,1.0378783590357352,19.375,4.033343171967536,299.0
13395,185,1,307.72,1,1.0,307.72,0.0,0.0,0.0,1.0,307.72,0.0,307.72,307.72,0.0,0.0,0.0,0.0,21.0,0.0,336.0
13396,29,2,1360.99,291,0.006872852233676976,4.676941580756014,290.0,0.0,290.0,1.0,680.495,414.68277182685074,973.72,387.27000000000004,0.609384009914622,586.45,586.45,2.5143181759495956,21.5,9.192388155425117,300.0
13397,73,5,1544.13,267,0.018726591760299626,5.7832584269662926,66.0,33.595634637057636,111.0,0.02890538099650396,308.826,46.89058946099953,378.7,247.72,0.1518349797653032,130.98,13.234999999999957,1.043986905296043,7.6,3.646916505762094,86.0
13398,192,1,457.34,1,1.0,457.34000000000003,0.0,0.0,0.0,1.0,457.34000000000003,0.0,457.34000000000003,457.34000000000003,0.0,0.0,0.0,0.0,26.0,0.0,281.0
13402,127,2,621.23,245,0.00816326530612245,2.5356326530612248,244.0,0.0,244.0,1.0,310.615,3.302188668141148,312.95,308.28000000000003,0.010631130718545942,4.669999999999959,4.669999999999959,1.0151485662384843,19.5,3.5355339059327378,239.5
13403,18,1,75.0,1,1.0,75.0,0.0,0.0,0.0,1.0,75.0,0.0,75.0,75.0,0.0,0.0,0.0,0.0,3.0,0.0,44.0
13404,1,2,252.49,212,0.009433962264150943,1.1909905660377358,211.0,0.0,211.0,1.0,126.245,129.49246483869246,217.81,34.68,1.0257235125247928,183.13,-183.13,0.1592213396997383,5.5,4.949747468305833,55.5
13405,74,3,572.451,244,0.012295081967213115,2.346110655737705,121.5,12.020815280171307,130.0,0.07680010648203002,190.817,193.04715749526073,397.40000000000003,15.001,1.011687415142575,382.39900000000006,46.150499999999994,1.2883505154639174,8.666666666666666,9.291573243177568,55.0
13408,2,62,28117.04,372,0.16666666666666666,75.58344086021506,5.786885245901639,6.242635004809962,22.0,0.13807129578335542,453.5006451612903,282.32019081277303,1145.32,23.8,0.6225353675348446,1121.52,74.04451612903233,1.1777871755727558,7.709677419354839,5.511201995501477,261.80645161290323
13410,24,5,1003.06,268,0.018656716417910446,3.7427611940298506,66.5,36.124783736376884,112.0,0.02693618384691479,200.612,59.07065532055657,274.4,140.4,0.2944522527094918,133.99999999999997,-2.846666666666664,0.985929880057994,5.6,2.5099800796022267,103.6
13411,107,1,213.55,1,1.0,213.55,0.0,0.0,0.0,1.0,213.55,0.0,213.55,213.55,0.0,0.0,0.0,0.0,17.0,0.0,72.0
13414,134,3,1390.5,163,0.018404907975460124,8.530674846625766,81.0,82.02438661763951,139.0,0.012044653875076486,463.5,71.4925870283066,532.8,390.0,0.15424506370724186,142.79999999999995,110.25,1.2826923076923078,8.0,10.44030650891055,524.6666666666666
13416,44,2,712.5,38,0.05263157894736842,18.75,37.0,0.0,37.0,1.0,356.25,114.90485194281398,437.5,275.0,0.32253993527807434,162.5,162.5,1.5909090909090908,9.5,2.1213203435596424,71.0
13417,5,2,640.83,201,0.009950248756218905,3.1882089552238804,200.0,0.0,200.0,1.0,320.41499999999996,119.38083786772484,404.83,236.0,0.37258192615116287,168.82999999999998,168.82999999999998,1.7153813559322033,14.0,5.656854249492381,81.0
13418,12,18,6127.43,361,0.04986149584487535,16.97349030470914,20.823529411764707,27.386664852893382,107.0,0.03522780873280619,340.4127777777778,243.6201591630988,879.92,12.6,0.7156610299808857,867.3199999999999,-61.53000000000003,0.8342303777764473,16.88888888888889,12.179485591807468,217.66666666666666
13419,64,1,221.06,1,1.0,221.06,0.0,0.0,0.0,1.0,221.06,0.0,221.06,221.06,0.0,0.0,0.0,0.0,16.0,0.0,275.0
13420,150,2,159.85,21,0.09523809523809523,7.6119047619047615,20.0,0.0,20.0,1.0,79.925,34.11790219225092,104.05,55.8,0.42687397175165365,48.25,48.25,1.864695340501792,4.0,0.0,50.5
13421,40,2,1833.71,250,0.008,7.33484,249.0,0.0,249.0,1.0,916.855,129.84601822928568,1008.67,825.04,0.14162110500491973,183.63,183.63,1.2225710268593037,50.5,19.091883092036785,564.0
13422,64,1,2626.3,1,1.0,2626.3,0.0,0.0,0.0,1.0,2626.3,0.0,2626.3,2626.3,0.0,0.0,0.0,0.0,127.0,0.0,1326.0
13425,108,3,1624.21,187,0.016042780748663103,8.685614973262032,93.0,46.66904755831214,126.0,0.020977973154943562,541.4033333333333,202.06760857033308,773.08,401.57,0.3732293396241861,371.51000000000005,209.75000000000006,1.5223248748661504,26.0,1.7320508075688772,374.3333333333333
13426,1,10,3641.32,359,0.027855153203342618,10.142952646239555,39.333333333333336,30.64718584144391,93.0,0.031598386188589296,364.132,127.14801967261097,697.46,273.66,0.34918112023280284,423.8,104.79200000000009,1.3361562347627483,15.7,7.08754776585903,224.5
13427,19,3,582.6,196,0.015306122448979591,2.972448979591837,97.5,4.949747468305833,101.0,0.1680743603534397,194.20000000000002,68.60090086872037,250.35999999999999,117.74000000000001,0.3532487171406816,132.61999999999998,-30.44999999999999,0.858041958041958,9.666666666666666,4.041451884327381,181.66666666666666
13428,10,1,201.78,1,1.0,201.78,0.0,0.0,0.0,1.0,201.78,0.0,201.78,201.78,0.0,0.0,0.0,0.0,70.0,0.0,151.0
13429,11,4,1006.8,65,0.06153846153846154,15.48923076923077,20.666666666666668,15.143755588800731,38.0,0.061943455133433856,251.70000000000002,82.66676236553602,330.6,165.72,0.3284337003001033,164.88000000000002,7.079999999999984,1.0285299806576402,16.75,5.852349955359813,347.5
13430,19,2,679.45,68,0.029411764705882353,9.991911764705883,67.0,0.0,67.0,1.0,339.725,4.829539315504088,343.14,336.31,0.014216025654585586,6.829999999999984,6.829999999999984,1.0203086438107698,24.5,6.363961030678928,375.5
13431,67,2,1269.1,22,0.09090909090909091,57.686363636363645,21.0,0.0,21.0,1.0,634.5500000000001,309.8966179228164,853.6800000000001,415.42,0.4883722605355234,438.26000000000005,-438.26000000000005,0.4866226220597882,23.0,18.384776310850235,336.0
13434,74,2,534.24,23,0.08695652173913043,23.227826086956522,22.0,0.0,22.0,1.0,267.12,274.75341089784496,461.40000000000003,72.84,1.0285767104591381,388.56000000000006,388.56000000000006,6.334431630971993,5.0,0.0,150.0
13435,5,7,3809.89,184,0.03804347826086957,20.705923913043478,30.166666666666668,17.255916859635906,62.0,0.05477676129271898,544.27,234.7077460019872,884.9,251.26,0.4312340309074305,633.64,317.73583333333346,1.8760132154541782,14.285714285714286,5.122313465427046,304.14285714285717
13436,2,1,196.89,1,1.0,196.89,0.0,0.0,0.0,1.0,196.89,0.0,196.89,196.89,0.0,0.0,0.0,0.0,12.0,0.0,76.0
13437,14,7,3408.06,176,0.03977272727272727,19.363977272727272,28.833333333333332,22.49814807193398,67.0,0.042556545177038566,486.86571428571426,434.606385052695,1440.9,149.35,0.8926617182117876,1291.5500000000002,-328.7975,0.5127121155983697,23.857142857142858,25.347114046301023,183.28571428571428
13439,255,1,283.71,1,1.0,283.71,0.0,0.0,0.0,1.0,283.71,0.0,283.71,283.71,0.0,0.0,0.0,0.0,54.0,0.0,242.0
13441,92,1,296.64,1,1.0,296.64,0.0,0.0,0.0,1.0,296.64,0.0,296.64,296.64,0.0,0.0,0.0,0.0,13.0,0.0,204.0
13447,23,3,1129.14,13,0.23076923076923078,86.85692307692308,6.0,5.656854249492381,10.0,0.15022110482233483,376.38000000000005,134.10268043555283,475.13,223.71,0.35629597862679424,251.42,229.00500000000002,2.0236690358052836,19.666666666666668,3.214550253664318,194.66666666666666
13448,17,6,3534.69,358,0.01675977653631285,9.873435754189945,71.0,68.76408946535975,145.0,0.014334022097379114,589.115,407.4847735928301,1061.11,17.4,0.691689693171673,1043.7099999999998,625.2033333333334,3.261024182076814,31.666666666666668,29.60855732160327,274.6666666666667
13449,24,1,291.88,1,1.0,291.88,0.0,0.0,0.0,1.0,291.88,0.0,291.88,291.88,0.0,0.0,0.0,0.0,19.0,0.0,222.0
13450,27,6,2043.72,192,0.03125,10.644375,37.8,17.59829537199555,62.0,0.05376836855197781,340.62,80.9257081526013,440.64,240.6,0.23758354809641624,200.04,-64.87999999999994,0.8260869565217392,11.833333333333334,4.355073669487885,330.3333333333333
13451,26,5,2898.26,309,0.016181229773462782,9.37948220064725,76.5,18.59211302317912,99.0,0.051040946875761474,579.652,160.11022069187214,796.02,359.19,0.27621783534236427,436.83,160.81999999999994,1.3328504015233047,84.8,28.50789364369104,425.6
13452,259,2,590.0,12,0.16666666666666666,49.166666666666664,11.0,0.0,11.0,1.0,295.0,0.0,295.0,295.0,0.0,0.0,0.0,1.0,1.0,0.0,1.0
13453,166,2,356.98,124,0.016129032258064516,2.8788709677419355,123.0,0.0,123.0,1.0,178.49,9.206530291048866,185.0,171.98,0.05158009015098249,13.02000000000001,-13.02000000000001,0.9296216216216215,8.5,0.7071067811865476,67.0
13455,25,2,1058.34,342,0.005847953216374269,3.0945614035087723,341.0,0.0,341.0,1.0,529.1700000000001,231.60575510984188,692.94,365.4,0.4376774101136532,327.5400000000001,-327.5400000000001,0.5273183825439431,23.0,9.899494936611665,177.0
13456,18,6,1766.72,190,0.031578947368421054,9.298526315789474,37.4,33.61993456269658,92.0,0.02888509214796474,294.4533333333333,116.4665661323741,454.76,200.45000000000002,0.3955348876982457,254.30999999999997,18.866666666666674,1.0661941852033776,10.5,6.978538528947161,127.5
13458,7,14,9646.57,353,0.039660056657223795,27.32739376770538,26.615384615384617,8.836840136029597,46.0,0.1016586613354912,689.0407142857142,344.66291386187487,1489.18,300.78000000000003,0.5002068915755806,1188.4,-410.51285714285706,0.5409659301478577,27.285714285714285,11.214198221818702,393.42857142857144
13460,29,2,183.44,21,0.09523809523809523,8.735238095238095,20.0,0.0,20.0,1.0,91.72,22.259721471752513,107.46000000000001,75.98,0.24269212245696156,31.480000000000004,-31.480000000000004,0.7070537874557975,8.5,3.5355339059327378,143.0
13461,39,3,1445.0,125,0.024,11.56,62.0,52.32590180780452,99.0,0.018752613009793393,481.6666666666667,150.77484317131066,576.4,307.8,0.3130273560650048,268.59999999999997,-142.10000000000002,0.7534698126301179,9.0,3.605551275463989,390.0
13462,253,1,151.5,1,1.0,151.5,0.0,0.0,0.0,1.0,151.5,0.0,151.5,151.5,0.0,0.0,0.0,0.0,9.0,0.0,62.0
13464,58,1,674.68,1,1.0,674.68,0.0,0.0,0.0,1.0,674.68,0.0,674.68,674.68,0.0,0.0,0.0,0.0,41.0,0.0,403.0
13466,184,1,307.90000000000003,1,1.0,307.90000000000003,0.0,0.0,0.0,1.0,307.90000000000003,0.0,307.90000000000003,307.90000000000003,0.0,0.0,0.0,0.0,17.0,0.0,259.0
13467,11,2,1071.91,26,0.07692307692307693,41.22730769230769,25.0,0.0,25.0,1.0,535.9549999999999,331.9229941567772,770.66,301.25,0.6193113118765143,469.40999999999997,-469.40999999999997,0.390898710196455,45.5,36.062445840513924,290.0
13468,2,37,5704.97,372,0.09946236559139784,15.335940860215054,9.777777777777779,5.962315519092089,25.0,0.14363037659781377,154.1883783783784,72.5961134371957,356.75,51.4,0.4708274008761204,305.35,-36.86251461988306,0.7870668449360438,8.162162162162161,3.5785899885717987,69.97297297297297
13470,99,2,165.0,16,0.125,10.3125,15.0,0.0,15.0,1.0,82.5,46.66904755831214,115.5,49.5,0.565685424949238,66.0,-66.0,0.42857142857142855,5.0,2.8284271247461903,50.0
13471,1,4,2501.84,47,0.0851063829787234,53.230638297872346,15.0,10.535653752852738,25.0,0.08668776138957036,625.46,383.5198269537922,941.67,92.24000000000001,0.6131804223352287,849.43,-295.48,0.6178479048111744,58.25,48.84243373679626,395.75
13473,61,2,422.64,273,0.007326007326007326,1.548131868131868,272.0,0.0,272.0,1.0,211.32,42.341554057450466,241.26,181.38,0.20036699818971448,59.879999999999995,-59.879999999999995,0.7518030340711266,10.5,2.1213203435596424,133.0
13474,236,1,226.84,1,1.0,226.84,0.0,0.0,0.0,1.0,226.84,0.0,226.84,226.84,0.0,0.0,0.0,0.0,59.0,0.0,129.0
13475,191,4,1431.78,108,0.037037037037037035,13.257222222222222,35.333333333333336,9.018499505645789,44.0,0.09981534654330858,357.945,180.10561151724283,589.4,153.3,0.5031656023055018,436.09999999999997,-190.63,0.5794246128050126,21.5,10.472185381603339,253.0
13476,179,2,1238.47,103,0.019417475728155338,12.023980582524272,102.0,0.0,102.0,1.0,619.235,153.25125268656046,727.6,510.87,0.24748480413180854,216.73000000000002,-216.73000000000002,0.7021302913688839,29.0,0.0,208.5
13477,38,6,1454.58,254,0.023622047244094488,5.726692913385826,50.4,27.94279871451677,80.0,0.03455090884139109,242.42999999999998,137.8129233417534,464.07,90.96,0.5684648077455489,373.11,-25.666666666666657,0.8994502409276695,13.166666666666666,7.494442385305705,170.16666666666666
13479,201,2,300.95,34,0.058823529411764705,8.851470588235294,33.0,0.0,33.0,1.0,150.475,8.662058069535208,156.6,144.35,0.05756476537321953,12.25,12.25,1.084863179771389,7.5,0.7071067811865476,67.0
13481,46,5,1804.56,212,0.02358490566037736,8.512075471698113,52.25,36.09593698280551,83.0,0.02695713011544941,360.912,235.23424085366483,665.28,15.0,0.6517772777121981,650.28,-214.305,0.5621916464928141,21.8,15.270887335056859,228.4
13482,232,1,184.64,1,1.0,184.64000000000001,0.0,0.0,0.0,1.0,184.64000000000001,0.0,184.64000000000001,184.64000000000001,0.0,0.0,0.0,0.0,11.0,0.0,116.0
13483,66,1,140.34,1,1.0,140.34,0.0,0.0,0.0,1.0,140.34,0.0,140.34,140.34,0.0,0.0,0.0,0.0,10.0,0.0,160.0
13484,241,1,313.8,1,1.0,313.8,0.0,0.0,0.0,1.0,313.8,0.0,313.8,313.8,0.0,0.0,0.0,0.0,8.0,0.0,44.0
13485,233,1,454.24,1,1.0,454.24,0.0,0.0,0.0,1.0,454.24,0.0,454.24,454.24,0.0,0.0,0.0,0.0,23.0,0.0,277.0
13486,78,3,1122.41,77,0.03896103896103896,14.576753246753247,38.0,16.97056274847714,50.0,0.05564656009922349,374.1366666666667,216.64056876156263,617.45,202.16,0.5790412650321075,415.2900000000001,257.96500000000003,2.2760437277404035,23.0,12.165525060596439,223.0
13487,58,3,575.4,296,0.010135135135135136,1.9439189189189192,147.5,10.606601717798213,155.0,0.08615786293989429,191.80000000000004,24.55285115826675,215.65000000000003,166.6,0.1280127797615576,49.05000000000004,-2.0250000000000057,0.9895159202692208,11.333333333333334,1.5275252316519468,88.33333333333333
13488,17,13,8968.31,351,0.037037037037037035,25.55074074074074,28.833333333333332,16.781122149786665,54.0,0.056239420188224615,689.87,378.1612543391157,1381.92,150.78,0.5481630659966599,1231.14,-430.6126190476191,0.5328255281622379,32.46153846153846,17.105629602635624,347.53846153846155
13489,105,4,449.52,190,0.021052631578947368,2.3658947368421055,62.666666666666664,63.67364708679199,131.0,0.015462248458912494,112.38000000000001,56.51932059039635,162.48000000000002,51.36,0.5029304199181024,111.12000000000002,-10.919999999999987,0.9073319755600816,3.5,2.0816659994661326,140.0
13491,52,10,1215.82,321,0.03115264797507788,3.7876012461059188,35.0,35.83992187491485,99.0,0.027144465816061433,121.582,37.879994074855816,187.85,56.82,0.3115592281329129,131.03,-13.568000000000012,0.8943022295623451,8.6,2.7568097504180447,90.3
13492,136,3,1269.84,79,0.0379746835443038,16.073924050632915,38.5,19.091883092036785,52.0,0.04977134275663489,423.28000000000003,149.36539492131368,593.74,315.3,0.3528760983777019,278.44,161.96999999999997,1.5137012369172216,16.666666666666668,4.725815626252608,136.0
13493,275,2,618.63,12,0.16666666666666666,51.5525,11.0,0.0,11.0,1.0,309.315,183.7982656338193,439.28,179.35,0.5942106449212593,259.92999999999995,259.92999999999995,2.4492890995260663,4.0,0.0,190.0
13494,312,1,316.26000000000005,1,1.0,316.26000000000005,0.0,0.0,0.0,1.0,316.26000000000005,0.0,316.26000000000005,316.26000000000005,0.0,0.0,0.0,0.0,18.0,0.0,162.0
13495,8,5,2044.87,361,0.013850415512465374,5.664459833795013,89.75,87.8877124517415,196.0,0.011250148894797076,408.974,177.7330295133687,659.8,207.0,0.4345827106695504,452.79999999999995,-39.56833333333333,0.9085579808110804,9.6,4.61519230368573,165.8
13496,11,2,653.33,350,0.005714285714285714,1.8666571428571426,349.0,0.0,349.0,1.0,326.66499999999996,246.56106353193724,501.01,152.32,0.7547826168458123,348.69,-348.69,0.30402586774715074,17.5,12.020815280171307,170.5
13497,283,2,348.05,86,0.023255813953488372,4.047093023255814,85.0,0.0,85.0,1.0,174.025,29.026733367707784,194.55,153.5,0.16679634171933794,41.05000000000001,41.05000000000001,1.26742671009772,9.5,0.7071067811865476,81.5
13499,18,5,1159.11,253,0.019762845849802372,4.581462450592886,62.5,61.0163912403872,151.0,0.01612476927468759,231.82200000000003,80.72893793429961,323.62,150.06,0.3482367416996644,173.56,-0.12166666666669812,0.999475337257523,8.4,2.302172886644268,273.0
13500,23,3,1166.77,100,0.03,11.6677,49.0,52.32590180780452,86.0,0.018752613009793393,388.92333333333335,94.77542737088204,497.97,326.40000000000003,0.2436866581354047,171.57,93.78499999999997,1.287331495098039,21.666666666666668,4.725815626252608,203.0
13501,288,1,1340.32,1,1.0,1340.32,0.0,0.0,0.0,1.0,1340.32,0.0,1340.32,1340.32,0.0,0.0,0.0,0.0,52.0,0.0,560.0
13502,17,3,292.0,308,0.00974025974025974,0.948051948051948,153.0,148.49242404917499,258.0,0.006689302192805795,97.33333333333333,20.580158729546607,114.60000000000001,74.56,0.21143998694739666,40.040000000000006,-25.90000000000002,0.7739965095986037,6.0,2.6457513110645907,88.0
13503,71,1,216.85,1,1.0,216.85,0.0,0.0,0.0,1.0,216.85,0.0,216.85,216.85,0.0,0.0,0.0,0.0,17.0,0.0,248.0
13504,64,1,295.93,1,1.0,295.93,0.0,0.0,0.0,1.0,295.93,0.0,295.93,295.93,0.0,0.0,0.0,0.0,22.0,0.0,178.0
13505,73,4,4393.63,160,0.025,27.4601875,52.666666666666664,35.72580766523457,93.0,0.027228808937716602,1098.4075,495.95503589035167,1810.51,667.03,0.45152189500740997,1143.48,280.7249999999999,1.293018595159935,53.75,27.789386463180506,621.5
13506,316,2,458.52,54,0.037037037037037035,8.491111111111111,53.0,0.0,53.0,1.0,229.26,101.6253865921306,301.12,157.4,0.4432756982994443,143.72,-143.72,0.5227151965993624,13.0,5.656854249492381,162.0
13507,3,4,2479.16,143,0.027972027972027972,17.336783216783218,47.0,43.2087954009366,94.0,0.022619933226654128,619.7900000000001,416.2423714616282,1242.38,386.32,0.671586136371397,856.0600000000002,-396.8900000000001,0.514943750878415,40.5,28.25479310370779,399.25
13508,244,1,110.97,1,1.0,110.97,0.0,0.0,0.0,1.0,110.97,0.0,110.97,110.97,0.0,0.0,0.0,0.0,12.0,0.0,24.0
13509,9,7,979.72,276,0.025362318840579712,3.5497101449275363,45.333333333333336,32.830879772961715,104.0,0.029558793821236037,139.96,103.1111949951766,313.5,15.0,0.7367190268303558,298.5,-134.24833333333333,0.3804113719577859,6.285714285714286,5.589105048046175,158.0
13510,1,4,1791.56,183,0.02185792349726776,9.789945355191257,60.0,24.43358344574123,88.0,0.03931809302976717,447.89,140.56851923528257,585.32,312.49,0.3138460765707709,272.83000000000004,-2.0300000000000296,0.9954778850759068,28.75,8.098353742170895,346.5
13512,261,1,251.21,1,1.0,251.21,0.0,0.0,0.0,1.0,251.21,0.0,251.21,251.21,0.0,0.0,0.0,0.0,15.0,0.0,143.0
13513,127,1,205.1,1,1.0,205.1,0.0,0.0,0.0,1.0,205.1,0.0,205.1,205.1,0.0,0.0,0.0,0.0,10.0,0.0,109.0
13514,74,1,152.20000000000002,1,1.0,152.20000000000002,0.0,0.0,0.0,1.0,152.20000000000002,0.0,152.20000000000002,152.20000000000002,0.0,0.0,0.0,0.0,4.0,0.0,40.0
13515,73,4,891.12,176,0.022727272727272728,5.0631818181818184,57.666666666666664,36.47373484212075,99.0,0.02668535720320017,222.78,101.02002705734476,367.16,132.16,0.4534519573451152,235.00000000000003,110.00000000000003,1.6556204553582072,14.75,6.4485140407177015,170.25
13516,21,3,1389.41,218,0.013761467889908258,6.373440366972478,108.5,81.31727983645297,166.0,0.012148117649013532,463.1366666666667,311.65295768423783,769.0,146.0,0.6729179097981973,623.0,475.70500000000004,4.258253424657535,14.666666666666666,14.153915830374764,328.3333333333333
13517,60,3,2128.42,121,0.024793388429752067,17.5902479338843,60.0,18.384776310850235,73.0,0.051586873325965094,709.4733333333334,339.8297128464981,1101.8600000000001,510.32,0.478988704550556,591.5400000000002,-588.5800000000002,0.4658305047828217,47.0,25.11971337416094,456.3333333333333
13518,86,1,627.16,1,1.0,627.16,0.0,0.0,0.0,1.0,627.16,0.0,627.16,627.16,0.0,0.0,0.0,0.0,36.0,0.0,382.0
13519,78,1,122.75,1,1.0,122.75,0.0,0.0,0.0,1.0,122.75,0.0,122.75,122.75,0.0,0.0,0.0,0.0,8.0,0.0,23.0
13520,59,6,3624.35,313,0.019169329073482427,11.579392971246007,62.2,14.652644812456213,78.0,0.06388696683414233,604.0583333333333,188.98482567832443,856.0,303.4,0.3128585688661268,552.6,221.9166666666668,1.4500439397012104,15.5,6.774953874381729,274.8333333333333
13521,1,3,1071.73,9,0.3333333333333333,119.08111111111111,3.5,0.7071067811865476,4.0,0.585786437626905,357.24333333333334,75.84785846240703,428.45,277.48,0.2123142726127113,150.96999999999997,119.64499999999998,1.4311842294940176,135.66666666666666,34.93326972004387,239.33333333333334
13522,30,1,125.8,1,1.0,125.80000000000001,0.0,0.0,0.0,1.0,125.80000000000001,0.0,125.80000000000001,125.80000000000001,0.0,0.0,0.0,0.0,5.0,0.0,44.0
13523,33,5,3964.88,334,0.014970059880239521,11.870898203592814,83.0,88.65288113385449,166.0,0.011154131215336732,792.976,592.0724320807379,1695.54,106.75,0.7466460927956684,1588.79,-563.7816666666665,0.5016272631775905,34.4,22.984777571253545,350.4
13524,41,5,680.1800000000001,180,0.027777777777777776,3.778777777777778,44.25,21.344398172198094,71.0,0.04475394648329553,136.036,51.9302694004181,196.32,75.0,0.38173916757636284,121.32,20.309999999999974,1.1639886960032295,5.4,2.8809720581775866,64.8
13525,15,2,628.78,234,0.008547008547008548,2.687094017094017,233.0,0.0,233.0,1.0,314.39,44.56186935037621,345.9,282.88,0.1417407339622005,63.01999999999998,63.01999999999998,1.2227799773755657,3.0,1.4142135623730951,197.0
13527,34,7,2242.36,294,0.023809523809523808,7.627074829931973,48.5,48.911143924467765,125.0,0.02003560570587871,320.33714285714285,185.62295383512296,475.19,11.97,0.5794612269420881,463.21999999999997,-38.014999999999986,0.8888645266912238,29.857142857142858,18.98621053491693,240.42857142857142
13529,79,2,307.76,126,0.015873015873015872,2.4425396825396826,125.0,0.0,125.0,1.0,153.88,38.49489316779563,181.1,126.66000000000001,0.2501617700012713,54.43999999999998,-54.43999999999998,0.6993926007730537,7.5,0.7071067811865476,37.0
13531,205,2,483.8,162,0.012345679012345678,2.9864197530864196,161.0,0.0,161.0,1.0,241.89999999999998,89.87327188881018,305.45,178.35,0.3715306816403894,127.1,-127.1,0.5838926174496645,11.0,5.656854249492381,87.0
13532,34,1,210.31,1,1.0,210.31,0.0,0.0,0.0,1.0,210.31,0.0,210.31,210.31,0.0,0.0,0.0,0.0,66.0,0.0,129.0
13533,183,3,269.09,85,0.03529411764705882,3.165764705882353,42.0,59.39696961966999,84.0,0.01655712209233626,89.69666666666666,61.975289699470814,126.78999999999999,18.15,0.690943064024722,108.63999999999999,-55.64,0.5611641296632226,24.333333333333332,18.903262505010435,67.33333333333333
13534,2,25,5870.08,356,0.0702247191011236,16.488988764044944,14.458333333333334,14.846985250026105,54.0,0.0631034852511365,234.8032,126.06498161398086,451.6,15.9,0.536896352409085,435.70000000000005,156.66480769230768,2.021699243122574,11.84,5.792811637423287,118.44
13536,1,7,3444.39,75,0.09333333333333334,45.925200000000004,11.833333333333334,9.806460455570434,26.0,0.09253723771177337,492.0557142857143,127.881381216754,672.99,349.35,0.25989207625073757,323.64,-12.677500000000066,0.9746094532345282,25.142857142857142,10.605479266689954,303.7142857142857
13538,43,7,1280.85,273,0.02564102564102564,4.691758241758242,45.0,24.33926868252208,91.0,0.03946443808339885,182.97857142857146,95.71443576747299,337.5,95.4,0.5230909555157207,242.1,-41.162499999999994,0.8006658595641647,3.5714285714285716,1.3972762620115435,25.0
13539,86,3,631.34,224,0.013392857142857142,2.818482142857143,111.0,60.81118318204309,154.0,0.01617830218610849,210.4466666666667,91.35915407518469,315.69,151.55,0.43412022400854383,164.14,69.52000000000001,1.4236441194393663,12.333333333333334,3.214550253664318,106.66666666666667
13544,40,2,276.06,201,0.009950248756218905,1.3734328358208956,200.0,0.0,200.0,1.0,138.03,35.38362333057485,163.05,113.01,0.2563473399302677,50.040000000000006,50.040000000000006,1.4427926732147598,39.0,4.242640687119285,56.0
13546,12,3,621.09,189,0.015873015873015872,3.2861904761904763,93.5,75.66042558696059,147.0,0.0130445401567154,207.03,23.974188203148827,230.12,182.26,0.11580055162608717,47.860000000000014,37.15500000000003,1.2038571271809504,31.666666666666668,5.507570547286101,119.0
13548,96,2,678.16,148,0.013513513513513514,4.582162162162162,147.0,0.0,147.0,1.0,339.08,82.12338156700562,397.15,281.01,0.24219470793619685,116.13999999999999,116.13999999999999,1.4132949005373474,60.0,1.4142135623730951,218.0
13549,26,7,918.2,217,0.03225806451612903,4.231336405529954,35.666666666666664,26.028189846139256,78.0,0.03699840816912278,131.17142857142858,54.69244963995533,223.70000000000002,70.15,0.4169539833148413,153.55,-69.43750000000001,0.5935762364647351,7.285714285714286,2.690370836538197,65.42857142857143
13551,319,1,91.8,1,1.0,91.80000000000001,0.0,0.0,0.0,1.0,91.80000000000001,0.0,91.80000000000001,91.80000000000001,0.0,0.0,0.0,0.0,4.0,0.0,12.0
13552,66,12,3740.07,250,0.048,14.960280000000001,22.454545454545453,23.963988133712785,59.0,0.040057702104478385,311.6725,178.10009438642794,540.36,19.92,0.5714334578329109,520.44,-45.81833333333333,0.8630578483578997,9.0,4.861724348043977,118.08333333333333
13555,74,4,4098.88,129,0.031007751937984496,31.774263565891474,42.666666666666664,73.90083445627211,128.0,0.01335098610395069,1024.72,469.95481789919614,1693.7,613.9300000000001,0.45861778622374516,1079.77,459.3899999999999,1.5778308858212005,33.75,16.5,659.0
13557,28,2,584.0600000000001,253,0.007905138339920948,2.3085375494071143,252.0,0.0,252.0,1.0,292.03,72.61986642785844,343.38,240.68,0.24867262414087063,102.69999999999999,102.69999999999999,1.4267076616253946,17.0,1.4142135623730951,273.0
13558,6,4,594.52,63,0.06349206349206349,9.436825396825396,20.333333333333332,16.258331197676263,38.0,0.05794302986459342,148.63,34.374999636363626,192.7,120.01,0.23127901255711247,72.68999999999998,-15.449999999999989,0.9011864027373606,41.75,10.594810050208546,84.5
13560,7,1,171.42000000000002,1,1.0,171.42000000000002,0.0,0.0,0.0,1.0,171.42000000000002,0.0,171.42000000000002,171.42000000000002,0.0,0.0,0.0,0.0,32.0,0.0,63.0
13561,216,1,141.86,1,1.0,141.85999999999999,0.0,0.0,0.0,1.0,141.85999999999999,0.0,141.85999999999999,141.85999999999999,0.0,0.0,0.0,0.0,14.0,0.0,83.0
13562,82,3,1799.3300000000002,164,0.018292682926829267,10.971524390243902,81.5,31.81980515339464,104.0,0.030469406973202804,599.7766666666666,8.956418555054972,606.46,589.6,0.014932922624068357,16.860000000000014,-5.240000000000009,0.9913140053375769,27.333333333333332,2.886751345948129,252.33333333333334
13563,84,2,777.53,56,0.03571428571428571,13.884464285714285,55.0,0.0,55.0,1.0,388.765,110.14602330542849,466.65,310.88,0.2833228899346096,155.76999999999998,155.76999999999998,1.5010615028306742,24.5,20.506096654409877,104.5
13564,144,3,1724.67,224,0.013392857142857142,7.699419642857143,111.0,138.59292911256333,209.0,0.007163686630528625,574.89,55.122392001799035,637.98,536.0500000000001,0.09588337247438473,101.92999999999995,58.25999999999988,1.1086838914280381,26.333333333333332,21.962088546705512,212.0
13565,19,2,240.22,316,0.006329113924050633,0.7601898734177214,315.0,0.0,315.0,1.0,120.10999999999999,14.043140674364839,130.04,110.17999999999999,0.11691899653954575,19.86,19.86,1.1802504991831548,19.0,8.48528137423857,86.0
13566,41,2,856.84,42,0.047619047619047616,20.40095238095238,41.0,0.0,41.0,1.0,428.41999999999996,196.42012167799908,567.31,289.53000000000003,0.45847561196489217,277.7799999999999,-277.7799999999999,0.5103558900777354,80.0,24.041630560342615,283.5
13568,173,1,187.05,1,1.0,187.05,0.0,0.0,0.0,1.0,187.05,0.0,187.05,187.05,0.0,0.0,0.0,0.0,41.0,0.0,66.0
13569,17,2,338.62,351,0.005698005698005698,0.9647293447293448,350.0,0.0,350.0,1.0,169.31,84.13156482557544,228.8,109.82000000000001,0.49690842139020397,118.98,118.98,2.0834092150792207,38.5,21.920310216782973,78.0
13570,243,1,239.49,1,1.0,239.49,0.0,0.0,0.0,1.0,239.49,0.0,239.49,239.49,0.0,0.0,0.0,0.0,27.0,0.0,161.0
13571,13,12,2088.94,241,0.04979253112033195,8.66780082987552,21.454545454545453,12.102591758492363,42.0,0.07632077824235471,174.07833333333335,54.985604534828994,282.68,114.71,0.3158670207942535,167.97000000000003,81.10666666666665,1.6074268239405853,28.0,8.842048302391149,146.41666666666666
13572,206,1,1384.25,1,1.0,1384.25,0.0,0.0,0.0,1.0,1384.25,0.0,1384.25,1384.25,0.0,0.0,0.0,0.0,32.0,0.0,534.0
13573,50,2,290.25,203,0.009852216748768473,1.4298029556650247,202.0,0.0,202.0,1.0,145.125,160.3081783628022,258.48,31.770000000000003,1.1046213840675432,226.71,226.71,8.135977337110482,12.5,13.435028842544403,151.0
13575,23,5,732.07,153,0.032679738562091505,4.7847712418300645,37.75,20.62967118820204,62.0,0.04623278788192826,146.414,66.49178092065213,258.46,88.55,0.4541354031762819,169.90999999999997,61.73166666666668,1.5644038095238098,9.2,4.207136793592526,89.8
13576,10,18,6717.34,363,0.049586776859504134,18.505068870523417,20.823529411764707,7.915453983487358,35.0,0.11216478732907344,373.18555555555554,96.74189920317829,623.68,219.23000000000002,0.2592327000951581,404.44999999999993,-26.84000000000009,0.9305752345916738,7.0,4.801960383990248,147.0
13577,25,4,1687.6,217,0.018433179723502304,7.776958525345622,71.66666666666667,18.448125469362285,92.0,0.05141883733603815,421.9,67.87752450799408,493.8,356.75,0.16088533896182527,137.05,21.69999999999999,1.0527916311884198,20.75,4.112987559751022,197.75
13579,15,2,467.04,355,0.005633802816901409,1.315605633802817,354.0,0.0,354.0,1.0,233.52,97.32617736251643,302.34000000000003,164.7,0.41677876568395184,137.64000000000004,137.64000000000004,1.8357012750455377,11.5,3.5355339059327378,88.0
13581,309,1,118.0,1,1.0,118.0,0.0,0.0,0.0,1.0,118.0,0.0,118.0,118.0,0.0,0.0,0.0,0.0,10.0,0.0,30.0
13583,156,1,781.03,1,1.0,781.03,0.0,0.0,0.0,1.0,781.03,0.0,781.03,781.03,0.0,0.0,0.0,0.0,53.0,0.0,725.0
13584,307,1,142.4,1,1.0,142.4,0.0,0.0,0.0,1.0,142.4,0.0,142.4,142.4,0.0,0.0,0.0,0.0,24.0,0.0,37.0
13587,64,1,712.4,1,1.0,712.4,0.0,0.0,0.0,1.0,712.4,0.0,712.4,712.4,0.0,0.0,0.0,0.0,8.0,0.0,180.0
13588,16,9,2478.95,240,0.0375,10.328958333333333,29.5,37.1098754665501,118.0,0.026239917810220153,275.43888888888887,167.85832064902567,491.0,5.43,0.6094212815269494,485.57,-143.53399999999993,0.5958837772397095,19.333333333333332,12.84523257866513,289.55555555555554
13589,15,2,379.65,165,0.012121212121212121,2.300909090909091,164.0,0.0,164.0,1.0,189.825,60.563695808627806,232.65,147.0,0.31905015571514717,85.65,85.65,1.5826530612244898,10.5,2.1213203435596424,57.0
13590,11,6,1981.92,292,0.02054794520547945,6.7873972602739725,58.2,24.913851568956577,99.0,0.038589400627653016,330.32,116.27384073814711,552.4,204.35,0.35200363507552407,348.04999999999995,52.61999999999995,1.173086411631196,14.5,4.5934736311423405,308.0
13591,65,3,1117.13,203,0.014778325123152709,5.503103448275861,100.5,54.44722215136416,139.0,0.01803516860177633,372.3766666666666,78.94094396023738,462.2,314.03,0.21199218701557757,148.17000000000002,-134.735,0.7084919948074426,19.333333333333332,4.041451884327381,161.66666666666666
13592,36,4,247.96,229,0.017467248908296942,1.0827947598253274,76.0,84.32674546073743,170.0,0.011719654776475024,61.989999999999995,29.442184022249435,95.94,32.849999999999994,0.4749505407686633,63.09,-48.68,0.4361172246032665,4.0,2.449489742783178,21.0
13593,108,5,2011.88,228,0.021929824561403508,8.824035087719299,56.75,41.93944046678099,101.0,0.023288612732940122,402.37600000000003,242.4983116023697,645.83,15.6,0.6026659433027062,630.23,-147.8316666666667,0.6989631590558129,25.4,15.142654985173506,143.8
13594,53,1,396.97,1,1.0,396.97,0.0,0.0,0.0,1.0,396.97,0.0,396.97,396.97,0.0,0.0,0.0,0.0,26.0,0.0,359.0
13596,6,2,664.11,8,0.25,83.01375,7.0,0.0,7.0,1.0,332.055,65.92356521002183,378.67,285.44,0.1985320661035727,93.23000000000002,-93.23000000000002,0.7537961813716428,69.0,72.12489168102785,192.0
13598,47,1,160.04,1,1.0,160.04,0.0,0.0,0.0,1.0,160.04,0.0,160.04,160.04,0.0,0.0,0.0,0.0,33.0,0.0,52.0
13599,1,21,5149.92,366,0.05737704918032787,14.070819672131147,17.95,22.90133298809436,71.0,0.041838670692472095,245.2342857142857,165.6220556439096,580.57,29.88,0.6753625626266236,550.69,-72.83890909090914,0.7429710887867195,11.666666666666666,12.15044580800776,156.8095238095238
13600,312,1,219.52,1,1.0,219.52,0.0,0.0,0.0,1.0,219.52,0.0,219.52,219.52,0.0,0.0,0.0,0.0,19.0,0.0,324.0
13601,45,2,693.32,167,0.011976047904191617,4.151616766467066,166.0,0.0,166.0,1.0,346.65999999999997,37.53322794538191,373.2,320.12,0.1082710089003113,53.079999999999984,-53.079999999999984,0.8577706323687031,48.0,9.899494936611665,274.0
13602,65,1,428.89,1,1.0,428.89,0.0,0.0,0.0,1.0,428.89,0.0,428.89,428.89,0.0,0.0,0.0,0.0,23.0,0.0,267.0
13603,26,1,164.34,1,1.0,164.34,0.0,0.0,0.0,1.0,164.34,0.0,164.34,164.34,0.0,0.0,0.0,0.0,27.0,0.0,164.0
13606,29,3,276.75,283,0.01060070671378092,0.9779151943462896,141.0,103.23759005323593,214.0,0.009593468147999995,92.24999999999999,75.73281785329263,176.60999999999999,30.119999999999997,0.8209519550492427,146.48999999999998,33.345,1.4762210796915167,13.333333333333334,17.897858344878397,92.0
13607,40,1,675.51,1,1.0,675.51,0.0,0.0,0.0,1.0,675.51,0.0,675.51,675.51,0.0,0.0,0.0,0.0,93.0,0.0,288.0
13610,12,7,1082.33,274,0.025547445255474453,3.9501094890510946,44.833333333333336,8.750238091998792,56.0,0.10256159804144852,154.6185714285714,49.69219101246239,234.12,108.55,0.3213856560265693,125.57000000000001,-0.30000000000001137,0.9980618903029911,30.285714285714285,9.141741003300659,69.71428571428571
13611,89,3,1154.4,271,0.01107011070110701,4.259778597785978,135.0,76.36753236814714,189.0,0.012925318533381431,384.8,116.07827057636588,517.6800000000001,303.15000000000003,0.30165870731903816,214.53000000000003,122.47499999999997,1.404007916872835,23.666666666666668,13.316656236958785,251.33333333333334
13614,24,4,1585.46,307,0.013029315960912053,5.164364820846906,101.66666666666667,55.89573627150226,166.0,0.017576009478602644,396.365,171.40055805043343,573.13,205.75,0.4324311128642373,367.38,13.849999999999966,1.0355638866064092,48.0,41.069047550030504,141.0
13615,319,1,417.69,1,1.0,417.69,0.0,0.0,0.0,1.0,417.69,0.0,417.69,417.69,0.0,0.0,0.0,0.0,23.0,0.0,189.0
13617,40,3,544.18,141,0.02127659574468085,3.8594326241134755,70.0,4.242640687119285,73.0,0.1907435698305462,181.39333333333335,51.801479065112915,234.59,131.11,0.285575429444924,103.47999999999999,75.42499999999998,1.5752802989855845,14.666666666666666,1.5275252316519468,100.0
13618,174,1,177.34,1,1.0,177.34,0.0,0.0,0.0,1.0,177.34,0.0,177.34,177.34,0.0,0.0,0.0,0.0,13.0,0.0,246.0
13621,117,1,213.85,1,1.0,213.85,0.0,0.0,0.0,1.0,213.85,0.0,213.85,213.85,0.0,0.0,0.0,0.0,19.0,0.0,343.0
13623,31,5,727.74,267,0.018726591760299626,2.7256179775280898,66.25,75.80842081633588,179.0,0.013019405806964807,145.548,36.08815553613124,188.57,88.6,0.24794676351534367,99.97,38.746666666666684,1.3168165712728266,15.6,4.669047011971501,57.2
13626,253,1,257.23,1,1.0,257.23,0.0,0.0,0.0,1.0,257.23,0.0,257.23,257.23,0.0,0.0,0.0,0.0,19.0,0.0,209.0
13627,59,5,1638.47,299,0.016722408026755852,5.479832775919733,74.0,62.1825270205921,152.0,0.01582716056409212,327.694,52.55597901285826,421.08,294.73,0.16038126731907895,126.34999999999997,41.2233333333333,1.1360685679077545,18.4,6.465291950097845,253.8
13629,23,11,7792.36,316,0.03481012658227848,24.659367088607596,31.0,18.0,71.0,0.05263157894736842,708.3963636363636,159.84510047372282,895.0,336.36,0.22564359259723,558.64,-45.473333333333244,0.9379796326604839,5.363636363636363,4.924890400257193,397.45454545454544
13630,5,7,2031.78,281,0.02491103202846975,7.230533807829182,46.166666666666664,22.569152989571112,70.0,0.04242833844909405,290.2542857142857,145.1085229356685,438.32,7.7,0.49993584962430954,430.62,-105.62833333333339,0.698732696988135,10.142857142857142,10.253919111386491,198.71428571428572
13631,100,11,3070.42,168,0.06547619047619048,18.276309523809523,16.5,20.89258241577618,60.0,0.04567757156320592,279.1290909090909,278.19120494561093,850.0,40.0,0.9966399562280471,810.0,-34.596666666666636,0.8839038031319911,1.0,0.0,42.45454545454545
13632,25,5,2118.93,219,0.0228310502283105,9.675479452054795,54.25,55.174722473248565,130.0,0.017801601075576625,423.78599999999994,258.8591202372441,854.53,201.57,0.6108250868061808,652.96,197.40166666666659,1.6464873067077128,29.0,12.30853362509117,206.2
13634,33,5,1547.36,294,0.017006802721088437,5.263129251700681,73.0,49.34234151990222,135.0,0.019863994597960098,309.47200000000004,169.4048983058046,588.51,158.36,0.5473997592861538,430.15,17.778333333333308,1.0594981119236067,36.8,15.833508770957875,140.0
13635,68,1,1071.03,1,1.0,1071.03,0.0,0.0,0.0,1.0,1071.03,0.0,1071.03,1071.03,0.0,0.0,0.0,0.0,62.0,0.0,677.0
13636,37,5,949.12,249,0.020080321285140562,3.811726907630522,61.75,56.310892966340596,130.0,0.017448689912881177,189.824,82.86177122171598,302.57,105.1,0.43651893976376,197.47,73.16499999999999,1.5013876991605275,12.6,6.465291950097845,118.4
13637,52,3,804.3,175,0.017142857142857144,4.596,87.0,67.88225099390856,135.0,0.014517527891015534,268.09999999999997,145.46325137298425,416.4,125.65,0.5425708741998667,290.75,-222.45,0.4657780979827089,31.666666666666668,26.312227829154512,135.0
13638,16,1,122.64,1,1.0,122.64,0.0,0.0,0.0,1.0,122.64,0.0,122.64,122.64,0.0,0.0,0.0,0.0,8.0,0.0,93.0
13639,74,1,1033.34,1,1.0,1033.34,0.0,0.0,0.0,1.0,1033.34,0.0,1033.34,1033.34,0.0,0.0,0.0,0.0,39.0,0.0,800.0
13642,216,1,312.28,1,1.0,312.28,0.0,0.0,0.0,1.0,312.28,0.0,312.28,312.28,0.0,0.0,0.0,0.0,57.0,0.0,151.0
13643,31,3,519.44,155,0.01935483870967742,3.3512258064516134,76.5,13.435028842544403,86.0,0.06927592669941171,173.14666666666668,86.08181302303835,260.04,87.9,0.4971612487854517,172.14000000000001,127.87,2.454721274175199,9.333333333333334,4.163331998932265,91.0
13644,16,4,2624.26,90,0.044444444444444446,29.15844444444445,29.333333333333332,1.5275252316519463,31.0,0.39564392373896007,656.065,190.37792317738248,851.09,446.73,0.2901814960063141,404.36,-86.48000000000002,0.8763343605436826,36.5,8.736894948054106,516.75
13645,120,1,252.1,1,1.0,252.1,0.0,0.0,0.0,1.0,252.1,0.0,252.1,252.1,0.0,0.0,0.0,0.0,5.0,0.0,158.0
13647,10,4,1648.12,226,0.017699115044247787,7.292566371681416,74.66666666666667,25.423086620891127,104.0,0.037845692077827155,412.03000000000003,46.26569787650457,472.04,372.22,0.11228720694246673,99.82,20.19999999999999,1.0502575075261862,19.5,7.32575365861197,221.75
13649,257,2,346.6,110,0.01818181818181818,3.1509090909090913,109.0,0.0,109.0,1.0,173.3,34.64823227814083,197.8,148.8,0.19993209623855066,49.0,-49.0,0.7522750252780587,11.5,4.949747468305833,69.5
13650,17,6,1836.34,251,0.02390438247011952,7.316095617529881,49.8,44.902115763068444,118.0,0.021785488171431347,306.0566666666667,146.29769563006337,447.62,27.0,0.4780085244455712,420.62,-96.87333333333333,0.7267273479520067,16.0,7.37563556583431,153.66666666666666
13651,35,2,94.2,5,0.4,18.84,4.0,0.0,4.0,1.0,47.1,45.396255352176354,79.2,15.0,0.9638270775408992,64.2,-64.2,0.1893939393939394,3.0,2.8284271247461903,16.5
13652,46,3,1095.08,323,0.009287925696594427,3.3903405572755414,161.0,69.29646455628166,210.0,0.014225466477042627,365.02666666666664,80.17960172845294,456.84000000000003,308.8,0.2196540939341042,148.04000000000002,84.33999999999997,1.273121761658031,21.0,3.605551275463989,192.66666666666666
13654,43,6,2707.33,231,0.025974025974025976,11.72004329004329,45.8,37.459311259018094,102.0,0.026001505676093353,451.22166666666664,265.89756023075256,893.46,99.60000000000001,0.5892836711389138,793.86,120.55000000000001,1.3083540806930187,27.666666666666668,17.119190011991417,363.6666666666667
13655,114,2,932.97,128,0.015625,7.288828125,127.0,0.0,127.0,1.0,466.485,117.14638043917537,549.32,383.65,0.2511257177383525,165.67000000000007,165.67000000000007,1.4318258829662456,28.0,9.899494936611665,302.5
13656,165,2,379.65,173,0.011560693641618497,2.1945086705202312,172.0,0.0,172.0,1.0,189.825,38.36054287937019,216.95,162.70000000000002,0.2020837238475975,54.24999999999997,54.24999999999997,1.333435771358328,24.5,9.192388155425117,245.0
13657,11,2,382.14,191,0.010471204188481676,2.000732984293194,190.0,0.0,190.0,1.0,191.07,54.772491270709985,229.8,152.34,0.2866619106647301,77.46000000000001,77.46000000000001,1.5084679007483262,8.0,1.4142135623730951,104.5
13658,10,5,2639.17,195,0.02564102564102564,13.534205128205128,48.25,58.4144673860851,118.0,0.01683091751882304,527.8340000000001,424.56966599134233,1009.27,107.6,0.8043621024627862,901.67,-739.0849999999999,0.23906474412762477,21.6,16.501515081955354,203.8
13659,206,2,1563.0,116,0.017241379310344827,13.474137931034482,115.0,0.0,115.0,1.0,781.5,358.78598077405417,1035.2,527.8000000000001,0.4590991436648166,507.4,-507.4,0.509853168469861,48.5,9.192388155425117,441.0
13662,86,3,881.26,174,0.017241379310344827,5.064712643678161,86.5,55.86143571373726,126.0,0.017586611865278812,293.75333333333333,68.69733425201689,364.82,227.7,0.23386061180134202,137.12,99.07999999999998,1.4351339481774263,17.333333333333332,0.5773502691896263,177.66666666666666
13663,179,1,189.47,1,1.0,189.47,0.0,0.0,0.0,1.0,189.47,0.0,189.47,189.47,0.0,0.0,0.0,0.0,13.0,0.0,91.0
13666,60,3,84.65,228,0.013157894736842105,0.3712719298245614,113.5,160.51323932934628,227.0,0.006191442906800175,28.21666666666667,13.366032819551712,43.650000000000006,20.4,0.47369283471535895,23.250000000000007,-23.150000000000006,0.4696449026345933,4.0,3.0,13.666666666666666
13667,149,1,299.05,1,1.0,299.05,0.0,0.0,0.0,1.0,299.05,0.0,299.05,299.05,0.0,0.0,0.0,0.0,82.0,0.0,149.0
13668,3,21,6309.83,360,0.058333333333333334,17.527305555555554,17.5,11.861037497888445,56.0,0.07775422473997003,300.46809523809526,216.5204540134499,1131.46,87.30000000000001,0.7206104656199054,1044.16,-78.69827272727275,0.7696799952961221,21.904761904761905,8.700027367225703,177.23809523809524
13669,51,2,218.55,99,0.020202020202020204,2.2075757575757575,98.0,0.0,98.0,1.0,109.27499999999999,86.44380400005541,170.39999999999998,48.150000000000006,0.79106661175983,122.24999999999997,122.24999999999997,3.5389408099688464,4.5,2.1213203435596424,118.5
13670,75,1,349.7,1,1.0,349.7,0.0,0.0,0.0,1.0,349.7,0.0,349.7,349.7,0.0,0.0,0.0,0.0,25.0,0.0,282.0
13672,301,2,186.39,31,0.06451612903225806,6.01258064516129,30.0,0.0,30.0,1.0,93.19500000000001,43.9325443151202,124.26,62.13,0.4714045207910316,62.13,62.13,2.0,3.0,0.0,28.5
13673,19,2,387.44,14,0.14285714285714285,27.674285714285713,13.0,0.0,13.0,1.0,193.72,14.707821048680197,204.12,183.32,0.0759230902781344,20.80000000000001,-20.80000000000001,0.8980991573584166,28.5,7.7781745930520225,57.0
13675,151,2,486.8200000000001,134,0.014925373134328358,3.632985074626866,133.0,0.0,133.0,1.0,243.41000000000003,91.96630796112237,308.44,178.38000000000002,0.377824690691107,130.05999999999997,-130.05999999999997,0.5783296589288031,12.5,3.5355339059327378,165.0
13678,152,1,232.6,1,1.0,232.6,0.0,0.0,0.0,1.0,232.6,0.0,232.6,232.6,0.0,0.0,0.0,0.0,16.0,0.0,924.0
13680,1,4,3719.12,338,0.011834319526627219,11.003313609467456,112.33333333333333,161.8528137949209,298.0,0.006140514104099491,929.7800000000001,406.22736564638285,1520.1100000000001,635.08,0.436906973312378,885.0300000000001,-532.03,0.5550826019510033,47.75,18.64358692240668,483.5
13681,18,4,827.83,138,0.028985507246376812,5.998768115942029,45.333333333333336,39.1066916694999,86.0,0.024933495094547377,206.9575,88.30674582574841,327.62,117.08000000000001,0.42669024232389935,210.54,-117.16500000000002,0.5587670407471567,14.25,4.193248541803041,90.0
13682,187,1,59.5,1,1.0,59.5,0.0,0.0,0.0,1.0,59.5,0.0,59.5,59.5,0.0,0.0,0.0,0.0,3.0,0.0,10.0
13684,286,1,65.13,1,1.0,65.13,0.0,0.0,0.0,1.0,65.13,0.0,65.13,65.13,0.0,0.0,0.0,0.0,29.0,0.0,38.0
13685,3,7,3119.44,58,0.1206896551724138,53.78344827586207,9.166666666666666,15.980196077228422,41.0,0.058892135017278566,445.63428571428574,593.3144964760018,1334.16,3.2,1.33139328704255,1330.96,-348.5691666666667,0.4594290366770916,5.571428571428571,4.503966505838413,722.2857142857143
13686,183,1,72.0,1,1.0,72.0,0.0,0.0,0.0,1.0,72.0,0.0,72.0,72.0,0.0,0.0,0.0,0.0,8.0,0.0,70.0
13689,63,1,910.0,1,1.0,910.0,0.0,0.0,0.0,1.0,910.0,0.0,910.0,910.0,0.0,0.0,0.0,0.0,6.0,0.0,512.0
13690,59,1,172.25,1,1.0,172.25,0.0,0.0,0.0,1.0,172.25,0.0,172.25,172.25,0.0,0.0,0.0,0.0,9.0,0.0,67.0
13692,25,3,1488.32,212,0.014150943396226415,7.020377358490567,105.5,118.08683245815344,189.0,0.008397234012848528,496.10666666666674,433.6134297197601,856.63,14.95,0.8740326604220061,841.68,-540.785,0.36870644268820846,17.666666666666668,15.275252316519467,408.6666666666667
13694,4,50,65039.62,370,0.13513513513513514,175.78275675675675,7.142857142857143,7.505553499465135,26.0,0.11757024396623737,1300.7924,948.6639123494276,3547.34,35.28,0.729296936505339,3512.06,362.34079999999994,1.3236277958096572,11.36,9.66745012072649,1266.24
13695,31,15,2504.13,229,0.06550218340611354,10.935065502183406,15.928571428571429,8.07145288336317,32.0,0.11023592503401261,166.942,113.94315363373089,381.54,54.6,0.682531379962687,326.94,74.83232142857143,1.5890850970513484,6.0,4.191828786034631,106.86666666666666
13697,39,1,151.3,1,1.0,151.3,0.0,0.0,0.0,1.0,151.3,0.0,151.3,151.3,0.0,0.0,0.0,0.0,12.0,0.0,177.0
13699,155,1,308.58000000000004,1,1.0,308.58000000000004,0.0,0.0,0.0,1.0,308.58000000000004,0.0,308.58000000000004,308.58000000000004,0.0,0.0,0.0,0.0,14.0,0.0,66.0
13700,26,10,2248.63,301,0.03322259136212625,7.470531561461795,33.111111111111114,30.226000580809746,84.0,0.032024594293210897,224.863,132.82430191380223,390.47,14.99,0.5906898952420017,375.48,78.858,1.4252618182210381,19.4,16.56770620480967,228.1
13703,318,1,99.5,1,1.0,99.5,0.0,0.0,0.0,1.0,99.5,0.0,99.5,99.5,0.0,0.0,0.0,0.0,1.0,0.0,10.0
13704,5,9,2308.06,84,0.10714285714285714,27.476904761904763,10.125,8.078852464481397,24.0,0.11014607891385336,256.4511111111111,131.63168306342936,422.32,88.56,0.5132817810502605,333.76,71.42600000000002,1.3295013147575772,14.88888888888889,6.153138313991578,170.11111111111111
13705,8,3,711.86,367,0.008174386920980926,1.9396730245231608,182.5,64.34671708797582,228.0,0.015302987580136691,237.28666666666666,70.44095778262339,318.14,189.18,0.2968601597896639,128.95999999999998,-121.27999999999997,0.6187841830640599,9.333333333333334,2.081665999466133,121.0
13706,303,1,330.79,1,1.0,330.79,0.0,0.0,0.0,1.0,330.79,0.0,330.79,330.79,0.0,0.0,0.0,0.0,20.0,0.0,189.0
13707,267,2,806.41,49,0.04081632653061224,16.45734693877551,48.0,0.0,48.0,1.0,403.205,254.84835500744356,583.41,223.0,0.632056534535642,360.40999999999997,-360.40999999999997,0.382235477622941,24.0,11.313708498984761,175.5
13708,271,1,285.33,1,1.0,285.33,0.0,0.0,0.0,1.0,285.33,0.0,285.33,285.33,0.0,0.0,0.0,0.0,49.0,0.0,301.0
13709,4,13,6307.650000000001,312,0.041666666666666664,20.216826923076923,25.666666666666668,40.93971917417859,146.0,0.023843745730555085,485.20384615384614,324.3160059401545,1097.24,31.2,0.6684118613464617,1066.04,-186.8926190476189,0.6809826049035959,25.76923076923077,16.472977094592657,269.84615384615387
13710,32,1,180.48,1,1.0,180.48,0.0,0.0,0.0,1.0,180.48,0.0,180.48,180.48,0.0,0.0,0.0,0.0,8.0,0.0,176.0
13711,219,2,252.06,1,2.0,252.06,0.0,0.0,0.0,1.0,126.03,63.54061535742316,170.96,81.10000000000001,0.5041705574658665,89.86,-89.86,0.4743799719232569,6.5,3.5355339059327378,70.0
13712,247,1,228.84,1,1.0,228.84,0.0,0.0,0.0,1.0,228.84,0.0,228.84,228.84,0.0,0.0,0.0,0.0,10.0,0.0,352.0
13715,281,5,1077.39,92,0.05434782608695652,11.710760869565219,22.5,24.85290056847825,57.0,0.038680379300235004,215.478,160.93846299129368,445.22,11.9,0.7468904620949409,433.32000000000005,-43.18666666666667,0.8210917326042227,20.6,19.70532922840925,112.4
13716,269,1,138.28,1,1.0,138.28,0.0,0.0,0.0,1.0,138.28,0.0,138.28,138.28,0.0,0.0,0.0,0.0,21.0,0.0,138.0
13717,32,6,1445.01,267,0.02247191011235955,5.412022471910112,52.6,20.0074985942771,72.0,0.04760205007332105,240.835,55.87325397719378,301.54,183.63,0.2319980649705972,117.91000000000003,-21.143333333333317,0.9158998700644375,17.0,2.898275349237888,326.5
13718,246,2,306.55,50,0.04,6.131,49.0,0.0,49.0,1.0,153.275,55.472526984084645,192.5,114.05000000000001,0.36191503496385347,78.44999999999999,78.44999999999999,1.6878562034195526,6.0,1.4142135623730951,86.5
13719,15,5,1041.68,220,0.022727272727272728,4.734909090909091,54.25,62.63319141371184,148.0,0.01571506909811406,208.336,86.57582070070143,330.79,121.66,0.4155586202130281,209.13000000000002,64.9433333333333,1.3834405935722578,12.0,6.0,121.8
13720,117,4,799.9,139,0.02877697841726619,5.754676258992806,45.333333333333336,25.423086620891123,61.0,0.03784569207782716,199.975,68.59415062525376,266.2,120.45,0.34301362982999756,145.75,-32.150000000000006,0.8511918537375607,10.75,5.560275772537426,125.25
13721,36,1,524.14,1,1.0,524.14,0.0,0.0,0.0,1.0,524.14,0.0,524.14,524.14,0.0,0.0,0.0,0.0,28.0,0.0,316.0
13722,132,3,2375.41,152,0.019736842105263157,15.627697368421051,75.5,106.77312395916867,151.0,0.009278751169715223,791.8033333333333,646.4726223385901,1463.47,173.88,0.8164560505410731,1289.5900000000001,-1007.5,0.31156771235488256,28.333333333333332,21.07921567168317,467.0
13723,217,1,199.85,1,1.0,199.85000000000002,0.0,0.0,0.0,1.0,199.85000000000002,0.0,199.85000000000002,199.85000000000002,0.0,0.0,0.0,0.0,6.0,0.0,43.0
13725,50,8,1980.56,259,0.03088803088803089,7.646949806949807,36.57142857142857,41.13740043179338,119.0,0.023731886394336824,247.57,284.8230027327749,947.65,114.1,1.1504746242790924,833.55,-230.82500000000002,0.36408780037605115,13.0,11.988089327089856,100.75
13726,39,2,1079.66,62,0.03225806451612903,17.413870967741936,61.0,0.0,61.0,1.0,539.83,349.52288194051044,786.98,292.68,0.647468428839654,494.3,494.3,2.6888752220855543,21.0,2.8284271247461903,527.0
13727,29,2,333.48,5,0.4,66.696,4.0,0.0,4.0,1.0,166.74,79.67679210410019,223.08,110.4,0.47785049840530275,112.68,-112.68,0.49488972565895645,10.0,5.656854249492381,81.0
13728,37,6,1016.14,274,0.021897810218978103,3.7085401459854013,54.0,16.34013463836819,70.0,0.05766967909160975,169.35666666666665,27.994699974578527,219.12,141.15,0.16530025375191526,77.97,9.426666666666677,1.0572550766302917,10.5,1.6431676725154984,76.33333333333333
13730,136,2,752.6,26,0.07692307692307693,28.946153846153848,25.0,0.0,25.0,1.0,376.3,98.35855326304878,445.85,306.75,0.26138334643382616,139.10000000000002,139.10000000000002,1.4534637326813367,21.5,0.7071067811865476,244.0
13731,219,2,610.59,28,0.07142857142857142,21.806785714285716,27.0,0.0,27.0,1.0,305.295,3.9951533137039776,308.12,302.47,0.013086206173386322,5.649999999999977,-5.649999999999977,0.98166298844606,19.0,1.4142135623730951,139.0
13732,28,1,491.86,1,1.0,491.86,0.0,0.0,0.0,1.0,491.86,0.0,491.86,491.86,0.0,0.0,0.0,0.0,33.0,0.0,498.0
13735,25,4,2883.54,210,0.01904761904761905,13.731142857142856,69.33333333333333,57.83885660465059,132.0,0.016995571595131244,720.885,279.91792898395533,989.86,474.54,0.3882976188767353,515.3199999999999,32.07999999999993,1.0455135526250452,48.5,18.57417562100671,282.0
13736,5,2,729.8,256,0.0078125,2.85078125,255.0,0.0,255.0,1.0,364.9,10.422753954689718,372.27,357.53,0.028563315852808215,14.740000000000009,14.740000000000009,1.0412273095963975,92.5,27.577164466275352,248.0
13737,200,1,339.6,1,1.0,339.6,0.0,0.0,0.0,1.0,339.6,0.0,339.6,339.6,0.0,0.0,0.0,0.0,29.0,0.0,125.0
13739,18,1,216.9,1,1.0,216.9,0.0,0.0,0.0,1.0,216.9,0.0,216.9,216.9,0.0,0.0,0.0,0.0,3.0,0.0,54.0
13740,241,1,350.75,1,1.0,350.75,0.0,0.0,0.0,1.0,350.75,0.0,350.75,350.75,0.0,0.0,0.0,0.0,23.0,0.0,425.0
13741,72,3,668.4300000000001,146,0.02054794520547945,4.578287671232877,72.5,55.86143571373726,112.0,0.017586611865278812,222.81000000000003,73.82137969450315,305.3,162.96,0.33131986757552684,142.34,89.775,1.5509020618556701,11.333333333333334,3.055050463303893,72.66666666666667
13742,17,12,3107.87,304,0.039473684210526314,10.223256578947368,27.09090909090909,26.032497173550393,72.0,0.036992512884767355,258.9891666666667,140.60837259813857,522.15,14.5,0.5429121781727237,507.65,-130.46500000000003,0.5976055476448725,25.416666666666668,26.888518446400578,92.91666666666667
13743,3,7,1341.6,257,0.027237354085603113,5.220233463035019,42.166666666666664,28.329607598176626,85.0,0.034095239653399535,191.65714285714284,64.16707299809504,275.76,116.88,0.3348013647783731,158.88,-31.47,0.8498855180309102,5.857142857142857,1.3451854182690985,253.71428571428572
13744,95,2,1080.52,198,0.010101010101010102,5.457171717171717,197.0,0.0,197.0,1.0,540.26,391.82200959108974,817.32,263.2,0.7252471209993147,554.1200000000001,-554.1200000000001,0.32202809181226444,31.5,17.67766952966369,576.5
13745,162,1,300.04,1,1.0,300.04,0.0,0.0,0.0,1.0,300.04,0.0,300.04,300.04,0.0,0.0,0.0,0.0,25.0,0.0,496.0
13747,374,1,79.6,1,1.0,79.6,0.0,0.0,0.0,1.0,79.6,0.0,79.6,79.6,0.0,0.0,0.0,0.0,1.0,0.0,8.0
13748,96,5,948.25,279,0.017921146953405017,3.3987455197132617,69.25,72.20053093064251,136.0,0.013661103099750735,189.65,111.69875782657567,335.8,31.6,0.5889731496260251,304.2,-45.083333333333314,0.7919550838332565,5.6,4.929503017546495,87.8
13750,54,5,1647.26,284,0.017605633802816902,5.800211267605634,70.0,44.128599947577456,125.0,0.022158897044482342,329.452,21.884265352074312,363.36,302.39,0.06642626346804485,60.97000000000003,-24.913333333333355,0.9276616337591946,4.8,3.8987177379235853,103.2
13751,288,1,296.25,1,1.0,296.25,0.0,0.0,0.0,1.0,296.25,0.0,296.25,296.25,0.0,0.0,0.0,0.0,9.0,0.0,152.0
13752,124,6,1175.38,123,0.04878048780487805,9.555934959349594,24.0,10.606601717798213,32.0,0.08615786293989429,195.89666666666668,79.40733534546206,298.99,90.6,0.4053531726529057,208.39000000000001,-91.32000000000002,0.6219520609380821,12.5,8.018728078691781,145.66666666666666
13753,288,1,741.26,1,1.0,741.26,0.0,0.0,0.0,1.0,741.26,0.0,741.26,741.26,0.0,0.0,0.0,0.0,35.0,0.0,512.0
13754,152,2,282.6,166,0.012048192771084338,1.702409638554217,165.0,0.0,165.0,1.0,141.3,20.78893936688451,156.0,126.6,0.14712625171185073,29.400000000000006,-29.400000000000006,0.8115384615384615,6.0,2.8284271247461903,107.0
13755,4,9,2108.06,60,0.15,35.13433333333333,7.0,4.7207747548166585,12.0,0.17480149854843366,234.2288888888889,160.6202145158296,462.81,43.62,0.6857404109192653,419.19,-25.04000000000002,0.8990892238252599,34.111111111111114,34.279893685819836,138.0
13756,2,14,5189.52,366,0.03825136612021858,14.179016393442625,27.53846153846154,39.64974860074858,152.0,0.024600398143214706,370.68,161.2214786225172,610.76,55.08,0.43493438713315313,555.68,10.405714285714225,1.028471587044724,10.142857142857142,5.051384316846573,227.71428571428572
13758,12,7,3190.55,362,0.019337016574585635,8.813674033149171,59.833333333333336,55.97291011432822,162.0,0.01755220152864384,455.79285714285714,204.33305065621713,893.37,316.90000000000003,0.4483024414579053,576.47,131.90833333333336,1.3467469879518073,16.571428571428573,13.414633090486708,263.42857142857144
13759,33,2,659.4100000000001,38,0.05263157894736842,17.352894736842106,37.0,0.0,37.0,1.0,329.70500000000004,326.266139907285,560.4100000000001,99.0,0.9895698879522147,461.4100000000001,-461.4100000000001,0.17665637658143143,12.5,16.263455967290593,143.5
13760,54,2,286.79,203,0.009852216748768473,1.4127586206896552,202.0,0.0,202.0,1.0,143.395,11.745043635508564,151.70000000000002,135.09,0.08190692587264942,16.610000000000014,16.610000000000014,1.1229550669923756,26.5,2.1213203435596424,98.5
13761,50,2,1070.65,130,0.015384615384615385,8.23576923076923,129.0,0.0,129.0,1.0,535.325,61.68092452290257,578.94,491.71,0.11522145336553041,87.23000000000008,87.23000000000008,1.1774013137825143,35.0,4.242640687119285,321.0
13762,219,1,306.72,1,1.0,306.72,0.0,0.0,0.0,1.0,306.72,0.0,306.72,306.72,0.0,0.0,0.0,0.0,7.0,0.0,272.0
13763,63,1,1714.96,1,1.0,1714.96,0.0,0.0,0.0,1.0,1714.96,0.0,1714.96,1714.96,0.0,0.0,0.0,0.0,15.0,0.0,728.0
13764,71,3,1519.42,267,0.011235955056179775,5.690711610486892,133.0,84.8528137423857,193.0,0.0116478418867045,506.47333333333336,66.60944702768019,576.13,443.40000000000003,0.13151619768269507,132.72999999999996,9.875,1.0197543459561103,67.66666666666667,3.214550253664317,308.6666666666667
13767,2,37,17220.36,372,0.09946236559139784,46.29129032258065,9.86111111111111,11.42716757250714,37.0,0.08046885938935266,465.41513513513513,333.4586967395381,1735.3000000000002,19.8,0.716475833220845,1715.5000000000002,244.01201754385966,1.7174467725125364,9.945945945945946,3.3577931405574666,197.8918918918919
13769,2,10,2796.51,366,0.0273224043715847,7.640737704918033,40.22222222222222,26.018156053887534,85.0,0.03701214834963225,279.651,103.80112688855229,421.18,25.200000000000003,0.3711809608710582,395.98,-19.90199999999993,0.9312780989081569,13.5,5.233439489369194,116.3
13771,64,4,2634.45,183,0.02185792349726776,14.395901639344261,60.666666666666664,68.5297988712453,135.0,0.01438232263337611,658.6125,259.24198597385157,871.6,319.2,0.39361838102655444,552.4000000000001,-147.625,0.798443526640953,29.75,14.314910641239317,369.25
13772,34,3,1122.63,206,0.014563106796116505,5.449660194174758,102.5,55.86143571373726,142.0,0.017586611865278812,374.21000000000004,126.47715643546071,454.55,228.42,0.3379844377100043,226.13000000000002,218.68500000000003,1.9573811400052537,54.0,16.09347693943108,180.0
13774,82,1,345.0,1,1.0,345.0,0.0,0.0,0.0,1.0,345.0,0.0,345.0,345.0,0.0,0.0,0.0,0.0,22.0,0.0,192.0
13777,1,33,25977.16,373,0.08847184986595175,69.64386058981233,11.28125,11.892622747167742,48.0,0.07756373699988084,787.1866666666666,1290.6763665387487,6260.9,40.68,1.6396064887685455,6220.219999999999,462.33202205882355,1.8421108635274699,5.96969696969697,5.451403766948752,390.8181818181818
13778,103,1,178.7,1,1.0,178.7,0.0,0.0,0.0,1.0,178.7,0.0,178.7,178.7,0.0,0.0,0.0,0.0,9.0,0.0,70.0
13780,7,2,360.01,164,0.012195121951219513,2.1951829268292684,163.0,0.0,163.0,1.0,180.00500000000002,90.12075926222548,243.73000000000002,116.28000000000002,0.5006569776518733,127.45,127.45,2.0960612315101477,28.5,27.577164466275352,159.0
13781,251,1,127.84,1,1.0,127.84,0.0,0.0,0.0,1.0,127.84,0.0,127.84,127.84,0.0,0.0,0.0,0.0,17.0,0.0,30.0
13782,13,6,908.86,316,0.0189873417721519,2.8761392405063293,62.4,37.69350076604719,109.0,0.025844133516021404,151.47666666666666,30.8681834040597,191.94,111.5,0.20378177103663733,80.44,-20.24000000000001,0.874749891705687,18.833333333333332,9.261029460414575,61.5
13784,10,11,2462.79,323,0.034055727554179564,7.624736842105263,31.8,19.124155754786493,63.0,0.04969152555689954,223.89,166.66362932565704,603.96,38.16,0.7443996128708609,565.8000000000001,127.22600000000003,1.8235012362939662,2.8181818181818183,1.8877596148970779,226.63636363636363
13786,367,1,230.4,1,1.0,230.4,0.0,0.0,0.0,1.0,230.4,0.0,230.4,230.4,0.0,0.0,0.0,0.0,7.0,0.0,136.0
13787,76,2,309.04,289,0.006920415224913495,1.069342560553633,288.0,0.0,288.0,1.0,154.51999999999998,68.05195662139333,202.64,106.4,0.44040872781124346,96.23999999999998,96.23999999999998,1.9045112781954885,12.0,7.0710678118654755,168.5
13790,4,1,348.79999999999995,1,1.0,348.79999999999995,0.0,0.0,0.0,1.0,348.79999999999995,0.0,348.79999999999995,348.79999999999995,0.0,0.0,0.0,0.0,45.0,0.0,748.0
13791,128,2,1516.0,41,0.04878048780487805,36.97560975609756,40.0,0.0,40.0,1.0,758.0,253.144227664784,937.0,579.0,0.3339633610353351,358.0,-358.0,0.6179295624332978,5.5,2.1213203435596424,600.0
13792,66,2,195.55,222,0.009009009009009009,0.8808558558558559,221.0,0.0,221.0,1.0,97.775,32.774399307996475,120.95,74.60000000000001,0.33520224298641244,46.349999999999994,46.349999999999994,1.621313672922252,6.5,3.5355339059327378,46.0
13798,1,57,37153.85,371,0.15363881401617252,100.14514824797843,6.160714285714286,4.804455453825356,25.0,0.17228144964760858,651.8219298245614,558.1500440147873,3762.66,127.5,0.85629221490755,3635.16,-154.71610837438413,0.7882159587816618,6.0701754385964914,5.815188392485686,420.140350877193
13799,117,2,688.86,178,0.011235955056179775,3.869999999999999,177.0,0.0,177.0,1.0,344.42999999999995,3.860803025278555,347.15999999999997,341.7,0.011209253042065312,5.4599999999999795,5.4599999999999795,1.0159789288849868,19.5,4.949747468305833,201.0
13800,310,1,558.32,1,1.0,558.32,0.0,0.0,0.0,1.0,558.32,0.0,558.32,558.32,0.0,0.0,0.0,0.0,33.0,0.0,331.0
13801,67,1,324.8,1,1.0,324.8,0.0,0.0,0.0,1.0,324.8,0.0,324.8,324.8,0.0,0.0,0.0,0.0,23.0,0.0,168.0
13802,139,3,4599.42,173,0.017341040462427744,26.586242774566475,86.0,42.42640687119285,116.0,0.02302746351928452,1533.14,598.4254844172331,2161.32,969.74,0.3903267049436014,1191.5800000000002,845.1000000000001,1.8714707034875329,20.0,8.0,857.3333333333334
13803,255,1,277.07,1,1.0,277.07,0.0,0.0,0.0,1.0,277.07,0.0,277.07,277.07,0.0,0.0,0.0,0.0,17.0,0.0,121.0
13804,31,7,2588.39,260,0.026923076923076925,9.955346153846154,43.0,47.71582546702928,133.0,0.020527210417009084,369.77,256.0853507459313,723.63,48.79,0.6925530755494802,674.84,-143.38333333333338,0.6825718945325471,19.285714285714285,13.610220249433704,208.85714285714286
13805,52,2,924.6,77,0.025974025974025976,12.007792207792209,76.0,0.0,76.0,1.0,462.3,53.655262556435225,500.24,424.36,0.116061567286254,75.88,-75.88,0.8483128098512714,6.5,0.7071067811865476,950.0
13806,64,1,256.38,1,1.0,256.38,0.0,0.0,0.0,1.0,256.38,0.0,256.38,256.38,0.0,0.0,0.0,0.0,10.0,0.0,56.0
13807,367,1,112.6,1,1.0,112.6,0.0,0.0,0.0,1.0,112.6,0.0,112.6,112.6,0.0,0.0,0.0,0.0,7.0,0.0,36.0
13808,6,5,1747.66,92,0.05434782608695652,18.996304347826086,22.25,15.478479684172259,40.0,0.06068520999303776,349.53200000000004,237.68225200885323,639.3000000000001,149.64000000000001,0.680001407621772,489.6600000000001,-20.029999999999973,0.9445996404370074,15.2,7.5960516059331775,156.4
13809,305,1,155.05,1,1.0,155.05,0.0,0.0,0.0,1.0,155.05,0.0,155.05,155.05,0.0,0.0,0.0,0.0,11.0,0.0,29.0
13810,29,3,1499.01,28,0.10714285714285714,53.536071428571425,13.5,19.091883092036785,27.0,0.04977134275663489,499.67,221.32904621852055,653.5,246.01000000000002,0.44295043972726106,407.49,-230.745,0.6469089517980107,11.666666666666666,9.71253485622231,104.0
13811,184,3,814.5,56,0.05357142857142857,14.544642857142858,27.0,33.94112549695428,51.0,0.028619570370942038,271.5,56.21999199573049,333.0,222.75,0.20707179372276424,110.25,19.125,1.0739130434782609,4.333333333333333,2.886751345948129,22.666666666666668
13812,42,3,539.0,64,0.046875,8.421875,31.0,14.142135623730951,41.0,0.06604088253131131,179.66666666666666,86.35222367335616,278.74,120.38,0.48062462155856867,158.36,-148.61,0.46685082872928174,12.0,6.928203230275509,111.0
13813,40,4,1366.86,96,0.041666666666666664,14.238125000000002,31.333333333333332,13.503086067019396,45.0,0.06895084228135696,341.71500000000003,63.87354042689874,407.54,281.94,0.18692050517799552,125.60000000000002,6.050000000000011,1.0178629425138033,17.25,2.0615528128088303,138.0
13814,92,2,1579.12,45,0.044444444444444446,35.09155555555555,44.0,0.0,44.0,1.0,789.56,243.27301699941978,961.5799999999999,617.54,0.3081121346058815,344.03999999999996,344.03999999999996,1.55711370923341,28.5,3.5355339059327378,432.0
13815,22,4,4027.36,297,0.013468013468013467,13.56013468013468,98.66666666666667,84.59511412211306,149.0,0.011682909827929713,1006.84,761.5188711603496,1965.74,103.2,0.7563454681581478,1862.54,-964.07,0.3524842582486777,44.0,32.99494910841153,640.0
13816,24,2,571.6700000000001,41,0.04878048780487805,13.943170731707319,40.0,0.0,40.0,1.0,285.83500000000004,121.41730539754208,371.69,199.98000000000002,0.4247810988771216,171.70999999999998,-171.70999999999998,0.53802900266351,14.0,4.242640687119285,134.5
13817,29,2,382.98,323,0.006191950464396285,1.1856965944272446,322.0,0.0,322.0,1.0,191.49,88.79846958140664,254.28,128.7,0.46372379540136105,125.58000000000001,125.58000000000001,1.975757575757576,12.0,4.242640687119285,105.5
13819,302,3,1140.35,19,0.15789473684210525,60.018421052631574,8.5,2.1213203435596424,10.0,0.32037724101704074,380.1166666666666,63.8723401272674,425.05,307.0,0.168033516360593,118.05000000000001,-42.275000000000034,0.8964609355865785,12.0,1.0,369.6666666666667
13821,145,2,385.64,117,0.017094017094017096,3.296068376068376,116.0,0.0,116.0,1.0,192.82,109.36113477831142,270.15,115.49,0.5671669680443493,154.65999999999997,-154.65999999999997,0.4275032389413289,29.5,17.67766952966369,76.5
13822,6,2,632.0,35,0.05714285714285714,18.057142857142857,34.0,0.0,34.0,1.0,316.0,215.4978626344122,468.38,163.62,0.6819552615013045,304.76,-304.76,0.3493317391861309,47.5,60.10407640085654,305.5
13823,19,2,957.66,73,0.0273972602739726,13.118630136986301,72.0,0.0,72.0,1.0,478.83,242.66490516759933,650.42,307.24,0.5067871795159019,343.17999999999995,-343.17999999999995,0.4723716982872606,20.0,8.48528137423857,219.5
13824,33,5,1698.94,278,0.017985611510791366,6.111294964028777,69.0,26.595739007091595,103.0,0.03623747853764737,339.788,213.20006407128494,659.3000000000001,130.8,0.6274502456569535,528.5,-352.1700000000001,0.36095737538333117,9.2,4.868264577855234,153.6
13826,176,1,189.5,1,1.0,189.5,0.0,0.0,0.0,1.0,189.5,0.0,189.5,189.5,0.0,0.0,0.0,0.0,10.0,0.0,82.0
13827,58,3,409.8,86,0.03488372093023256,4.765116279069767,42.5,47.37615433949868,76.0,0.0206713413592595,136.6,44.56943795921145,188.01999999999998,109.04,0.3262769982372727,78.97999999999998,35.790000000000006,1.3174560936668442,30.666666666666668,2.516611478423583,46.0
13828,22,1,209.49,1,1.0,209.49,0.0,0.0,0.0,1.0,209.49,0.0,209.49,209.49,0.0,0.0,0.0,0.0,15.0,0.0,311.0
13831,16,6,2198.45,354,0.01694915254237288,6.210310734463277,70.0,48.95406009719725,150.0,0.020018392860445523,366.4083333333333,38.14465121962275,408.0,311.29999999999995,0.10410421311275514,96.70000000000005,3.8500000000000227,1.0105628972518177,12.0,19.162463307205574,123.83333333333333
13832,19,1,52.2,1,1.0,52.2,0.0,0.0,0.0,1.0,52.2,0.0,52.2,52.2,0.0,0.0,0.0,0.0,3.0,0.0,28.0
13833,159,1,383.85,1,1.0,383.85,0.0,0.0,0.0,1.0,383.85,0.0,383.85,383.85,0.0,0.0,0.0,0.0,28.0,0.0,117.0
13835,25,4,834.57,191,0.020942408376963352,4.369476439790575,62.666666666666664,37.634204300520736,102.0,0.025883799552887943,208.64249999999998,96.69237107962547,328.45,91.66000000000001,0.46343564268845266,236.78999999999996,-120.05499999999995,0.5531507053262368,13.75,6.18465843842649,110.5
13837,212,2,266.59000000000003,106,0.018867924528301886,2.515,105.0,0.0,105.0,1.0,133.29500000000002,34.287607819735705,157.54000000000002,109.05,0.25723101256412995,48.49000000000002,48.49000000000002,1.4446584135717564,9.0,1.4142135623730951,91.0
13838,6,4,674.82,365,0.010958904109589041,1.848821917808219,121.33333333333333,126.25899307904105,252.0,0.007857990824891222,168.70499999999998,62.33712082967366,230.66,93.16,0.3695036947907511,137.5,-36.97,0.8025001335541428,39.25,11.20639698267616,63.5
13841,253,1,85.0,1,1.0,85.0,0.0,0.0,0.0,1.0,85.0,0.0,85.0,85.0,0.0,0.0,0.0,0.0,1.0,0.0,100.0
13842,59,9,3385.62,309,0.02912621359223301,10.956699029126213,37.875,20.931435688934478,83.0,0.04559665013196335,376.18,133.94066970117774,638.66,293.96,0.3560547336412827,344.7,128.75400000000002,1.422629246676514,22.88888888888889,8.298259523003068,196.44444444444446
13844,11,1,361.62,1,1.0,361.62,0.0,0.0,0.0,1.0,361.62,0.0,361.62,361.62,0.0,0.0,0.0,0.0,20.0,0.0,196.0
13845,65,1,312.98,1,1.0,312.98,0.0,0.0,0.0,1.0,312.98,0.0,312.98,312.98,0.0,0.0,0.0,0.0,9.0,0.0,182.0
13846,25,3,865.0600000000001,336,0.008928571428571428,2.5745833333333334,167.0,70.71067811865476,217.0,0.013944924608652681,288.35333333333335,109.61684009919891,411.40000000000003,201.13,0.38014764328208067,210.27000000000004,-184.57000000000005,0.5513612056392804,18.333333333333332,8.504900548115382,129.33333333333334
13848,92,3,1255.0,274,0.010948905109489052,4.58029197080292,136.5,96.87362902255701,205.0,0.010217256782922898,418.3333333333333,170.31832941093958,615.0,320.0,0.40713544879109065,295.0,147.5,1.4609375,1.6666666666666667,1.1547005383792517,1233.3333333333333
13849,52,2,1537.95,120,0.016666666666666666,12.81625,119.0,0.0,119.0,1.0,768.975,248.045987772429,944.37,593.58,0.3225670376441744,350.78999999999996,350.78999999999996,1.5909734155463457,50.5,17.67766952966369,508.0
13850,129,1,1595.48,1,1.0,1595.48,0.0,0.0,0.0,1.0,1595.48,0.0,1595.48,1595.48,0.0,0.0,0.0,0.0,93.0,0.0,944.0
13851,96,3,2651.46,193,0.015544041450777202,13.738134715025907,95.5,89.80256121069154,159.0,0.01101290521618299,883.82,560.3088073553727,1298.18,246.32000000000002,0.6339625798865975,1051.8600000000001,956.2500000000001,4.882145177005522,27.0,21.79449471770337,568.3333333333334
13853,57,1,1090.14,1,1.0,1090.1399999999999,0.0,0.0,0.0,1.0,1090.1399999999999,0.0,1090.1399999999999,1090.1399999999999,0.0,0.0,0.0,0.0,23.0,0.0,312.0
13854,9,25,8109.519999999999,357,0.0700280112044818,22.715742296918766,14.416666666666666,9.82860362795053,38.0,0.09234801035830918,324.38079999999997,45.59180855884823,429.9,207.50000000000003,0.14055026856968178,222.39999999999995,-6.786923076923131,0.9793024821538742,4.4,1.6832508230603465,91.84
13856,169,3,388.5,35,0.08571428571428572,11.1,17.0,2.8284271247461903,19.0,0.2612038749637414,129.5,37.78901956918173,169.5,94.4,0.29180710092032225,75.1,52.650000000000006,1.5577330508474576,4.666666666666667,2.081665999466133,164.66666666666666
13858,57,1,216.17,1,1.0,216.17000000000002,0.0,0.0,0.0,1.0,216.17000000000002,0.0,216.17000000000002,216.17000000000002,0.0,0.0,0.0,0.0,11.0,0.0,75.0
13859,326,1,201.16,1,1.0,201.16,0.0,0.0,0.0,1.0,201.16,0.0,201.16,201.16,0.0,0.0,0.0,0.0,27.0,0.0,129.0
13860,1,5,1245.9,86,0.05813953488372093,14.487209302325583,20.75,17.764665303161028,37.0,0.05329165129481652,249.18,146.99390990785977,405.88,27.29,0.5899105462230507,378.59,-76.79999999999998,0.7398902662060557,15.2,8.757853618324527,118.2
13862,18,8,2209.36,315,0.025396825396825397,7.01384126984127,44.285714285714285,9.428932172031036,58.0,0.0958870940480237,276.17,94.59117521508774,425.1,119.66,0.342510682605235,305.44000000000005,-23.91500000000002,0.9169985509887115,17.375,6.1164298643664905,211.0
13863,248,1,305.78,1,1.0,305.78,0.0,0.0,0.0,1.0,305.78,0.0,305.78,305.78,0.0,0.0,0.0,0.0,20.0,0.0,224.0
13865,58,4,501.56,232,0.017241379310344827,2.161896551724138,76.66666666666667,26.025628394590846,102.0,0.03700191482689628,125.39,24.52162854841959,159.22,100.82,0.19556287222601154,58.400000000000006,-31.739999999999995,0.7753079428005097,7.5,1.7320508075688774,51.0
13866,74,1,145.67,1,1.0,145.67,0.0,0.0,0.0,1.0,145.67,0.0,145.67,145.67,0.0,0.0,0.0,0.0,7.0,0.0,57.0
13867,31,3,1005.09,187,0.016042780748663103,5.374812834224599,93.0,70.71067811865476,143.0,0.013944924608652681,335.03000000000003,170.23158696317202,443.79,138.85,0.508108488682124,304.94000000000005,294.27,3.1193374144760533,19.666666666666668,10.692676621563626,167.0
13868,7,2,3192.54,32,0.0625,99.766875,31.0,0.0,31.0,1.0,1596.27,1539.6967317624596,2685.0,507.54,0.9645590857201223,2177.46,2177.46,5.290223430665563,16.5,21.920310216782973,982.0
13869,123,4,3083.65,234,0.017094017094017096,13.177991452991453,77.66666666666667,53.200877185750734,139.0,0.01844988590448306,770.9125,515.6042566655814,1510.49,323.62,0.6688233186847812,1186.87,655.8149999999999,2.4803783253010687,74.75,61.786595094189586,427.25
13870,2,8,2770.94,286,0.027972027972027972,9.6886013986014,40.42857142857143,40.79974322981761,119.0,0.02392359193457092,346.3675,256.5949364688021,812.16,54.6,0.7408170121873503,757.56,9.079999999999984,1.0265631056600186,14.375,10.377688980280174,165.625
13871,23,13,6403.25,287,0.04529616724738676,22.3109756097561,23.416666666666668,12.391040262539656,44.0,0.07467679735064486,492.5576923076923,189.42985769381087,855.1700000000001,45.0,0.3845841018263446,810.1700000000001,-17.17047619047628,0.9657824588840058,25.846153846153847,10.318641333739581,215.84615384615384
13873,120,3,389.6,191,0.015706806282722512,2.0397905759162307,94.5,6.363961030678928,99.0,0.13579648178933995,129.86666666666667,26.160960099608992,159.20000000000002,108.95,0.20144476462737929,50.250000000000014,12.625000000000014,1.1039522437216962,7.666666666666667,1.1547005383792515,46.666666666666664
13874,358,1,540.45,1,1.0,540.45,0.0,0.0,0.0,1.0,540.45,0.0,540.45,540.45,0.0,0.0,0.0,0.0,18.0,0.0,180.0
13875,54,5,1786.79,248,0.020161290322580645,7.2047983870967744,61.5,17.7857620959388,80.0,0.05323180368690951,357.358,17.511346892800653,384.2,340.65,0.049002252343030385,43.55000000000001,25.863333333333344,1.0756591777829785,20.8,4.969909455915671,263.2
13876,64,1,122.7,1,1.0,122.7,0.0,0.0,0.0,1.0,122.7,0.0,122.7,122.7,0.0,0.0,0.0,0.0,7.0,0.0,36.0
13877,86,1,117.24,1,1.0,117.24,0.0,0.0,0.0,1.0,117.24,0.0,117.24,117.24,0.0,0.0,0.0,0.0,3.0,0.0,108.0
13878,55,1,1271.57,1,1.0,1271.57,0.0,0.0,0.0,1.0,1271.57,0.0,1271.57,1271.57,0.0,0.0,0.0,0.0,35.0,0.0,463.0
13880,21,13,3219.77,346,0.03757225433526012,9.305693641618497,28.5,22.889060507349157,70.0,0.04186016439166216,247.67461538461538,95.13927541726957,414.82,97.8,0.3841301025925779,317.02,45.33833333333334,1.2030726277835424,12.692307692307692,5.391113295424477,141.69230769230768
13881,4,20,17159.52,309,0.06472491909385113,55.53242718446602,15.789473684210526,14.006264262696574,43.0,0.06663883712123189,857.976,583.1701552124615,2251.94,177.60000000000002,0.6797045082991383,2074.34,-128.2639999999999,0.8609013260919546,8.9,6.016643582596529,505.9
13882,3,5,1191.13,62,0.08064516129032258,19.21177419354839,14.75,5.377421934967226,20.0,0.15680317378987077,238.22600000000003,161.33813771083388,490.55,49.5,0.6772482336555785,441.05,-172.38166666666663,0.4954510641826795,13.0,7.211102550927978,190.6
13883,11,5,2674.48,243,0.0205761316872428,11.006090534979425,60.25,99.13753073382452,207.0,0.009986265815342493,534.896,396.8825608791598,980.41,112.63,0.7419807979105468,867.78,-144.88166666666672,0.7670057224031412,28.4,17.896927110540513,287.2
13884,7,5,787.6,277,0.018050541516245487,2.843321299638989,68.75,87.91425747093963,188.0,0.011246790204898644,157.52,138.31629784663843,344.25,17.9,0.8780872133483902,326.35,113.90833333333333,2.2773572563311837,11.6,13.921206844235885,60.0
13885,189,2,506.8,12,0.16666666666666666,42.23333333333334,11.0,0.0,11.0,1.0,253.40000000000003,206.12162671587862,399.15000000000003,107.65,0.8134239412623464,291.5,-291.5,0.2696981084805211,14.0,12.727922061357855,91.0
13886,71,1,243.56,1,1.0,243.56,0.0,0.0,0.0,1.0,243.56,0.0,243.56,243.56,0.0,0.0,0.0,0.0,16.0,0.0,126.0
13887,204,1,349.55,1,1.0,349.55,0.0,0.0,0.0,1.0,349.55,0.0,349.55,349.55,0.0,0.0,0.0,0.0,19.0,0.0,147.0
13888,120,2,595.67,99,0.020202020202020204,6.016868686868688,98.0,0.0,98.0,1.0,297.83500000000004,96.55543097102306,366.11,229.56,0.32419101506210835,136.55,136.55,1.59483359470291,19.5,0.7071067811865476,127.0
13889,93,1,416.9,1,1.0,416.90000000000003,0.0,0.0,0.0,1.0,416.90000000000003,0.0,416.90000000000003,416.90000000000003,0.0,0.0,0.0,0.0,15.0,0.0,146.0
13890,1,10,1883.81,358,0.027932960893854747,5.262039106145251,39.333333333333336,81.15571452461003,251.0,0.012172007824245098,188.381,68.13251262552018,310.76,103.85000000000001,0.36167401503081614,206.90999999999997,-24.00199999999998,0.8802187821261391,11.0,4.0824829046386295,83.1
13892,27,4,632.97,220,0.01818181818181818,2.877136363636364,73.0,94.69424480928078,182.0,0.010449949231461163,158.2425,134.1261357516374,341.21,54.519999999999996,0.8475986903116255,286.69,-79.24499999999998,0.5994996588583126,6.75,9.535023160258536,245.75
13893,298,1,821.1,1,1.0,821.1,0.0,0.0,0.0,1.0,821.1,0.0,821.1,821.1,0.0,0.0,0.0,0.0,21.0,0.0,190.0
13894,24,3,564.62,287,0.010452961672473868,1.9673170731707317,143.0,202.2325394193526,286.0,0.004920471903057745,188.20666666666668,83.97624445837842,282.45,121.32000000000001,0.44619165699963736,161.13,41.035,1.2551134597451041,8.666666666666666,7.094598884597588,118.0
13895,28,4,2593.07,137,0.029197080291970802,18.927518248175183,45.0,28.160255680657446,76.0,0.034293252122042234,648.2675,249.3293863379659,973.81,382.46000000000004,0.3846088016720966,591.3499999999999,359.23499999999996,1.7665315267257014,29.5,10.214368964029708,341.25
13897,50,1,311.16,1,1.0,311.16,0.0,0.0,0.0,1.0,311.16,0.0,311.16,311.16,0.0,0.0,0.0,0.0,17.0,0.0,200.0
13898,326,1,155.93,1,1.0,155.93,0.0,0.0,0.0,1.0,155.93,0.0,155.93,155.93,0.0,0.0,0.0,0.0,12.0,0.0,133.0
13899,16,2,388.52,259,0.007722007722007722,1.50007722007722,258.0,0.0,258.0,1.0,194.26,147.41762174177143,298.5,90.02,0.7588676090897325,208.48000000000002,-208.48000000000002,0.30157453936348405,9.5,7.7781745930520225,78.0
13900,183,3,740.95,80,0.0375,9.261875,39.5,43.1335136523794,70.0,0.0226585176942078,246.98333333333335,206.71347617737294,374.87,8.5,0.8369531392565204,366.37,-165.89500000000004,0.5360618602830135,14.333333333333334,12.583057392117915,143.33333333333334
13901,72,5,2867.2000000000003,247,0.020242914979757085,11.608097165991904,61.25,26.28529373369578,97.0,0.03664977953911697,573.44,563.3412705900395,1561.0900000000001,214.4,0.9823892135010454,1346.69,415.48333333333335,2.2817625584862977,29.8,26.892378102354577,347.8
13904,37,2,332.64,258,0.007751937984496124,1.2893023255813953,257.0,0.0,257.0,1.0,166.32,49.214631970583696,201.12,131.52,0.2959032706264051,69.6,-69.6,0.6539379474940334,13.0,5.656854249492381,166.0
13908,80,4,2369.55,197,0.02030456852791878,12.028172588832488,65.33333333333333,20.840665376454112,88.0,0.04578615086874027,592.3875,242.56147335950396,907.94,335.11,0.40946419929438743,572.83,353.665,1.8510666458110239,30.5,10.503967504392488,369.5
13911,57,9,2580.91,252,0.03571428571428571,10.241706349206348,30.875,26.4436732914105,87.0,0.036438270831368136,286.7677777777778,104.74123671908998,516.12,143.28,0.36524757952497755,372.84000000000003,25.90700000000004,1.095115190454337,16.444444444444443,7.875771567140439,303.44444444444446
13914,12,2,626.45,25,0.08,25.058000000000003,24.0,0.0,24.0,1.0,313.225,11.094505396816949,321.07,305.38,0.035420242307660464,15.689999999999998,-15.689999999999998,0.9511321518671941,16.5,0.7071067811865476,190.0
13917,50,2,272.04,142,0.014084507042253521,1.9157746478873237,141.0,0.0,141.0,1.0,136.01999999999998,99.90004604603544,206.66,65.38,0.7344511545804695,141.28,141.28,3.1609054756806363,9.0,5.656854249492381,114.0
13918,50,2,1212.84,204,0.00980392156862745,5.94529411764706,203.0,0.0,203.0,1.0,606.4200000000001,577.3102604319449,1014.6400000000001,198.20000000000002,0.9519973952573214,816.44,816.44,5.119273461150353,15.0,9.899494936611665,570.0
13919,59,2,384.81,63,0.031746031746031744,6.108095238095238,62.0,0.0,62.0,1.0,192.405,29.337860351429864,213.15,171.66,0.15247971908957597,41.49000000000001,-41.49000000000001,0.8053483462350457,14.0,2.8284271247461903,237.0
13922,352,1,172.25,1,1.0,172.25,0.0,0.0,0.0,1.0,172.25,0.0,172.25,172.25,0.0,0.0,0.0,0.0,7.0,0.0,93.0
13923,54,1,351.13,1,1.0,351.13,0.0,0.0,0.0,1.0,351.13,0.0,351.13,351.13,0.0,0.0,0.0,0.0,20.0,0.0,185.0
13924,2,6,1838.85,71,0.08450704225352113,25.899295774647886,13.4,8.502940667792526,27.0,0.10523058440101718,306.47499999999997,218.5895139982703,679.03,23.55,0.7132376670145046,655.48,-161.22333333333333,0.5834955134939634,19.5,12.708265027138834,262.5
13925,93,4,678.25,43,0.09302325581395349,15.773255813953488,14.0,14.52583904633395,29.0,0.06440875736349501,169.5625,144.89623146123114,380.12,49.5,0.8545299312125685,330.62,-156.925,0.3673016832980546,10.25,10.1447851956888,82.75
13926,23,1,223.85,1,1.0,223.85000000000002,0.0,0.0,0.0,1.0,223.85000000000002,0.0,223.85000000000002,223.85000000000002,0.0,0.0,0.0,0.0,11.0,0.0,104.0
13927,75,1,348.99,1,1.0,348.99,0.0,0.0,0.0,1.0,348.99,0.0,348.99,348.99,0.0,0.0,0.0,0.0,21.0,0.0,214.0
13928,11,4,464.57,123,0.032520325203252036,3.7769918699186995,40.333333333333336,30.171730698343,75.0,0.032080349008441714,116.14250000000001,12.436233017544607,131.22,104.2,0.10707736631762366,27.019999999999996,6.835000000000008,1.0606342869815923,6.75,1.5,32.25
13929,169,2,842.65,158,0.012658227848101266,5.3332278481012665,157.0,0.0,157.0,1.0,421.32500000000005,11.985459941111952,429.8,412.85,0.028447065664539133,16.94999999999999,16.94999999999999,1.0410560736344918,4.5,3.5355339059327378,71.5
13930,58,2,337.34,79,0.02531645569620253,4.270126582278482,78.0,0.0,78.0,1.0,168.67000000000002,58.449446532880025,210.0,127.34,0.346531372104583,82.66,-82.66,0.6063809523809524,8.5,2.1213203435596424,137.0
13931,96,2,1237.53,186,0.010752688172043012,6.653387096774194,185.0,0.0,185.0,1.0,618.7650000000001,340.1961434966599,859.32,378.21000000000004,0.5497986206341016,481.11,481.11,2.2720710716268737,29.0,12.727922061357855,362.5
13932,295,1,307.4,1,1.0,307.4,0.0,0.0,0.0,1.0,307.4,0.0,307.4,307.4,0.0,0.0,0.0,0.0,16.0,0.0,72.0
13933,109,2,608.79,40,0.05,15.21975,39.0,0.0,39.0,1.0,304.395,4.81539717988041,307.8,300.99,0.015819567272394128,6.810000000000002,6.810000000000002,1.0226253363899134,11.5,3.5355339059327378,102.5
13934,264,1,922.1,1,1.0,922.1,0.0,0.0,0.0,1.0,922.1,0.0,922.1,922.1,0.0,0.0,0.0,0.0,31.0,0.0,390.0
13936,180,1,376.58,1,1.0,376.58,0.0,0.0,0.0,1.0,376.58,0.0,376.58,376.58,0.0,0.0,0.0,0.0,26.0,0.0,330.0
13937,169,1,158.85,1,1.0,158.85,0.0,0.0,0.0,1.0,158.85,0.0,158.85,158.85,0.0,0.0,0.0,0.0,9.0,0.0,123.0
13938,35,1,71.66,1,1.0,71.66,0.0,0.0,0.0,1.0,71.66,0.0,71.66,71.66,0.0,0.0,0.0,0.0,7.0,0.0,70.0
13939,23,3,568.55,289,0.010380622837370242,1.9673010380622835,144.0,83.43860018001261,203.0,0.011842924892976957,189.51666666666665,14.358079026573625,205.71,178.34,0.07576156376698774,27.370000000000005,7.525000000000006,1.0407859078590787,15.0,6.082762530298219,282.3333333333333
13940,17,4,839.14,127,0.031496062992125984,6.607401574803149,41.666666666666664,13.051181300301263,52.0,0.0711683935057161,209.785,25.046598571462756,225.24,172.44,0.11939175141913272,52.80000000000001,28.51000000000002,1.14580882728993,12.25,3.095695936834452,129.0
13941,22,5,5112.96,351,0.014245014245014245,14.566837606837607,87.25,25.90205912020638,125.0,0.03717187578585354,1022.592,196.8280308289447,1253.66,712.3,0.19247953321456132,541.3600000000001,-61.48000000000002,0.9419715332049685,9.0,1.2247448713915892,472.8
13946,79,3,561.57,189,0.015873015873015872,2.9712698412698417,94.0,39.59797974644666,122.0,0.024631767547189955,187.19000000000003,102.16248969166718,276.12,75.6,0.5457689496857052,200.52,-33.98999999999998,0.8380271622587564,3.6666666666666665,1.5275252316519465,147.66666666666666
13947,65,1,90.6,1,1.0,90.60000000000001,0.0,0.0,0.0,1.0,90.60000000000001,0.0,90.60000000000001,90.60000000000001,0.0,0.0,0.0,0.0,5.0,0.0,44.0
13948,361,1,102.0,1,1.0,102.0,0.0,0.0,0.0,1.0,102.0,0.0,102.0,102.0,0.0,0.0,0.0,0.0,3.0,0.0,40.0
13949,3,6,2427.32,92,0.06521739130434782,26.383913043478262,17.8,5.167204273105526,25.0,0.16214802619087645,404.55333333333334,102.21077784004319,537.9,302.91,0.252650934792388,234.98999999999995,0.9933333333333394,1.0024584010493578,26.666666666666668,11.05742586078092,412.3333333333333
13950,11,4,745.0600000000001,236,0.01694915254237288,3.1570338983050843,78.0,84.1130192063036,173.0,0.011749083857266555,186.265,65.14673923791837,280.46,140.94,0.34975298224528695,139.51999999999998,48.870000000000005,1.301983562998208,8.75,2.217355782608345,80.75
13951,176,3,674.45,119,0.025210084033613446,5.66764705882353,58.5,2.1213203435596424,60.0,0.32037724101704074,224.8166666666667,73.31743607992122,303.49,158.4,0.32612099968828473,145.09,18.38499999999999,1.086493225442228,13.0,6.557438524302,153.0
13952,218,2,3251.071,21,0.09523809523809523,154.81290476190475,20.0,0.0,20.0,1.0,1625.5355,590.0459606678958,2042.761,1208.31,0.3629855888523479,834.451,-834.451,0.5915082576963238,68.5,34.64823227814083,715.5
13953,7,7,3515.68,346,0.02023121387283237,10.160924855491329,57.166666666666664,12.890565025113007,77.0,0.07199131195830274,502.23999999999995,123.51789937764754,750.0,354.36,0.24593401437091342,395.64,-141.91333333333336,0.75672,2.857142857142857,3.1847852585154217,389.14285714285717
13954,2,2,439.92,70,0.02857142857142857,6.284571428571428,69.0,0.0,69.0,1.0,219.95999999999998,10.535891039679552,227.41,212.51,0.04789912274813399,14.900000000000006,-14.900000000000006,0.9344795743371004,12.5,0.7071067811865476,75.0
13955,154,2,322.96,152,0.013157894736842105,2.124736842105263,151.0,0.0,151.0,1.0,161.48,61.687995590714394,205.1,117.86,0.38201632146838244,87.24,-87.24,0.5746465138956607,16.5,7.7781745930520225,77.0
13956,5,5,1019.27,267,0.018726591760299626,3.81749063670412,66.0,34.53500639447844,105.0,0.028141264107254635,203.85399999999998,105.09701627543953,385.75,118.02,0.5155504246933567,267.73,97.82333333333335,1.673900064296868,28.2,13.700364958642524,97.2
13959,79,3,594.04,284,0.01056338028169014,2.09169014084507,141.0,84.8528137423857,201.0,0.0116478418867045,198.01333333333332,68.4991863698638,256.6,122.7,0.34593219161940514,133.90000000000003,-25.090000000000003,0.8831610319456086,28.666666666666668,20.231987873991358,118.33333333333333
13960,21,2,230.22,51,0.0392156862745098,4.514117647058823,50.0,0.0,50.0,1.0,115.11,18.3706341752265,128.1,102.12,0.15959199179242897,25.97999999999999,-25.97999999999999,0.7971896955503514,6.0,2.8284271247461903,71.0
13962,22,2,169.54999999999998,224,0.008928571428571428,0.7569196428571429,223.0,0.0,223.0,1.0,84.775,46.42156018489684,117.6,51.95,0.5475854931866333,65.64999999999999,-65.64999999999999,0.44175170068027214,5.5,2.1213203435596424,43.5
13963,308,4,664.54,60,0.06666666666666667,11.075666666666667,19.333333333333332,8.504900548115382,28.0,0.10520888618853341,166.135,42.623507207486654,215.41,115.67999999999999,0.25655946794767304,99.73,-34.440000000000026,0.8121676529137465,8.75,3.0956959368344514,115.0
13967,146,1,80.7,1,1.0,80.7,0.0,0.0,0.0,1.0,80.7,0.0,80.7,80.7,0.0,0.0,0.0,0.0,2.0,0.0,42.0
13969,7,18,9024.17,358,0.05027932960893855,25.20717877094972,20.529411764705884,16.681268113736223,55.0,0.05655702936958012,501.34277777777777,368.2126062130179,1204.36,20.11,0.7344527986323753,1184.25,358.85888888888894,2.114768640282754,34.0,24.99647033906517,251.55555555555554
13971,19,8,2758.26,267,0.0299625468164794,10.330561797752809,37.714285714285715,22.388347309216353,69.0,0.04275633445916645,344.7825,33.5721354484851,400.70000000000005,306.46,0.09737192417969327,94.24000000000007,49.075000000000045,1.1532420490561914,18.625,3.2043497223082786,230.5
13972,71,2,190.25,132,0.015151515151515152,1.441287878787879,131.0,0.0,131.0,1.0,95.125,71.8066936294939,145.9,44.349999999999994,0.7548666873008558,101.55000000000001,-101.55000000000001,0.30397532556545576,7.5,2.1213203435596424,93.5
13973,287,1,264.7,1,1.0,264.7,0.0,0.0,0.0,1.0,264.7,0.0,264.7,264.7,0.0,0.0,0.0,0.0,11.0,0.0,109.0
13974,49,1,413.59,1,1.0,413.59000000000003,0.0,0.0,0.0,1.0,413.59000000000003,0.0,413.59000000000003,413.59000000000003,0.0,0.0,0.0,0.0,28.0,0.0,249.0
13975,31,6,2461.24,246,0.024390243902439025,10.005040650406503,48.4,44.28092139962763,96.0,0.022084356260652936,410.20666666666665,232.2774437319876,722.07,151.76,0.566244926294033,570.3100000000001,83.23333333333335,1.225815495084873,53.333333333333336,44.92957452131799,282.8333333333333
13976,207,1,357.98,1,1.0,357.98,0.0,0.0,0.0,1.0,357.98,0.0,357.98,357.98,0.0,0.0,0.0,0.0,10.0,0.0,154.0
13978,15,2,196.79,31,0.06451612903225806,6.348064516129033,30.0,0.0,30.0,1.0,98.39500000000001,85.69427081199771,158.99,37.8,0.8709209900096316,121.19000000000001,-121.19000000000001,0.23775080193722872,7.5,9.192388155425117,157.5
13979,73,1,869.87,1,1.0,869.87,0.0,0.0,0.0,1.0,869.87,0.0,869.87,869.87,0.0,0.0,0.0,0.0,54.0,0.0,639.0
13980,60,1,200.14,1,1.0,200.14,0.0,0.0,0.0,1.0,200.14,0.0,200.14,200.14,0.0,0.0,0.0,0.0,11.0,0.0,172.0
13982,39,4,1871.81,327,0.012232415902140673,5.724189602446484,108.33333333333333,63.95571384429489,163.0,0.015395104461435008,467.95250000000004,131.44455798929067,641.6700000000001,326.34000000000003,0.2808929495820423,315.33000000000004,32.105000000000075,1.0710444788670062,27.25,7.58836829188814,284.0
13983,30,12,2603.43,338,0.03550295857988166,7.702455621301776,30.09090909090909,27.3439373370206,98.0,0.035280913449306825,216.95250000000001,149.75145141958635,398.03999999999996,7.800000000000001,0.6902499460461914,390.23999999999995,-81.21833333333333,0.6846645139998835,8.75,9.82691110258874,98.58333333333333
13984,27,5,920.51,340,0.014705882352941176,2.7073823529411762,84.25,35.415392133929565,123.0,0.02746091532729269,184.102,140.60855528736508,432.48,101.18,0.7637535457918169,331.3,69.54499999999999,1.4884635645302897,3.2,1.6431676725154984,135.8
13985,4,15,7060.13,261,0.05747126436781609,27.05030651340996,18.071428571428573,13.635159787020553,49.0,0.06832860143330088,470.67533333333336,206.21848056531368,1018.22,147.56,0.4381331800518836,870.6600000000001,139.7376785714286,1.3527405843406515,23.266666666666666,9.145386554875373,229.66666666666666
13986,17,1,320.46,1,1.0,320.46,0.0,0.0,0.0,1.0,320.46,0.0,320.46,320.46,0.0,0.0,0.0,0.0,12.0,0.0,430.0
13988,20,6,4147.96,235,0.02553191489361702,17.65089361702128,46.2,26.527344382730814,89.0,0.03632751441971085,691.3266666666667,294.78334211190884,1261.81,462.44,0.4264023888059318,799.3699999999999,100.32000000000005,1.1564647777488952,39.0,15.556349186104043,507.3333333333333
13989,66,2,1266.08,174,0.011494252873563218,7.27632183908046,173.0,0.0,173.0,1.0,633.04,372.829121448419,896.67,369.41,0.5889503371799871,527.26,-527.26,0.4119798811156836,20.5,3.5355339059327378,656.5
13990,213,1,311.3,1,1.0,311.3,0.0,0.0,0.0,1.0,311.3,0.0,311.3,311.3,0.0,0.0,0.0,0.0,16.0,0.0,190.0
13991,12,6,852.88,132,0.045454545454545456,6.461212121212121,25.8,27.48090245970827,68.0,0.035111246963283306,142.14666666666668,66.21960545538356,210.85,31.299999999999997,0.4658540858412688,179.55,-73.8133333333333,0.5877578375158241,13.333333333333334,10.633281086601006,165.83333333333334
13992,30,1,76.8,1,1.0,76.8,0.0,0.0,0.0,1.0,76.8,0.0,76.8,76.8,0.0,0.0,0.0,0.0,5.0,0.0,64.0
13993,43,9,3466.36,288,0.03125,12.035972222222222,35.5,16.58743069745454,60.0,0.05685878837007908,385.1511111111111,102.75953635118792,535.59,219.0,0.2668031673457723,316.59000000000003,21.50299999999993,1.0576171273160861,13.444444444444445,6.482883446258908,100.0
13994,4,6,2274.14,145,0.041379310344827586,15.683724137931033,28.2,11.945710527214361,42.0,0.0772456635653801,379.0233333333333,262.25511958142334,769.11,116.10000000000001,0.6919234160995102,653.01,237.6266666666666,1.9132111243482826,24.0,22.360679774997898,155.33333333333334
13995,15,5,1393.69,231,0.021645021645021644,6.033290043290044,57.5,33.80828300875393,104.0,0.028728794228330943,278.738,97.78788304283921,408.25,153.2,0.35082365175483504,255.05,-134.35333333333335,0.6261212374194146,17.2,7.155417527999327,175.8
13999,10,12,3901.81,352,0.03409090909090909,11.084687500000001,31.545454545454547,14.486984754348546,67.0,0.06457034831904337,325.15083333333337,28.258234989060618,395.97,301.48,0.08690808108768171,94.49000000000001,27.33499999999998,1.0877575044143613,17.333333333333332,3.2844906435973886,186.91666666666666
14000,211,1,635.66,1,1.0,635.66,0.0,0.0,0.0,1.0,635.66,0.0,635.66,635.66,0.0,0.0,0.0,0.0,15.0,0.0,710.0
14001,46,3,2043.08,328,0.009146341463414634,6.22890243902439,163.5,33.23401871576773,187.0,0.02921071020912346,681.0266666666666,356.28914456285827,1007.9,301.24,0.5231647481687329,706.66,569.6800000000001,2.8911167175673884,13.0,3.4641016151377544,320.6666666666667
14002,134,2,529.73,23,0.08695652173913043,23.031739130434783,22.0,0.0,22.0,1.0,264.865,56.67460851210178,304.94,224.79,0.21397545357862222,80.15,80.15,1.3565550068953245,23.5,13.435028842544403,438.5
14004,43,7,4582.64,246,0.028455284552845527,18.628617886178862,40.5,38.7543545940324,115.0,0.025154477043129054,654.6628571428572,218.2947036091566,900.02,241.0,0.33344598861444413,659.02,-135.54999999999995,0.8148527563787358,24.428571428571427,8.202786982831768,381.14285714285717
14005,10,5,2874.72,207,0.024154589371980676,13.887536231884058,51.25,12.893796958227625,66.0,0.07197456555659684,574.944,743.9985829825215,1897.04,144.3,1.2940366070130682,1752.74,682.0233333333334,5.115267805064462,16.8,8.07465169527454,495.6
14006,116,3,962.19,197,0.015228426395939087,4.884213197969544,98.0,38.18376618407357,125.0,0.02552077294720217,320.73,32.04721048702989,357.65,300.1,0.09991959120453307,57.549999999999955,24.435000000000002,1.0802621206148995,10.0,3.0,213.66666666666666
14009,198,2,695.61,8,0.25,86.95125,7.0,0.0,7.0,1.0,347.805,46.81753998236134,380.91,314.7,0.1346085880949421,66.21000000000004,-66.21000000000004,0.826179412459636,21.0,4.242640687119285,182.5
14012,278,1,328.8,1,1.0,328.8,0.0,0.0,0.0,1.0,328.8,0.0,328.8,328.8,0.0,0.0,0.0,0.0,11.0,0.0,160.0
14013,110,3,473.02,166,0.018072289156626505,2.8495180722891567,82.5,67.17514421272202,130.0,0.01466810245211615,157.67333333333332,40.412301757426945,199.22,118.5,0.25630397292351453,80.72,58.75999999999999,1.4958649789029534,11.333333333333334,3.511884584284246,154.0
14014,77,1,505.18,1,1.0,505.18,0.0,0.0,0.0,1.0,505.18,0.0,505.18,505.18,0.0,0.0,0.0,0.0,39.0,0.0,1076.0
14015,53,1,917.34,1,1.0,917.34,0.0,0.0,0.0,1.0,917.34,0.0,917.34,917.34,0.0,0.0,0.0,0.0,20.0,0.0,378.0
14016,162,4,4341.21,196,0.02040816326530612,22.1490306122449,64.66666666666667,20.744477176668816,87.0,0.04598868907609195,1085.3025,304.3719547280924,1477.56,753.74,0.2804489575285162,723.8199999999999,-60.695000000000164,0.945596737328015,40.25,6.18465843842649,531.25
14019,47,3,1421.61,92,0.03260869565217391,15.452282608695654,45.0,8.48528137423857,51.0,0.10542649822871226,473.87000000000006,128.4845854567777,621.08,384.29,0.27113888926662943,236.79000000000002,134.37000000000006,1.3496578105076897,22.0,4.358898943540674,345.6666666666667
14020,17,2,642.8,72,0.027777777777777776,8.927777777777777,71.0,0.0,71.0,1.0,321.4,13.774440097513898,331.14,311.66,0.04285762320321686,19.47999999999996,-19.47999999999996,0.9411729177991183,19.5,2.1213203435596424,220.5
14021,155,3,631.9,102,0.029411764705882353,6.1950980392156865,50.0,8.48528137423857,56.0,0.10542649822871226,210.63333333333333,86.89616408871761,302.8,130.2,0.41254706799517776,172.60000000000002,17.599999999999994,1.0884866767219707,7.333333333333333,6.6583281184793925,64.0
14022,225,1,440.0,1,1.0,440.0,0.0,0.0,0.0,1.0,440.0,0.0,440.0,440.0,0.0,0.0,0.0,0.0,28.0,0.0,487.0
14023,7,2,584.07,243,0.00823045267489712,2.40358024691358,242.0,0.0,242.0,1.0,292.03499999999997,26.721565261039665,310.93,273.14,0.09150124218343578,37.79000000000002,37.79000000000002,1.1383539576773816,15.5,0.7071067811865476,172.5
14024,122,2,327.7,3,0.6666666666666666,109.23333333333333,2.0,0.0,2.0,1.0,163.85,139.44145724998717,262.45,65.25,0.8510311702776148,197.2,-197.2,0.24861878453038674,8.0,7.0710678118654755,75.0
14027,61,1,104.82,1,1.0,104.82,0.0,0.0,0.0,1.0,104.82,0.0,104.82,104.82,0.0,0.0,0.0,0.0,6.0,0.0,62.0
14029,63,2,467.66,81,0.024691358024691357,5.77358024691358,80.0,0.0,80.0,1.0,233.82999999999998,97.0574767856655,302.46,165.20000000000002,0.4150770935537164,137.25999999999996,137.25999999999996,1.8308716707021788,7.5,2.1213203435596424,99.0
14030,18,8,2358.84,349,0.022922636103151862,6.7588538681948425,49.285714285714285,42.75400287580991,122.0,0.022855051750084922,294.855,221.73062498703882,670.55,5.95,0.7519988638043744,664.5999999999999,-70.99000000000001,0.785106705009838,30.125,17.125065171930213,184.75
14031,7,19,17286.86,366,0.05191256830601093,47.231857923497266,19.88888888888889,14.780308397995938,52.0,0.06337011766683835,909.8347368421053,552.8666219438909,2068.09,99.63,0.6076560935261769,1968.46,320.1505555555558,1.4318571165211087,13.157894736842104,8.852263727398501,304.63157894736844
14032,2,11,2975.59,365,0.030136986301369864,8.152301369863014,35.9,26.970972050212307,81.0,0.0357513495850213,270.5081818181818,69.75384818319085,315.56,102.72,0.2578622491724664,212.84,-67.1106666666667,0.781479624287181,13.0,6.308724118235001,184.72727272727272
14034,22,3,648.89,136,0.022058823529411766,4.77125,67.5,95.45941546018392,135.0,0.010367054322579587,216.29666666666665,221.12911710883603,455.16999999999996,18.740000000000002,1.0223417702946695,436.42999999999995,-358.30999999999995,0.21279961333128283,28.0,28.827070610799147,140.0
14035,29,5,1428.02,269,0.01858736059479554,5.308624535315985,66.75,64.66000824827249,160.0,0.015229970672845749,285.604,94.24475412456654,398.98,136.68,0.32998401326510324,262.3,-107.81,0.692226440948928,13.0,8.689073598491385,147.8
14036,285,1,626.65,1,1.0,626.65,0.0,0.0,0.0,1.0,626.65,0.0,626.65,626.65,0.0,0.0,0.0,0.0,38.0,0.0,268.0
14037,176,2,147.20000000000002,189,0.010582010582010581,0.7788359788359788,188.0,0.0,188.0,1.0,73.6,54.02295808265222,111.8,35.400000000000006,0.7340075826447313,76.39999999999999,-76.39999999999999,0.3166368515205725,14.0,16.97056274847714,23.0
14038,78,3,1560.38,129,0.023255813953488372,12.095968992248062,64.0,1.4142135623730951,65.0,0.4142135623730951,520.1266666666667,177.66708455235408,716.32,370.1,0.3415842638697383,346.22,-294.29,0.5891640607549699,30.666666666666668,12.897028081435403,321.6666666666667
14039,33,1,152.2,1,1.0,152.2,0.0,0.0,0.0,1.0,152.2,0.0,152.2,152.2,0.0,0.0,0.0,0.0,6.0,0.0,92.0
14040,41,12,3560.32,291,0.041237113402061855,12.234776632302406,25.90909090909091,20.839647527991186,74.0,0.04578828475680899,296.6933333333333,178.82670993975924,684.8100000000001,39.84,0.6027324845174341,644.97,-55.0,0.8303481461679245,18.583333333333332,16.27300236774413,128.66666666666666
14041,266,1,141.41,1,1.0,141.41,0.0,0.0,0.0,1.0,141.41,0.0,141.41,141.41,0.0,0.0,0.0,0.0,21.0,0.0,94.0
14044,27,4,646.42,284,0.014084507042253521,2.27612676056338,94.0,62.960304954788775,164.0,0.015634697187683264,161.605,35.97623335851971,195.48,110.71000000000001,0.22261831848346098,84.76999999999998,-17.02000000000001,0.8999500338006642,51.5,19.77371993328519,76.0
14045,109,4,1659.75,265,0.01509433962264151,6.263207547169811,87.66666666666667,122.78572121111368,228.0,0.008078476178157278,414.9375,190.92300967929452,682.8,242.55,0.4601247409050629,440.24999999999994,-179.325,0.6446195005945303,1.5,1.0,133.75
14046,284,1,154.99,1,1.0,154.99,0.0,0.0,0.0,1.0,154.99,0.0,154.99,154.99,0.0,0.0,0.0,0.0,14.0,0.0,460.0
14047,9,5,1308.61,365,0.0136986301369863,3.585232876712329,90.5,49.00680224893955,137.0,0.019997279470538552,261.72200000000004,143.1851372175199,351.15,9.3,0.5470886559690048,341.84999999999997,189.3533333333333,2.278464204532667,6.4,4.878524367060187,76.2
14048,305,1,409.93,1,1.0,409.93,0.0,0.0,0.0,1.0,409.93,0.0,409.93,409.93,0.0,0.0,0.0,0.0,83.0,0.0,288.0
14049,17,4,5578.72,302,0.013245033112582781,18.47258278145695,100.0,51.884487084291386,142.0,0.0189091367834602,1394.6799999999998,954.7084397867236,2333.98,226.93,0.6845358360245531,2107.05,-228.45000000000005,0.8485988183484049,119.0,75.37904218017101,952.0
14050,32,2,746.36,75,0.02666666666666667,9.951466666666667,74.0,0.0,74.0,1.0,373.18,159.52328983568515,485.98,260.38,0.42747009442007916,225.60000000000002,-225.60000000000002,0.5357833655705996,27.0,14.142135623730951,344.5
14051,1,23,15610.39,366,0.06284153005464481,42.65133879781421,16.136363636363637,10.015680347028495,39.0,0.09077968572951124,678.7126086956522,234.06184796908605,1203.9,300.1,0.3448614995069937,903.8000000000001,284.42613636363603,1.536332943628845,9.08695652173913,3.1466149702102086,163.30434782608697
14052,20,1,225.36,1,1.0,225.35999999999999,0.0,0.0,0.0,1.0,225.35999999999999,0.0,225.35999999999999,225.35999999999999,0.0,0.0,0.0,0.0,56.0,0.0,89.0
14053,124,2,260.25,36,0.05555555555555555,7.229166666666667,35.0,0.0,35.0,1.0,130.125,34.11790219225092,154.25,106.0,0.26219329254371504,48.25,-48.25,0.6871961102106969,1.5,0.7071067811865476,107.5
14054,65,1,92.46,1,1.0,92.46000000000001,0.0,0.0,0.0,1.0,92.46000000000001,0.0,92.46000000000001,92.46000000000001,0.0,0.0,0.0,0.0,6.0,0.0,62.0
14055,106,1,725.6400000000001,1,1.0,725.6400000000001,0.0,0.0,0.0,1.0,725.6400000000001,0.0,725.6400000000001,725.6400000000001,0.0,0.0,0.0,0.0,10.0,0.0,216.0
14056,1,23,8152.71,283,0.0812720848056537,28.808162544169612,12.318181818181818,6.556613263658113,25.0,0.13233441557864056,354.46565217391304,166.10547530316902,653.6800000000001,6.300000000000001,0.46860809865344005,647.3800000000001,42.740303030302925,1.1286713758804685,46.34782608695652,24.770966685089903,184.8695652173913
14057,24,17,6211.66,337,0.050445103857566766,18.432225519287833,20.5,19.4662100403066,65.0,0.04886102497876149,365.39176470588234,185.188909469334,639.16,41.6,0.506822888081234,597.56,59.71347222222221,1.1789013597247344,16.647058823529413,15.008086055817495,286.6470588235294
14059,267,1,183.6,1,1.0,183.6,0.0,0.0,0.0,1.0,183.6,0.0,183.6,183.6,0.0,0.0,0.0,0.0,8.0,0.0,128.0
14060,5,19,6140.42,369,0.051490514905149054,16.64070460704607,19.944444444444443,9.333508401719437,38.0,0.09677255401791765,323.18,135.4576196125973,738.58,140.0,0.41913985894113903,598.58,49.95311111111107,1.168255239520958,10.631578947368421,5.549880142006967,283.4736842105263
14062,10,12,10464.85,355,0.03380281690140845,29.478450704225352,31.818181818181817,27.00673316718696,83.0,0.03570569955554875,872.0708333333333,551.2624693697243,1708.68,237.6,0.6321303824170142,1471.0800000000002,132.59833333333313,1.1645606799279362,9.25,6.16625715265973,466.0833333333333
14064,29,5,1334.34,246,0.02032520325203252,5.424146341463414,60.75,35.83643397437865,98.0,0.02714703602133539,266.868,70.14735647192988,375.35,185.15,0.26285413190015244,190.20000000000002,-22.30333333333334,0.9204162949747249,14.2,7.293833011524187,354.4
14066,267,1,152.55,1,1.0,152.55,0.0,0.0,0.0,1.0,152.55,0.0,152.55,152.55,0.0,0.0,0.0,0.0,7.0,0.0,45.0
14067,64,2,374.7,33,0.06060606060606061,11.354545454545454,32.0,0.0,32.0,1.0,187.35,52.7784501477639,224.67,150.03,0.2817104358033835,74.63999999999999,-74.63999999999999,0.6677794098010416,26.0,1.4142135623730951,180.5
14068,320,1,265.85,1,1.0,265.85,0.0,0.0,0.0,1.0,265.85,0.0,265.85,265.85,0.0,0.0,0.0,0.0,22.0,0.0,73.0
14071,4,8,1437.57,262,0.030534351145038167,5.486908396946565,37.0,77.77746031681244,213.0,0.012693986274479874,179.69625,95.9298512958446,341.24,29.419999999999998,0.5338444808717189,311.82,-35.84250000000003,0.818626892861209,40.125,31.84981498040003,124.25
14073,32,1,151.04,1,1.0,151.04,0.0,0.0,0.0,1.0,151.04,0.0,151.04,151.04,0.0,0.0,0.0,0.0,13.0,0.0,130.0
14075,5,3,942.26,257,0.011673151750972763,3.666381322957198,127.5,160.51323932934628,241.0,0.006191442906800175,314.08666666666664,5.354711321194942,317.56,307.92,0.017048515233146717,9.639999999999986,9.25,1.030040270200052,14.333333333333334,5.507570547286102,251.33333333333334
14076,129,1,118.67,1,1.0,118.67,0.0,0.0,0.0,1.0,118.67,0.0,118.67,118.67,0.0,0.0,0.0,0.0,43.0,0.0,79.0
14077,41,5,499.42,234,0.021367521367521368,2.134273504273504,57.75,30.5,103.0,0.031746031746031744,99.88399999999999,30.39591798251864,132.72,56.3,0.3043121819562557,76.42,0.1316666666666464,1.0013192391830734,8.4,6.841052550594828,53.6
14078,102,6,1049.37,272,0.022058823529411766,3.85797794117647,53.8,33.07113545072198,89.0,0.029350357326550724,174.89499999999998,50.13895601226655,243.92999999999998,111.28999999999999,0.2866803282670548,132.64,34.663333333333355,1.219996192007447,10.833333333333334,2.5625508125043424,51.666666666666664
14079,125,1,375.1,1,1.0,375.1,0.0,0.0,0.0,1.0,375.1,0.0,375.1,375.1,0.0,0.0,0.0,0.0,12.0,0.0,301.0
14080,33,1,45.6,1,1.0,45.599999999999994,0.0,0.0,0.0,1.0,45.599999999999994,0.0,45.599999999999994,45.599999999999994,0.0,0.0,0.0,0.0,4.0,0.0,48.0
14081,302,2,921.62,68,0.029411764705882353,13.553235294117647,67.0,0.0,67.0,1.0,460.81,52.73602374089274,498.1,423.52,0.11444201241486239,74.58000000000004,74.58000000000004,1.1760955799017756,72.5,7.7781745930520225,296.0
14082,365,1,182.25,1,1.0,182.25,0.0,0.0,0.0,1.0,182.25,0.0,182.25,182.25,0.0,0.0,0.0,0.0,28.0,0.0,110.0
14083,4,9,1002.9,368,0.024456521739130436,2.725271739130435,45.5,44.606213532581826,118.0,0.02192683677380021,111.43333333333334,154.61208911336783,446.57,14.4,1.3874850952441025,432.17,-5.861999999999995,0.9488883076118232,19.666666666666668,27.54995462791182,78.33333333333333
14085,2,18,4421.29,367,0.04904632152588556,12.047111716621254,21.058823529411764,25.525650305710368,96.0,0.03769935848791322,245.62722222222223,118.19843339290054,466.49,13.95,0.4812106423854146,452.54,-58.44777777777779,0.7873474931882312,24.72222222222222,13.58115283833816,176.5
14087,3,1,191.47,1,1.0,191.47,0.0,0.0,0.0,1.0,191.47,0.0,191.47,191.47,0.0,0.0,0.0,0.0,61.0,0.0,250.0
14088,10,13,50491.81,313,0.04153354632587859,161.31568690095847,25.5,39.05124837953327,132.0,0.024968010747725245,3883.9853846153846,3831.70172436829,10584.77,33.16,0.9865386567997417,10551.61,-371.1492857142857,0.9091174629449315,45.30769230769231,44.00262229948084,974.2307692307693
14089,57,1,158.75,1,1.0,158.75,0.0,0.0,0.0,1.0,158.75,0.0,158.75,158.75,0.0,0.0,0.0,0.0,13.0,0.0,133.0
14090,325,1,76.32000000000001,1,1.0,76.32000000000001,0.0,0.0,0.0,1.0,76.32000000000001,0.0,76.32000000000001,76.32000000000001,0.0,0.0,0.0,0.0,1.0,0.0,72.0
14092,8,14,4076.91,351,0.039886039886039885,11.615128205128205,26.53846153846154,16.72630355964015,52.0,0.05641334058369811,291.2078571428571,142.40315906060357,625.86,29.700000000000003,0.48900864302828617,596.16,-2.6014285714285847,0.9911064877219715,15.285714285714286,7.321502277838586,147.57142857142858
14093,12,1,433.86,1,1.0,433.86,0.0,0.0,0.0,1.0,433.86,0.0,433.86,433.86,0.0,0.0,0.0,0.0,95.0,0.0,391.0
14096,4,17,65164.79,98,0.17346938775510204,664.9468367346938,5.625,2.1252450839060106,9.0,0.31997490537611684,3833.22294117647,3008.565297562454,8935.98,21.84,0.7848657236302261,8914.14,3564.6245833333323,2.831705371834028,298.8235294117647,193.5533632148114,961.8823529411765
14098,37,1,147.35,1,1.0,147.35,0.0,0.0,0.0,1.0,147.35,0.0,147.35,147.35,0.0,0.0,0.0,0.0,21.0,0.0,104.0
14099,16,11,3104.17,339,0.032448377581120944,9.15684365781711,33.4,12.473972903610141,54.0,0.0742171597904925,282.1972727272727,76.20431117606262,403.81,200.59,0.27003914828655934,203.22,32.82633333333331,1.1242047936877897,22.727272727272727,7.198484689028781,198.0909090909091
14100,138,1,191.95,1,1.0,191.95,0.0,0.0,0.0,1.0,191.95,0.0,191.95,191.95,0.0,0.0,0.0,0.0,24.0,0.0,63.0
14101,74,6,5976.79,253,0.023715415019762844,23.623675889328062,50.0,19.0,69.0,0.05,996.1316666666667,187.6770515983951,1224.6,751.6,0.18840586829893147,472.9999999999999,-53.49000000000001,0.9477063054196824,5.833333333333333,3.188521078284832,1157.0
14102,5,5,1105.88,40,0.125,27.647000000000002,9.25,3.593976442141304,14.0,0.21767634479507444,221.17600000000002,92.22912029288797,331.9,118.5,0.41699425024816417,213.39999999999998,-86.37333333333333,0.6836141636141636,11.2,5.932958789676531,153.8
14104,155,2,216.21,12,0.16666666666666666,18.017500000000002,11.0,0.0,11.0,1.0,108.105,4.461843789287117,111.26,104.95,0.041273241656603454,6.310000000000002,-6.310000000000002,0.9432859967643358,10.5,12.020815280171307,36.0
14105,239,1,1266.23,1,1.0,1266.23,0.0,0.0,0.0,1.0,1266.23,0.0,1266.23,1266.23,0.0,0.0,0.0,0.0,74.0,0.0,800.0
14107,52,7,2703.23,313,0.022364217252396165,8.636517571884983,51.666666666666664,17.534727447743997,79.0,0.05395277609661952,386.17571428571426,147.95879165690502,625.1,241.29,0.38313852006611915,383.81000000000006,-9.766666666666652,0.9750695584844334,17.571428571428573,6.900655593423542,256.14285714285717
14108,31,2,597.91,71,0.028169014084507043,8.421267605633803,70.0,0.0,70.0,1.0,298.955,10.78337841309485,306.58,291.33,0.03607023937748106,15.25,15.25,1.052346136683486,17.0,1.4142135623730951,190.5
14109,73,1,144.2,1,1.0,144.2,0.0,0.0,0.0,1.0,144.2,0.0,144.2,144.2,0.0,0.0,0.0,0.0,9.0,0.0,88.0
14110,4,12,5683.15,264,0.045454545454545456,21.527083333333337,23.545454545454547,14.500783677881941,48.0,0.06451286727050448,473.59583333333336,260.33102163690586,904.26,41.6,0.5496902702977874,862.66,-313.765,0.5023381718113497,12.916666666666666,10.983113760623073,203.75
14111,14,4,692.85,228,0.017543859649122806,3.0388157894736842,75.33333333333333,62.69237061503843,135.0,0.01570046758102437,173.2125,155.44803191098947,397.35,48.3,0.8974411887767307,349.05,99.22500000000002,1.8027912621359226,2.5,1.7320508075688772,114.5
14112,23,7,2915.15,254,0.027559055118110236,11.476968503937009,41.833333333333336,40.641932368757594,90.0,0.024014255417941728,416.45,304.2156246809161,770.23,33.0,0.730497357860286,737.23,56.49583333333334,1.147060737527115,22.857142857142858,18.306907361508582,235.85714285714286
14113,4,4,1840.42,352,0.011363636363636364,5.228465909090909,116.66666666666667,139.15578799796052,276.0,0.0071349176104989085,460.105,27.348917711675536,492.88,433.5,0.059440600975159005,59.379999999999995,-6.170000000000016,0.9866793324553639,8.5,5.196152422706632,186.25
14114,274,2,386.53,57,0.03508771929824561,6.781228070175438,56.0,0.0,56.0,1.0,193.265,2.637508293825835,195.13,191.39999999999998,0.013647107825140793,3.730000000000018,-3.730000000000018,0.9808845385127862,7.5,4.949747468305833,50.5
14116,20,5,1382.74,102,0.049019607843137254,13.556274509803922,25.0,9.626352718795768,33.0,0.09410566602322655,276.548,58.19516363066607,327.45,212.92,0.21043422346451998,114.53,-63.14500000000001,0.7991794806557794,14.4,4.39317652729776,141.4
14117,144,1,90.0,1,1.0,90.0,0.0,0.0,0.0,1.0,90.0,0.0,90.0,90.0,0.0,0.0,0.0,0.0,3.0,0.0,72.0
14121,4,4,2780.15,57,0.07017543859649122,48.77456140350878,18.0,11.532562594670797,29.0,0.07979214086871815,695.0375,428.96684738838894,1247.41,233.1,0.6171851840920655,1014.3100000000001,-90.43500000000006,0.8778326387528621,39.75,20.402205763103165,520.5
14124,84,1,419.58,1,1.0,419.58,0.0,0.0,0.0,1.0,419.58,0.0,419.58,419.58,0.0,0.0,0.0,0.0,4.0,0.0,1618.0
14125,11,3,2720.63,68,0.04411764705882353,40.00926470588235,33.5,21.920310216782973,49.0,0.04362942693802497,906.8766666666667,506.5854439611677,1295.43,333.92,0.5586045628709171,961.51,-582.83,0.5500876156951746,55.333333333333336,30.664855018951798,542.6666666666666
14126,8,3,706.1300000000001,3,1.0,235.3766666666667,1.0,1.4142135623730951,2.0,0.4142135623730951,235.3766666666667,156.6126994637834,367.78000000000003,62.5,0.6653705385571356,305.28000000000003,-60.71000000000001,0.7799166213521842,5.0,6.082762530298219,169.33333333333334
14127,123,3,709.71,188,0.015957446808510637,3.775053191489362,93.0,56.568542494923804,133.0,0.017370597841489154,236.57000000000002,90.34836080416734,314.63,137.6,0.3819096284574009,177.03,-117.08999999999997,0.6278485840511078,14.666666666666666,5.507570547286102,107.0
14128,61,2,637.5,196,0.01020408163265306,3.252551020408163,195.0,0.0,195.0,1.0,318.75,18.681761158948557,331.96,305.54,0.058609446773171946,26.41999999999996,26.41999999999996,1.0864698566472473,23.0,1.4142135623730951,282.0
14129,2,5,1123.86,260,0.019230769230769232,4.322538461538462,64.5,75.03998933901843,165.0,0.013150975015811445,224.77200000000002,124.40008026524745,358.90000000000003,51.550000000000004,0.5534500750326884,307.35,-187.61333333333337,0.4438449833007252,10.4,5.319774431308154,118.4
14130,319,1,480.91,1,1.0,480.91,0.0,0.0,0.0,1.0,480.91,0.0,480.91,480.91,0.0,0.0,0.0,0.0,66.0,0.0,257.0
14132,2,11,3586.03,182,0.06043956043956044,19.70346153846154,17.7,7.149980574954188,26.0,0.122699678950538,326.00272727272727,35.188400955686824,419.54,301.06,0.10793897722901233,118.48000000000002,28.436333333333323,1.091584753659783,18.181818181818183,4.190899230909324,306.1818181818182
14133,130,3,605.64,187,0.016042780748663103,3.238716577540107,93.0,131.52186130069785,186.0,0.007545924802029128,201.88,159.57474988230436,318.0,19.92,0.7904435797617613,298.08,-174.17999999999998,0.4522641509433963,9.333333333333334,7.637626158259733,116.0
14135,2,15,4690.31,372,0.04032258064516129,12.608360215053764,26.142857142857142,31.692894478724416,106.0,0.03058768628304756,312.68733333333336,180.11957335799644,748.86,25.200000000000003,0.5760373195737482,723.66,100.95571428571424,1.3900248908610249,8.933333333333334,6.088240030309799,256.6666666666667
14138,2,2,965.88,63,0.031746031746031744,15.331428571428573,62.0,0.0,62.0,1.0,482.94000000000005,196.25041605051445,621.71,344.17,0.40636604143478366,277.54,-277.54,0.5535860771099066,23.0,12.727922061357855,300.0
14139,46,1,415.82,1,1.0,415.82,0.0,0.0,0.0,1.0,415.82,0.0,415.82,415.82,0.0,0.0,0.0,0.0,26.0,0.0,510.0
14140,4,2,935.05,28,0.07142857142857142,33.394642857142856,27.0,0.0,27.0,1.0,467.525,103.89519935973941,540.99,394.06,0.22222383692794911,146.93,-146.93,0.7284053309673006,33.0,9.899494936611665,405.5
14141,3,4,915.13,103,0.038834951456310676,8.8847572815534,33.666666666666664,21.1266025033211,56.0,0.04519446669907433,228.78250000000003,39.37140364528551,285.16,199.47000000000003,0.1720909756877624,85.69,-31.745000000000005,0.8702458564100468,10.0,4.242640687119285,88.75
14142,373,1,311.81,1,1.0,311.81,0.0,0.0,0.0,1.0,311.81,0.0,311.81,311.81,0.0,0.0,0.0,0.0,22.0,0.0,313.0
14143,134,1,115.8,1,1.0,115.8,0.0,0.0,0.0,1.0,115.8,0.0,115.8,115.8,0.0,0.0,0.0,0.0,7.0,0.0,30.0
14145,47,4,3742.2,171,0.023391812865497075,21.884210526315787,56.333333333333336,54.51910979953115,110.0,0.018011816176642746,935.55,253.75691123593063,1128.6,594.0,0.27123821413706445,534.5999999999999,-386.0999999999999,0.6578947368421053,2.75,1.2583057392117916,189.0
14146,9,5,4191.0,349,0.014326647564469915,12.008595988538682,86.75,71.68158759402584,173.0,0.013758642774641268,838.2,396.49773284345525,1241.43,310.95,0.4730347564345684,930.48,-189.44166666666672,0.8009784300644874,42.0,20.112185361118765,487.4
14147,78,2,483.4,208,0.009615384615384616,2.3240384615384615,207.0,0.0,207.0,1.0,241.70000000000002,83.2971788237753,300.6,182.8,0.3446304461058142,117.80000000000001,117.80000000000001,1.6444201312910285,2.5,0.7071067811865476,54.0
14148,234,1,157.2,1,1.0,157.2,0.0,0.0,0.0,1.0,157.2,0.0,157.2,157.2,0.0,0.0,0.0,0.0,3.0,0.0,16.0
14149,221,1,446.62,1,1.0,446.62,0.0,0.0,0.0,1.0,446.62,0.0,446.62,446.62,0.0,0.0,0.0,0.0,28.0,0.0,218.0
14150,36,2,658.64,325,0.006153846153846154,2.0265846153846154,324.0,0.0,324.0,1.0,329.32,32.724901833313396,352.46,306.18,0.09937113395273107,46.27999999999997,46.27999999999997,1.1511529165850152,13.0,1.4142135623730951,248.0
14152,75,2,621.29,159,0.012578616352201259,3.9074842767295594,158.0,0.0,158.0,1.0,310.645,5.4659354185719655,314.51,306.78000000000003,0.01759543987050159,7.729999999999961,-7.729999999999961,0.9754220851483261,24.5,6.363961030678928,355.5
14154,239,2,1345.62,1,2.0,1345.62,0.0,0.0,0.0,1.0,672.81,357.8950262297592,925.88,419.74,0.5319407057412334,506.14,506.14,2.2058417115357125,26.0,9.899494936611665,232.5
14155,266,1,118.75,1,1.0,118.75,0.0,0.0,0.0,1.0,118.75,0.0,118.75,118.75,0.0,0.0,0.0,0.0,6.0,0.0,25.0
14156,10,55,117210.08,362,0.15193370165745856,323.7847513812155,6.314814814814815,8.125952075595245,42.0,0.10957760809134803,2131.0923636363636,3245.7672656393834,16774.72,34.68,1.5230533040346537,16740.04,185.90900793650826,1.0912908300252986,25.327272727272728,26.158388319261554,1050.3272727272727
14157,20,2,424.89,266,0.007518796992481203,1.5973308270676692,265.0,0.0,265.0,1.0,212.445,80.23540646123753,269.18,155.71,0.37767613481718815,113.47,-113.47,0.5784605096961142,22.5,19.091883092036785,135.5
14158,40,1,507.66,1,1.0,507.65999999999997,0.0,0.0,0.0,1.0,507.65999999999997,0.0,507.65999999999997,507.65999999999997,0.0,0.0,0.0,0.0,41.0,0.0,781.0
14159,20,11,4630.35,344,0.03197674418604651,13.460319767441861,33.9,31.942483031571328,106.0,0.030355938835625193,420.94090909090914,180.70718820536968,821.59,178.13,0.4292934811102975,643.46,103.3246666666667,1.2834058364556307,103.27272727272727,41.17302735794615,395.27272727272725
14161,216,3,1097.62,154,0.01948051948051948,7.1274025974025985,76.0,19.79898987322333,90.0,0.04807925798778345,365.8733333333334,161.01105686670508,551.4300000000001,263.04,0.4400732226090224,288.39000000000004,124.08500000000004,1.4382306198128203,33.666666666666664,14.153915830374764,150.0
14162,174,2,289.36,119,0.01680672268907563,2.431596638655462,118.0,0.0,118.0,1.0,144.68,46.66904755831214,177.68,111.68,0.32256737322582346,66.0,-66.0,0.6285457001350743,12.5,0.7071067811865476,71.0
14163,87,4,2445.91,152,0.02631578947368421,16.091513157894735,50.0,13.45362404707371,65.0,0.06918680026152062,611.4775,279.4004066299833,909.6,337.92,0.4569267170582455,571.6800000000001,473.16499999999996,2.2621267288174023,13.0,4.69041575982343,223.25
14164,71,2,1631.77,11,0.18181818181818182,148.34272727272727,10.0,0.0,10.0,1.0,815.885,647.5471770072046,1273.77,358.0,0.7936745705671812,915.77,-915.77,0.2810554495709587,14.5,19.091883092036785,516.5
14165,276,1,120.44,1,1.0,120.44,0.0,0.0,0.0,1.0,120.44,0.0,120.44,120.44,0.0,0.0,0.0,0.0,23.0,0.0,53.0
14167,39,4,562.59,292,0.0136986301369863,1.9266780821917808,96.66666666666667,29.022979401386987,125.0,0.033307820207670744,140.6475,26.36347267843649,172.74,110.65,0.18744359251630133,62.09,22.295000000000016,1.1721621621621623,12.0,2.943920288775949,36.75
14171,98,1,363.79,1,1.0,363.79,0.0,0.0,0.0,1.0,363.79,0.0,363.79,363.79,0.0,0.0,0.0,0.0,57.0,0.0,167.0
14173,11,4,450.84,209,0.019138755980861243,2.157129186602871,69.0,91.65696918401787,173.0,0.010792496331430698,112.71000000000001,75.35836825905048,194.54999999999998,12.48,0.6686041013135523,182.07,-18.390000000000015,0.8491448258890119,7.25,5.188127472091127,37.5
14174,33,1,134.46,1,1.0,134.46,0.0,0.0,0.0,1.0,134.46,0.0,134.46,134.46,0.0,0.0,0.0,0.0,26.0,0.0,94.0
14175,60,3,3222.3,270,0.011111111111111112,11.934444444444445,134.5,33.23401871576773,158.0,0.02921071020912346,1074.1000000000001,862.8165131127244,2016.31,322.58,0.803292536181663,1693.73,1127.28,4.494574989149978,49.666666666666664,37.44774136491189,505.0
14176,297,4,576.9000000000001,71,0.056338028169014086,8.125352112676058,23.0,20.663978319771825,40.0,0.046159573520591135,144.22500000000002,68.96197623811739,230.15,66.0,0.47815549480407266,164.15,7.699999999999989,1.0548530721282279,7.75,6.238322424070967,52.25
14177,86,4,549.46,94,0.0425531914893617,5.845319148936171,31.0,46.119410230400824,84.0,0.02122267649595523,137.365,104.18771984579884,250.0,7.5,0.7584735547322741,242.5,-17.22999999999999,0.8819701328949172,10.25,9.569918146637061,51.0
14178,9,7,1600.26,174,0.040229885057471264,9.196896551724137,28.5,12.581732790041283,45.0,0.07362830762899734,228.60857142857142,98.45920126776223,418.46999999999997,99.45,0.43068901858094033,319.02,121.64583333333334,1.7646032810241155,44.142857142857146,16.18052915727801,213.42857142857142
14179,41,2,701.57,12,0.16666666666666666,58.46416666666667,11.0,0.0,11.0,1.0,350.785,265.2145404196384,538.32,163.25,0.756060094985927,375.07000000000005,-375.07000000000005,0.3032582850349234,72.5,54.44722215136416,159.5
14180,11,25,4748.52,362,0.06906077348066299,13.117458563535912,14.625,7.02054438617554,33.0,0.124679816213427,189.94080000000002,70.78910691389366,382.1,97.5,0.3726903693882181,284.6,-68.67474358974357,0.6956603751073104,9.6,3.4880749227427255,28.76
14184,67,1,452.89,1,1.0,452.89,0.0,0.0,0.0,1.0,452.89,0.0,452.89,452.89,0.0,0.0,0.0,0.0,24.0,0.0,127.0
14185,331,1,197.65,1,1.0,197.65,0.0,0.0,0.0,1.0,197.65,0.0,197.65,197.65,0.0,0.0,0.0,0.0,3.0,0.0,6.0
14188,31,6,2054.36,280,0.02142857142857143,7.337000000000001,55.4,23.797058641773354,95.0,0.04032736359768859,342.3933333333334,35.23621243361246,398.0,293.1,0.10291150265857724,104.89999999999998,-42.12000000000006,0.8841116695403352,10.833333333333334,1.1690451944500122,193.66666666666666
14189,2,15,4654.08,367,0.04087193460490463,12.681416893732969,25.571428571428573,14.292086490912943,52.0,0.0653933000309822,310.272,93.45625181258417,467.5,51.36,0.3012074947548737,416.14,17.998392857142846,1.0598603845660446,17.666666666666668,5.789974915645967,262.46666666666664
14191,2,13,4684.76,219,0.0593607305936073,21.391598173515984,17.833333333333332,7.171069824248152,29.0,0.1223829953126136,360.36615384615385,134.68949950029892,738.67,150.32,0.373757352245128,588.3499999999999,87.65928571428572,1.2799140571720522,19.923076923076923,7.565949361685534,281.6923076923077
14193,68,2,853.39,202,0.009900990099009901,4.22470297029703,201.0,0.0,201.0,1.0,426.69500000000005,5.876057351660191,430.85,422.54,0.013771094931180797,8.310000000000002,8.310000000000002,1.0196667771098595,21.0,2.8284271247461903,222.5
14194,5,21,11349.52,304,0.06907894736842106,37.33394736842106,14.9,15.276056256011959,56.0,0.06143994492711498,540.4533333333334,288.10126924977845,1120.1100000000001,70.8,0.5330733506126556,1049.3100000000002,167.40500000000003,1.369739268715559,27.571428571428573,14.847799259726772,278.0952380952381
14195,202,2,1012.0,51,0.0392156862745098,19.84313725490196,50.0,0.0,50.0,1.0,506.0,455.9424525090858,828.4,183.6,0.9010720405317901,644.8,-644.8,0.22163206180589087,3.5,2.1213203435596424,380.0
14196,107,1,335.52,1,1.0,335.52,0.0,0.0,0.0,1.0,335.52,0.0,335.52,335.52,0.0,0.0,0.0,0.0,6.0,0.0,142.0
14198,18,4,701.4,222,0.018018018018018018,3.15945945945946,73.33333333333333,18.583146486355137,94.0,0.051064316998127225,175.35000000000002,5.351168096780374,183.3,171.85000000000002,0.030517069271630302,11.449999999999989,-6.25,0.9649810897884857,9.75,1.707825127659933,72.5
14199,218,1,185.4,1,1.0,185.39999999999998,0.0,0.0,0.0,1.0,185.39999999999998,0.0,185.39999999999998,185.39999999999998,0.0,0.0,0.0,0.0,2.0,0.0,28.0
14201,60,7,747.44,300,0.023333333333333334,2.4914666666666667,49.5,41.18616272487642,125.0,0.023704455096370217,106.77714285714286,44.62737788782641,187.98000000000002,46.84,0.4179487921636317,141.14000000000001,-25.625,0.7889556909899522,5.285714285714286,1.6035674514745464,84.28571428571429
14204,2,1,150.61,1,1.0,150.61,0.0,0.0,0.0,1.0,150.61,0.0,150.61,150.61,0.0,0.0,0.0,0.0,36.0,0.0,72.0
14205,17,2,466.7,248,0.008064516129032258,1.8818548387096776,247.0,0.0,247.0,1.0,233.35000000000002,14.778531726798837,243.8,222.9,0.06333204082622171,20.900000000000006,20.900000000000006,1.0937640197397938,12.0,2.8284271247461903,102.0
14206,239,1,328.16,1,1.0,328.15999999999997,0.0,0.0,0.0,1.0,328.15999999999997,0.0,328.15999999999997,328.15999999999997,0.0,0.0,0.0,0.0,20.0,0.0,276.0
14208,95,1,151.74,1,1.0,151.74,0.0,0.0,0.0,1.0,151.74,0.0,151.74,151.74,0.0,0.0,0.0,0.0,10.0,0.0,114.0
14209,11,6,2073.43,322,0.018633540372670808,6.439223602484473,63.8,34.083720454199245,110.0,0.02850324843129081,345.5716666666667,86.43682558184716,438.5,197.10000000000002,0.2501270616761033,241.39999999999998,-30.95666666666665,0.9142593361953562,14.5,4.679743582719036,115.16666666666667
14210,106,6,1905.84,266,0.022556390977443608,7.164812030075188,52.6,26.632686683847727,91.0,0.036189025390156324,317.64000000000004,22.96752751168485,363.66,304.95000000000005,0.07230678602091943,58.70999999999998,-16.313333333333333,0.9499278691208218,17.0,2.5298221281347035,126.66666666666667
14211,53,9,2241.1,242,0.0371900826446281,9.260743801652891,29.75,35.65208869858018,111.0,0.027283574702217116,249.0111111111111,136.274796591707,546.23,138.79000000000002,0.5472639192027857,407.44,106.4495,1.5606367430775916,12.444444444444445,6.784377479015873,138.0
14212,90,1,1070.48,1,1.0,1070.48,0.0,0.0,0.0,1.0,1070.48,0.0,1070.48,1070.48,0.0,0.0,0.0,0.0,9.0,0.0,1152.0
14214,31,5,1004.38,247,0.020242914979757085,4.066315789473684,61.25,51.71959654392778,107.0,0.018968278696267445,200.876,250.64166559053984,638.65,49.800000000000004,1.2477432126811556,588.85,-350.38166666666666,0.14770760105893466,13.4,14.293355099485916,150.2
14215,12,6,1789.72,357,0.01680672268907563,5.013221288515406,71.0,47.460509900337144,128.0,0.020635358605523936,298.2866666666667,181.50913163437994,596.0600000000001,160.05,0.6085056823448806,436.01000000000005,-18.166666666666742,0.9408964223357298,18.0,12.280065146407,226.33333333333334
14216,3,4,1839.3,35,0.11428571428571428,52.55142857142857,11.0,8.888194417315589,21.0,0.10113069765789216,459.825,267.4002491272836,792.94,138.25,0.5815261221710076,654.69,-333.09000000000003,0.4682216581253891,14.75,10.56330125166055,148.5
14217,2,17,2004.98,365,0.04657534246575343,5.493095890410959,22.25,14.870552556422822,56.0,0.06300977842106067,117.94,33.824370651942665,202.24,69.7,0.2867930358821661,132.54000000000002,-10.797361111111115,0.9126824474208856,5.882352941176471,1.7278003697322961,40.529411764705884
14218,43,1,169.48000000000002,1,1.0,169.48000000000002,0.0,0.0,0.0,1.0,169.48000000000002,0.0,169.48000000000002,169.48000000000002,0.0,0.0,0.0,0.0,12.0,0.0,160.0
14219,4,1,89.94,1,1.0,89.94,0.0,0.0,0.0,1.0,89.94,0.0,89.94,89.94,0.0,0.0,0.0,0.0,7.0,0.0,78.0
14220,247,2,632.4000000000001,111,0.018018018018018018,5.697297297297298,110.0,0.0,110.0,1.0,316.20000000000005,4.553767670841345,319.42,312.98,0.014401542286025757,6.439999999999998,6.439999999999998,1.0205763946578057,10.5,0.7071067811865476,136.0
14221,42,9,3432.8,297,0.030303030303030304,11.55824915824916,36.75,41.81506905411015,132.0,0.023356262691908523,381.4222222222222,246.34723774470143,759.85,17.4,0.6458649323299677,742.45,-57.6635,0.8605334284660455,21.444444444444443,13.172994260143659,243.44444444444446
14222,177,1,683.17,1,1.0,683.17,0.0,0.0,0.0,1.0,683.17,0.0,683.17,683.17,0.0,0.0,0.0,0.0,41.0,0.0,607.0
14223,92,3,991.13,172,0.01744186046511628,5.762383720930233,85.5,28.991378028648448,106.0,0.03334291605556694,330.37666666666667,23.671206841505455,351.69,304.9,0.0716491484714582,46.79000000000002,38.21500000000003,1.1253361757953428,20.0,1.7320508075688772,195.0
14224,110,4,1009.73,210,0.01904761904761905,4.808238095238095,69.33333333333333,35.50117368951811,105.0,0.02739637931936325,252.4325,89.60018131492072,368.18,149.48,0.35494709007326997,218.70000000000002,12.794999999999959,1.0520047960656003,27.75,12.996794476587935,120.75
14226,29,5,2214.79,241,0.02074688796680498,9.19,59.5,58.32380874622873,139.0,0.016856638525650478,442.95799999999997,392.5454341474372,965.9,16.95,0.8861910929420785,948.9499999999999,-671.7366666666667,0.20598502758077228,13.0,8.093207028119323,259.2
14227,26,10,3350.96,259,0.03861003861003861,12.938069498069499,28.444444444444443,37.785946829182116,110.0,0.025782534184459076,335.096,288.8026268039972,797.48,15.12,0.8618504154152756,782.36,-210.78800000000007,0.5214692728552294,17.5,16.88029752239114,182.0
14229,52,3,1547.2,282,0.010638297872340425,5.486524822695035,140.5,140.71424945612296,240.0,0.007056453418324855,515.7333333333332,245.2921707542524,785.0699999999999,305.15999999999997,0.4756182214728266,479.90999999999997,88.14499999999998,1.192890124078167,13.333333333333334,7.023769168568493,203.33333333333334
14231,184,3,925.71,105,0.02857142857142857,8.816285714285714,52.0,5.656854249492381,56.0,0.15022110482233483,308.57,0.7019259220174262,309.0,307.76,0.002274770463808621,1.240000000000009,-0.5699999999999932,0.9981550412688137,16.666666666666668,4.041451884327381,136.33333333333334
14232,43,5,2048.07,222,0.02252252252252252,9.22554054054054,54.75,25.591339680967597,77.0,0.03760622864427312,409.61400000000003,178.2560775401501,693.1800000000001,257.6,0.4351806274691541,435.58000000000004,-153.9516666666667,0.6933142092559206,23.0,14.0356688476182,388.2
14233,49,4,1462.72,269,0.01486988847583643,5.437620817843866,89.0,78.47929663293371,162.0,0.012581892925127265,365.68,197.99394755059222,530.1,100.85,0.5414404603768109,429.25,100.40999999999997,1.318281955780965,8.75,4.5,170.0
14234,22,4,754.12,36,0.1111111111111111,20.947777777777777,11.666666666666666,3.511884584284246,15.0,0.2216368750839041,188.53,119.51047875953527,348.44,82.56,0.6339069578291798,265.88,-53.94,0.7496983758700696,33.75,48.999149652485464,237.75
14235,75,5,3144.86,186,0.026881720430107527,16.907849462365593,45.75,36.80919269240589,82.0,0.026448594344117102,628.972,324.3139974931702,1088.5,342.0,0.5156254928568683,746.5,-5.505000000000109,0.9912933454588587,15.8,9.038805230781334,391.8
14236,81,2,490.86,292,0.00684931506849315,1.681027397260274,291.0,0.0,291.0,1.0,245.43,79.37980725600183,301.56,189.3,0.32343155790246436,112.25999999999999,112.25999999999999,1.593026941362916,7.5,6.363961030678928,155.0
14237,373,1,161.0,1,1.0,161.0,0.0,0.0,0.0,1.0,161.0,0.0,161.0,161.0,0.0,0.0,0.0,0.0,9.0,0.0,38.0
14238,326,1,146.85,1,1.0,146.85,0.0,0.0,0.0,1.0,146.85,0.0,146.85,146.85,0.0,0.0,0.0,0.0,8.0,0.0,111.0
14239,43,11,2380.85,273,0.040293040293040296,8.721062271062271,26.8,20.10417314334956,69.0,0.047383993355604385,216.4409090909091,117.9175757429354,430.5,35.400000000000006,0.5448026264452986,395.1,-65.05966666666669,0.7417529347009197,10.181818181818182,5.8278329045740795,90.27272727272727
14240,30,2,890.34,196,0.01020408163265306,4.542551020408164,195.0,0.0,195.0,1.0,445.17,308.7511049372941,663.49,226.85000000000002,0.6935577530770134,436.64,436.64,2.9247961207846593,21.0,15.556349186104045,209.0
14241,184,1,213.7,1,1.0,213.70000000000002,0.0,0.0,0.0,1.0,213.70000000000002,0.0,213.70000000000002,213.70000000000002,0.0,0.0,0.0,0.0,10.0,0.0,146.0
14242,235,2,280.55,92,0.021739130434782608,3.04945652173913,91.0,0.0,91.0,1.0,140.27499999999998,2.722361107568214,142.2,138.35,0.01940731497107977,3.8499999999999943,3.8499999999999943,1.0278279725334296,8.0,0.0,61.5
14243,9,10,2588.77,358,0.027932960893854747,7.231201117318435,39.111111111111114,17.524585904126553,69.0,0.05398231329841706,258.877,82.68643541180806,373.27,107.42,0.31940433260509066,265.84999999999997,-87.47399999999996,0.7109386875689824,14.1,5.896326540030384,122.1
14245,220,2,1693.45,44,0.045454545454545456,38.487500000000004,43.0,0.0,43.0,1.0,846.725,223.97607294083892,1005.1,688.35,0.26452044399402275,316.75,-316.75,0.6848572281365038,54.0,18.384776310850235,488.0
14246,111,3,1474.06,136,0.022058823529411766,10.838676470588235,67.5,57.27564927611035,108.0,0.017159825972285516,491.3533333333333,37.00435154591057,520.23,449.64,0.07531108274950254,70.59000000000003,62.57000000000005,1.1391557690596923,25.0,1.0,268.0
14247,278,1,136.77,1,1.0,136.77,0.0,0.0,0.0,1.0,136.77,0.0,136.77,136.77,0.0,0.0,0.0,0.0,19.0,0.0,47.0
14248,318,1,302.58,1,1.0,302.58,0.0,0.0,0.0,1.0,302.58,0.0,302.58,302.58,0.0,0.0,0.0,0.0,8.0,0.0,102.0
14250,7,3,1904.05,83,0.03614457831325301,22.940361445783132,41.0,57.982756057296896,82.0,0.016954107723087444,634.6833333333333,523.6816859823658,1228.83,240.22,0.825107039178119,988.6099999999999,-891.2199999999999,0.27474101380988425,37.0,32.2335229225724,400.0
14251,2,5,2879.7000000000003,56,0.08928571428571429,51.42321428571428,13.5,17.841898254763514,40.0,0.053073208786019475,575.9399999999999,391.01283022427793,1259.46,301.14,0.6789124391851199,958.32,-378.09999999999997,0.5290234180368709,15.6,11.502173707608488,334.8
14256,260,2,969.06,105,0.01904761904761905,9.229142857142858,104.0,0.0,104.0,1.0,484.53000000000003,55.621019408133805,523.86,445.20000000000005,0.11479375767885126,78.65999999999997,-78.65999999999997,0.8498453785362502,26.5,7.7781745930520225,207.0
14257,64,5,3099.7200000000003,255,0.0196078431372549,12.155764705882355,63.25,48.609841253255155,133.0,0.020157290866847612,619.9440000000001,445.56511760908757,1388.92,306.33000000000004,0.7187183319930308,1082.5900000000001,174.41499999999996,1.3384760185912923,21.2,15.943650773897426,336.4
14258,9,9,12669.98,329,0.02735562310030395,38.51057750759878,40.5,24.807832864411424,80.0,0.038747926075535906,1407.7755555555555,853.0444714537325,3120.2200000000003,79.80000000000001,0.6059520412095041,3040.42,-160.0909999999999,0.8930384208082368,12.333333333333334,9.219544457292887,788.8888888888889
14259,142,1,120.0,1,1.0,120.0,0.0,0.0,0.0,1.0,120.0,0.0,120.0,120.0,0.0,0.0,0.0,0.0,5.0,0.0,68.0
14261,51,2,1163.45,28,0.07142857142857142,41.551785714285714,27.0,0.0,27.0,1.0,581.725,511.98066491811977,943.75,219.7,0.8801077225804629,724.05,-724.05,0.23279470198675495,26.0,26.870057685088806,203.0
14262,8,8,2618.23,233,0.034334763948497854,11.237038626609442,32.714285714285715,26.01098668969381,83.0,0.037021972262181575,327.27875,125.465379907595,524.3,205.62,0.3833593837289925,318.67999999999995,-35.09250000000003,0.8982309867324004,17.875,7.199950396654529,205.625
14264,155,2,333.97,91,0.02197802197802198,3.6700000000000004,90.0,0.0,90.0,1.0,166.985,72.52794254630417,218.27,115.7,0.43433806956495596,102.57000000000001,102.57000000000001,1.8865168539325843,8.5,4.949747468305833,35.0
14265,109,2,530.18,40,0.05,13.254500000000002,39.0,0.0,39.0,1.0,265.09000000000003,18.44134485334513,278.13,252.05,0.06956635426966361,26.079999999999984,26.079999999999984,1.1034715334259075,15.5,0.7071067811865476,165.0
14267,163,3,1516.24,98,0.030612244897959183,15.471836734693877,48.5,68.58935777509511,97.0,0.014370013346464358,505.41333333333336,151.09256544692505,679.88,418.18,0.2989485149717559,261.7,130.84999999999997,1.3129035343631927,18.333333333333332,5.773502691896258,176.66666666666666
14270,332,1,492.65,1,1.0,492.65000000000003,0.0,0.0,0.0,1.0,492.65000000000003,0.0,492.65000000000003,492.65000000000003,0.0,0.0,0.0,0.0,29.0,0.0,197.0
14271,226,1,112.32,1,1.0,112.32000000000001,0.0,0.0,0.0,1.0,112.32000000000001,0.0,112.32000000000001,112.32000000000001,0.0,0.0,0.0,0.0,10.0,0.0,88.0
14272,74,2,437.96,181,0.011049723756906077,2.419668508287293,180.0,0.0,180.0,1.0,218.98000000000002,122.88101643459822,305.87,132.09,0.5611517784025857,173.78,173.78,2.315618139147551,16.5,12.020815280171307,299.5
14273,51,4,559.97,191,0.020942408376963352,2.931780104712042,63.0,33.80828300875393,84.0,0.028728794228330943,139.9925,60.97069972535988,231.35,105.9,0.4355283299131016,125.44999999999999,61.28499999999998,1.560448102423411,7.25,2.5,66.0
14276,99,3,1119.74,192,0.015625,5.831979166666667,95.0,19.79898987322333,109.0,0.04807925798778345,373.24666666666667,29.52366056798063,399.34000000000003,341.2,0.07909959607046448,58.14000000000004,48.06999999999999,1.1408851113716296,21.333333333333332,2.516611478423583,248.0
14277,15,3,4188.0,198,0.015151515151515152,21.151515151515152,98.0,130.10764773832474,190.0,0.00762732012396318,1396.0,805.7666181345564,2059.57,499.40000000000003,0.5771967178614301,1560.17,-349.54499999999985,0.7854275243549843,72.66666666666667,49.52103929981006,658.6666666666666
14280,197,1,134.04,1,1.0,134.04,0.0,0.0,0.0,1.0,134.04,0.0,134.04,134.04,0.0,0.0,0.0,0.0,8.0,0.0,52.0
14282,3,15,3701.44,365,0.0410958904109589,10.140931506849315,25.571428571428573,26.81192124557882,101.0,0.0359558043894205,246.76266666666666,162.44515766720718,636.1,87.3,0.6583052447177606,548.8000000000001,-132.9217857142857,0.5815520466994667,10.266666666666667,4.832430129073876,177.06666666666666
14284,31,2,595.25,56,0.03571428571428571,10.629464285714286,55.0,0.0,55.0,1.0,297.625,64.38207242703513,343.15,252.1,0.2163194369660987,91.04999999999998,91.04999999999998,1.3611662038873462,16.0,4.242640687119285,80.5
14285,21,4,1910.01,156,0.02564102564102564,12.243653846153848,51.333333333333336,43.55838993045236,100.0,0.022442462610539123,477.50250000000005,535.8524303310256,1247.53,5.9,1.1221981671949897,1241.6299999999999,-298.425,0.5238266197553912,6.75,6.4485140407177015,135.25
14286,24,3,4628.75,220,0.013636363636363636,21.039772727272727,109.5,123.74368670764582,197.0,0.008016437756434432,1542.9166666666667,781.6375657767053,2050.08,642.77,0.5065973961285695,1407.31,-760.7449999999999,0.6289193592445174,93.33333333333333,47.014182257413914,1446.0
14287,8,3,176.63,191,0.015706806282722512,0.9247643979057592,95.0,134.35028842544403,190.0,0.00738823693420378,58.876666666666665,38.53203385928821,93.35,17.28,0.6544533860491686,76.07,-10.685000000000002,0.8381060606060605,3.0,2.0,87.0
14288,213,1,426.6,1,1.0,426.6,0.0,0.0,0.0,1.0,426.6,0.0,426.6,426.6,0.0,0.0,0.0,0.0,16.0,0.0,188.0
14289,9,6,911.26,281,0.021352313167259787,3.2429181494661923,55.6,40.525300739167875,126.0,0.02408170397804659,151.87666666666667,86.5993380267232,322.24,78.48,0.5701951453595453,243.76,-92.39333333333335,0.5335397664164787,7.833333333333333,5.776388721914987,48.666666666666664
14290,11,5,2314.65,351,0.014245014245014245,6.594444444444445,87.0,129.5505049520585,280.0,0.007659870793814437,462.93,265.84441032303084,777.5600000000001,250.52,0.5742648139525001,527.0400000000001,-121.03333333333342,0.774001804997977,20.2,8.167006795638168,183.0
14291,2,11,3883.25,274,0.040145985401459854,14.172445255474452,27.2,27.812067724480883,64.0,0.03470767907262433,353.02272727272725,316.8723062714982,984.88,16.5,0.8975974683542085,968.38,-88.95566666666667,0.778465954748006,21.545454545454547,18.576133270213347,249.9090909090909
14292,8,9,4871.93,276,0.03260869565217391,17.651920289855074,34.125,30.95820915824613,78.0,0.03129086473676737,541.3255555555556,500.0316035789915,1353.1,17.4,0.9237169729883071,1335.6999999999998,-191.20849999999996,0.7047212388184743,11.11111111111111,8.176864381357387,184.77777777777777
14293,3,4,1046.56,366,0.01092896174863388,2.8594535519125683,121.0,50.714889332423866,157.0,0.019336790872199094,261.64,96.09840893584037,364.92,143.1,0.3672924970793471,221.82000000000002,15.260000000000048,1.0600763749458684,15.25,6.020797289396147,177.25
14295,40,1,166.20000000000002,1,1.0,166.20000000000002,0.0,0.0,0.0,1.0,166.20000000000002,0.0,166.20000000000002,166.20000000000002,0.0,0.0,0.0,0.0,5.0,0.0,84.0
14297,18,4,1305.33,258,0.015503875968992248,5.059418604651163,85.33333333333333,112.07289294621306,214.0,0.008843852615283167,326.3325,253.7708117409618,580.38,14.85,0.7776449227121472,565.53,-57.435,0.8382340515420363,15.5,11.73314393786536,216.25
14298,8,44,51527.3,353,0.12464589235127478,145.96968838526914,7.953488372093023,9.569180410672818,28.0,0.09461471572480629,1171.075,1339.512559112803,5590.67,25.200000000000003,1.143831572796621,5565.47,637.3854545454549,1.7477694866953104,37.20454545454545,46.054860888037545,1325.9772727272727
14299,8,9,3965.62,358,0.025139664804469275,11.077150837988826,44.25,67.71315550593864,210.0,0.014553253924040404,440.6244444444444,208.59677526936457,871.2,175.2,0.47341171807290694,696.0,88.45100000000002,1.225937136799622,15.88888888888889,15.053607910102851,238.77777777777777
14300,19,1,43.2,1,1.0,43.2,0.0,0.0,0.0,1.0,43.2,0.0,43.2,43.2,0.0,0.0,0.0,0.0,3.0,0.0,32.0
14301,117,1,640.14,1,1.0,640.14,0.0,0.0,0.0,1.0,640.14,0.0,640.14,640.14,0.0,0.0,0.0,0.0,13.0,0.0,606.0
14304,223,1,383.45,1,1.0,383.45,0.0,0.0,0.0,1.0,383.45,0.0,383.45,383.45,0.0,0.0,0.0,0.0,17.0,0.0,139.0
14305,71,3,1858.96,65,0.046153846153846156,28.599384615384615,31.5,14.849242404917497,42.0,0.06309449842787015,619.6533333333333,545.6131422842868,1044.2,4.25,0.8805135273770606,1039.95,-636.82,0.3901359892740854,35.0,31.096623610932426,363.0
14306,51,2,2093.32,35,0.05714285714285714,59.80914285714286,34.0,0.0,34.0,1.0,1046.66,928.1200767142149,1702.94,390.38,0.8867445748516374,1312.56,-1312.56,0.22923884576086062,16.5,13.435028842544403,537.5
14307,89,6,2995.7200000000003,285,0.021052631578947368,10.511298245614036,56.4,39.9787443524681,104.0,0.024402895105783574,499.2866666666667,261.75297474272696,783.11,31.599999999999998,0.524253885028094,751.51,-131.4133333333334,0.7674072850417113,30.0,15.349267083479914,343.0
14309,8,9,2352.53,351,0.02564102564102564,6.702364672364673,43.125,24.156853508447067,74.0,0.039750599162340555,261.39222222222224,86.76725891397308,389.87,147.75,0.33194277234541436,242.12,49.360000000000014,1.2109672180194042,13.0,4.873397172404482,181.44444444444446
14311,243,1,310.26,1,1.0,310.26,0.0,0.0,0.0,1.0,310.26,0.0,310.26,310.26,0.0,0.0,0.0,0.0,20.0,0.0,146.0
14312,47,6,1611.59,291,0.020618556701030927,5.53810996563574,57.6,30.875556675143525,95.0,0.03137200112899667,268.59833333333336,159.64115652508494,564.4,126.82000000000001,0.5943490212464148,437.58,141.18333333333334,1.7130231305343255,14.5,7.816648898345122,168.66666666666666
14314,107,1,120.0,1,1.0,120.0,0.0,0.0,0.0,1.0,120.0,0.0,120.0,120.0,0.0,0.0,0.0,0.0,8.0,0.0,296.0
14315,45,6,2481.13,222,0.02702702702702703,11.176261261261262,43.8,34.64390278245221,84.0,0.028055289178162284,413.5216666666667,302.3544311179624,930.98,20.8,0.7311695020848461,910.1800000000001,52.410000000000025,1.1353156332028056,16.833333333333332,11.839200423452027,170.16666666666666
14317,65,1,508.58,1,1.0,508.58,0.0,0.0,0.0,1.0,508.58,0.0,508.58,508.58,0.0,0.0,0.0,0.0,24.0,0.0,255.0
14320,207,2,477.79,127,0.015748031496062992,3.762125984251968,126.0,0.0,126.0,1.0,238.89499999999998,160.6758738890192,352.51,125.28,0.6725794758744185,227.23,-227.23,0.35539417321494426,15.5,10.606601717798213,162.5
14321,11,5,1530.75,323,0.015479876160990712,4.739164086687307,80.25,51.97034410764149,157.0,0.018878487894431865,306.15,23.006953296775293,329.94,273.72,0.07514928400057258,56.21999999999997,-12.191666666666663,0.9611067689641055,24.6,4.8270073544588685,481.2
14323,115,2,605.0600000000001,124,0.016129032258064516,4.8795161290322575,123.0,0.0,123.0,1.0,302.53,3.8325187540311187,305.24,299.82,0.012668227131296464,5.420000000000016,5.420000000000016,1.0180775131745714,18.0,1.4142135623730951,175.0
14326,242,1,183.85,1,1.0,183.85,0.0,0.0,0.0,1.0,183.85,0.0,183.85,183.85,0.0,0.0,0.0,0.0,8.0,0.0,103.0
14327,163,1,311.65000000000003,1,1.0,311.65000000000003,0.0,0.0,0.0,1.0,311.65000000000003,0.0,311.65000000000003,311.65000000000003,0.0,0.0,0.0,0.0,12.0,0.0,139.0
14329,17,7,4975.24,313,0.022364217252396165,15.895335463258785,51.666666666666664,35.831085200795506,109.0,0.027150978434336254,710.7485714285714,525.4659572363234,1547.58,16.5,0.739313420187622,1531.08,-556.1699999999998,0.4592731585906511,36.857142857142854,25.835560579871117,441.0
14331,124,2,462.66,11,0.18181818181818182,42.06,10.0,0.0,10.0,1.0,231.33,215.42715195629359,383.66,79.0,0.9312547095331067,304.66,-304.66,0.2059114841265704,14.0,14.142135623730951,126.0
14332,23,3,840.21,126,0.023809523809523808,6.668333333333334,62.0,26.870057685088806,81.0,0.03588080122758503,280.07,160.58189156937968,440.20000000000005,119.04,0.5733634147512396,321.16,241.54500000000002,3.029107862903226,8.0,5.291502622129181,154.33333333333334
14333,68,1,415.2,1,1.0,415.2,0.0,0.0,0.0,1.0,415.2,0.0,415.2,415.2,0.0,0.0,0.0,0.0,15.0,0.0,58.0
14334,17,8,2552.21,342,0.023391812865497075,7.462602339181287,48.142857142857146,21.598059877595265,81.0,0.044251586437800576,319.02625,50.647588558446856,370.45,223.5,0.15875680624540098,146.95,-15.837499999999977,0.9515591307406445,20.25,3.453776401067595,216.375
14335,16,2,454.86,81,0.024691358024691357,5.615555555555556,80.0,0.0,80.0,1.0,227.43,169.8046224341375,347.5,107.36,0.7466236751270171,240.14,-240.14,0.3089496402877698,29.5,14.849242404917497,187.5
14336,17,4,1614.91,260,0.015384615384615385,6.211192307692308,85.66666666666667,84.50049309520823,181.0,0.01169583898055956,403.7275,140.84652909579754,534.4200000000001,230.03,0.3488653339091281,304.3900000000001,43.004999999999995,1.1125122637190137,22.5,8.736894948054104,439.75
14338,161,2,588.22,36,0.05555555555555555,16.339444444444446,35.0,0.0,35.0,1.0,294.11,404.267088939973,579.97,8.25,1.3745438405357622,571.72,-571.72,0.014224873700363811,15.5,20.506096654409877,167.5
14339,243,1,309.52000000000004,1,1.0,309.52000000000004,0.0,0.0,0.0,1.0,309.52000000000004,0.0,309.52000000000004,309.52000000000004,0.0,0.0,0.0,0.0,14.0,0.0,168.0
14340,219,1,134.7,1,1.0,134.7,0.0,0.0,0.0,1.0,134.7,0.0,134.7,134.7,0.0,0.0,0.0,0.0,6.0,0.0,58.0
14341,45,8,2166.98,274,0.029197080291970802,7.908686131386862,38.857142857142854,48.57100840154399,103.0,0.02017308165086375,270.8725,220.2720176606319,781.9,111.15,0.813194464778196,670.75,190.17,2.08181753537652,15.875,13.757465505784745,174.625
14342,21,4,668.5600000000001,189,0.021164021164021163,3.5373544973544973,62.666666666666664,49.31869152089635,106.0,0.019873330759897043,167.14,99.03311096126723,309.6,91.03999999999999,0.5925159205532322,218.56000000000003,-85.46000000000001,0.59279554009625,5.25,1.2583057392117916,86.75
14344,127,8,889.9300000000001,242,0.03305785123966942,3.677396694214876,34.0,32.49615361854384,82.0,0.029854174046013118,111.24125000000001,98.22476723420772,322.8,15.0,0.8829887045876211,307.8,-28.432500000000005,0.7733694677480422,8.75,8.860022573334675,59.625
14345,39,1,108.98,1,1.0,108.98,0.0,0.0,0.0,1.0,108.98,0.0,108.98,108.98,0.0,0.0,0.0,0.0,6.0,0.0,50.0
14346,121,2,1021.58,177,0.011299435028248588,5.771638418079096,176.0,0.0,176.0,1.0,510.78999999999996,351.2199382153582,759.14,262.44,0.6876014374113789,496.7,496.7,2.892623075750648,30.0,18.384776310850235,302.5
14348,260,1,409.57,1,1.0,409.57,0.0,0.0,0.0,1.0,409.57,0.0,409.57,409.57,0.0,0.0,0.0,0.0,18.0,0.0,183.0
14349,10,1,133.5,1,1.0,133.5,0.0,0.0,0.0,1.0,133.5,0.0,133.5,133.5,0.0,0.0,0.0,0.0,31.0,0.0,86.0
14350,274,1,282.93,1,1.0,282.93,0.0,0.0,0.0,1.0,282.93,0.0,282.93,282.93,0.0,0.0,0.0,0.0,18.0,0.0,183.0
14351,165,1,51.0,1,1.0,51.0,0.0,0.0,0.0,1.0,51.0,0.0,51.0,51.0,0.0,0.0,0.0,0.0,1.0,0.0,12.0
14352,157,4,1078.96,117,0.03418803418803419,9.221880341880341,38.333333333333336,38.501082235871415,77.0,0.025315762085421745,269.74,241.13867213700914,614.02,54.9,0.893967050259543,559.12,-305.84,0.27639237211943407,11.25,10.90489186863706,134.5
14353,215,1,90.6,1,1.0,90.6,0.0,0.0,0.0,1.0,90.6,0.0,90.6,90.6,0.0,0.0,0.0,0.0,6.0,0.0,64.0
14354,6,2,163.62,25,0.08,6.5448,24.0,0.0,24.0,1.0,81.81,8.442854967367376,87.78,75.84,0.10320076967812462,11.939999999999998,-11.939999999999998,0.8639781271360218,4.5,2.1213203435596424,105.0
14355,366,1,174.4,1,1.0,174.4,0.0,0.0,0.0,1.0,174.4,0.0,174.4,174.4,0.0,0.0,0.0,0.0,11.0,0.0,92.0
14356,80,2,701.23,2,1.0,350.615,1.0,0.0,1.0,1.0,350.615,7.898382745853727,356.2,345.03,0.022527224294036842,11.170000000000016,11.170000000000016,1.0323739964640757,16.5,4.949747468305833,138.5
14357,43,1,225.12,1,1.0,225.12,0.0,0.0,0.0,1.0,225.12,0.0,225.12,225.12,0.0,0.0,0.0,0.0,39.0,0.0,147.0
14359,19,3,912.18,69,0.043478260869565216,13.22,33.5,14.849242404917497,44.0,0.06309449842787015,304.06,178.35316005050205,483.39,126.7,0.5865722556419853,356.69,-268.995,0.44352386271954325,18.333333333333332,10.016652800877813,123.66666666666667
14360,32,4,2118.03,63,0.06349206349206349,33.61952380952381,20.666666666666668,18.33939293797189,35.0,0.05170793122655635,529.5075,448.2708938707338,1124.49,157.68,0.8465808206129918,966.81,-690.385,0.21071796044358065,29.25,28.59341416014068,284.75
14362,22,1,151.5,1,1.0,151.5,0.0,0.0,0.0,1.0,151.5,0.0,151.5,151.5,0.0,0.0,0.0,0.0,37.0,0.0,96.0
14364,109,8,3717.35,103,0.07766990291262135,36.09077669902913,14.142857142857142,10.605479266689953,29.0,0.08616619589939728,464.66875,154.8997808204204,719.15,315.6,0.3333552790464614,403.54999999999995,-151.58749999999998,0.7195226310798621,8.625,3.0676887530703443,245.875
14367,8,16,9227.82,268,0.05970149253731343,34.432164179104475,17.466666666666665,14.065493067720565,52.0,0.06637685175685402,576.73875,315.51625456015205,1016.57,61.95000000000001,0.5470696299843769,954.62,124.28499999999997,1.2415194436414956,32.5,22.49740725802272,276.625
14368,320,1,155.0,1,1.0,155.0,0.0,0.0,0.0,1.0,155.0,0.0,155.0,155.0,0.0,0.0,0.0,0.0,8.0,0.0,36.0
14371,295,1,100.5,1,1.0,100.5,0.0,0.0,0.0,1.0,100.5,0.0,100.5,100.5,0.0,0.0,0.0,0.0,4.0,0.0,34.0
14373,358,1,76.55,1,1.0,76.55,0.0,0.0,0.0,1.0,76.55,0.0,76.55,76.55,0.0,0.0,0.0,0.0,4.0,0.0,17.0
14375,185,1,235.56,1,1.0,235.56,0.0,0.0,0.0,1.0,235.56,0.0,235.56,235.56,0.0,0.0,0.0,0.0,57.0,0.0,184.0
14377,191,2,617.05,71,0.028169014084507043,8.690845070422535,70.0,0.0,70.0,1.0,308.525,8.591347391416557,314.6,302.45,0.0278465193790343,12.150000000000034,-12.150000000000034,0.9613795295613476,5.5,2.1213203435596424,109.5
14379,44,2,348.1,252,0.007936507936507936,1.3813492063492065,251.0,0.0,251.0,1.0,174.05,89.1944493788711,237.12,110.98,0.5124645181204889,126.14,126.14,2.136601189403496,22.0,7.0710678118654755,146.0
14381,52,1,202.68,1,1.0,202.68,0.0,0.0,0.0,1.0,202.68,0.0,202.68,202.68,0.0,0.0,0.0,0.0,56.0,0.0,146.0
14382,26,1,615.49,1,1.0,615.49,0.0,0.0,0.0,1.0,615.49,0.0,615.49,615.49,0.0,0.0,0.0,0.0,121.0,0.0,1231.0
14383,38,3,1247.69,126,0.023809523809523808,9.902301587301588,62.5,51.61879502661797,99.0,0.019004616116620226,415.8966666666667,229.2550859486728,675.72,242.09,0.5512308809448007,433.63,260.71000000000004,2.076913544549548,19.666666666666668,6.429100507328637,272.3333333333333
14385,9,3,202.11,15,0.2,13.474,7.0,0.0,7.0,1.0,67.37,10.739120075685904,75.35,55.16,0.15940507756695715,20.189999999999998,18.314999999999998,1.3320340826686003,4.666666666666667,0.5773502691896257,53.0
14386,297,1,142.4,1,1.0,142.4,0.0,0.0,0.0,1.0,142.4,0.0,142.4,142.4,0.0,0.0,0.0,0.0,7.0,0.0,54.0
14387,33,3,1727.6,77,0.03896103896103896,22.436363636363634,37.5,4.949747468305833,41.0,0.1680743603534397,575.8666666666667,193.7577666400326,797.86,440.76,0.33646289645756994,357.1,202.66000000000008,1.4597967147654054,46.0,8.717797887081348,265.0
14388,10,8,3212.84,363,0.02203856749311295,8.850798898071625,51.285714285714285,24.88449507701724,90.0,0.03863316618788893,401.605,67.19774379715865,471.98,312.8,0.16732297605149002,159.18,53.23000000000002,1.1419504520120538,23.25,4.026696625558686,242.625
14389,65,2,1043.46,126,0.015873015873015872,8.281428571428572,125.0,0.0,125.0,1.0,521.73,297.81923410015014,732.32,311.14,0.5708301882202482,421.18000000000006,421.18000000000006,2.3536671594780487,22.5,4.949747468305833,364.5
14390,10,9,4642.57,363,0.024793388429752067,12.789449035812671,44.875,46.273835556855,133.0,0.021153350224720528,515.8411111111111,306.0548231708024,974.8100000000001,4.68,0.5933121974546903,970.1300000000001,212.69449999999995,1.5348416744724052,31.22222222222222,17.275544693133252,237.0
14393,218,1,67.95,1,1.0,67.95,0.0,0.0,0.0,1.0,67.95,0.0,67.95,67.95,0.0,0.0,0.0,0.0,5.0,0.0,13.0
14395,2,9,3479.91,370,0.024324324324324326,9.405162162162162,45.625,26.99173153816871,99.0,0.03572483533705048,386.65666666666664,140.98525729664078,658.0600000000001,188.13,0.36462647472772775,469.93000000000006,139.00350000000003,1.4492207508907435,37.22222222222222,15.39299985202509,187.66666666666666
14396,65,2,487.99,307,0.006514657980456026,1.5895439739413681,306.0,0.0,306.0,1.0,243.995,189.00257154335225,377.64,110.35000000000001,0.7746165763370243,267.28999999999996,267.28999999999996,3.4222020842772993,36.5,3.5355339059327378,112.5
14397,3,19,2612.96,211,0.09004739336492891,12.383696682464455,11.277777777777779,6.08571669669385,22.0,0.14112898423762746,137.52421052631578,69.2959218229078,300.38,45.0,0.5038816187906621,255.38,80.58488888888888,1.8472710280373832,4.578947368421052,2.410988489619149,99.47368421052632
14400,149,1,574.7,1,1.0,574.7,0.0,0.0,0.0,1.0,574.7,0.0,574.7,574.7,0.0,0.0,0.0,0.0,25.0,0.0,454.0
14401,4,13,4051.48,356,0.03651685393258427,11.38056179775281,29.0,34.88683002353336,132.0,0.027865375664115052,311.6523076923077,47.491979349823936,428.44,227.92,0.15238770314742048,200.52,13.177619047619032,1.043268200929063,14.0,5.0,346.6923076923077
14403,130,4,1475.81,117,0.03418803418803419,12.613760683760683,38.333333333333336,33.291640592396966,75.0,0.029161626061767275,368.9525,285.2812279576068,790.7,185.31,0.7732193926253564,605.3900000000001,-238.105,0.512084917162734,5.0,6.0553007081949835,129.75
14404,34,6,1449.32,336,0.017857142857142856,4.313452380952381,66.6,18.14662503056698,90.0,0.05222852583176051,241.5533333333333,89.97521429075158,314.7,126.8,0.372485914597542,187.89999999999998,17.386666666666656,1.0746657505224884,16.5,5.958187643906492,137.83333333333334
14406,119,1,156.75,1,1.0,156.75,0.0,0.0,0.0,1.0,156.75,0.0,156.75,156.75,0.0,0.0,0.0,0.0,8.0,0.0,77.0
14407,107,6,2157.73,170,0.03529411764705882,12.692529411764706,33.6,31.34166555880526,71.0,0.030919867073071705,359.62166666666667,208.02510544803644,645.5,15.0,0.5784554289407009,630.5,-266.1166666666667,0.45985900246272093,12.166666666666666,8.975893641675277,235.83333333333334
14408,11,7,2599.03,254,0.027559055118110236,10.23240157480315,41.833333333333336,23.258690132220835,84.0,0.04122234113010833,371.29,194.9257656989792,773.69,133.53,0.5249960023134994,640.1600000000001,18.713333333333253,1.0518954695458451,14.857142857142858,13.409307357560413,230.0
14409,71,6,2059.4500000000003,298,0.020134228187919462,6.910906040268458,59.0,64.32340165134303,168.0,0.015308449571217948,343.24166666666673,372.0969354572363,1086.8300000000002,115.72,1.0840669172562662,971.1100000000001,242.41666666666666,2.091803032577691,9.0,8.831760866327848,205.0
14410,92,9,1100.27,214,0.04205607476635514,5.141448598130841,26.25,27.254095367223517,65.0,0.03539309919510151,122.25222222222222,62.733183160464954,210.27,4.11,0.5131455446792011,206.16,-39.146,0.7281527777777778,20.666666666666668,22.265444078212315,63.0
14411,311,1,1063.0,1,1.0,1063.0,0.0,0.0,0.0,1.0,1063.0,0.0,1063.0,1063.0,0.0,0.0,0.0,0.0,14.0,0.0,196.0
14412,43,2,770.03,31,0.06451612903225806,24.83967741935484,30.0,0.0,30.0,1.0,385.015,109.50962720236062,462.45,307.58,0.28442950846684056,154.87,-154.87,0.6651097415936857,21.5,9.192388155425117,393.0
14413,362,1,121.05,1,1.0,121.05,0.0,0.0,0.0,1.0,121.05,0.0,121.05,121.05,0.0,0.0,0.0,0.0,22.0,0.0,67.0
14414,92,7,1496.98,268,0.026119402985074626,5.585746268656717,44.0,87.30864791073104,222.0,0.011323919272446279,213.8542857142857,66.58577797526607,309.14,125.03999999999999,0.31136050303067675,184.1,-105.24333333333328,0.6158908975887493,13.857142857142858,5.398412465054624,358.85714285714283
14415,1,13,5855.57,360,0.03611111111111111,16.265472222222222,29.5,15.222590867762055,70.0,0.0616424348090554,450.42846153846153,268.7970302057593,1090.95,111.18,0.5967585380543433,979.77,-7.2116666666667015,0.9841261688928672,43.69230769230769,29.90090471146488,230.46153846153845
14416,22,2,490.22,21,0.09523809523809523,23.343809523809526,20.0,0.0,20.0,1.0,245.11,163.893209743418,361.0,129.22,0.6686516655518665,231.78,-231.78,0.35795013850415514,7.0,5.656854249492381,163.0
14418,4,3,1937.25,105,0.02857142857142857,18.45,51.5,43.1335136523794,82.0,0.0226585176942078,645.75,428.9691831588838,897.35,150.44,0.6642960637381089,746.9100000000001,742.9649999999999,5.938613400691305,40.666666666666664,22.18858565419016,570.3333333333334
14419,11,6,1051.79,355,0.016901408450704224,2.9627887323943662,70.2,72.33049149563412,178.0,0.01363689209773723,175.29833333333332,44.15460629047288,233.65,124.1,0.251882636023196,109.55000000000001,-9.929999999999978,0.9449139222248933,33.333333333333336,10.112698288126007,80.5
14420,99,1,387.52,1,1.0,387.52,0.0,0.0,0.0,1.0,387.52,0.0,387.52,387.52,0.0,0.0,0.0,0.0,29.0,0.0,334.0
14421,57,2,813.11,155,0.012903225806451613,5.2458709677419355,154.0,0.0,154.0,1.0,406.555,68.76613447039175,455.18,357.93,0.16914349711697493,97.25,-97.25,0.7863482578320664,13.5,2.1213203435596424,182.5
14422,1,6,4263.64,267,0.02247191011235955,15.96868913857678,52.6,41.692925059295135,99.0,0.0234230847057475,710.6066666666667,437.79973022680895,1285.98,330.55,0.6160929115405742,955.4300000000001,-124.2066666666667,0.8392583677360631,37.0,21.89977168830762,484.3333333333333
14423,218,1,265.2,1,1.0,265.2,0.0,0.0,0.0,1.0,265.2,0.0,265.2,265.2,0.0,0.0,0.0,0.0,3.0,0.0,120.0
14424,18,1,322.08,1,1.0,322.08,0.0,0.0,0.0,1.0,322.08,0.0,322.08,322.08,0.0,0.0,0.0,0.0,1.0,0.0,48.0
14426,24,10,4481.67,290,0.034482758620689655,15.45403448275862,31.77777777777778,41.063298022010414,102.0,0.023773694575178844,448.16700000000003,224.24274654688142,794.41,132.35,0.50035532858707,662.06,-190.938,0.6487760192481734,22.4,17.43687025943717,269.9
14427,50,2,363.34,14,0.14285714285714285,25.952857142857145,13.0,0.0,13.0,1.0,181.67000000000002,198.08889368159944,321.74,41.6,1.090377572970768,280.14,-280.14,0.1292969478460869,8.5,10.606601717798213,114.0
14428,7,5,1224.06,318,0.015723270440251572,3.8492452830188677,79.0,59.14389233048498,160.0,0.016626792202026015,244.81199999999998,139.90765407939622,488.08,127.07000000000001,0.571490180544239,361.01,132.50333333333333,1.8015445728227775,26.2,29.26943798572156,85.6
14431,303,1,470.36,1,1.0,470.36,0.0,0.0,0.0,1.0,470.36,0.0,470.36,470.36,0.0,0.0,0.0,0.0,17.0,0.0,130.0
14432,10,6,2248.5,80,0.075,28.10625,15.4,5.458937625582472,21.0,0.1548242231105025,374.75,227.46648043173306,717.35,109.80000000000001,0.6069819357751383,607.55,-99.33333333333331,0.7659532691930101,62.0,52.706735812417755,335.5
14434,22,6,1372.8,51,0.11764705882352941,26.917647058823523,9.6,4.61519230368573,15.0,0.17808829082195718,228.79999999999995,103.7695909214255,340.79999999999995,99.6,0.4535384218593773,241.19999999999996,89.59999999999997,1.4869565217391303,2.0,0.8944271909999159,61.333333333333336
14436,99,1,89.06,1,1.0,89.06,0.0,0.0,0.0,1.0,89.06,0.0,89.06,89.06,0.0,0.0,0.0,0.0,9.0,0.0,129.0
14437,366,1,63.0,1,1.0,63.0,0.0,0.0,0.0,1.0,63.0,0.0,63.0,63.0,0.0,0.0,0.0,0.0,5.0,0.0,60.0
14438,306,1,131.9,1,1.0,131.9,0.0,0.0,0.0,1.0,131.9,0.0,131.9,131.9,0.0,0.0,0.0,0.0,9.0,0.0,82.0
14439,320,1,2661.24,1,1.0,2661.24,0.0,0.0,0.0,1.0,2661.24,0.0,2661.24,2661.24,0.0,0.0,0.0,0.0,32.0,0.0,526.0
14440,8,5,2357.68,358,0.013966480446927373,6.5856983240223474,88.75,103.79908477438518,244.0,0.009542068064361744,471.53600000000006,195.27662847867896,656.7,181.7,0.41412878015396265,475.00000000000006,-202.19833333333332,0.6589413375389711,11.0,5.1478150704935,117.6
14441,1,4,1712.89,255,0.01568627450980392,6.7172156862745105,84.33333333333333,65.6835849610337,160.0,0.014996194349544138,428.2225,188.91990831654908,709.79,305.7,0.44117230719205336,404.09,159.04499999999996,1.4561084026383708,12.75,4.5,111.5
14442,205,2,1589.82,113,0.017699115044247787,14.069203539823011,112.0,0.0,112.0,1.0,794.9100000000001,168.75810439798136,914.24,675.58,0.2122983789334407,238.65999999999997,238.65999999999997,1.3532668225820776,31.5,2.1213203435596424,241.0
14443,54,4,1420.2,315,0.012698412698412698,4.508571428571429,104.33333333333333,59.180514811323945,171.0,0.01661667407025627,355.05,61.594715141263,428.68,303.5,0.17348180577739192,125.18,101.69999999999999,1.334319526627219,23.25,4.425306015783917,234.5
14446,1,4,1010.35,246,0.016260162601626018,4.107113821138212,81.33333333333333,74.29894570808749,166.0,0.013280398425187976,252.5875,102.8803542551573,371.52,148.96,0.40730580197023725,222.55999999999997,-169.38499999999996,0.4977911527514232,66.25,25.07821099414124,229.0
14447,19,5,1163.23,262,0.019083969465648856,4.439809160305344,65.0,63.61865554484262,145.0,0.015475407087447712,232.64600000000002,121.54034877356573,336.03,23.5,0.5224261271355007,312.53,-113.11499999999998,0.6235961599254614,14.0,7.842193570679061,114.2
14448,9,2,375.35,355,0.005633802816901409,1.057323943661972,354.0,0.0,354.0,1.0,187.675,120.66777220948433,273.0,102.35000000000001,0.6429613545196979,170.64999999999998,170.64999999999998,2.667318026380068,10.0,11.313708498984761,52.0
14449,19,4,885.8,354,0.011299435028248588,2.50225988700565,117.33333333333333,68.8210239195359,182.0,0.014322333644840752,221.45000000000002,52.426961893031084,298.56,187.33,0.2367440139671758,111.22999999999999,42.99000000000001,1.2149983746342927,59.25,18.20942979154848,185.25
14450,181,3,483.25,140,0.02142857142857143,3.4517857142857142,69.5,10.606601717798213,77.0,0.08615786293989429,161.08333333333334,52.69002024419172,213.8,108.42,0.3270979011538027,105.38000000000001,0.0800000000000125,1.0004968018381668,13.333333333333334,3.214550253664318,80.33333333333333
14451,60,2,643.9,135,0.014814814814814815,4.769629629629629,134.0,0.0,134.0,1.0,321.95,53.810826048296285,360.0,283.9,0.16714032007546603,76.10000000000002,-76.10000000000002,0.788611111111111,49.5,3.5355339059327378,189.0
14452,11,2,259.05,84,0.023809523809523808,3.0839285714285714,83.0,0.0,83.0,1.0,129.525,3.047630226914021,131.68,127.37,0.02352928181365776,4.310000000000002,4.310000000000002,1.033838423490618,29.0,0.0,58.0
14453,190,1,119.93,1,1.0,119.93,0.0,0.0,0.0,1.0,119.93,0.0,119.93,119.93,0.0,0.0,0.0,0.0,22.0,0.0,49.0
14456,5,9,3017.28,138,0.06521739130434782,21.864347826086956,16.75,13.936078563006372,42.0,0.06695197777526402,335.25333333333333,225.82901131165588,800.9,26.25,0.673607057285006,774.65,-43.44149999999996,0.8791235087475219,102.33333333333333,61.84254199173899,320.55555555555554
14457,311,1,113.64,1,1.0,113.64,0.0,0.0,0.0,1.0,113.64,0.0,113.64,113.64,0.0,0.0,0.0,0.0,4.0,0.0,88.0
14459,155,1,1837.92,1,1.0,1837.92,0.0,0.0,0.0,1.0,1837.92,0.0,1837.92,1837.92,0.0,0.0,0.0,0.0,37.0,0.0,760.0
14460,110,3,434.34,201,0.014925373134328358,2.1608955223880595,100.0,55.154328932550705,139.0,0.017808066074498752,144.78,108.85556118086022,246.54,30.0,0.751868774560438,216.54,172.17,6.739,5.333333333333333,4.041451884327381,293.6666666666667
14461,148,3,2103.06,114,0.02631578947368421,18.447894736842105,56.5,37.476659402887016,83.0,0.02598978226069613,701.02,313.41767451756766,969.99,356.84,0.44708806384634914,613.1500000000001,-112.81500000000005,0.8546629220720662,60.0,44.13615298142782,255.33333333333334
14462,66,11,1980.57,274,0.040145985401459854,7.228357664233577,26.9,17.33621770872887,53.0,0.054536874282636524,180.0518181818182,103.27963321179853,318.92,15.8,0.5736106097385014,303.12,79.45633333333336,1.581195018237853,20.272727272727273,15.434318314009912,86.9090909090909
14463,98,3,529.62,108,0.027777777777777776,4.903888888888889,53.0,26.870057685088806,72.0,0.03588080122758503,176.54,54.16927911648815,220.2,115.92000000000002,0.30683855849375863,104.27999999999997,90.92999999999998,1.784420289855072,2.0,0.0,59.666666666666664
14465,247,3,1038.44,57,0.05263157894736842,18.218245614035087,28.0,39.59797974644666,56.0,0.024631767547189955,346.1466666666667,220.16355223636205,597.3,186.46,0.6360412317602231,410.8399999999999,-376.72999999999996,0.3692784195546627,40.0,28.583211855912904,132.66666666666666
14466,29,7,2272.4,344,0.020348837209302327,6.605813953488372,56.833333333333336,23.506736623076087,93.0,0.040805106586830404,324.62857142857143,93.03876816119387,486.75,205.2,0.2866006764338836,281.55,-36.0291666666667,0.8956331772316901,10.285714285714286,2.4976179127511156,143.71428571428572
14467,18,4,596.26,296,0.013513513513513514,2.0143918918918917,98.0,145.6605643267937,266.0,0.006818465513140727,149.065,31.302971637423397,180.27,114.14,0.20999544921627072,66.13000000000001,-13.840000000000003,0.9112735198897329,22.0,6.0553007081949835,69.0
14470,12,2,461.19,276,0.007246376811594203,1.6709782608695651,275.0,0.0,275.0,1.0,230.595,94.81594828930415,297.64,163.55,0.4111795498137607,134.08999999999997,-134.08999999999997,0.549489315952157,21.5,19.091883092036785,96.5
14472,104,8,1852.67,252,0.031746031746031744,7.35186507936508,35.285714285714285,18.25481019452394,70.0,0.05193507439945576,231.58375,100.20064669558917,397.92,115.44999999999999,0.43267563762824107,282.47,-164.7125,0.47533764413582213,31.625,19.11571903658647,141.875
14473,74,2,234.34,209,0.009569377990430622,1.121244019138756,208.0,0.0,208.0,1.0,117.17,45.49525030154247,149.34,85.0,0.38828411966836623,64.34,64.34,1.7569411764705882,3.5,3.5355339059327378,44.0
14474,46,1,547.66,1,1.0,547.66,0.0,0.0,0.0,1.0,547.66,0.0,547.66,547.66,0.0,0.0,0.0,0.0,29.0,0.0,140.0
14475,72,3,925.85,234,0.01282051282051282,3.956623931623932,116.0,2.8284271247461903,118.0,0.2612038749637414,308.6166666666667,6.232514206428514,315.62,303.68,0.020195002018993942,11.939999999999998,3.099999999999966,1.0101125428152014,14.0,2.0,149.0
14476,257,1,193.0,1,1.0,193.0,0.0,0.0,0.0,1.0,193.0,0.0,193.0,193.0,0.0,0.0,0.0,0.0,17.0,0.0,110.0
14477,20,4,1309.6,278,0.014388489208633094,4.7107913669064745,91.66666666666667,54.42732157045148,133.0,0.018041643934191182,327.4,116.31073323931315,441.2,165.0,0.3552557521054159,276.2,131.79999999999995,1.5040152963671127,2.5,1.2909944487358054,180.0
14479,254,2,316.25,112,0.017857142857142856,2.8236607142857144,111.0,0.0,111.0,1.0,158.125,23.01632572762213,174.4,141.85,0.14555779116282772,32.55000000000001,-32.55000000000001,0.8133600917431192,9.0,1.4142135623730951,58.5
14480,11,1,279.05,1,1.0,279.05,0.0,0.0,0.0,1.0,279.05,0.0,279.05,279.05,0.0,0.0,0.0,0.0,13.0,0.0,143.0
14481,165,2,636.51,123,0.016260162601626018,5.174878048780488,122.0,0.0,122.0,1.0,318.255,21.771817792733774,333.65,302.86,0.06840997876776099,30.789999999999964,30.789999999999964,1.101664135244007,15.0,4.242640687119285,244.5
14482,18,6,2022.81,221,0.027149321266968326,9.152986425339366,43.6,57.34806012412277,140.0,0.0171385303619815,337.135,150.77486922561067,613.98,225.18,0.44722401775434373,388.8,-45.683333333333394,0.8730936264387505,22.0,18.286607121059937,271.1666666666667
14483,282,1,137.1,1,1.0,137.1,0.0,0.0,0.0,1.0,137.1,0.0,137.1,137.1,0.0,0.0,0.0,0.0,9.0,0.0,97.0
14484,50,1,321.92,1,1.0,321.92,0.0,0.0,0.0,1.0,321.92,0.0,321.92,321.92,0.0,0.0,0.0,0.0,14.0,0.0,210.0
14485,39,1,162.8,1,1.0,162.8,0.0,0.0,0.0,1.0,162.8,0.0,162.8,162.8,0.0,0.0,0.0,0.0,44.0,0.0,70.0
14487,27,6,1165.48,342,0.017543859649122806,3.4078362573099414,67.8,119.10373629739749,279.0,0.008326135645970482,194.24666666666667,133.4673645003402,399.37,12.29,0.6871024702286107,387.08,-147.71999999999997,0.44902526357668593,22.333333333333332,13.48579499572297,118.66666666666667
14488,68,1,1064.28,1,1.0,1064.28,0.0,0.0,0.0,1.0,1064.28,0.0,1064.28,1064.28,0.0,0.0,0.0,0.0,46.0,0.0,799.0
14489,207,1,463.38,1,1.0,463.38,0.0,0.0,0.0,1.0,463.38,0.0,463.38,463.38,0.0,0.0,0.0,0.0,30.0,0.0,299.0
14491,175,2,340.93,198,0.010101010101010102,1.721868686868687,197.0,0.0,197.0,1.0,170.465,61.18594977607194,213.73,127.2,0.35893555730544063,86.52999999999999,86.52999999999999,1.6802672955974842,8.5,6.363961030678928,69.5
14493,7,5,2383.24,148,0.033783783783783786,16.10297297297297,36.5,47.752835866923476,108.0,0.02051162731804189,476.64799999999997,93.1368257994656,611.22,381.2,0.1953995942487236,230.02000000000004,-47.85333333333335,0.9053084269959368,24.0,3.872983346207417,257.0
14494,26,1,139.56,1,1.0,139.56,0.0,0.0,0.0,1.0,139.56,0.0,139.56,139.56,0.0,0.0,0.0,0.0,7.0,0.0,92.0
14495,51,2,123.8,71,0.028169014084507043,1.743661971830986,70.0,0.0,70.0,1.0,61.900000000000006,30.122748878546922,83.2,40.6,0.48663568462919093,42.6,42.6,2.0492610837438425,3.0,1.4142135623730951,31.0
14496,312,2,538.8100000000001,62,0.03225806451612903,8.690483870967743,61.0,0.0,61.0,1.0,269.40500000000003,49.405550801504106,304.34000000000003,234.47,0.18338765353836825,69.87000000000003,-69.87000000000003,0.7704212394032989,9.5,6.363961030678928,79.5
14497,309,1,475.37,1,1.0,475.37,0.0,0.0,0.0,1.0,475.37,0.0,475.37,475.37,0.0,0.0,0.0,0.0,29.0,0.0,235.0
14498,43,5,1957.32,320,0.015625,6.116625,79.25,66.37456842295347,175.0,0.014842395630979886,391.464,244.5673797340929,675.53,147.02,0.6247506277310121,528.51,391.40666666666664,3.499084833780275,38.4,25.540164447395398,219.6
14499,26,3,808.44,253,0.011857707509881422,3.195415019762846,125.5,26.16295090390226,144.0,0.036814851359037684,269.48,160.29508133439404,440.63,122.87,0.5948310870357505,317.76,219.91499999999996,2.7898185073655077,60.666666666666664,31.50132272355136,165.33333333333334
14500,88,3,356.85,102,0.029411764705882353,3.498529411764706,50.0,38.18376618407357,77.0,0.02552077294720217,118.95,144.45451706333037,284.85,21.0,1.2144137626173213,263.85,-248.85000000000002,0.1263823064770932,2.0,1.7320508075688772,39.0
14501,184,2,251.21,137,0.014598540145985401,1.8336496350364964,136.0,0.0,136.0,1.0,125.605,82.97898077224134,184.28,66.93,0.6606343757990633,117.35,117.35,2.753324368743463,5.0,1.4142135623730951,80.5
14502,20,11,2429.83,294,0.03741496598639456,8.264727891156463,28.9,31.366826071150037,85.0,0.030895831361461283,220.89363636363635,131.4859859660129,464.64,89.08,0.5952456944009012,375.56,49.162000000000006,1.2533105246344254,53.54545454545455,37.97989898976467,134.54545454545453
14503,3,6,3543.26,176,0.03409090909090909,20.13215909090909,34.6,45.48955924165456,108.0,0.021510206083089765,590.5433333333334,258.7484765301367,1051.8400000000001,337.75,0.4381532428274584,714.0900000000001,-376.44,0.5166182280453198,27.333333333333332,15.028861123407411,334.0
14504,47,4,673.26,232,0.017241379310344827,2.9019827586206897,76.33333333333333,102.77321311184804,195.0,0.009636398161076382,168.315,62.14461226311847,260.92,130.55,0.36921612609166427,130.37,54.84000000000003,1.3892260193761314,26.75,13.30100246848585,77.0
14505,17,8,5859.43,345,0.02318840579710145,16.98385507246377,48.857142857142854,31.609221077762374,95.0,0.030666172541052906,732.42875,261.66295569669114,1062.88,317.06,0.35725380208886004,745.8200000000002,182.77750000000003,1.2851265131661052,94.5,36.72290060127915,342.375
14506,17,5,1960.65,352,0.014204545454545454,5.570028409090909,87.25,30.247589435633817,121.0,0.03200246860833463,392.13,177.04023582225597,665.72,257.0,0.45148352796841856,408.72,191.74999999999994,1.6920384004619602,56.8,40.39430652950983,140.8
14507,24,6,1367.88,253,0.023715415019762844,5.406640316205534,50.0,44.58699361921591,114.0,0.021936081338306948,227.98000000000002,105.09587185042047,339.36,39.49,0.46098724383902295,299.87,45.75333333333333,1.2230745477889193,15.833333333333334,10.028293307770106,99.0
14508,22,2,268.05,68,0.029411764705882353,3.9419117647058823,67.0,0.0,67.0,1.0,134.025,4.999244942988886,137.56,130.49,0.03730083897025843,7.069999999999993,-7.069999999999993,0.9486042454201803,27.0,4.242640687119285,64.5
14511,11,5,1314.81,123,0.04065040650406504,10.689512195121951,30.25,8.261355820929152,41.0,0.10797555124058221,262.962,94.3969184878405,365.16,138.16,0.3589755116246473,227.00000000000003,163.36166666666668,1.9904008406842686,13.6,5.412947441089743,156.8
14512,188,2,275.28,45,0.044444444444444446,6.117333333333333,44.0,0.0,44.0,1.0,137.64,16.008897526063457,148.96,126.32,0.1163099209972643,22.640000000000015,22.640000000000015,1.1792273590880304,11.5,3.5355339059327378,61.0
14513,101,3,455.59,189,0.015873015873015872,2.4105291005291005,93.5,16.263455967290593,105.0,0.05792582909787702,151.86333333333334,140.42151556415183,298.6,18.75,0.9246571406142704,279.85,199.67000000000002,11.649066666666668,4.0,3.0,120.33333333333333
14514,61,3,990.2,271,0.01107011070110701,3.6538745387453875,134.5,7.7781745930520225,140.0,0.11391890072356342,330.06666666666666,228.97357584082346,587.09,147.86,0.6937191754418001,439.23,112.22500000000002,1.4396669931439765,22.333333333333332,9.073771725877467,188.0
14515,18,6,2076.89,201,0.029850746268656716,10.33278606965174,39.6,50.32196339571818,124.0,0.019484835221316388,346.1483333333333,208.31684323805092,558.22,13.05,0.6018137982407858,545.1700000000001,-190.2833333333333,0.5688020727110669,16.333333333333332,10.481730137084558,185.0
14517,33,2,330.45,109,0.01834862385321101,3.031651376146789,108.0,0.0,108.0,1.0,165.225,123.35477797799321,252.45,78.0,0.7465866423240625,174.45,-174.45,0.30897207367795604,9.0,7.0710678118654755,45.5
14518,64,1,174.37,1,1.0,174.37,0.0,0.0,0.0,1.0,174.37,0.0,174.37,174.37,0.0,0.0,0.0,0.0,16.0,0.0,278.0
14520,2,2,270.6,290,0.006896551724137931,0.9331034482758621,289.0,0.0,289.0,1.0,135.3,42.00214280248092,165.0,105.60000000000001,0.3104371234477525,59.39999999999999,-59.39999999999999,0.64,2.0,1.4142135623730951,73.0
14522,24,4,974.54,174,0.022988505747126436,5.600804597701149,57.333333333333336,43.431939092485074,105.0,0.022506332616240316,243.635,180.80117117983502,482.07,70.8,0.7420985128566709,411.27,-273.43000000000006,0.28110950440383853,4.25,3.774917217635375,131.25
14523,108,1,241.09,1,1.0,241.09,0.0,0.0,0.0,1.0,241.09,0.0,241.09,241.09,0.0,0.0,0.0,0.0,12.0,0.0,251.0
14524,32,9,1843.83,330,0.02727272727272727,5.587363636363636,40.625,39.6049690244617,106.0,0.024627527714590022,204.87,100.35516404251452,411.55,100.4,0.4898480209035706,311.15,29.587499999999977,1.157019091717193,21.77777777777778,11.076752432208838,74.33333333333333
14525,20,9,4215.9,342,0.02631578947368421,12.32719298245614,42.125,21.85299914035992,73.0,0.043757932771017936,468.4333333333333,275.12630258664836,986.17,169.47,0.5873328881804207,816.6999999999999,307.7385,2.0345281417297687,30.88888888888889,29.65402352314288,293.0
14527,3,55,8507.13,367,0.14986376021798364,23.180190735694822,6.314814814814815,2.6904728775220987,15.0,0.27096798518444387,154.6750909090909,72.36450165328729,361.34,12.75,0.4678484507619845,348.59,44.659669312169314,1.3384865851369798,17.654545454545456,6.877817757426923,37.96363636363636
14528,37,1,364.22,1,1.0,364.21999999999997,0.0,0.0,0.0,1.0,364.21999999999997,0.0,364.21999999999997,364.21999999999997,0.0,0.0,0.0,0.0,18.0,0.0,278.0
14529,60,3,578.61,51,0.058823529411764705,11.34529411764706,24.5,10.606601717798213,32.0,0.08615786293989429,192.87,53.32718725003223,240.47,135.24,0.276492908435901,105.22999999999999,86.445,1.6391969831410824,68.0,17.05872210923198,108.33333333333333
14530,26,6,2862.11,271,0.02214022140221402,10.56129151291513,53.8,19.123284236762263,77.0,0.049693677643987556,477.0183333333334,103.68827945658407,662.86,379.79,0.21736749347142645,283.07,-43.990000000000066,0.9118460428579062,35.333333333333336,7.501111028818776,232.5
14532,236,4,932.85,116,0.034482758620689655,8.041810344827587,38.0,11.0,49.0,0.08333333333333333,233.21250000000003,107.79646233372722,386.90000000000003,140.55,0.46222420467911113,246.35000000000002,61.025000000000034,1.3010606808090777,16.0,5.597618541248888,71.0
14533,25,7,1949.72,329,0.02127659574468085,5.926200607902736,54.333333333333336,91.7314922295864,240.0,0.010783823013698313,278.5314285714286,144.50576314096398,433.5,23.4,0.5188131331610425,410.1,-179.5300000000001,0.5289410159529805,8.857142857142858,5.1455019654248,574.1428571428571
14534,3,18,4397.3,316,0.056962025316455694,13.915506329113924,18.176470588235293,9.554025945364911,41.0,0.0947505724523235,244.29444444444445,141.33096993029486,705.87,120.16,0.5785271550145106,585.71,74.76666666666662,1.3613467941144881,27.444444444444443,13.249737942901193,112.61111111111111
14535,60,3,2854.84,189,0.015873015873015872,15.104973544973546,94.0,38.18376618407357,121.0,0.02552077294720217,951.6133333333333,218.476031713626,1202.03,799.94,0.2295848787115488,402.0899999999999,148.115,1.1736665611406194,108.33333333333333,24.09010862020621,608.0
14536,260,1,170.95,1,1.0,170.95,0.0,0.0,0.0,1.0,170.95,0.0,170.95,170.95,0.0,0.0,0.0,0.0,18.0,0.0,39.0
14537,58,1,355.56,1,1.0,355.56,0.0,0.0,0.0,1.0,355.56,0.0,355.56,355.56,0.0,0.0,0.0,0.0,10.0,0.0,120.0
14538,65,2,388.25,192,0.010416666666666666,2.0221354166666665,191.0,0.0,191.0,1.0,194.125,123.92046340294246,281.75,106.5,0.6383539647286154,175.25,175.25,2.6455399061032865,9.5,9.192388155425117,77.5
14539,16,2,537.48,29,0.06896551724137931,18.533793103448275,28.0,0.0,28.0,1.0,268.74,278.0485284981742,465.35,72.13,1.0346376739531675,393.22,393.22,6.451545820047138,16.0,12.727922061357855,214.0
14540,10,3,952.66,300,0.01,3.1755333333333335,149.0,118.79393923933998,233.0,0.008347667723006165,317.55333333333334,123.08928724033352,442.03000000000003,195.9,0.3876176828259826,246.13000000000002,182.48,1.9314956610515568,22.666666666666668,16.862186493255653,137.0
14541,59,8,1453.35,261,0.03065134099616858,5.568390804597701,36.714285714285715,36.476998623398664,109.0,0.026683033239904452,181.66875000000002,106.71633419457666,307.91,38.3,0.587422626040949,269.61,-52.837500000000034,0.7460803748423138,12.125,12.900027685463092,80.125
14542,186,1,103.25,1,1.0,103.25,0.0,0.0,0.0,1.0,103.25,0.0,103.25,103.25,0.0,0.0,0.0,0.0,5.0,0.0,19.0
14543,29,16,3599.73,337,0.04747774480712166,10.681691394658754,21.933333333333334,16.263309567712167,45.0,0.057926320331433745,224.983125,131.66151742093564,388.05,15.0,0.5852061901128613,373.05,-97.83375000000001,0.6428121577217963,4.375,2.526525941551627,42.1875
14544,24,2,2004.3,338,0.005917159763313609,5.929881656804733,337.0,0.0,337.0,1.0,1002.15,140.88395508360773,1101.77,902.53,0.14058170441910667,199.24,-199.24,0.8191637093041197,55.0,2.8284271247461903,768.0
14546,5,5,2573.93,244,0.020491803278688523,10.54889344262295,60.25,42.78921203605725,124.0,0.022836674913825173,514.786,149.69497362971143,727.22,313.59000000000003,0.2907906851190814,413.63,128.91000000000003,1.2946918434528165,78.8,32.934784043621725,262.6
14547,4,8,3974.75,51,0.1568627450980392,77.93627450980392,6.714285714285714,6.824326235712107,21.0,0.127806531818134,496.84375,276.07079490271025,1108.78,153.45000000000002,0.5556491249063921,955.3299999999999,-287.0175,0.5517820263058237,43.375,28.898529374347063,329.875
14548,151,2,652.8,168,0.011904761904761904,3.8857142857142852,167.0,0.0,167.0,1.0,326.4,0.0,326.4,326.4,0.0,0.0,0.0,1.0,2.0,0.0,128.0
14549,311,1,289.24,1,1.0,289.24,0.0,0.0,0.0,1.0,289.24,0.0,289.24,289.24,0.0,0.0,0.0,0.0,56.0,0.0,136.0
14550,11,2,757.37,34,0.058823529411764705,22.275588235294123,33.0,0.0,33.0,1.0,378.68500000000006,53.59162294612843,416.58000000000004,340.79,0.14152032149709765,75.79000000000002,75.79000000000002,1.2223950233281493,22.5,4.949747468305833,194.5
14551,18,2,186.23,186,0.010752688172043012,1.0012365591397852,185.0,0.0,185.0,1.0,93.11500000000001,45.70031126808658,125.43,60.8,0.49079430025330584,64.63000000000001,-64.63000000000001,0.4847325201307502,5.0,2.8284271247461903,53.0
14552,152,1,164.22,1,1.0,164.22,0.0,0.0,0.0,1.0,164.22,0.0,164.22,164.22,0.0,0.0,0.0,0.0,57.0,0.0,90.0
14553,19,5,859.27,320,0.015625,2.6852187499999998,79.5,88.53059734728251,185.0,0.011169365888636647,171.85399999999998,43.74076108162728,211.07,110.38,0.25452279889689666,100.69,26.156666666666695,1.1674991461748636,22.4,9.555103348473004,98.6
14554,10,4,2279.49,43,0.09302325581395349,53.011395348837205,13.666666666666666,13.279056191361391,29.0,0.07003263987468475,569.8725,460.4173362197243,1134.6,82.91,0.8079304339474608,1051.6899999999998,-329.78499999999997,0.5511694215157228,47.25,45.988223130130464,360.75
14555,57,2,312.54,245,0.00816326530612245,1.2756734693877552,244.0,0.0,244.0,1.0,156.27,42.525401820558976,186.34,126.2,0.2721277393009469,60.14,-60.14,0.6772566276698508,9.5,6.363961030678928,61.0
14557,85,1,788.38,1,1.0,788.38,0.0,0.0,0.0,1.0,788.38,0.0,788.38,788.38,0.0,0.0,0.0,0.0,16.0,0.0,510.0
14560,7,22,2237.77,351,0.06267806267806268,6.375413105413106,16.333333333333332,16.01353594098859,64.0,0.058776729509285884,101.71681818181818,97.83736550722296,408.16999999999996,17.0,0.9618602631900978,391.16999999999996,-37.07545454545455,0.6916918657393407,3.3636363636363638,3.3028912953790814,57.27272727272727
14561,76,3,1080.76,109,0.027522935779816515,9.915229357798165,54.0,45.254833995939045,86.0,0.021619361991176863,360.25333333333333,146.45325477207166,513.77,222.07,0.40652852096322495,291.7,207.27500000000003,1.933376863151259,23.0,8.888194417315589,338.0
14562,4,18,5006.77,301,0.059800664451827246,16.633787375415285,17.176470588235293,16.975111539094694,57.0,0.05563247815319895,278.1538888888889,127.34369982055232,603.5400000000001,61.2,0.45781743454761087,542.34,-30.752222222222258,0.8952331202186412,22.666666666666668,10.8248081086103,100.83333333333333
14565,96,4,3099.12,266,0.015037593984962405,11.650827067669173,88.0,69.0869017976635,155.0,0.014268001214933676,774.78,272.3288740964988,1167.41,538.8000000000001,0.35149187394679626,628.61,-327.99,0.6506191579451945,31.75,15.75595125658873,385.0
14566,111,1,1432.0,1,1.0,1432.0,0.0,0.0,0.0,1.0,1432.0,0.0,1432.0,1432.0,0.0,0.0,0.0,0.0,4.0,0.0,800.0
14567,57,2,1530.36,74,0.02702702702702703,20.68054054054054,73.0,0.0,73.0,1.0,765.1800000000001,50.31771854923474,800.76,729.6,0.06575932270738223,71.15999999999997,-71.15999999999997,0.9111344222988161,16.5,4.949747468305833,206.0
14569,1,1,227.39,1,1.0,227.39,0.0,0.0,0.0,1.0,227.39,0.0,227.39,227.39,0.0,0.0,0.0,0.0,10.0,0.0,79.0
14570,281,2,218.06,1,2.0,218.06,0.0,0.0,0.0,1.0,109.03,83.26889455252784,167.91,50.15,0.7637246129737488,117.75999999999999,-117.75999999999999,0.29867190756953127,14.5,7.7781745930520225,47.5
14572,3,7,2804.54,321,0.021806853582554516,8.736884735202493,52.833333333333336,32.39392947245929,106.0,0.029945562435972743,400.6485714285714,217.8220246308571,625.85,116.45,0.543673533775949,509.40000000000003,75.02583333333331,1.2097001854043024,35.57142857142857,22.127337110891755,202.85714285714286
14573,180,9,1639.82,193,0.046632124352331605,8.496476683937823,23.375,28.374724668267707,84.0,0.034042872275165816,182.20222222222222,114.30769973822606,402.0,1.95,0.6273672095986356,400.05,-63.95450000000005,0.706270308750416,24.88888888888889,19.94018834191671,59.333333333333336
14576,372,1,35.400000000000006,1,1.0,35.400000000000006,0.0,0.0,0.0,1.0,35.400000000000006,0.0,35.400000000000006,35.400000000000006,0.0,0.0,0.0,0.0,1.0,0.0,12.0
14577,13,4,859.71,351,0.011396011396011397,2.4493162393162393,116.66666666666667,42.59499188089291,151.0,0.0229384146401983,214.9275,95.8113126149517,346.90000000000003,121.11,0.4457843347870873,225.79000000000002,-38.15500000000003,0.8369479284630669,29.75,4.645786621588784,88.25
14578,3,1,168.63,1,1.0,168.63,0.0,0.0,0.0,1.0,168.63,0.0,168.63,168.63,0.0,0.0,0.0,0.0,24.0,0.0,240.0
14581,17,1,138.6,1,1.0,138.6,0.0,0.0,0.0,1.0,138.6,0.0,138.6,138.6,0.0,0.0,0.0,0.0,16.0,0.0,217.0
14582,41,1,114.11,1,1.0,114.11,0.0,0.0,0.0,1.0,114.11,0.0,114.11,114.11,0.0,0.0,0.0,0.0,6.0,0.0,73.0
14583,6,5,986.96,201,0.024875621890547265,4.910248756218905,49.5,59.00564944703741,138.0,0.016665097523569455,197.392,73.83583662423011,303.29,135.98,0.3740568849002498,167.31000000000003,99.31166666666667,1.7206680938040468,56.2,16.754103974847474,150.2
14584,169,4,1033.06,30,0.13333333333333333,34.43533333333333,9.0,7.810249675906654,14.0,0.11350416126511091,258.265,60.41103238095947,344.81,213.45,0.23391103084413092,131.36,41.72999999999999,1.1757792754844145,24.5,7.937253933193772,95.25
14585,50,1,157.05,1,1.0,157.05,0.0,0.0,0.0,1.0,157.05,0.0,157.05,157.05,0.0,0.0,0.0,0.0,29.0,0.0,91.0
14586,277,1,237.36,1,1.0,237.35999999999999,0.0,0.0,0.0,1.0,237.35999999999999,0.0,237.35999999999999,237.35999999999999,0.0,0.0,0.0,0.0,19.0,0.0,444.0
14587,19,9,1580.29,313,0.02875399361022364,5.048849840255591,38.625,51.980593906352624,165.0,0.018874835600514006,175.58777777777777,27.14956619256456,208.05,127.61,0.15462104786658212,80.44000000000001,-4.652500000000003,0.9738876650437076,40.77777777777778,16.45279442661472,83.22222222222223
14589,372,1,39.75,1,1.0,39.75,0.0,0.0,0.0,1.0,39.75,0.0,39.75,39.75,0.0,0.0,0.0,0.0,3.0,0.0,5.0
14591,15,4,1320.21,198,0.020202020202020204,6.667727272727273,65.66666666666667,113.73800303035627,197.0,0.008715508145417432,330.0525,176.5362665998123,578.24,203.58,0.5348732901578152,374.65999999999997,-122.15499999999997,0.6876869583003095,41.0,21.400934559032695,307.0
14592,35,3,557.94,29,0.10344827586206896,19.239310344827583,14.0,9.899494936611665,21.0,0.09174737048053264,185.98,67.84265103900347,262.71,133.94,0.36478465985054026,128.76999999999998,-115.09499999999997,0.5618933424688821,52.333333333333336,18.147543451754935,135.66666666666666
14593,22,3,617.15,178,0.016853932584269662,3.4671348314606742,88.5,125.15790027001891,177.0,0.007926574537620513,205.71666666666667,79.80350263825099,277.56,119.82,0.3879292034590504,157.74,-21.079999999999984,0.9040815397916003,47.666666666666664,30.664855018951798,110.0
14594,7,2,363.33,366,0.00546448087431694,0.9927049180327868,365.0,0.0,365.0,1.0,181.665,103.71135159663092,255.0,108.33,0.5708934114806425,146.67000000000002,-146.67000000000002,0.4248235294117647,25.5,7.7781745930520225,91.5
14595,20,6,1740.6,294,0.02040816326530612,5.920408163265305,58.0,95.18403227432636,227.0,0.010396736093865365,290.09999999999997,393.4387299694833,1091.29,81.54,1.356217614510456,1009.75,285.68,2.939970120874644,17.0,25.043961347997644,163.0
14597,11,2,866.24,181,0.011049723756906077,4.785856353591161,180.0,0.0,180.0,1.0,433.12,379.0375189872369,701.14,165.1,0.8751328015035946,536.04,536.04,4.246759539672926,22.5,27.577164466275352,283.0
14598,44,1,221.97,1,1.0,221.97,0.0,0.0,0.0,1.0,221.97,0.0,221.97,221.97,0.0,0.0,0.0,0.0,49.0,0.0,189.0
14600,306,1,393.33,1,1.0,393.33000000000004,0.0,0.0,0.0,1.0,393.33000000000004,0.0,393.33000000000004,393.33000000000004,0.0,0.0,0.0,0.0,25.0,0.0,125.0
14601,11,1,213.96,1,1.0,213.96,0.0,0.0,0.0,1.0,213.96,0.0,213.96,213.96,0.0,0.0,0.0,0.0,7.0,0.0,168.0
14603,275,1,660.0,1,1.0,660.0,0.0,0.0,0.0,1.0,660.0,0.0,660.0,660.0,0.0,0.0,0.0,0.0,2.0,0.0,400.0
14606,1,93,12076.15,373,0.24932975871313673,32.37573726541555,3.5760869565217392,2.0122356254016798,12.0,0.33197934171124166,129.8510752688172,56.35540158637559,338.83,3.67,0.43400026892121496,335.15999999999997,-22.47229879740985,0.8408568078427524,28.602150537634408,11.234786607120176,66.52688172043011
14607,16,14,16209.5,246,0.056910569105691054,65.89227642276423,18.692307692307693,58.89876146884672,214.0,0.016694836011260414,1157.8214285714287,769.2052408503521,2949.2799999999997,45.300000000000004,0.6643556785776815,2903.9799999999996,-499.84285714285727,0.6449331249619451,5.714285714285714,4.936965300022512,823.2857142857143
14608,4,4,1785.15,359,0.011142061281337047,4.972562674094708,118.66666666666667,137.19086461325816,276.0,0.007236368357623396,446.2875,167.20386446391325,586.95,204.0,0.3746550473941422,382.95000000000005,101.625,1.2569694670965295,5.0,2.70801280154532,109.25
14609,72,4,601.56,225,0.017777777777777778,2.6736,74.0,42.14261501141095,118.0,0.023178938034597724,150.39,31.315689358530815,191.16,115.2,0.20822986474187657,75.96,5.5800000000000125,1.0378048780487805,1.0,0.0,1756.5
14616,243,3,406.08,75,0.04,5.4144000000000005,36.5,6.363961030678928,41.0,0.13579648178933995,135.36,115.49661813230723,237.6,10.08,0.8532551575968323,227.51999999999998,-153.35999999999999,0.3545454545454546,1.0,0.0,34.666666666666664
14618,9,3,553.44,329,0.00911854103343465,1.6821884498480244,163.5,229.80970388562795,326.0,0.004332573471414899,184.48000000000002,89.75457202839306,257.4,84.24000000000001,0.4865273852363023,173.15999999999997,-40.98000000000002,0.8065155807365438,5.0,2.0,88.0
14619,246,1,394.44,1,1.0,394.44,0.0,0.0,0.0,1.0,394.44,0.0,394.44,394.44,0.0,0.0,0.0,0.0,20.0,0.0,152.0
14620,206,2,412.78,79,0.02531645569620253,5.22506329113924,78.0,0.0,78.0,1.0,206.39,40.95562476632481,235.35,177.43,0.19843802881110914,57.91999999999999,-57.91999999999999,0.7538984491183345,13.0,2.8284271247461903,107.0
14621,1,5,1788.36,358,0.013966480446927373,4.995418994413408,89.0,71.11961754677819,171.0,0.013865852787577257,357.672,74.36735150588598,482.59000000000003,302.86,0.20792052916047657,179.73000000000002,65.86166666666674,1.207011257615523,18.4,6.024948132556827,198.6
14622,185,1,320.58000000000004,1,1.0,320.58000000000004,0.0,0.0,0.0,1.0,320.58000000000004,0.0,320.58000000000004,320.58000000000004,0.0,0.0,0.0,0.0,21.0,0.0,146.0
14623,32,5,886.7,204,0.024509803921568627,4.3465686274509805,50.25,28.335784207723396,72.0,0.0340880609469688,177.34,37.72082448727758,208.3,118.2,0.21270341991247085,90.10000000000001,-35.98333333333332,0.8191156018029794,26.4,13.069047402163632,83.6
14624,57,2,225.85,2,1.0,112.925,1.0,0.0,1.0,1.0,112.925,137.6383349579615,210.25,15.6,1.21884733192793,194.65,-194.65,0.0741973840665874,6.5,7.7781745930520225,81.0
14625,196,2,899.63,165,0.012121212121212121,5.45230303030303,164.0,0.0,164.0,1.0,449.815,191.92999361746456,585.53,314.1,0.4266865124939465,271.42999999999995,-271.42999999999995,0.5364370741038035,26.5,10.606601717798213,167.5
14626,24,4,2791.27,210,0.01904761904761905,13.291761904761906,69.33333333333333,36.35014901390823,110.0,0.026773654895663895,697.8175,191.35962816557378,984.39,586.9,0.2742258945434498,397.49,-175.65499999999997,0.7764193751630826,30.5,6.454972243679029,350.75
14628,91,2,671.96,152,0.013157894736842105,4.420789473684211,151.0,0.0,151.0,1.0,335.98,6.222539674441586,340.38,331.58000000000004,0.018520565731417304,8.799999999999955,8.799999999999955,1.0265395982869894,12.0,0.0,136.0
14629,4,2,955.26,44,0.045454545454545456,21.710454545454546,43.0,0.0,43.0,1.0,477.63,177.5545127559421,603.1800000000001,352.08,0.3717407046373597,251.10000000000008,-251.10000000000008,0.5837063563115487,74.0,11.313708498984761,189.0
14631,51,3,1006.98,249,0.012048192771084338,4.0440963855421685,123.5,85.55992052357225,184.0,0.011552690829096558,335.66,36.14200879862661,376.90000000000003,309.5,0.10767445867433298,67.40000000000003,39.24000000000001,1.1267851373182554,13.666666666666666,2.081665999466133,207.33333333333334
14632,263,1,114.56,1,1.0,114.56,0.0,0.0,0.0,1.0,114.56,0.0,114.56,114.56,0.0,0.0,0.0,0.0,8.0,0.0,96.0
14633,266,1,344.90000000000003,1,1.0,344.90000000000003,0.0,0.0,0.0,1.0,344.90000000000003,0.0,344.90000000000003,344.90000000000003,0.0,0.0,0.0,0.0,20.0,0.0,96.0
14636,36,2,609.85,233,0.008583690987124463,2.6173819742489273,232.0,0.0,232.0,1.0,304.925,6.696301217836624,309.66,300.19,0.021960486079647863,9.470000000000027,9.470000000000027,1.0315466870981713,14.0,2.8284271247461903,120.5
14638,51,1,443.6,1,1.0,443.6,0.0,0.0,0.0,1.0,443.6,0.0,443.6,443.6,0.0,0.0,0.0,0.0,16.0,0.0,166.0
14639,52,6,2984.49,310,0.01935483870967742,9.627387096774193,61.6,70.0949356230534,171.0,0.014065699493730715,497.41499999999996,322.5642742617353,948.16,47.1,0.648481196308385,901.06,-184.81666666666672,0.686657586735011,28.666666666666668,18.68332589949302,238.5
14640,24,6,2107.38,204,0.029411764705882353,10.330294117647059,40.2,21.40560674215987,68.0,0.044631685787751244,351.23,106.58214203139285,496.24,185.07,0.3034539818107589,311.17,44.38000000000005,1.1348772185752494,17.5,6.685805860178712,146.66666666666666
14641,22,1,110.46,1,1.0,110.46000000000001,0.0,0.0,0.0,1.0,110.46000000000001,0.0,110.46000000000001,110.46000000000001,0.0,0.0,0.0,0.0,7.0,0.0,90.0
14642,59,1,96.12,1,1.0,96.12,0.0,0.0,0.0,1.0,96.12,0.0,96.12,96.12,0.0,0.0,0.0,0.0,2.0,0.0,76.0
14643,170,2,693.8100000000001,188,0.010638297872340425,3.690478723404255,187.0,0.0,187.0,1.0,346.905,15.60584666078708,357.94,335.87,0.04498593753559932,22.069999999999993,-22.069999999999993,0.9383416215008102,15.5,0.7071067811865476,407.5
14644,68,2,830.76,231,0.008658008658008658,3.596363636363636,230.0,0.0,230.0,1.0,415.38,322.2709865935809,643.26,187.50000000000003,0.7758461808310003,455.76,455.76,3.4307199999999995,13.0,7.0710678118654755,129.0
14645,157,2,597.09,119,0.01680672268907563,5.017563025210085,118.0,0.0,118.0,1.0,298.545,82.65371165289552,356.99,240.10000000000002,0.2768551195059221,116.88999999999999,116.88999999999999,1.4868388171595168,15.0,8.48528137423857,190.5
14646,2,73,280206.02,354,0.2062146892655367,791.5424293785311,4.569444444444445,7.026762500348701,30.0,0.12458323015743368,3838.4386301369864,4810.026259702897,20277.92,2.08,1.2531205323793952,20275.839999999997,-1616.3969819819804,0.6529630311082207,28.438356164383563,31.798840956065725,2697.4657534246576
14647,201,1,236.04,1,1.0,236.04000000000002,0.0,0.0,0.0,1.0,236.04000000000002,0.0,236.04000000000002,236.04000000000002,0.0,0.0,0.0,0.0,24.0,0.0,91.0
14649,5,4,1402.59,208,0.019230769230769232,6.743221153846155,69.0,70.02142529254886,140.0,0.014080258117615024,350.64750000000004,137.45412092161274,507.41,182.45,0.39200085818838787,324.96000000000004,119.17500000000001,1.4094516594516595,43.75,25.695330315059195,251.0
14651,67,2,653.75,144,0.013888888888888888,4.539930555555555,143.0,0.0,143.0,1.0,326.875,125.29225055844437,415.47,238.28,0.38330325218644545,177.19000000000003,-177.19000000000003,0.5735191469901557,50.5,12.020815280171307,171.5
14652,77,1,114.18,1,1.0,114.18,0.0,0.0,0.0,1.0,114.18,0.0,114.18,114.18,0.0,0.0,0.0,0.0,29.0,0.0,53.0
14653,1,7,1926.65,338,0.020710059171597635,5.700147928994083,55.666666666666664,105.94463963158621,271.0,0.009350632284562385,275.2357142857143,147.80941127649743,405.13,16.66,0.5370284581711685,388.46999999999997,-160.02166666666668,0.5635891748406862,33.285714285714285,22.581070875951873,135.0
14655,8,4,1932.23,215,0.018604651162790697,8.987116279069767,71.0,71.33722730804723,151.0,0.013824140587273435,483.0575,219.15959411275307,810.56,358.15000000000003,0.4536925606428905,452.4099999999999,-245.055,0.5953416943946762,12.25,1.707825127659933,272.25
14656,169,2,291.05,115,0.017391304347826087,2.5308695652173916,114.0,0.0,114.0,1.0,145.525,17.557461376861966,157.94,133.11,0.12064910755445432,24.829999999999984,24.829999999999984,1.1865374502291337,38.0,12.727922061357855,60.0
14657,18,4,848.22,309,0.012944983818770227,2.7450485436893204,102.66666666666667,51.05226080530942,137.0,0.019211461414525115,212.055,143.64774821300423,416.08,108.32000000000001,0.6774079753507545,307.76,-100.28999999999999,0.6175057208237986,30.5,21.015867021530816,116.5
14658,5,2,247.15,112,0.017857142857142856,2.2066964285714286,111.0,0.0,111.0,1.0,123.575,0.6151828996322996,124.01,123.14,0.004978214846306288,0.8700000000000045,0.8700000000000045,1.0070651291213253,14.5,0.7071067811865476,23.5
14659,9,9,2529.93,307,0.029315960912052116,8.240814332247556,37.875,15.027950150113146,67.0,0.062391010118841725,281.1033333333333,145.02986123554004,593.17,149.4,0.5159307771835033,443.77,-18.32249999999999,0.9370971479577387,27.88888888888889,11.730776236511849,132.77777777777777
14660,87,2,285.74,15,0.13333333333333333,19.049333333333333,14.0,0.0,14.0,1.0,142.87,19.685852788233476,156.79,128.95,0.13778856854646515,27.840000000000003,27.840000000000003,1.2158976347421482,15.0,1.4142135623730951,114.0
14661,27,1,107.95,1,1.0,107.95,0.0,0.0,0.0,1.0,107.95,0.0,107.95,107.95,0.0,0.0,0.0,0.0,4.0,0.0,35.0
14662,29,4,741.37,288,0.013888888888888888,2.574201388888889,95.33333333333333,94.97543542060406,205.0,0.010419332776325384,185.3425,73.50249944729768,260.03,96.95,0.39657660518929916,163.07999999999998,13.705000000000013,1.0767830130539526,38.25,22.76510487566442,144.5
14664,20,2,636.24,14,0.14285714285714285,45.44571428571429,13.0,0.0,13.0,1.0,318.12,97.9625734655843,387.39,248.85,0.3079422025197545,138.54,-138.54,0.6423759002555565,48.0,22.627416997969522,232.5
14665,61,5,1835.7,251,0.0199203187250996,7.313545816733068,62.25,97.17467091102839,207.0,0.010185926682721029,367.14,201.97630950188193,559.52,81.6,0.5501343070814456,477.91999999999996,70.18333333333328,1.2159287860607737,18.0,10.653637876331258,148.0
14666,24,1,195.25,1,1.0,195.25,0.0,0.0,0.0,1.0,195.25,0.0,195.25,195.25,0.0,0.0,0.0,0.0,14.0,0.0,161.0
14667,11,25,9175.04,358,0.06983240223463687,25.628603351955306,14.458333333333334,12.548962079604923,36.0,0.07380639152465317,367.00159999999994,221.58240689940462,1064.34,97.7,0.6037641440784036,966.6399999999999,4.613653846153852,1.0126539281715123,22.44,11.445814373239969,212.76
14669,242,3,1259.24,91,0.03296703296703297,13.837802197802198,45.0,63.63961030678928,90.0,0.015470390295576507,419.74666666666667,3.6359363764143726,421.95,415.55,0.008662216201234965,6.399999999999977,-3.305000000000007,0.9921673184026544,53.666666666666664,0.5773502691896263,256.6666666666667
14670,280,2,392.86,1,2.0,392.86,0.0,0.0,0.0,1.0,196.43,141.69005681416039,296.62,96.24,0.7213259523197088,200.38,200.38,3.082086450540316,59.0,22.627416997969522,163.0
14672,235,2,765.5500000000001,102,0.0196078431372549,7.505392156862745,101.0,0.0,101.0,1.0,382.775,137.8787512635649,480.27,285.28000000000003,0.3602083502411728,194.98999999999995,194.98999999999995,1.6835039259674702,30.5,4.949747468305833,227.0
14673,3,5,1736.4,365,0.0136986301369863,4.757260273972603,90.5,159.03982729702224,329.0,0.006248444633372873,347.28000000000003,40.78452279970921,389.13,302.33,0.1174398836665204,86.80000000000001,13.658333333333303,1.0402799691326166,14.8,2.16794833886788,200.8
14675,16,1,596.36,1,1.0,596.36,0.0,0.0,0.0,1.0,596.36,0.0,596.36,596.36,0.0,0.0,0.0,0.0,93.0,0.0,336.0
14676,31,6,2548.24,252,0.023809523809523808,10.112063492063493,49.8,28.49034924320866,73.0,0.033909398351065316,424.7066666666667,126.58843338420249,556.32,223.44,0.29806085780978825,332.88000000000005,83.73333333333335,1.2187162609271063,7.0,3.794733192202055,416.6666666666667
14680,25,16,28754.11,347,0.04610951008645533,82.86487031700288,22.466666666666665,11.463399313010246,46.0,0.08023493229139532,1797.131875,923.20230898916,3609.8,72.0,0.5137087165565744,3537.8,242.44375000000014,1.1446639437678636,16.125,7.7276559619762235,842.25
14681,71,3,498.95,141,0.02127659574468085,3.5386524822695034,70.0,98.99494936611666,140.0,0.010000505088898526,166.31666666666666,197.27886565299724,393.95,45.0,1.1861641386090624,348.95,-341.45,0.13326564284807718,2.3333333333333335,2.3094010767585034,25.333333333333332
14682,188,2,52.0,14,0.14285714285714285,3.7142857142857144,13.0,0.0,13.0,1.0,26.0,7.353910524340097,31.200000000000003,20.8,0.2828427124746191,10.400000000000002,10.400000000000002,1.5,1.0,0.0,40.0
14684,26,5,1201.51,337,0.01483679525222552,3.565311572700297,83.75,66.12803238163575,147.0,0.014896906173486631,240.302,87.49593973436711,325.08,129.33,0.3641082460169583,195.74999999999997,-10.69666666666663,0.9566445092952877,77.6,34.760609891082176,164.2
14687,107,1,628.38,1,1.0,628.38,0.0,0.0,0.0,1.0,628.38,0.0,628.38,628.38,0.0,0.0,0.0,0.0,15.0,0.0,470.0
14688,8,21,5579.1,367,0.05722070844686648,15.20190735694823,17.85,11.694690653184642,48.0,0.07877308926382826,265.6714285714286,116.44078187154679,536.77,92.5,0.4382886880146408,444.27,-24.763909090909124,0.9111267496728462,15.285714285714286,9.613234924534286,170.66666666666666
14689,209,1,112.8,1,1.0,112.80000000000001,0.0,0.0,0.0,1.0,112.80000000000001,0.0,112.80000000000001,112.80000000000001,0.0,0.0,0.0,0.0,13.0,0.0,76.0
14690,44,2,355.05,108,0.018518518518518517,3.2875,107.0,0.0,107.0,1.0,177.525,49.54697215774138,212.56,142.49,0.27909856165464797,70.07,-70.07,0.6703519006398194,24.0,5.656854249492381,83.5
14691,31,5,2114.33,183,0.0273224043715847,11.553715846994535,45.25,49.96915715385508,116.0,0.019619708385237924,422.866,273.940729136797,835.08,70.8,0.6478192362043698,764.2800000000001,-357.45666666666665,0.4391428959948118,14.2,10.353743284435827,141.4
14692,137,4,591.55,186,0.021505376344086023,3.1803763440860218,61.0,37.589892258425,97.0,0.025913521429479464,147.88750000000002,75.00608169786415,259.6,99.45,0.5071833772148704,160.15000000000003,-85.07500000000002,0.5532361822239726,16.0,6.879922480183431,66.25
14693,265,1,172.9,1,1.0,172.9,0.0,0.0,0.0,1.0,172.9,0.0,172.9,172.9,0.0,0.0,0.0,0.0,8.0,0.0,34.0
14696,4,7,2078.95,369,0.018970189701897018,5.634010840108401,60.833333333333336,13.847984209503805,83.0,0.06734920955532309,296.99285714285713,11.639290806410425,319.87,284.35,0.03919047386655426,35.51999999999998,10.72083333333336,1.036858239743296,18.571428571428573,2.5727509827124,232.85714285714286
14697,218,2,188.61,1,2.0,188.61,0.0,0.0,0.0,1.0,94.305,6.936717523440017,99.21,89.4,0.073556200874185,9.809999999999988,9.809999999999988,1.109731543624161,11.0,1.4142135623730951,90.5
14698,2,5,1217.27,50,0.1,24.345399999999998,12.0,7.52772652709081,21.0,0.11726454839085287,243.454,163.35618118087848,498.04,113.73,0.6709940324697006,384.31,-104.05166666666665,0.6598340334875308,38.0,19.144189719076646,120.4
14699,214,1,109.13,1,1.0,109.13000000000001,0.0,0.0,0.0,1.0,109.13000000000001,0.0,109.13000000000001,109.13000000000001,0.0,0.0,0.0,0.0,8.0,0.0,77.0
14700,32,3,2195.1,207,0.014492753623188406,10.604347826086956,102.5,77.07463914933368,157.0,0.012808256444032946,731.6999999999999,83.2404198691957,819.55,654.0,0.11376304478501532,165.54999999999995,15.224999999999909,1.0211004088420759,37.0,2.6457513110645907,438.0
14701,11,9,2526.09,306,0.029411764705882353,8.255196078431373,37.75,55.35534559294419,162.0,0.017744545605718053,280.6766666666667,200.10433409848974,577.71,6.95,0.7129354088280337,570.76,-151.80449999999996,0.5841115030307182,35.111111111111114,26.992797393214197,102.33333333333333
14702,1,17,3251.79,365,0.04657534246575343,8.909013698630137,22.0625,27.974914357926696,119.0,0.03451261279488231,191.28176470588235,72.8416577443236,360.41,101.25,0.3808081646273287,259.16,16.328055555555608,1.0894014403151357,20.11764705882353,9.803585778563223,84.6470588235294
14703,15,1,318.17,1,1.0,318.17,0.0,0.0,0.0,1.0,318.17,0.0,318.17,318.17,0.0,0.0,0.0,0.0,22.0,0.0,183.0
14704,11,9,1493.96,169,0.05325443786982249,8.84,20.625,20.618559600515262,61.0,0.04625655078223462,165.99555555555557,176.7658055953633,601.88,15.0,1.0648827614917866,586.88,-139.823,0.42619062275571973,40.22222222222222,38.29744697031963,115.88888888888889
14705,199,1,179.0,1,1.0,179.0,0.0,0.0,0.0,1.0,179.0,0.0,179.0,179.0,0.0,0.0,0.0,0.0,1.0,0.0,100.0
14708,3,3,1126.37,366,0.00819672131147541,3.0775136612021856,182.5,44.54772721475249,214.0,0.0219549922938001,375.45666666666665,80.89001318663098,425.19,282.12,0.21544433850323869,143.07,-65.40500000000003,0.8439244976852955,9.333333333333334,6.429100507328636,207.0
14709,15,13,4921.04,344,0.0377906976744186,14.305348837209301,28.083333333333332,16.16651046472493,61.0,0.05825295723640965,378.54153846153844,138.1770838963631,588.3000000000001,33.0,0.365024891212573,555.3000000000001,-27.4519047619047,0.9302052473489038,15.076923076923077,5.155281086121597,191.07692307692307
14710,14,4,599.48,46,0.08695652173913043,13.03217391304348,14.333333333333334,8.144527815247077,20.0,0.10935501758031242,149.87,71.3925126793186,225.44,54.81,0.4763629324035404,170.63,-19.49000000000001,0.877893681671522,32.75,14.522970311429637,93.75
14711,10,11,2839.62,253,0.043478260869565216,11.223794466403161,24.5,18.75129625148915,66.0,0.0506295884212969,258.1472727272727,103.8203134353686,526.5,148.57,0.40217474443378154,377.93,-53.31833333333336,0.8143705973145794,30.818181818181817,11.872810802991697,87.81818181818181
14712,29,3,917.07,83,0.03614457831325301,11.049036144578315,41.0,5.656854249492381,45.0,0.15022110482233483,305.69,189.9400071075075,495.6,115.72,0.6213484481255767,379.88,284.95500000000004,3.46245247148289,8.333333333333334,4.163331998932266,105.0
14713,9,11,2662.2,356,0.03089887640449438,7.478089887640449,35.0,21.19748412744619,69.0,0.045050150470140216,242.0181818181818,87.9866472617501,372.24,124.94999999999999,0.3635538726914774,247.29000000000002,110.17633333333333,1.605624022016762,30.636363636363637,13.321206606555783,146.63636363636363
14714,24,1,160.19,1,1.0,160.19,0.0,0.0,0.0,1.0,160.19,0.0,160.19,160.19,0.0,0.0,0.0,0.0,10.0,0.0,229.0
14715,25,4,867.38,307,0.013029315960912053,2.825342019543974,101.66666666666667,89.79049689879956,203.0,0.01101436861959968,216.845,112.36524269838368,347.3,109.5,0.5181823085539611,237.8,186.24000000000004,2.5052737926853914,17.75,8.220908303425682,130.25
14716,43,2,307.51,106,0.018867924528301886,2.9010377358490564,105.0,0.0,105.0,1.0,153.755,39.54848227176361,181.72,125.78999999999999,0.2572175361566363,55.93000000000001,-55.93000000000001,0.6922187981510015,24.0,7.0710678118654755,247.5
14719,2,5,1581.84,248,0.020161290322580645,6.378387096774194,61.25,45.61706552011721,118.0,0.02145137169924302,316.36800000000005,78.6371688198399,406.42,223.46,0.24856233506498726,182.96,120.51333333333332,1.4937856811166652,46.2,7.259476565152613,205.0
14720,6,3,663.81,121,0.024793388429752067,5.486033057851239,60.0,32.526911934581186,83.0,0.02982678517935779,221.26999999999998,57.35848934551885,262.68,155.8,0.25922397679540315,106.88,98.20499999999998,1.6303273427471114,12.333333333333334,3.055050463303893,73.0
14722,147,1,180.42,1,1.0,180.42,0.0,0.0,0.0,1.0,180.42,0.0,180.42,180.42,0.0,0.0,0.0,0.0,28.0,0.0,118.0
14723,10,6,1122.36,362,0.016574585635359115,3.100441988950277,71.8,137.44708072563782,317.0,0.007222976423617856,187.06000000000003,71.58046185936496,310.67,97.39,0.38266043974855635,213.28000000000003,70.35333333333335,1.4632064084275214,39.166666666666664,15.171244730300367,112.16666666666667
14725,25,1,655.58,1,1.0,655.58,0.0,0.0,0.0,1.0,655.58,0.0,655.58,655.58,0.0,0.0,0.0,0.0,45.0,0.0,588.0
14727,274,1,268.58,1,1.0,268.58,0.0,0.0,0.0,1.0,268.58,0.0,268.58,268.58,0.0,0.0,0.0,0.0,10.0,0.0,62.0
14729,374,1,313.49,1,1.0,313.49,0.0,0.0,0.0,1.0,313.49,0.0,313.49,313.49,0.0,0.0,0.0,0.0,69.0,0.0,197.0
14730,1,8,1897.57,276,0.028985507246376812,6.875253623188406,39.142857142857146,25.88711759047069,71.0,0.03719253269284689,237.19625,109.30796781015422,400.40999999999997,116.41,0.4608334567268843,284.0,106.89749999999998,1.5817630171839072,54.5,30.40206759886101,134.75
14731,47,3,380.02,166,0.018072289156626505,2.2892771084337347,82.0,107.48023074035522,158.0,0.009218269477998028,126.67333333333333,2.946613875846872,129.0,123.36,0.02326151683474716,5.640000000000001,-1.4799999999999898,0.9884067053109824,14.666666666666666,8.504900548115382,85.33333333333333
14732,8,8,2702.49,331,0.02416918429003021,8.16462235649547,46.714285714285715,14.556948921555023,62.0,0.06427995650319608,337.81125000000003,89.09870777281628,470.88,203.10000000000002,0.26375293236331315,267.78,34.02249999999998,1.106055174563591,18.375,6.022280061808579,175.625
14733,16,12,9585.91,352,0.03409090909090909,27.23269886363636,31.454545454545453,26.669696797540222,94.0,0.0361406200912508,798.8258333333333,563.2737302826356,1830.02,316.98,0.7051270837501736,1513.04,-715.9216666666666,0.38111175785797446,16.833333333333332,9.925479913593675,313.6666666666667
14735,4,32,6065.6900000000005,355,0.09014084507042254,17.086450704225353,11.064516129032258,14.850219939720237,55.0,0.06309060718419598,189.55281250000002,139.25010639329636,557.44,15.0,0.7346243221439742,542.44,70.891875,1.4600176014210917,6.0625,4.878772320455085,70.75
14737,4,3,1164.55,350,0.008571428571428572,3.327285714285714,174.5,70.0035713374682,224.0,0.014083798619750629,388.18333333333334,285.24813905323435,647.75,82.8,0.7348284033830261,564.95,-68.72500000000002,0.841647465437788,5.666666666666667,3.2145502536643185,115.0
14738,43,7,1314.45,274,0.025547445255474453,4.797262773722628,45.0,27.342274960214997,74.0,0.035282982802323865,187.77857142857144,95.9297919363551,326.81,17.4,0.5108665552546584,309.41,32.110000000000014,1.1895177949595703,7.714285714285714,3.545621041711674,85.85714285714286
14739,4,7,3902.28,364,0.019230769230769232,10.72054945054945,60.0,48.69907596659304,125.0,0.02012109844199487,557.4685714285714,231.354315818009,939.96,229.56,0.41500871560371455,710.4000000000001,212.79166666666657,1.4881961120203113,8.571428571428571,2.5071326821120348,545.7142857142857
14740,197,3,1448.21,87,0.034482758620689655,16.64609195402299,43.0,21.213203435596427,58.0,0.045018270457898496,482.7366666666667,97.96097709462344,555.71,371.4,0.2029283952492182,184.31000000000006,-57.545000000000016,0.8895701400882747,29.666666666666668,4.509249752822893,245.0
14741,12,6,1400.34,362,0.016574585635359115,3.868342541436464,71.8,72.2820863008256,197.0,0.01364589970726221,233.39,60.43242242372881,310.8,173.56,0.2589332123215597,137.24,20.873333333333335,1.0936219836737135,9.833333333333334,1.7224014243685082,140.16666666666666
14744,16,7,1099.98,351,0.019943019943019943,3.1338461538461537,57.833333333333336,89.78956880766644,237.0,0.011014481213347917,157.14000000000001,109.08091660169835,327.98,0.55,0.6941639086273281,327.43,-142.95166666666668,0.40144177087985705,3.7142857142857144,1.4960264830861911,89.57142857142857
14745,113,5,1220.26,173,0.028901734104046242,7.0535260115606935,42.75,42.1218470630147,100.0,0.023190101262097675,244.052,131.69357414088205,341.07,20.8,0.5396127634310804,320.27,-77.97166666666669,0.7319041151626637,13.8,9.47100839404126,207.6
14747,249,1,328.2,1,1.0,328.2,0.0,0.0,0.0,1.0,328.2,0.0,328.2,328.2,0.0,0.0,0.0,0.0,18.0,0.0,84.0
14748,29,5,1415.75,340,0.014705882352941176,4.163970588235294,84.5,64.17424197708402,156.0,0.015343484936144113,283.15,134.08966216677555,412.22,58.2,0.4735640549771343,354.02000000000004,79.89999999999995,1.339696441477828,17.8,9.984988733093292,244.6
14752,44,1,389.64,1,1.0,389.64000000000004,0.0,0.0,0.0,1.0,389.64000000000004,0.0,389.64000000000004,389.64000000000004,0.0,0.0,0.0,0.0,5.0,0.0,260.0
14753,87,1,563.15,1,1.0,563.15,0.0,0.0,0.0,1.0,563.15,0.0,563.15,563.15,0.0,0.0,0.0,0.0,30.0,0.0,211.0
14754,45,2,638.05,251,0.00796812749003984,2.5420318725099604,250.0,0.0,250.0,1.0,319.02500000000003,128.34695185317025,409.78000000000003,228.27,0.4023100128615947,181.51000000000002,181.51000000000002,1.7951548604722478,20.5,7.7781745930520225,243.0
14755,10,11,5010.28,325,0.033846153846153845,15.416246153846153,32.0,10.498677165349081,49.0,0.08696652542028661,455.47999999999996,150.3331763783364,737.8000000000001,304.3,0.3300543961937657,433.50000000000006,13.977333333333377,1.0312094363664512,21.363636363636363,5.852738286865855,201.72727272727272
14756,15,1,738.96,1,1.0,738.96,0.0,0.0,0.0,1.0,738.96,0.0,738.96,738.96,0.0,0.0,0.0,0.0,38.0,0.0,416.0
14757,75,1,420.5,1,1.0,420.5,0.0,0.0,0.0,1.0,420.5,0.0,420.5,420.5,0.0,0.0,0.0,0.0,19.0,0.0,160.0
14758,145,4,1484.06,115,0.034782608695652174,12.90486956521739,37.666666666666664,20.744477176668816,60.0,0.04598868907609195,371.015,193.79689995800587,654.75,224.47,0.5223424927779359,430.28,-240.44,0.5105397620283572,17.75,6.946221994724902,104.75
14759,5,3,1625.97,229,0.013100436681222707,7.100305676855895,113.5,7.7781745930520225,119.0,0.11391890072356342,541.99,229.75939219104842,755.12,298.6,0.4239181390635407,456.52,-45.389999999999986,0.9206815203145479,34.0,16.522711641858304,189.66666666666666
14760,297,1,89.2,1,1.0,89.2,0.0,0.0,0.0,1.0,89.2,0.0,89.2,89.2,0.0,0.0,0.0,0.0,5.0,0.0,40.0
14761,59,2,255.9,277,0.007220216606498195,0.9238267148014441,276.0,0.0,276.0,1.0,127.95,43.06280297426075,158.4,97.5,0.33655961683673896,60.900000000000006,60.900000000000006,1.6246153846153846,5.5,2.1213203435596424,59.0
14762,264,1,300.52,1,1.0,300.52,0.0,0.0,0.0,1.0,300.52,0.0,300.52,300.52,0.0,0.0,0.0,0.0,21.0,0.0,341.0
14764,47,1,278.3,1,1.0,278.3,0.0,0.0,0.0,1.0,278.3,0.0,278.3,278.3,0.0,0.0,0.0,0.0,6.0,0.0,190.0
14765,29,3,254.11,148,0.02027027027027027,1.7169594594594595,73.0,14.142135623730951,83.0,0.06604088253131131,84.70333333333333,71.89721158246218,158.61,15.0,0.8488120685820572,143.61,6.305000000000007,1.0783229813664597,13.0,15.874507866387544,45.0
14766,8,6,2473.37,359,0.016713091922005572,6.889610027855153,71.0,28.36370920736567,109.0,0.034055643070772454,412.2283333333333,153.27124236681408,628.66,180.4,0.3718115179697678,448.26,46.98333333333329,1.1208615943955205,22.5,10.597169433391164,224.83333333333334
14768,17,2,192.6,110,0.01818181818181818,1.7509090909090912,109.0,0.0,109.0,1.0,96.30000000000001,52.18448045156721,133.20000000000002,59.400000000000006,0.5418949164233354,73.80000000000001,-73.80000000000001,0.44594594594594594,2.5,2.1213203435596424,26.0
14769,3,8,10416.98,355,0.022535211267605635,29.343605633802817,50.0,20.016659728003237,79.0,0.04758130040367783,1302.1225,1356.4608164184365,3790.17,312.66,1.0417305717537608,3477.51,-212.87999999999988,0.8488671961663043,129.875,147.90676358532667,904.875
14770,232,2,876.4200000000001,91,0.02197802197802198,9.630989010989012,90.0,0.0,90.0,1.0,438.21000000000004,225.7226266903697,597.82,278.6,0.515101496292576,319.22,319.22,2.1458004307250538,26.0,12.727922061357855,245.0
14772,112,1,139.26,1,1.0,139.26,0.0,0.0,0.0,1.0,139.26,0.0,139.26,139.26,0.0,0.0,0.0,0.0,9.0,0.0,82.0
14775,58,3,1011.9,314,0.009554140127388535,3.222611464968153,156.5,109.60155108391487,234.0,0.009041464520161083,337.3,60.48209321774507,406.56,294.9,0.17931246136301532,111.66000000000003,-103.89000000000004,0.7444657615112159,20.0,0.0,391.3333333333333
14776,51,11,2538.3,262,0.04198473282442748,9.688167938931299,25.7,26.791582425995088,78.0,0.03598211806264913,230.75454545454548,163.34419318504322,558.36,13.2,0.7078698834004945,545.16,-110.80199999999996,0.6194881727519987,10.636363636363637,7.311261550139309,284.90909090909093
14778,127,2,730.86,182,0.01098901098901099,4.015714285714286,181.0,0.0,181.0,1.0,365.43,44.37802158726772,396.81,334.05,0.12144055383320394,62.75999999999999,62.75999999999999,1.187876066457117,17.5,0.7071067811865476,153.0
14779,281,3,386.15,44,0.06818181818181818,8.776136363636363,21.5,28.991378028648448,42.0,0.03334291605556694,128.71666666666667,118.32143015250168,262.55,38.0,0.91923939002332,224.55,-200.75,0.23538373643115595,13.666666666666666,15.044378795195676,28.0
14780,55,2,447.68,25,0.08,17.9072,24.0,0.0,24.0,1.0,223.84,154.09270975617244,332.8,114.88,0.6884056011265745,217.92000000000002,-217.92000000000002,0.3451923076923077,13.5,7.7781745930520225,155.0
14782,320,1,200.1,1,1.0,200.10000000000002,0.0,0.0,0.0,1.0,200.10000000000002,0.0,200.10000000000002,200.10000000000002,0.0,0.0,0.0,0.0,6.0,0.0,114.0
14784,26,2,289.99,298,0.006711409395973154,0.9731208053691276,297.0,0.0,297.0,1.0,144.995,42.871884143340374,175.31,114.68,0.2956783623113926,60.629999999999995,60.629999999999995,1.5286885245901638,7.5,4.949747468305833,118.5
14785,10,2,77.4,5,0.4,15.48,4.0,0.0,4.0,1.0,38.7,1.1030865786510158,39.480000000000004,37.92,0.028503529164108934,1.5600000000000023,-1.5600000000000023,0.9604863221884498,1.5,0.7071067811865476,42.0
14788,7,2,679.44,20,0.1,33.972,19.0,0.0,19.0,1.0,339.72,40.63035564697903,368.45,310.99,0.11959953975915172,57.45999999999998,-57.45999999999998,0.8440493961188764,15.0,0.0,210.5
14789,29,1,197.64,1,1.0,197.64,0.0,0.0,0.0,1.0,197.64,0.0,197.64,197.64,0.0,0.0,0.0,0.0,6.0,0.0,116.0
14790,17,4,745.06,237,0.016877637130801686,3.143713080168776,78.33333333333333,62.32442004008809,134.0,0.015791696147662165,186.265,32.81943072835563,216.74,152.16,0.17619751820447013,64.58000000000001,8.490000000000009,1.0466432260191187,11.5,5.446711546122731,174.75
14792,64,1,6.2,1,1.0,6.2,0.0,0.0,0.0,1.0,6.2,0.0,6.2,6.2,0.0,0.0,0.0,0.0,2.0,0.0,2.0
14793,21,1,228.99,1,1.0,228.99,0.0,0.0,0.0,1.0,228.99,0.0,228.99,228.99,0.0,0.0,0.0,0.0,14.0,0.0,91.0
14794,3,7,1319.91,332,0.02108433734939759,3.9756325301204822,54.666666666666664,62.98465421566325,172.0,0.015628747427929416,188.55857142857144,91.78434206126364,288.36,16.95,0.48676833604476477,271.41,50.51416666666668,1.3163198213242049,11.428571428571429,5.968169536721256,96.14285714285714
14795,166,1,131.45000000000002,1,1.0,131.45000000000002,0.0,0.0,0.0,1.0,131.45000000000002,0.0,131.45000000000002,131.45000000000002,0.0,0.0,0.0,0.0,6.0,0.0,17.0
14796,1,17,7975.49,366,0.04644808743169399,21.790956284153005,22.25,12.063719713808561,45.0,0.07654787624867548,469.1464705882353,153.13797157062226,833.0600000000001,281.49,0.326418253511769,551.57,164.63833333333332,1.4310073257675913,65.58823529411765,16.023649800877962,352.6470588235294
14798,53,3,173.74,258,0.011627906976744186,0.6734108527131784,128.0,52.32590180780452,165.0,0.018752613009793393,57.913333333333334,31.346083221565873,76.34,21.72,0.5412584877673398,54.620000000000005,-26.650000000000006,0.6478594080338266,4.0,2.0,50.0
14799,51,1,157.7,1,1.0,157.7,0.0,0.0,0.0,1.0,157.7,0.0,157.7,157.7,0.0,0.0,0.0,0.0,13.0,0.0,146.0
14800,48,12,4331.79,323,0.03715170278637771,13.41111455108359,28.90909090909091,19.45998224795976,62.0,0.04887589773445275,360.9825,271.7385273023583,796.26,0.38,0.752774794629541,795.88,-340.5849999999999,0.35892899157686703,31.5,19.815053965012652,303.6666666666667
14801,61,1,189.34,1,1.0,189.34,0.0,0.0,0.0,1.0,189.34,0.0,189.34,189.34,0.0,0.0,0.0,0.0,56.0,0.0,173.0
14803,162,3,845.5500000000001,131,0.022900763358778626,6.454580152671755,64.5,68.58935777509511,113.0,0.014370013346464358,281.84999999999997,228.4329903932442,542.15,114.76,0.8104771701019842,427.39,-390.45,0.2798118601862953,13.666666666666666,10.263202878893768,123.33333333333333
14804,9,1,353.27,1,1.0,353.27,0.0,0.0,0.0,1.0,353.27,0.0,353.27,353.27,0.0,0.0,0.0,0.0,12.0,0.0,121.0
14805,15,4,546.4,299,0.013377926421404682,1.82742474916388,99.0,140.18202452525787,260.0,0.00708305468321923,136.60000000000002,37.577586404664146,189.8,109.25,0.27509214059051346,80.55000000000001,27.549999999999997,1.224302869936902,11.5,5.066228051190222,28.5
14806,75,1,193.39,1,1.0,193.39000000000001,0.0,0.0,0.0,1.0,193.39000000000001,0.0,193.39000000000001,193.39000000000001,0.0,0.0,0.0,0.0,11.0,0.0,330.0
14808,40,8,2718.6,133,0.06015037593984962,20.4406015037594,18.571428571428573,25.264317016015184,69.0,0.038074471892424626,339.82500000000005,230.77396015520097,667.72,13.01,0.679096476584127,654.71,4.3700000000000045,1.012942779291553,27.75,26.858092688371283,265.0
14810,41,11,2085.33,329,0.03343465045592705,6.33838905775076,32.3,16.938122682280937,63.0,0.05574719371207044,189.57545454545453,64.28369752334356,352.23,129.46,0.339092936253149,222.77,64.78166666666664,1.4200056189488242,22.818181818181817,5.896069569097397,92.27272727272727
14813,370,2,152.88,1,2.0,152.88,0.0,0.0,0.0,1.0,76.44,69.28232242065792,125.43,27.45,0.9063621457438242,97.98,-97.98,0.2188471657498206,13.0,9.899494936611665,33.0
14815,37,2,778.5,32,0.0625,24.328125,31.0,0.0,31.0,1.0,389.25,229.56928758002454,551.58,226.92000000000002,0.5897733784971728,324.66,-324.66,0.41139997824431634,26.5,17.67766952966369,372.0
14816,197,1,271.85,1,1.0,271.85,0.0,0.0,0.0,1.0,271.85,0.0,271.85,271.85,0.0,0.0,0.0,0.0,4.0,0.0,5.0
14817,200,2,1110.34,77,0.025974025974025976,14.420000000000002,76.0,0.0,76.0,1.0,555.1700000000001,36.23215146799866,580.79,529.5500000000001,0.06526316527910128,51.239999999999895,-51.239999999999895,0.9117753404845127,31.5,3.5355339059327378,327.5
14818,74,3,657.8,180,0.016666666666666666,3.654444444444444,89.5,7.7781745930520225,95.0,0.11391890072356342,219.26666666666665,90.11132688698649,291.38,118.25,0.4109668298281537,173.13,151.52499999999998,2.281395348837209,16.0,6.082762530298219,108.0
14819,64,2,272.07,128,0.015625,2.125546875,127.0,0.0,127.0,1.0,136.035,72.57036895317536,187.35,84.72,0.5334683644148591,102.63,102.63,2.211402266288952,6.5,4.949747468305833,54.5
14820,21,4,507.29,153,0.026143790849673203,3.31562091503268,50.0,43.2087954009366,97.0,0.022619933226654128,126.8225,17.459794529146095,139.77,102.42,0.13767111142854063,37.35000000000001,11.455000000000013,1.0945951525661672,7.25,0.9574271077563382,63.25
14821,367,1,48.8,1,1.0,48.800000000000004,0.0,0.0,0.0,1.0,48.800000000000004,0.0,48.800000000000004,48.800000000000004,0.0,0.0,0.0,0.0,2.0,0.0,20.0
14823,180,3,321.43,15,0.2,21.42866666666667,6.5,9.192388155425117,13.0,0.09811243299910322,107.14333333333333,36.80998007787199,142.0,68.65,0.343558287134418,73.35,57.739999999999995,1.8410779315367807,23.333333333333332,9.018499505645789,29.333333333333332
14824,10,4,1127.71,82,0.04878048780487805,13.752560975609757,26.333333333333332,11.150485789118488,39.0,0.08230123612798773,281.9275,162.35361311552836,441.91,55.5,0.5758700840305694,386.41,-191.65499999999997,0.492647350796151,7.25,5.560275772537426,131.25
14825,4,12,2221.01,365,0.03287671232876712,6.084958904109589,32.81818181818182,20.629193788503617,71.0,0.04623380833230694,185.08416666666668,53.899286798845885,290.81,101.09,0.2912150064998134,189.72,-30.305000000000007,0.8486540926570225,9.75,6.67594051937117,82.41666666666667
14828,197,3,2139.76,141,0.02127659574468085,15.175602836879435,69.5,17.67766952966369,82.0,0.05353987007917717,713.2533333333334,306.7943606609048,1063.84,493.92,0.4301337916321056,569.9199999999998,196.88,1.3382817869415808,5.666666666666667,3.055050463303893,724.0
14829,29,4,697.55,344,0.011627906976744186,2.027761627906977,114.0,89.81647955692763,176.0,0.011011217401057233,174.38750000000002,42.6403809981415,236.97,146.3,0.2445151229195986,90.66999999999999,-36.55500000000001,0.8102665247969273,10.5,5.686240703077327,113.0
14830,53,1,188.88,1,1.0,188.88,0.0,0.0,0.0,1.0,188.88,0.0,188.88,188.88,0.0,0.0,0.0,0.0,39.0,0.0,164.0
14834,18,6,1720.3,223,0.026905829596412557,7.714349775784753,43.8,45.50494478625372,119.0,0.021503089716506607,286.71666666666664,88.95240540124067,421.90000000000003,185.61,0.3102449761131454,236.29000000000002,5.96666666666664,1.0210291353383458,11.166666666666666,4.875106836436169,122.33333333333333
14836,10,3,102.45,21,0.14285714285714285,4.878571428571428,10.0,11.313708498984761,18.0,0.08121030314161228,34.15,37.69280435308575,76.05,3.0,1.1037424407931404,73.05,-62.849999999999994,0.17357001972386588,2.0,1.7320508075688772,15.0
14837,90,4,1649.5,112,0.03571428571428571,14.727678571428571,36.666666666666664,23.115651263447745,61.0,0.04146684611896452,412.375,84.68851850556054,492.26,303.94,0.20536773205349632,188.32,-132.69000000000005,0.7228233622994651,27.0,7.2571803523590805,359.0
14840,268,1,62.85,1,1.0,62.85,0.0,0.0,0.0,1.0,62.85,0.0,62.85,62.85,0.0,0.0,0.0,0.0,4.0,0.0,31.0
14841,53,6,3295.76,306,0.0196078431372549,10.77045751633987,60.8,49.58528007382836,119.0,0.019768596685449145,549.2933333333334,151.4521613799772,789.9,379.79,0.275721826916967,410.10999999999996,-89.31333333333333,0.8496281954148778,23.0,7.0710678118654755,296.3333333333333
14842,44,4,2824.69,265,0.01509433962264151,10.659207547169812,87.66666666666667,33.291640592396966,116.0,0.029161626061767275,706.1725,547.4844295731159,1378.48,213.04,0.775284267757688,1165.44,-276.135,0.6729188382450488,36.25,35.08442199419376,291.5
14844,64,4,3189.81,178,0.02247191011235955,17.920280898876403,58.666666666666664,5.507570547286102,64.0,0.15366717774838984,797.4525,125.88734285728114,932.13,668.8000000000001,0.1578618699637673,263.3299999999999,51.555000000000064,1.066809213723394,32.5,10.661457061146317,458.25
14847,149,1,309.40000000000003,1,1.0,309.40000000000003,0.0,0.0,0.0,1.0,309.40000000000003,0.0,309.40000000000003,309.40000000000003,0.0,0.0,0.0,0.0,13.0,0.0,120.0
14849,22,25,7930.54,352,0.07102272727272728,22.529943181818183,14.458333333333334,16.545008880039312,49.0,0.05699626639332652,317.2216,223.11320541524802,813.89,10.08,0.7033354772034691,803.81,65.54634615384617,1.2315000526381923,15.52,11.354587912675063,227.76
14850,312,1,325.75,1,1.0,325.75,0.0,0.0,0.0,1.0,325.75,0.0,325.75,325.75,0.0,0.0,0.0,0.0,21.0,0.0,293.0
14851,23,2,511.35,233,0.008583690987124463,2.1946351931330472,232.0,0.0,232.0,1.0,255.675,70.06721094777501,305.22,206.13,0.2740479552078811,99.09000000000003,99.09000000000003,1.4807160529762773,14.0,0.0,162.5
14852,58,6,2836.69,194,0.030927835051546393,14.622113402061856,38.4,26.349573051569543,74.0,0.03656364207640206,472.7816666666667,173.47548661602497,648.27,153.24,0.3669251556201593,495.03,140.0633333333334,1.3477674322367061,23.833333333333332,8.727351641057364,291.1666666666667
14853,24,2,475.8,188,0.010638297872340425,2.5308510638297874,187.0,0.0,187.0,1.0,237.9,33.09259735953043,261.3,214.5,0.13910297334817331,46.80000000000001,46.80000000000001,1.2181818181818183,4.5,2.1213203435596424,41.0
14854,78,7,2740.03,197,0.03553299492385787,13.908781725888323,32.333333333333336,20.235282717735046,57.0,0.04709143802285388,391.43285714285713,227.87280777620114,707.05,15.0,0.5821504342775109,692.05,-9.934999999999945,0.9749817430938532,18.0,13.820274961085254,260.0
14855,119,2,645.65,16,0.125,40.353125000000006,15.0,0.0,15.0,1.0,322.82500000000005,23.29916844009671,339.3,306.35,0.07217275130518612,32.94999999999999,32.94999999999999,1.1075567161743103,10.0,2.8284271247461903,133.5
14856,36,3,1290.53,21,0.14285714285714285,61.453809523809525,10.0,14.142135623730951,20.0,0.06604088253131131,430.1766666666667,499.42345302692115,982.42,10.2,1.1609729018936124,972.2199999999999,-828.365,0.15681175057511043,21.666666666666668,24.68467810876482,237.0
14857,60,2,1173.12,89,0.02247191011235955,13.181123595505618,88.0,0.0,88.0,1.0,586.56,90.56623653437308,650.6,522.52,0.15440233997267644,128.08000000000004,128.08000000000004,1.2451198040266402,30.0,1.4142135623730951,232.0
14859,13,4,1353.74,192,0.020833333333333332,7.050729166666667,63.333333333333336,61.58192375472963,123.0,0.01597905497311314,338.435,244.62887993857143,630.26,38.2,0.7228238212317621,592.06,-250.25,0.4601561825869359,14.5,12.609520212918492,167.75
14860,19,1,170.32,1,1.0,170.32,0.0,0.0,0.0,1.0,170.32,0.0,170.32,170.32,0.0,0.0,0.0,0.0,11.0,0.0,232.0
14861,52,1,125.79,1,1.0,125.79,0.0,0.0,0.0,1.0,125.79,0.0,125.79,125.79,0.0,0.0,0.0,0.0,6.0,0.0,117.0
14862,26,2,841.2,123,0.016260162601626018,6.839024390243903,122.0,0.0,122.0,1.0,420.6,164.75588001646557,537.1,304.1,0.39171631007243357,233.0,233.0,1.7661953304833935,24.0,4.242640687119285,386.0
14863,29,1,266.76,1,1.0,266.76,0.0,0.0,0.0,1.0,266.76,0.0,266.76,266.76,0.0,0.0,0.0,0.0,11.0,0.0,132.0
14865,7,2,52.2,365,0.005479452054794521,0.143013698630137,364.0,0.0,364.0,1.0,26.1,15.697770542341358,37.2,15.0,0.6014471472161439,22.200000000000003,-22.200000000000003,0.4032258064516129,2.0,1.4142135623730951,54.0
14866,11,12,14389.9,356,0.033707865168539325,40.421067415730334,31.818181818181817,64.51018242389053,224.0,0.015264802554347884,1199.1583333333333,1760.4586629100813,5639.52,36.5,1.4680785797622622,5603.02,-1179.8033333333335,0.3405456869342932,8.25,8.52936105461599,562.6666666666666
14867,186,3,710.28,151,0.019867549668874173,4.703841059602649,75.0,59.39696961966999,117.0,0.01655712209233626,236.76,121.94489411205375,313.4,96.14,0.5150569948980138,217.26,-95.97000000000003,0.6808871450422291,12.0,6.082762530298219,109.33333333333333
14868,3,8,2953.59,231,0.03463203463203463,12.786103896103898,32.42857142857143,24.33692080534664,71.0,0.03946809510447608,369.19875,156.7260605038978,558.59,17.4,0.4245032262538749,541.19,89.86250000000001,1.2771245962052935,18.0,8.5690472882679,175.625
14869,9,2,721.45,95,0.021052631578947368,7.5942105263157895,94.0,0.0,94.0,1.0,360.725,37.24331416509549,387.06,334.39,0.10324572504011502,52.670000000000016,-52.670000000000016,0.8639229060094041,34.5,19.091883092036785,274.5
14870,262,1,327.25,1,1.0,327.25,0.0,0.0,0.0,1.0,327.25,0.0,327.25,327.25,0.0,0.0,0.0,0.0,13.0,0.0,119.0
14871,3,4,501.28,358,0.0111731843575419,1.400223463687151,118.66666666666667,50.89531740085067,175.0,0.019269561303109167,125.32000000000001,27.88617220057282,165.98000000000002,106.15,0.22251972710319834,59.83000000000001,21.489999999999995,1.1875627318350426,23.0,7.52772652709081,44.75
14873,210,1,519.68,1,1.0,519.68,0.0,0.0,0.0,1.0,519.68,0.0,519.68,519.68,0.0,0.0,0.0,0.0,28.0,0.0,168.0
14875,108,2,1465.32,156,0.01282051282051282,9.393076923076922,155.0,0.0,155.0,1.0,732.66,524.1923990292113,1103.32,362.0,0.7154647435771181,741.3199999999999,741.3199999999999,3.047845303867403,23.5,26.16295090390226,279.0
14878,13,9,1476.09,346,0.02601156069364162,4.266156069364162,42.625,27.521095804595323,91.0,0.03506176645004221,164.01,71.84512091993444,322.01,101.24,0.4380532950425855,220.76999999999998,-88.065,0.5864230868574918,13.333333333333334,4.6097722286464435,88.77777777777777
14880,77,3,690.59,212,0.014150943396226415,3.2575000000000003,105.5,3.5355339059327378,108.0,0.2204812092115424,230.1966666666667,107.34149073556478,342.92,129.2,0.4663034104268731,213.72000000000003,151.495,2.172561919504644,15.333333333333334,6.6583281184793925,121.66666666666667
14881,20,1,255.4,1,1.0,255.4,0.0,0.0,0.0,1.0,255.4,0.0,255.4,255.4,0.0,0.0,0.0,0.0,17.0,0.0,316.0
14882,27,2,589.7,8,0.25,73.7125,7.0,0.0,7.0,1.0,294.85,66.3973267534168,341.8,247.9,0.22519018739500357,93.9,93.9,1.3787817668414684,5.5,0.7071067811865476,79.0
14883,19,6,761.59,194,0.030927835051546393,3.925721649484536,38.0,33.830459648074545,90.0,0.028710502534389632,126.93166666666667,104.72906271263324,310.56,29.3,0.8250822309586515,281.26,-4.656666666666709,0.9639744184847076,8.833333333333334,6.6156380392723015,131.66666666666666
14885,132,1,765.3199999999999,1,1.0,765.3199999999999,0.0,0.0,0.0,1.0,765.3199999999999,0.0,765.3199999999999,765.3199999999999,0.0,0.0,0.0,0.0,15.0,0.0,724.0
14886,253,1,364.8,1,1.0,364.8,0.0,0.0,0.0,1.0,364.8,0.0,364.8,364.8,0.0,0.0,0.0,0.0,18.0,0.0,160.0
14887,79,1,1862.0,1,1.0,1862.0,0.0,0.0,0.0,1.0,1862.0,0.0,1862.0,1862.0,0.0,0.0,0.0,0.0,6.0,0.0,1100.0
14888,207,1,369.2,1,1.0,369.2,0.0,0.0,0.0,1.0,369.2,0.0,369.2,369.2,0.0,0.0,0.0,0.0,20.0,0.0,184.0
14889,336,1,135.9,1,1.0,135.9,0.0,0.0,0.0,1.0,135.9,0.0,135.9,135.9,0.0,0.0,0.0,0.0,10.0,0.0,90.0
14890,254,1,125.65,1,1.0,125.65,0.0,0.0,0.0,1.0,125.65,0.0,125.65,125.65,0.0,0.0,0.0,0.0,7.0,0.0,51.0
14891,148,2,554.38,40,0.05,13.8595,39.0,0.0,39.0,1.0,277.19,243.51343330502323,449.38,105.0,0.8785072813053257,344.38,-344.38,0.2336552583559571,16.5,14.849242404917497,252.5
14893,10,2,1237.85,3,0.6666666666666666,412.6166666666666,2.0,0.0,2.0,1.0,618.925,268.9763484955508,809.12,428.73,0.43458633678644554,380.39,-380.39,0.5298719596598774,36.5,20.506096654409877,399.5
14894,85,1,655.75,1,1.0,655.75,0.0,0.0,0.0,1.0,655.75,0.0,655.75,655.75,0.0,0.0,0.0,0.0,23.0,0.0,265.0
14895,8,20,11138.71,283,0.0706713780918728,39.359399293286224,14.578947368421053,17.34075414697887,44.0,0.0545233850247495,556.9355,627.499105006491,2346.34,15.0,1.1266997794295588,2331.34,-102.47099999999995,0.8315095589891659,24.9,29.53303235362058,242.55
14896,205,2,468.77,161,0.012422360248447204,2.9116149068322983,160.0,0.0,160.0,1.0,234.38500000000002,32.29356669678964,257.22,211.55,0.13778000595938153,45.670000000000016,-45.670000000000016,0.8224477101314049,21.5,14.849242404917497,139.5
14897,8,4,1366.38,290,0.013793103448275862,4.711655172413794,96.0,97.12363255150623,208.0,0.010191224825223305,341.595,214.57627540496335,620.0600000000001,169.9,0.6281598835022859,450.1600000000001,337.79,2.955935147654893,13.75,6.238322424070967,117.0
14898,23,6,1269.31,348,0.017241379310344827,3.647442528735632,69.2,38.47986486462758,111.0,0.025329367347859417,211.55166666666665,101.09565795159884,380.25,98.5,0.4778769155758586,281.75,140.40333333333334,1.9933026765711592,16.5,16.52573750245356,166.83333333333334
14901,11,9,1421.29,362,0.024861878453038673,3.9262154696132594,44.625,78.93928498717044,238.0,0.012509493926052644,157.92111111111112,26.920580623588176,204.15,129.32999999999998,0.17046853605688747,74.82000000000002,-11.252499999999998,0.9314592882486409,10.555555555555555,4.850544070285083,73.44444444444444
14902,26,1,332.66,1,1.0,332.66,0.0,0.0,0.0,1.0,332.66,0.0,332.66,332.66,0.0,0.0,0.0,0.0,20.0,0.0,218.0
14903,21,5,2795.33,258,0.01937984496124031,10.834612403100776,64.0,31.57002798013753,103.0,0.03070307463689742,559.066,106.91437008185571,686.47,396.71,0.19123747479162692,289.76000000000005,6.393333333333317,1.0115147476421182,69.4,16.37986568931504,306.2
14904,2,2,1025.44,24,0.08333333333333333,42.72666666666667,23.0,0.0,23.0,1.0,512.72,163.7093619803095,628.48,396.96,0.3192958378458213,231.52000000000004,231.52000000000004,1.5832325675130996,34.5,17.67766952966369,992.5
14905,158,2,616.15,77,0.025974025974025976,8.001948051948053,76.0,0.0,76.0,1.0,308.07500000000005,0.6717514421272323,308.55,307.6,0.002180480214646538,0.9499999999999886,-0.9499999999999886,0.9969210824825798,8.5,0.7071067811865476,143.5
14907,3,7,3501.1,365,0.019178082191780823,9.592054794520548,60.333333333333336,78.71636847992079,212.0,0.012544475106789181,500.15714285714284,299.43796523455325,971.13,17.4,0.5986877714552206,953.73,314.87250000000006,1.9832698373044375,23.571428571428573,15.142183273415835,241.57142857142858
14908,74,1,277.8,1,1.0,277.8,0.0,0.0,0.0,1.0,277.8,0.0,277.8,277.8,0.0,0.0,0.0,0.0,9.0,0.0,132.0
14910,3,4,434.35,52,0.07692307692307693,8.352884615384616,17.0,9.539392014169456,23.0,0.09488213349077174,108.5875,84.59757103487074,214.41,7.5,0.7790728309876435,206.91,-98.875,0.3743078626799557,7.5,5.802298395176403,59.5
14911,1,201,143711.17,373,0.5388739946380697,385.2846380697051,1.47,2.7010327449787126,17.0,0.270194853411315,714.980945273632,623.7637845864424,4345.1,1.45,0.872420151487702,4343.650000000001,3.96993960396037,1.0055680462830348,28.208955223880597,21.22442271071195,399.2039800995025
14912,17,2,867.85,230,0.008695652173913044,3.7732608695652177,229.0,0.0,229.0,1.0,433.925,69.1055457253613,482.79,385.06,0.15925688938263824,97.73000000000002,-97.73000000000002,0.7975724435054579,13.5,0.7071067811865476,485.5
14913,36,4,1227.43,324,0.012345679012345678,3.788364197530864,107.33333333333333,34.44318994131254,147.0,0.028214164742389657,306.8575,6.925269549507329,314.96,300.87,0.022568356808966142,14.089999999999975,-2.1149999999999523,0.9931312212785998,21.75,3.947573094109004,435.75
14915,91,2,307.48,187,0.0106951871657754,1.6442780748663102,186.0,0.0,186.0,1.0,153.74,16.20688742479568,165.20000000000002,142.28,0.1054175063405469,22.920000000000016,22.920000000000016,1.1610908068597134,6.0,2.8284271247461903,56.0
14916,71,4,1268.98,254,0.015748031496062992,4.995984251968504,83.66666666666667,79.95206897468842,174.0,0.012352988782938626,317.245,61.22318215621705,406.23,266.48,0.19298391513252233,139.75,-66.78999999999996,0.8095197353410907,19.25,5.439056290693573,284.0
14918,116,2,1610.15,39,0.05128205128205128,41.28589743589744,38.0,0.0,38.0,1.0,805.075,56.08063881590505,844.73,765.4200000000001,0.06965889987380684,79.30999999999995,79.30999999999995,1.1036163152256278,22.5,3.5355339059327378,337.5
14920,213,2,977.77,1,2.0,977.77,0.0,0.0,0.0,1.0,488.885,117.88177149160934,572.24,405.53000000000003,0.24112372335336396,166.70999999999998,166.70999999999998,1.4110916578304933,28.5,6.363961030678928,254.5
14921,30,2,1316.07,172,0.011627906976744186,7.65156976744186,171.0,0.0,171.0,1.0,658.035,346.4469674423489,903.01,413.06,0.5264871434533861,489.95,-489.95,0.45742572064539705,39.0,19.79898987322333,476.5
14923,51,1,749.1,1,1.0,749.1,0.0,0.0,0.0,1.0,749.1,0.0,749.1,749.1,0.0,0.0,0.0,0.0,44.0,0.0,418.0
14924,246,1,310.05,1,1.0,310.05,0.0,0.0,0.0,1.0,310.05,0.0,310.05,310.05,0.0,0.0,0.0,0.0,10.0,0.0,64.0
14929,32,1,223.88,1,1.0,223.88,0.0,0.0,0.0,1.0,223.88,0.0,223.88,223.88,0.0,0.0,0.0,0.0,11.0,0.0,136.0
14930,109,3,2362.96,166,0.018072289156626505,14.234698795180723,82.5,116.67261889578035,165.0,0.008498153685911202,787.6533333333333,547.3051805284995,1104.13,155.68,0.6948554108345035,948.45,-474.71500000000003,0.5700551565485948,42.333333333333336,28.21937868439582,386.6666666666667
14931,5,5,1257.68,237,0.02109704641350211,5.306666666666667,58.5,50.176355653501446,131.0,0.019540273769603225,251.536,44.60028845198201,293.0,198.4,0.17731175041338817,94.6,-69.10666666666668,0.7641410693970421,8.2,5.932958789676531,83.4
14932,366,1,363.53,1,1.0,363.53,0.0,0.0,0.0,1.0,363.53,0.0,363.53,363.53,0.0,0.0,0.0,0.0,17.0,0.0,80.0
14934,82,2,1890.94,201,0.009950248756218905,9.40766169154229,200.0,0.0,200.0,1.0,945.47,164.93972777957396,1062.1,828.84,0.17445262967579506,233.25999999999988,233.25999999999988,1.281429467689783,43.5,6.363961030678928,521.0
14935,297,1,1784.71,1,1.0,1784.71,0.0,0.0,0.0,1.0,1784.71,0.0,1784.71,1784.71,0.0,0.0,0.0,0.0,10.0,0.0,935.0
14936,34,8,8137.02,242,0.03305785123966942,33.624049586776856,34.285714285714285,38.54743521824457,100.0,0.025286089843284353,1017.1274999999999,721.1431361139656,2060.0299999999997,33.0,0.7089997430154682,2027.0299999999997,-1054.7649999999999,0.31708762002188395,45.5,33.18347265044539,510.625
14937,57,3,1621.88,74,0.04054054054054054,21.917297297297296,36.5,51.61879502661797,73.0,0.019004616116620226,540.6266666666667,289.4905714066235,759.56,212.4,0.5354722385255817,547.16,-328.4,0.5676444257201537,11.333333333333334,9.60902353693305,161.33333333333334
14944,30,12,5900.25,267,0.0449438202247191,22.098314606741575,24.0,27.18087562975115,78.0,0.03548505777954886,491.6875,365.88241988935584,1308.82,19.92,0.744136102482483,1288.8999999999999,147.46499999999986,1.3528250648993307,14.166666666666666,10.133951336816736,234.58333333333334
14946,14,1,100.9,1,1.0,100.9,0.0,0.0,0.0,1.0,100.9,0.0,100.9,100.9,0.0,0.0,0.0,0.0,3.0,0.0,22.0
14947,72,2,290.82,59,0.03389830508474576,4.929152542372881,58.0,0.0,58.0,1.0,145.41,46.796326778925724,178.5,112.32,0.32182330499226824,66.18,-66.18,0.6292436974789916,7.0,4.242640687119285,89.5
14948,23,6,1101.97,197,0.030456852791878174,5.593756345177665,38.8,27.0129598526337,81.0,0.035697762937606285,183.66166666666666,111.4866694123861,278.40000000000003,13.2,0.6070219846949705,265.20000000000005,-3.923333333333403,0.978864007757645,10.5,6.77495387438173,112.16666666666667
14950,19,1,371.2,1,1.0,371.2,0.0,0.0,0.0,1.0,371.2,0.0,371.2,371.2,0.0,0.0,0.0,0.0,19.0,0.0,136.0
14951,79,1,311.69,1,1.0,311.69,0.0,0.0,0.0,1.0,311.69,0.0,311.69,311.69,0.0,0.0,0.0,0.0,20.0,0.0,311.0
14952,60,11,8099.49,305,0.036065573770491806,26.555704918032784,30.2,40.89498746790369,118.0,0.02386920394154822,736.3172727272727,643.9942998830178,2505.84,77.5,0.8746152287012141,2428.34,295.5613333333332,1.5139285436902206,12.545454545454545,7.216143518024519,305.0
14953,25,1,285.67,1,1.0,285.67,0.0,0.0,0.0,1.0,285.67,0.0,285.67,285.67,0.0,0.0,0.0,0.0,54.0,0.0,224.0
14954,12,1,294.85,1,1.0,294.85,0.0,0.0,0.0,1.0,294.85,0.0,294.85,294.85,0.0,0.0,0.0,0.0,75.0,0.0,117.0
14957,253,1,58.49,1,1.0,58.49,0.0,0.0,0.0,1.0,58.49,0.0,58.49,58.49,0.0,0.0,0.0,0.0,12.0,0.0,34.0
14958,147,3,483.73,99,0.030303030303030304,4.886161616161616,48.5,16.263455967290593,60.0,0.05792582909787702,161.24333333333334,47.08539724089978,194.7,107.4,0.29201453646186787,87.29999999999998,-50.185,0.7422444786851566,13.666666666666666,4.932882862316247,42.666666666666664
14959,64,4,695.42,233,0.017167381974248927,2.9846351931330477,76.66666666666667,30.138568866708543,105.0,0.03211451381341867,173.85500000000002,53.61406376440172,243.72,114.94000000000001,0.308383789735134,128.77999999999997,-74.66999999999999,0.646432122733084,14.5,8.698658900466592,123.5
14960,8,2,221.27,163,0.012269938650306749,1.357484662576687,162.0,0.0,162.0,1.0,110.63499999999999,31.586459915603083,132.97,88.3,0.28550151322459516,44.67,44.67,1.5058890147225368,11.5,13.435028842544403,110.5
14961,11,9,7044.68,350,0.025714285714285714,20.127657142857142,43.125,30.319430356503354,77.0,0.03192906092534834,782.7422222222223,317.4839797445604,1144.75,206.0,0.40560477093367525,938.75,305.59000000000003,1.4985398959166027,34.666666666666664,15.779733838059501,412.0
14962,271,1,126.7,1,1.0,126.7,0.0,0.0,0.0,1.0,126.7,0.0,126.7,126.7,0.0,0.0,0.0,0.0,5.0,0.0,44.0
14963,10,5,1472.34,174,0.028735632183908046,8.461724137931034,43.0,55.02120803229727,125.0,0.01785038265193213,294.46799999999996,29.107757900600998,320.89,246.51999999999998,0.09884862837592201,74.37,-16.178333333333285,0.9468124160981892,36.8,10.825894882179487,231.8
14964,247,1,206.21,1,1.0,206.21,0.0,0.0,0.0,1.0,206.21,0.0,206.21,206.21,0.0,0.0,0.0,0.0,13.0,0.0,143.0
14965,96,2,596.09,1,2.0,596.0899999999999,0.0,0.0,0.0,1.0,298.04499999999996,245.42969268203876,471.59,124.5,0.8234652239830857,347.09,-347.09,0.26400050891664373,40.0,53.74011537017761,181.5
14966,15,1,183.02,1,1.0,183.02,0.0,0.0,0.0,1.0,183.02,0.0,183.02,183.02,0.0,0.0,0.0,0.0,35.0,0.0,179.0
14967,50,1,463.8,1,1.0,463.8,0.0,0.0,0.0,1.0,463.8,0.0,463.8,463.8,0.0,0.0,0.0,0.0,6.0,0.0,140.0
14968,30,1,147.59,1,1.0,147.59,0.0,0.0,0.0,1.0,147.59,0.0,147.59,147.59,0.0,0.0,0.0,0.0,37.0,0.0,127.0
14970,68,4,1592.06,249,0.01606425702811245,6.3938152610441765,82.33333333333333,28.36077102854105,115.0,0.03405905107287268,398.015,70.77673275872517,472.31,337.5,0.1778242849106822,134.81,13.779999999999973,1.0352317034196228,8.5,5.744562646538029,62.5
14971,35,3,1097.98,9,0.3333333333333333,121.99777777777778,4.0,5.656854249492381,8.0,0.15022110482233483,365.99333333333334,315.5696047361553,606.61,8.7,0.8622277402215578,597.91,-360.925,0.4050131056197557,50.0,48.507731342539614,213.0
14972,128,1,114.77,1,1.0,114.77,0.0,0.0,0.0,1.0,114.77,0.0,114.77,114.77,0.0,0.0,0.0,0.0,18.0,0.0,28.0
14973,107,3,1314.45,119,0.025210084033613446,11.045798319327732,58.5,45.96194077712559,91.0,0.0212938388714779,438.15000000000003,189.38073582072704,654.6,302.96000000000004,0.4322280858626658,351.64,-324.675,0.5040100824931256,10.666666666666666,8.144527815247077,123.0
14974,37,1,89.94,1,1.0,89.94,0.0,0.0,0.0,1.0,89.94,0.0,89.94,89.94,0.0,0.0,0.0,0.0,17.0,0.0,37.0
14975,57,1,279.94,1,1.0,279.94,0.0,0.0,0.0,1.0,279.94,0.0,279.94,279.94,0.0,0.0,0.0,0.0,11.0,0.0,380.0
14976,57,7,790.86,270,0.025925925925925925,2.929111111111111,44.666666666666664,39.22074281125572,95.0,0.02486279292982504,112.98,77.91357626669866,209.4,6.5,0.6896227320472531,202.9,-64.93666666666667,0.5673388708746058,10.285714285714286,7.4992063072098,33.42857142857143
14978,72,5,1921.37,259,0.019305019305019305,7.418416988416989,64.0,68.04900195202474,163.0,0.014482468561888848,384.274,53.33583157690522,450.81,302.31,0.1387963577470899,148.5,72.46500000000003,1.2126351619008495,42.6,13.107249902248755,104.6
14981,246,1,102.12,1,1.0,102.12,0.0,0.0,0.0,1.0,102.12,0.0,102.12,102.12,0.0,0.0,0.0,0.0,8.0,0.0,97.0
14984,19,2,202.37,162,0.012345679012345678,1.2491975308641976,161.0,0.0,161.0,1.0,101.185,1.4778531726798867,102.23,100.14,0.014605457060630397,2.0900000000000034,-2.0900000000000034,0.9795559033551795,19.5,4.949747468305833,29.0
14985,198,2,292.01,160,0.0125,1.8250625,159.0,0.0,159.0,1.0,146.005,37.10189280885816,172.24,119.77,0.25411385095618755,52.47000000000001,52.47000000000001,1.4380896718710863,41.0,5.656854249492381,128.0
14987,16,2,326.4,350,0.005714285714285714,0.9325714285714285,349.0,0.0,349.0,1.0,163.2,0.0,163.2,163.2,0.0,0.0,0.0,1.0,2.0,0.0,64.0
14988,212,1,334.54,1,1.0,334.54,0.0,0.0,0.0,1.0,334.54,0.0,334.54,334.54,0.0,0.0,0.0,0.0,40.0,0.0,141.0
14995,39,2,231.98,242,0.008264462809917356,0.9585950413223141,241.0,0.0,241.0,1.0,115.99000000000001,4.695189027078681,119.31,112.67,0.04047925706594258,6.640000000000001,-6.640000000000001,0.944346659961445,30.0,9.899494936611665,51.0
14997,46,3,546.1999999999999,132,0.022727272727272728,4.137878787878788,65.0,33.94112549695428,89.0,0.028619570370942038,182.06666666666663,86.12309639889483,278.4,112.52,0.47303055510194897,165.88,40.17999999999998,1.2587583719732096,8.666666666666666,3.511884584284246,373.3333333333333
14998,170,2,414.87,72,0.027777777777777776,5.762083333333333,71.0,0.0,71.0,1.0,207.435,33.65121171666779,231.23,183.64,0.16222533187103327,47.59,47.59,1.2591483336963625,36.0,8.48528137423857,129.0
15000,48,1,490.52,1,1.0,490.52,0.0,0.0,0.0,1.0,490.52,0.0,490.52,490.52,0.0,0.0,0.0,0.0,76.0,0.0,218.0
15002,116,4,1641.76,252,0.015873015873015872,6.514920634920635,83.33333333333333,84.83120495037974,181.0,0.011650774337586364,410.44,184.8095421418133,631.65,254.44,0.45027176235701516,377.21,-72.26999999999998,0.8381682808038964,28.0,8.602325267042627,215.5
15004,147,1,1220.77,1,1.0,1220.77,0.0,0.0,0.0,1.0,1220.77,0.0,1220.77,1220.77,0.0,0.0,0.0,0.0,154.0,0.0,623.0
15005,16,28,6295.37,351,0.07977207977207977,17.935527065527065,12.518518518518519,6.338953871289504,29.0,0.13625920227024035,224.83464285714285,54.12459319714666,337.11,141.05,0.24073066547639083,196.06,-11.699285714285736,0.949284427077205,39.142857142857146,8.427091610744066,151.07142857142858
15006,51,1,480.38,1,1.0,480.38,0.0,0.0,0.0,1.0,480.38,0.0,480.38,480.38,0.0,0.0,0.0,0.0,121.0,0.0,286.0
15007,159,1,156.91,1,1.0,156.91,0.0,0.0,0.0,1.0,156.91,0.0,156.91,156.91,0.0,0.0,0.0,0.0,12.0,0.0,69.0
15009,12,3,1259.43,13,0.23076923076923078,96.87923076923077,6.0,1.4142135623730951,7.0,0.4142135623730951,419.81,149.8039181730571,591.91,318.68,0.3568374221029921,273.22999999999996,-258.15,0.5638695071885929,59.333333333333336,29.280255007997,213.0
15010,36,1,308.94,1,1.0,308.94,0.0,0.0,0.0,1.0,308.94,0.0,308.94,308.94,0.0,0.0,0.0,0.0,20.0,0.0,184.0
15012,54,2,405.04,320,0.00625,1.26575,319.0,0.0,319.0,1.0,202.51999999999998,19.74242133072841,216.48,188.56,0.09748381063958331,27.919999999999987,27.919999999999987,1.148069579974544,57.0,15.556349186104045,112.5
15014,43,2,257.67,134,0.014925373134328358,1.9229104477611938,133.0,0.0,133.0,1.0,128.83499999999998,15.704841610153236,139.94,117.72999999999999,0.12189887538443155,22.210000000000008,22.210000000000008,1.1886520003397605,14.5,17.67766952966369,74.5
15016,173,1,170.04,1,1.0,170.04,0.0,0.0,0.0,1.0,170.04,0.0,170.04,170.04,0.0,0.0,0.0,0.0,20.0,0.0,76.0
15017,34,1,125.58,1,1.0,125.58,0.0,0.0,0.0,1.0,125.58,0.0,125.58,125.58,0.0,0.0,0.0,0.0,20.0,0.0,63.0
15018,39,3,496.21,330,0.00909090909090909,1.5036666666666667,164.0,70.71067811865476,214.0,0.013944924608652681,165.40333333333334,48.5072132093087,204.87,111.25,0.29326623733485035,93.62,81.23000000000002,1.7301573033707867,10.333333333333334,4.725815626252608,63.0
15019,267,1,252.81,1,1.0,252.81,0.0,0.0,0.0,1.0,252.81,0.0,252.81,252.81,0.0,0.0,0.0,0.0,64.0,0.0,150.0
15021,9,9,1871.77,358,0.025139664804469275,5.22840782122905,44.125,33.74457628377379,105.0,0.028781470576373504,207.97444444444443,76.60499757050958,305.13,32.17,0.36833851281652463,272.96,-20.678500000000014,0.9057766133166257,48.22222222222222,19.69630535010169,91.0
15022,12,4,852.39,36,0.1111111111111111,23.6775,11.333333333333334,10.263202878893768,20.0,0.08878469212997223,213.0975,123.03308020609745,317.88,39.95,0.5773558122741818,277.93,-171.48500000000004,0.4261645027439432,28.0,19.026297590440446,131.75
15023,3,11,6720.41,367,0.02997275204359673,18.31174386920981,36.2,22.42419328413944,73.0,0.04269090456477328,610.9463636363636,222.31871303481077,1031.59,305.77,0.3638923582613142,725.8199999999999,-197.44200000000012,0.7252568038049542,49.36363636363637,27.84698449481641,257.0
15024,10,10,1636.43,358,0.027932960893854747,4.5710335195530725,39.44444444444444,53.749677001613485,167.0,0.018264947936962803,163.643,138.26352777295327,444.42,8.5,0.8449095150599369,435.92,-4.962000000000046,0.970130745708025,14.8,14.31238779674602,90.2
15025,33,1,361.96,1,1.0,361.96,0.0,0.0,0.0,1.0,361.96,0.0,361.96,361.96,0.0,0.0,0.0,0.0,66.0,0.0,184.0
15026,80,3,469.0,198,0.015151515151515152,2.3686868686868685,98.0,86.2670273047588,159.0,0.011459081750404354,156.33333333333334,71.20504008378433,238.22,108.97999999999999,0.4554693395551236,129.24,71.03,1.6517709671499359,20.333333333333332,14.502873278538061,95.0
15027,31,4,1066.15,208,0.019230769230769232,5.125721153846154,68.66666666666667,61.17461347105786,137.0,0.016083734890696148,266.5375,112.38415913730903,341.4,99.18,0.42164483097991473,242.21999999999997,-121.04499999999999,0.6298997125909619,8.5,5.259911279353167,141.25
15028,8,4,627.13,361,0.0110803324099723,1.737202216066482,119.66666666666667,178.63463643239328,325.0,0.005566855144755765,156.7825,121.73047861977705,307.71,18.75,0.776428993157891,288.96,-180.11499999999998,0.2703168044077135,11.75,11.528949070347508,114.75
15030,72,2,518.28,197,0.01015228426395939,2.6308629441624363,196.0,0.0,196.0,1.0,259.14,150.44403876524984,365.52,152.76,0.5805512030765217,212.76,212.76,2.3927729772191673,3.5,0.7071067811865476,186.0
15031,4,4,653.19,278,0.014388489208633094,2.349604316546763,92.33333333333333,74.27202254774899,172.0,0.013285148533980837,163.2975,49.870917627410854,230.82,110.96000000000001,0.305399149573085,119.85999999999999,64.80499999999998,1.4950914855418462,27.5,7.32575365861197,100.0
15032,256,3,4959.1,111,0.02702702702702703,44.67657657657658,55.0,77.78174593052023,110.0,0.012693295739877703,1653.0333333333335,1438.2591963319176,2746.75,23.85,0.8700727125881212,2722.9,-1640.575,0.4027213980158369,16.666666666666668,13.79613472438325,989.3333333333334
15033,5,10,2557.18,325,0.03076923076923077,7.868246153846154,35.44444444444444,21.863846362837847,72.0,0.04373717283306135,255.718,150.01436433444186,556.55,36.89,0.5866398311203821,519.66,-33.48799999999997,0.8770911172934208,48.1,21.309622239730107,167.2
15034,16,8,4274.16,339,0.02359882005899705,12.608141592920354,47.857142857142854,54.55709111083719,162.0,0.017999502493839817,534.27,278.9918747408758,820.4,196.0,0.5221926642725135,624.4,-151.77500000000003,0.7512527503144679,48.625,39.166084088879025,301.625
15035,90,1,252.73,1,1.0,252.73000000000002,0.0,0.0,0.0,1.0,252.73000000000002,0.0,252.73000000000002,252.73000000000002,0.0,0.0,0.0,0.0,26.0,0.0,245.0
15036,72,3,429.56,108,0.027777777777777776,3.9774074074074073,53.5,72.8319984622144,105.0,0.013544262932443554,143.18666666666667,83.1452899046803,217.07,53.15,0.5806775996695244,163.92,135.05499999999998,3.54101599247413,38.333333333333336,31.895663237081827,105.33333333333333
15038,59,6,685.74,312,0.019230769230769232,2.1978846153846154,61.8,55.490539734264615,126.0,0.017702079050829905,114.29,55.306484972379145,173.04000000000002,15.0,0.4839135967484394,158.04000000000002,-25.826666666666668,0.7969654883257776,20.5,10.784247771634329,35.333333333333336
15039,10,47,19766.59,360,0.13055555555555556,54.90719444444444,7.369565217391305,4.202426260320334,21.0,0.19221800559234184,420.5657446808511,251.65377781824438,891.83,2.95,0.5983696508835102,888.88,-174.38599637681153,0.6578076227641501,31.06382978723404,15.401022347938532,194.27659574468086
15041,170,1,179.93,1,1.0,179.93,0.0,0.0,0.0,1.0,179.93,0.0,179.93,179.93,0.0,0.0,0.0,0.0,66.0,0.0,103.0
15042,199,1,135.93,1,1.0,135.93,0.0,0.0,0.0,1.0,135.93,0.0,135.93,135.93,0.0,0.0,0.0,0.0,5.0,0.0,30.0
15043,31,1,537.0,1,1.0,537.0,0.0,0.0,0.0,1.0,537.0,0.0,537.0,537.0,0.0,0.0,0.0,0.0,3.0,0.0,300.0
15044,19,17,7634.73,343,0.04956268221574344,22.258688046647233,20.9375,16.77883090881682,60.0,0.05624666802495339,449.1017647058824,262.04023396310953,851.07,23.8,0.5834762954777526,827.2700000000001,18.301944444444473,1.041650941756196,25.470588235294116,16.271591989794757,163.8235294117647
15045,152,2,735.66,106,0.018867924528301886,6.940188679245283,105.0,0.0,105.0,1.0,367.83,29.797479759201103,388.9,346.76,0.0810088349487565,42.139999999999986,-42.139999999999986,0.8916430959115454,6.0,2.8284271247461903,57.0
15046,9,15,5090.42,330,0.045454545454545456,15.425515151515151,23.0,13.138317419494195,46.0,0.07072977429557353,339.36133333333333,220.92520560027506,943.07,109.85,0.6510028807061354,833.22,112.30428571428575,1.4018535368509302,13.333333333333334,8.574602586931334,224.8
15047,270,1,343.62,1,1.0,343.62,0.0,0.0,0.0,1.0,343.62,0.0,343.62,343.62,0.0,0.0,0.0,0.0,22.0,0.0,222.0
15048,65,4,381.0,304,0.013157894736842105,1.2532894736842106,100.33333333333333,48.05552344250693,147.0,0.02038506430722322,95.25,43.62623751826417,155.55,59.52,0.4580182416615661,96.03,-63.75,0.49852507374631266,23.5,8.812869377601524,48.0
15049,274,1,121.17000000000002,1,1.0,121.17000000000002,0.0,0.0,0.0,1.0,121.17000000000002,0.0,121.17000000000002,121.17000000000002,0.0,0.0,0.0,0.0,3.0,0.0,63.0
15050,25,3,1737.69,47,0.06382978723404255,36.97212765957447,23.0,32.526911934581186,46.0,0.02982678517935779,579.23,618.2344611067875,1248.78,30.0,1.06733846849574,1218.78,-1004.3249999999999,0.19575505693556913,23.333333333333332,24.172987679087857,405.3333333333333
15051,23,3,1383.36,128,0.0234375,10.8075,63.0,52.32590180780452,100.0,0.018752613009793393,461.11999999999995,267.0767777250579,759.9399999999999,245.68,0.5791914853510105,514.26,125.06999999999994,1.3311007571345368,46.0,20.784609690826528,336.6666666666667
15052,319,1,207.73,1,1.0,207.73000000000002,0.0,0.0,0.0,1.0,207.73000000000002,0.0,207.73000000000002,207.73000000000002,0.0,0.0,0.0,0.0,27.0,0.0,79.0
15053,5,3,693.95,278,0.01079136690647482,2.496223021582734,138.0,18.384776310850235,151.0,0.051586873325965094,231.3166666666667,21.643089736295344,255.95,215.35,0.09356476577402699,40.599999999999994,12.999999999999972,1.0583876038625644,22.333333333333332,4.932882862316248,328.0
15054,12,2,302.1,29,0.06896551724137931,10.417241379310346,28.0,0.0,28.0,1.0,151.05,24.564889578420658,168.42,133.68,0.16262753775849492,34.73999999999998,-34.73999999999998,0.7937299608122552,56.0,12.727922061357855,99.0
15057,275,2,1489.5,41,0.04878048780487805,36.329268292682926,40.0,0.0,40.0,1.0,744.75,546.239988466608,1131.0,358.5,0.7334541637685237,772.5,-772.5,0.3169761273209549,12.5,13.435028842544403,334.0
15058,25,11,2102.54,287,0.03832752613240418,7.325923344947735,28.4,24.864968664099834,60.0,0.038662331781131605,191.14,53.377672111099045,270.55,91.74,0.27925955902008504,178.81,82.80799999999999,1.5672868769353026,23.454545454545453,12.388411006772714,95.81818181818181
15059,41,9,1337.72,294,0.030612244897959183,4.550068027210885,36.25,31.63971283958545,81.0,0.030637524444982245,148.63555555555556,61.18490543244942,199.11,2.95,0.41164380355533653,196.16000000000003,11.484999999999985,1.0807352992864925,26.0,13.095800853708795,67.11111111111111
15060,8,4,294.25,1,4.0,294.25,0.0,0.0,0.0,1.0,73.5625,73.93206989076751,139.92000000000002,2.88,1.0050238897640442,137.04000000000002,-127.63499999999999,0.0709346338622798,27.75,27.980648074457935,64.25
15061,4,48,54534.14,369,0.13008130081300814,147.7889972899729,7.574468085106383,10.454341059747597,54.0,0.08730314513806137,1136.1279166666666,1270.5283377280634,5375.28,2.42,1.1182969092562394,5372.86,95.55583333333311,1.0877988085940489,8.395833333333334,7.298322696647303,602.5
15062,71,4,987.86,289,0.01384083044982699,3.4182006920415224,95.33333333333333,44.06056437828882,146.0,0.02219235408604474,246.965,77.60147657529892,353.06,173.82,0.31422054370173474,179.24,32.94999999999999,1.1429563104690008,14.25,4.573474244670748,190.75
15063,213,1,370.8,1,1.0,370.79999999999995,0.0,0.0,0.0,1.0,370.79999999999995,0.0,370.79999999999995,370.79999999999995,0.0,0.0,0.0,0.0,5.0,0.0,56.0
15065,38,4,3158.13,254,0.015748031496062992,12.433582677165354,84.0,36.373066958946424,126.0,0.026757236731426947,789.5325,484.5659005319435,1452.3500000000001,299.38,0.6137377505447128,1152.9700000000003,172.66499999999996,1.24554180887372,38.75,22.5,345.75
15066,53,1,893.59,1,1.0,893.59,0.0,0.0,0.0,1.0,893.59,0.0,893.59,893.59,0.0,0.0,0.0,0.0,42.0,0.0,317.0
15067,78,3,1744.76,205,0.014634146341463415,8.511024390243902,102.0,144.2497833620557,204.0,0.006884691851879449,581.5866666666666,247.8153409967456,848.05,358.02,0.42610217049349874,490.03,-399.695,0.5286893461470432,27.333333333333332,12.423096769056148,318.0
15068,46,2,553.36,211,0.009478672985781991,2.6225592417061607,210.0,0.0,210.0,1.0,276.67999999999995,51.92992201034007,313.4,239.95999999999998,0.18768946801481887,73.44,73.44,1.306051008501417,52.0,18.384776310850235,182.0
15069,179,1,1109.53,1,1.0,1109.53,0.0,0.0,0.0,1.0,1109.53,0.0,1109.53,1109.53,0.0,0.0,0.0,0.0,70.0,0.0,520.0
15070,373,1,106.2,1,1.0,106.2,0.0,0.0,0.0,1.0,106.2,0.0,106.2,106.2,0.0,0.0,0.0,0.0,1.0,0.0,36.0
15071,94,2,982.07,183,0.01092896174863388,5.366502732240438,182.0,0.0,182.0,1.0,491.0350000000001,138.07674116229717,588.6700000000001,393.40000000000003,0.28119531431017575,195.27000000000004,-195.27000000000004,0.6682861365450932,13.0,1.4142135623730951,134.5
15073,10,3,1043.41,178,0.016853932584269662,5.86185393258427,88.0,123.03657992645927,175.0,0.00806213780316174,347.80333333333334,144.06621267088732,430.98,181.45,0.41421745815418864,249.53000000000003,-124.76499999999999,0.7105086082880877,18.0,6.928203230275509,163.66666666666666
15074,105,1,735.67,1,1.0,735.67,0.0,0.0,0.0,1.0,735.67,0.0,735.67,735.67,0.0,0.0,0.0,0.0,41.0,0.0,431.0
15075,78,1,773.03,1,1.0,773.03,0.0,0.0,0.0,1.0,773.03,0.0,773.03,773.03,0.0,0.0,0.0,0.0,27.0,0.0,447.0
15076,173,1,880.85,1,1.0,880.85,0.0,0.0,0.0,1.0,880.85,0.0,880.85,880.85,0.0,0.0,0.0,0.0,49.0,0.0,571.0
15078,7,32,9743.11,362,0.08839779005524862,26.914668508287296,11.32258064516129,11.95376397283632,35.0,0.07719763939631538,304.4721875,212.80762652678524,590.03,15.0,0.6989394606914144,575.03,26.393125000000055,1.0906121993558509,13.75,9.967689737831803,159.53125
15079,213,4,895.61,154,0.025974025974025976,5.815649350649351,50.666666666666664,51.00326786916044,102.0,0.01922956077521873,223.9025,139.74192818072416,367.29,71.9,0.6241195528443146,295.39,-61.435,0.7587188751865525,11.75,10.874281585465774,97.25
15081,22,5,504.8,346,0.014450867052023121,1.4589595375722544,85.5,64.84083075758154,158.0,0.015188143717109014,100.96000000000001,23.166338726695685,136.9,80.30000000000001,0.2294605658349414,56.599999999999994,-38.44166666666668,0.690049049250823,6.6,1.949358868961793,38.0
15083,257,1,88.2,1,1.0,88.2,0.0,0.0,0.0,1.0,88.2,0.0,88.2,88.2,0.0,0.0,0.0,0.0,5.0,0.0,38.0
15087,282,1,306.94,1,1.0,306.94,0.0,0.0,0.0,1.0,306.94,0.0,306.94,306.94,0.0,0.0,0.0,0.0,15.0,0.0,470.0
15088,21,2,1160.07,46,0.043478260869565216,25.218913043478263,45.0,0.0,45.0,1.0,580.0350000000001,401.8558548161269,864.19,295.88,0.692813114408832,568.3100000000001,-568.3100000000001,0.34237841215473447,28.5,16.263455967290593,230.0
15089,10,6,2420.84,119,0.05042016806722689,20.343193277310924,23.2,14.956603892595403,49.0,0.06266997706598745,403.47333333333336,424.86817186824743,1221.56,99.7,1.0530266482747659,1121.86,-550.5733333333333,0.18885418508260166,24.166666666666668,24.18608415322056,226.5
15090,308,1,381.32,1,1.0,381.32,0.0,0.0,0.0,1.0,381.32,0.0,381.32,381.32,0.0,0.0,0.0,0.0,23.0,0.0,208.0
15091,68,1,480.71,1,1.0,480.71,0.0,0.0,0.0,1.0,480.71,0.0,480.71,480.71,0.0,0.0,0.0,0.0,30.0,0.0,346.0
15092,215,2,457.81,69,0.028985507246376812,6.634927536231885,68.0,0.0,68.0,1.0,228.90500000000003,133.2966993214761,323.16,134.65,0.5823232315653921,188.51000000000002,-188.51000000000002,0.41666666666666663,13.0,8.48528137423857,67.5
15093,18,6,4597.02,354,0.01694915254237288,12.985932203389831,70.2,27.270863572685045,98.0,0.03537210660116472,766.1700000000001,238.4750425516264,1220.4,569.9200000000001,0.31125604311265953,650.48,-203.13333333333333,0.7659044026413543,18.0,6.164414002968976,626.6666666666666
15095,104,4,1370.6,100,0.04,13.706,33.0,33.51119216023208,67.0,0.028976107094681,342.65,312.96573976502066,770.5,19.8,0.9133685678243708,750.7,-352.52,0.3206529070551734,11.75,12.0381338531629,269.75
15096,43,1,219.39,1,1.0,219.39000000000001,0.0,0.0,0.0,1.0,219.39000000000001,0.0,219.39000000000001,219.39000000000001,0.0,0.0,0.0,0.0,11.0,0.0,120.0
15097,4,1,248.08,1,1.0,248.08,0.0,0.0,0.0,1.0,248.08,0.0,248.08,248.08,0.0,0.0,0.0,0.0,25.0,0.0,170.0
15098,182,3,39916.5,1,3.0,39916.5,0.0,0.0,0.0,1.0,13305.5,22226.80778362021,38970.0,297.0,1.6704977478200902,38673.0,19512.75,66.69949494949495,1.0,0.0,40.333333333333336
15099,84,1,410.48,1,1.0,410.48,0.0,0.0,0.0,1.0,410.48,0.0,410.48,410.48,0.0,0.0,0.0,0.0,23.0,0.0,343.0
15100,334,3,876.0,41,0.07317073170731707,21.365853658536587,19.5,17.67766952966369,32.0,0.05353987007917717,292.0,101.15176716202244,350.4,175.2,0.34641016151377546,175.2,-87.60000000000002,0.7499999999999999,1.0,0.0,26.666666666666668
15101,9,2,317.53000000000003,351,0.005698005698005698,0.9046438746438745,350.0,0.0,350.0,1.0,158.765,79.88185307064428,215.25,102.28,0.5031452339662035,112.97,112.97,2.104517012123582,4.0,0.0,120.5
15103,31,2,703.36,56,0.03571428571428571,12.56,55.0,0.0,55.0,1.0,351.68,84.8528137423857,411.68,291.68,0.2412784740172478,120.0,120.0,1.4114097641250685,17.5,6.363961030678928,164.5
15104,197,2,993.54,86,0.023255813953488372,11.552790697674418,85.0,0.0,85.0,1.0,496.77,172.7179023726261,618.9,374.64,0.3476818293629368,244.26,244.26,1.6519859064702114,33.5,7.7781745930520225,317.5
15105,18,7,2298.93,117,0.05982905982905983,19.648974358974357,19.166666666666668,21.264210934494294,48.0,0.04491513321276903,328.4185714285714,247.0268721164138,614.88,15.0,0.752170838092024,599.88,-111.58250000000004,0.7154814115967157,14.428571428571429,12.461368876881636,173.0
15106,18,5,1422.52,252,0.01984126984126984,5.644920634920635,62.25,12.685293322058685,75.0,0.07307114114888182,284.504,112.94450774606086,410.7,120.06,0.3969874158045611,290.64,-174.53500000000005,0.5515832744556489,20.0,7.211102550927978,236.2
15107,311,6,319.5,62,0.0967741935483871,5.153225806451613,11.8,10.639548862616309,26.0,0.08591398273276568,53.25,40.608767526237486,116.0,8.5,0.7626059629340373,107.5,-63.66666666666666,0.2517140058765916,2.6666666666666665,1.96638416050035,28.166666666666668
15108,142,4,1300.25,86,0.046511627906976744,15.119186046511627,28.333333333333332,23.75570107012911,44.0,0.04039473562744812,325.0625,273.1680721186134,676.8,45.0,0.8403555381460901,631.8,71.67499999999995,1.2478174431670843,15.0,11.88836966675134,124.75
15109,246,1,484.95,1,1.0,484.95,0.0,0.0,0.0,1.0,484.95,0.0,484.95,484.95,0.0,0.0,0.0,0.0,28.0,0.0,131.0
15110,24,4,996.1,295,0.013559322033898305,3.3766101694915256,98.0,86.12200647918046,191.0,0.011478156213481722,249.025,71.94035144942417,315.7,169.65,0.2888880692678413,146.04999999999998,121.49999999999997,1.6453326251493823,8.75,0.9574271077563381,61.5
15111,29,3,1567.48,344,0.00872093023255814,4.556627906976744,171.0,189.50461735799473,305.0,0.005249216600985624,522.4933333333333,370.19845506610824,949.3000000000001,288.5,0.7085228297639042,660.8000000000001,350.99,2.2166031195840556,28.0,20.784609690826528,236.66666666666666
15113,10,3,3509.43,45,0.06666666666666667,77.98733333333334,21.5,9.192388155425117,28.0,0.09811243299910322,1169.8100000000002,1037.511379552051,2142.79,78.0,0.8869058903172745,2064.79,-1459.4699999999998,0.3188926586366373,31.0,34.044089061098404,781.3333333333334
15114,30,10,2760.56,272,0.03676470588235294,10.149117647058823,29.666666666666668,14.212670403551897,56.0,0.06573467862463629,276.056,108.31616337781213,508.28,135.62,0.3923702559546329,372.65999999999997,86.96399999999997,1.37391969867655,19.7,7.334090869963972,309.6
15115,18,1,340.11,1,1.0,340.11,0.0,0.0,0.0,1.0,340.11,0.0,340.11,340.11,0.0,0.0,0.0,0.0,21.0,0.0,157.0
15116,18,4,1352.75,188,0.02127659574468085,7.195478723404255,62.333333333333336,19.65536398374076,77.0,0.048413574352268396,338.1875,143.25256562565758,479.65,150.0,0.42358917945121444,329.65,-114.59500000000003,0.7102418549376082,11.25,3.304037933599835,162.0
15117,15,5,1551.78,201,0.024875621890547265,7.720298507462687,49.5,40.92676385936225,94.0,0.023851113416584382,310.356,191.1584668017611,526.3,1.65,0.6159328861106635,524.65,-45.84833333333336,0.8642998436259057,15.8,13.553597308463905,389.6
15118,134,1,244.8,1,1.0,244.8,0.0,0.0,0.0,1.0,244.8,0.0,244.8,244.8,0.0,0.0,0.0,0.0,1.0,0.0,1440.0
15119,246,1,266.4,1,1.0,266.4,0.0,0.0,0.0,1.0,266.4,0.0,266.4,266.4,0.0,0.0,0.0,0.0,14.0,0.0,88.0
15120,134,1,358.82,1,1.0,358.82,0.0,0.0,0.0,1.0,358.82,0.0,358.82,358.82,0.0,0.0,0.0,0.0,21.0,0.0,296.0
15121,50,2,457.72,239,0.008368200836820083,1.9151464435146441,238.0,0.0,238.0,1.0,228.85999999999999,93.74821704971247,295.15,162.57,0.409631290088755,132.57999999999998,-132.57999999999998,0.5508046755886837,14.0,5.656854249492381,99.5
15122,114,3,1633.78,184,0.016304347826086956,8.879239130434783,91.0,2.8284271247461903,93.0,0.2612038749637414,544.5933333333334,153.36241271358944,703.1700000000001,397.04,0.2816090527125857,306.13000000000005,221.3300000000001,1.5574501309691722,27.333333333333332,7.571877794400366,266.6666666666667
15123,7,2,2199.31,199,0.010050251256281407,11.05180904522613,198.0,0.0,198.0,1.0,1099.655,42.6880363802318,1129.84,1069.47,0.038819481001070154,60.36999999999989,60.36999999999989,1.056448521230142,53.0,0.0,597.5
15124,23,2,184.19,170,0.011764705882352941,1.0834705882352942,169.0,0.0,169.0,1.0,92.095,1.9021172413918113,93.44,90.75,0.02065386005094534,2.6899999999999977,2.6899999999999977,1.0296418732782369,7.5,2.1213203435596424,116.5
15125,25,15,11528.48,246,0.06097560975609756,46.86373983739837,17.357142857142858,16.995959442250896,52.0,0.05556802921283546,768.5653333333333,984.4926886318273,3840.88,49.92,1.2809486011579505,3790.96,-755.6846428571429,0.3549961712826691,8.466666666666667,10.140911952980128,412.8666666666667
15127,66,1,406.53,1,1.0,406.53000000000003,0.0,0.0,0.0,1.0,406.53000000000003,0.0,406.53000000000003,406.53000000000003,0.0,0.0,0.0,0.0,16.0,0.0,251.0
15128,60,4,1471.0,160,0.025,9.19375,52.333333333333336,12.662279942148386,66.0,0.07319422557833716,367.75,83.80285834425139,483.7,300.76,0.22787996830523832,182.94,-122.59999999999997,0.7142524181330848,25.5,5.744562646538029,335.75
15129,50,11,3447.4,242,0.045454545454545456,14.245454545454546,23.6,18.89855961589548,56.0,0.05025489378644143,313.40000000000003,162.18254092225834,650.67,14.85,0.5174937489542384,635.8199999999999,11.923999999999978,1.0388535529951515,7.636363636363637,4.738622738153508,163.0909090909091
15130,170,1,330.11,1,1.0,330.11,0.0,0.0,0.0,1.0,330.11,0.0,330.11,330.11,0.0,0.0,0.0,0.0,22.0,0.0,197.0
15132,18,5,977.93,245,0.02040816326530612,3.9915510204081635,60.75,24.240118261537695,94.0,0.03961946571081863,195.586,136.47313427924195,352.36,29.5,0.6977653527309825,322.86,-82.2483333333333,0.6642034281203858,10.4,9.939818911831342,135.8
15133,128,3,982.42,175,0.017142857142857144,5.613828571428572,86.5,60.10407640085654,129.0,0.016365520254978966,327.47333333333336,4.960255369770129,333.2,324.52,0.015147051270648386,8.680000000000007,-8.589999999999975,0.9742196878751501,9.666666666666666,2.5166114784235836,226.66666666666666
15134,15,8,1387.99,226,0.035398230088495575,6.141548672566372,31.714285714285715,15.70259305246839,54.0,0.0598709432037689,173.49875,52.571114131920666,282.69,110.10000000000001,0.3030057227035968,172.58999999999997,39.567499999999995,1.2574081904823862,9.125,3.226563851175781,110.875
15135,239,1,139.05,1,1.0,139.05,0.0,0.0,0.0,1.0,139.05,0.0,139.05,139.05,0.0,0.0,0.0,0.0,9.0,0.0,43.0
15136,3,4,1286.7,94,0.0425531914893617,13.688297872340426,31.0,38.43175770115127,74.0,0.02536026944522444,321.675,239.92138122032114,582.9,44.5,0.7458502563777761,538.4,-386.45,0.2494659157117887,17.0,11.430952132988166,194.0
15139,240,2,178.96,97,0.020618556701030927,1.8449484536082472,96.0,0.0,96.0,1.0,89.47999999999999,46.13164640461035,122.1,56.86,0.5155525972799548,65.24,-65.24,0.4656838656838657,6.5,2.1213203435596424,104.0
15140,52,7,2354.25,212,0.0330188679245283,11.10495283018868,35.0,26.94438717061496,83.0,0.035785361614641326,336.32142857142856,162.4876371121376,566.76,33.9,0.48313197824571025,532.86,-69.11666666666667,0.816089405295135,11.428571428571429,4.99523582550223,224.57142857142858
15142,46,1,498.74,1,1.0,498.74,0.0,0.0,0.0,1.0,498.74,0.0,498.74,498.74,0.0,0.0,0.0,0.0,26.0,0.0,365.0
15143,226,1,259.45,1,1.0,259.45,0.0,0.0,0.0,1.0,259.45,0.0,259.45,259.45,0.0,0.0,0.0,0.0,14.0,0.0,150.0
15144,8,17,6580.4400000000005,305,0.05573770491803279,21.5752131147541,18.5,18.536450577173618,62.0,0.051186370628060744,387.084705882353,275.2021127761751,1030.7,15.6,0.7109609565918049,1015.1,149.84499999999997,1.4868970447271368,12.764705882352942,7.901972947978767,179.41176470588235
15145,4,4,1194.73,245,0.0163265306122449,4.876448979591837,81.0,88.79189152169245,183.0,0.011136863062500628,298.6825,108.24453007735154,422.23,158.36,0.3624066695482713,263.87,-126.66499999999999,0.6501111832382637,16.75,7.455423082115014,189.0
15146,165,2,1327.16,127,0.015748031496062992,10.450078740157482,126.0,0.0,126.0,1.0,663.58,241.32140228334498,834.22,492.94,0.36366587643290177,341.28000000000003,-341.28000000000003,0.5908992831627149,45.5,24.748737341529164,736.5
15147,240,1,623.5,1,1.0,623.5,0.0,0.0,0.0,1.0,623.5,0.0,623.5,623.5,0.0,0.0,0.0,0.0,28.0,0.0,366.0
15148,11,1,301.29,1,1.0,301.29,0.0,0.0,0.0,1.0,301.29,0.0,301.29,301.29,0.0,0.0,0.0,0.0,20.0,0.0,187.0
15149,134,1,520.8000000000001,1,1.0,520.8000000000001,0.0,0.0,0.0,1.0,520.8000000000001,0.0,520.8000000000001,520.8000000000001,0.0,0.0,0.0,0.0,23.0,0.0,128.0
15150,17,10,5291.33,252,0.03968253968253968,20.997341269841268,27.555555555555557,24.673422498262738,82.0,0.03895078656021291,529.133,471.02798921437073,1654.31,29.700000000000003,0.8901882687611068,1624.61,-369.582,0.48232304839170553,34.1,30.256128855710102,364.2
15152,10,13,4745.69,178,0.07303370786516854,26.661179775280896,14.25,11.84080003439571,42.0,0.07787676759402633,365.0530769230769,127.89263533556931,756.1,262.8,0.35033983664386026,493.3,-59.704523809523835,0.8496871266664947,20.846153846153847,8.050322497123473,208.0
15153,31,1,329.25,1,1.0,329.25,0.0,0.0,0.0,1.0,329.25,0.0,329.25,329.25,0.0,0.0,0.0,0.0,22.0,0.0,198.0
15154,75,1,254.28,1,1.0,254.28,0.0,0.0,0.0,1.0,254.28,0.0,254.28,254.28,0.0,0.0,0.0,0.0,66.0,0.0,89.0
15156,1,3,961.49,33,0.09090909090909091,29.136060606060607,15.5,17.67766952966369,28.0,0.05353987007917717,320.49666666666667,69.65416163685653,391.46000000000004,252.23,0.21733193783665933,139.23000000000005,4.045000000000016,1.0127281308999372,18.333333333333332,7.637626158259733,199.0
15157,4,3,1936.07,355,0.008450704225352112,5.4537183098591555,176.5,37.476659402887016,203.0,0.02598978226069613,645.3566666666667,381.178847830429,1085.46,419.90999999999997,0.5906483461296786,665.5500000000001,-660.155,0.39182005785565566,41.666666666666664,10.692676621563626,797.3333333333334
15158,45,1,401.4,1,1.0,401.40000000000003,0.0,0.0,0.0,1.0,401.40000000000003,0.0,401.40000000000003,401.40000000000003,0.0,0.0,0.0,0.0,7.0,0.0,198.0
15159,2,30,18641.01,360,0.08333333333333333,51.780583333333325,12.068965517241379,12.646092096778238,44.0,0.07328105313286681,621.367,681.7325682768209,3091.98,12.5,1.0971496205572888,3079.48,423.3220000000001,2.033233587011174,23.666666666666668,23.411363779647452,381.3666666666667
15160,357,1,158.16,1,1.0,158.16,0.0,0.0,0.0,1.0,158.16,0.0,158.16,158.16,0.0,0.0,0.0,0.0,4.0,0.0,84.0
15163,18,2,304.47,174,0.011494252873563218,1.7498275862068966,173.0,0.0,173.0,1.0,152.235,3.9103004999616187,155.0,149.47,0.025685949354364097,5.530000000000001,-5.530000000000001,0.9643225806451613,14.5,6.363961030678928,93.0
15164,69,3,824.58,271,0.01107011070110701,3.0427306273062733,134.5,6.363961030678928,139.0,0.13579648178933995,274.86,162.04157090080312,461.35,168.44,0.5895422065808161,292.91,159.63,1.9476965091427214,33.0,16.09347693943108,117.0
15165,373,1,487.75,1,1.0,487.75,0.0,0.0,0.0,1.0,487.75,0.0,487.75,487.75,0.0,0.0,0.0,0.0,27.0,0.0,160.0
15167,321,1,158.8,1,1.0,158.8,0.0,0.0,0.0,1.0,158.8,0.0,158.8,158.8,0.0,0.0,0.0,0.0,39.0,0.0,65.0
15168,26,1,106.56,1,1.0,106.56,0.0,0.0,0.0,1.0,106.56,0.0,106.56,106.56,0.0,0.0,0.0,0.0,5.0,0.0,52.0
15171,331,1,1289.5,1,1.0,1289.5,0.0,0.0,0.0,1.0,1289.5,0.0,1289.5,1289.5,0.0,0.0,0.0,0.0,5.0,0.0,290.0
15172,9,5,1624.05,228,0.021929824561403508,7.123026315789473,56.5,11.818065267490557,65.0,0.07801489375594153,324.81,81.74087900188007,376.1,179.8,0.25165751978658313,196.3,102.84999999999997,1.3909160015203343,22.0,5.196152422706632,322.2
15174,323,1,135.75,1,1.0,135.75,0.0,0.0,0.0,1.0,135.75,0.0,135.75,135.75,0.0,0.0,0.0,0.0,11.0,0.0,145.0
15175,72,1,224.14,1,1.0,224.14,0.0,0.0,0.0,1.0,224.14,0.0,224.14,224.14,0.0,0.0,0.0,0.0,23.0,0.0,454.0
15178,260,1,40.5,1,1.0,40.5,0.0,0.0,0.0,1.0,40.5,0.0,40.5,40.5,0.0,0.0,0.0,0.0,3.0,0.0,30.0
15179,18,5,2206.9500000000003,301,0.016611295681063124,7.332059800664451,75.0,72.8880420005001,180.0,0.01353398970828367,441.39,511.4901843632975,1285.6200000000001,67.5,1.1588168838516901,1218.1200000000001,-420.7000000000001,0.39363802770210854,18.6,19.578048932414077,387.6
15180,367,1,87.5,1,1.0,87.5,0.0,0.0,0.0,1.0,87.5,0.0,87.5,87.5,0.0,0.0,0.0,0.0,6.0,0.0,36.0
15181,66,3,689.48,204,0.014705882352941176,3.3798039215686275,101.5,10.606601717798213,109.0,0.08615786293989429,229.82666666666668,85.21789796359292,300.0,135.0,0.3707920373191082,165.0,-105.25999999999999,0.6491333333333333,5.333333333333333,3.0550504633038935,181.33333333333334
15182,154,2,622.85,115,0.017391304347826087,5.416086956521739,114.0,0.0,114.0,1.0,311.425,83.51638192594314,370.48,252.37,0.26817494397027575,118.11000000000001,-118.11000000000001,0.6811973655797884,14.5,2.1213203435596424,126.5
15184,29,2,402.2,162,0.012345679012345678,2.4827160493827165,161.0,0.0,161.0,1.0,201.10000000000002,48.26710888379376,235.23000000000002,166.97,0.24001545939231106,68.26000000000002,-68.26000000000002,0.7098159248395187,31.0,15.556349186104045,99.5
15185,70,1,310.62,1,1.0,310.62,0.0,0.0,0.0,1.0,310.62,0.0,310.62,310.62,0.0,0.0,0.0,0.0,21.0,0.0,666.0
15186,14,2,411.41,155,0.012903225806451613,2.6542580645161293,154.0,0.0,154.0,1.0,205.705,33.31180046169826,229.26000000000002,182.15,0.16193967313238988,47.110000000000014,-47.110000000000014,0.7945127802494983,9.5,0.7071067811865476,107.5
15187,2,16,4777.18,211,0.07582938388625593,22.640663507109007,13.6,12.63102755688773,43.0,0.0733620408165562,298.57375,151.67032858033463,607.2,15.0,0.5079827968143034,592.2,1.8824999999999363,1.006324914113882,5.6875,4.908750689669759,117.9375
15189,1,41,16225.39,332,0.12349397590361445,48.87165662650603,7.8,8.09621627358842,48.0,0.10993582055690329,395.74121951219513,212.9986472397785,1284.1200000000001,3.3,0.5382270957327324,1280.8200000000002,115.50230952380952,1.3431629769426112,5.170731707317073,2.8363924184110196,149.97560975609755
15192,120,3,1044.32,246,0.012195121951219513,4.24520325203252,122.5,72.8319984622144,174.0,0.013544262932443554,348.1066666666666,64.99559549179725,422.99,306.33,0.18671172291576504,116.66000000000003,49.65999999999997,1.1576507936507936,17.0,7.211102550927978,306.0
15193,61,1,499.32,1,1.0,499.32,0.0,0.0,0.0,1.0,499.32,0.0,499.32,499.32,0.0,0.0,0.0,0.0,19.0,0.0,144.0
15194,3,15,7616.53,366,0.040983606557377046,20.8101912568306,25.642857142857142,13.281607542052237,46.0,0.07002012883042032,507.76866666666666,306.8204307284327,1421.67,305.37,0.6042523906459359,1116.3000000000002,188.99482142857136,1.464393341055883,20.666666666666668,9.209208641871667,380.2
15195,3,1,3861.0,1,1.0,3861.0,0.0,0.0,0.0,1.0,3861.0,0.0,3861.0,3861.0,0.0,0.0,0.0,0.0,1.0,0.0,1404.0
15197,11,3,1079.61,348,0.008620689655172414,3.102327586206897,173.0,96.16652224137046,241.0,0.010291610494362547,359.87000000000006,176.08238327555657,556.5,216.75,0.4892944209730084,339.75,-294.945,0.47000000000000003,10.666666666666666,7.094598884597588,156.33333333333334
15198,92,2,193.64,32,0.0625,6.05125,31.0,0.0,31.0,1.0,96.82,15.301790744876884,107.64,86.0,0.15804369701380794,21.64,-21.64,0.7989594946116685,5.0,0.0,60.0
15199,59,4,1268.7,250,0.016,5.0748,82.33333333333333,53.25723737984663,140.0,0.018430720919296956,317.175,24.28547233773039,353.1,300.95,0.07656805340184564,52.150000000000034,-22.800000000000068,0.9306094498972836,3.25,0.49999999999999994,99.0
15201,87,5,1236.54,161,0.031055900621118012,7.680372670807453,39.75,31.51058023373525,77.0,0.030759217239756612,247.308,121.71719586812704,303.28,29.58,0.4921684533784877,273.7,-89.71166666666667,0.7020882107139101,13.8,7.19027120489902,242.0
15203,26,6,1827.8,286,0.02097902097902098,6.390909090909091,56.6,34.846807601271024,113.0,0.027896486937501873,304.6333333333333,103.75779385986705,480.96,189.4,0.34059895128526224,291.55999999999995,-53.98666666666662,0.837206497266002,23.666666666666668,7.5542482529148245,292.1666666666667
15204,357,1,316.58,1,1.0,316.58,0.0,0.0,0.0,1.0,316.58,0.0,316.58,316.58,0.0,0.0,0.0,0.0,9.0,0.0,258.0
15205,85,2,653.24,43,0.046511627906976744,15.191627906976745,42.0,0.0,42.0,1.0,326.62,211.67948601600486,476.29999999999995,176.94,0.648091011009751,299.35999999999996,-299.35999999999996,0.3714885576317447,18.5,7.7781745930520225,189.0
15206,10,4,420.3,266,0.015037593984962405,1.580075187969925,88.33333333333333,42.0039680665212,130.0,0.023253668090654753,105.07500000000002,90.96033476191698,183.60000000000002,17.700000000000003,0.8656705663756076,165.90000000000003,157.05,6.915254237288135,2.25,0.9574271077563381,40.5
15208,1,5,870.12,353,0.014164305949008499,2.464929178470255,87.75,75.63233435508916,190.0,0.013049321913728052,174.024,70.80831787297309,258.12,65.4,0.4068882330768922,192.72,20.440000000000026,1.1263600395647875,8.4,3.7148351242013424,63.2
15210,225,1,331.18,1,1.0,331.18,0.0,0.0,0.0,1.0,331.18,0.0,331.18,331.18,0.0,0.0,0.0,0.0,20.0,0.0,228.0
15211,60,2,894.4100000000001,305,0.006557377049180328,2.9324918032786886,304.0,0.0,304.0,1.0,447.20500000000004,90.70058682279846,511.34000000000003,383.07,0.2028165758942732,128.27000000000004,128.27000000000004,1.3348474169211895,26.0,4.242640687119285,120.0
15212,241,1,101.8,1,1.0,101.8,0.0,0.0,0.0,1.0,101.8,0.0,101.8,101.8,0.0,0.0,0.0,0.0,5.0,0.0,36.0
15213,319,2,328.35,12,0.16666666666666666,27.362499999999997,11.0,0.0,11.0,1.0,164.17499999999998,210.75317613265048,313.2,15.15,1.283710529207556,298.05,-298.05,0.04837164750957855,12.0,14.142135623730951,136.0
15214,2,8,1661.44,242,0.03305785123966942,6.865454545454545,34.0,36.82843104631711,108.0,0.02643514341833529,207.68,139.9090738403237,514.9300000000001,104.6,0.6736762030061811,410.33000000000004,-115.31500000000005,0.5654025533518631,13.75,9.392246042043707,156.75
15215,47,3,734.94,50,0.06,14.6988,24.5,34.64823227814083,49.0,0.028051881849221198,244.98000000000002,170.3593413934205,381.0,53.9,0.6954010180154317,327.1,-82.59000000000003,0.7247367017730968,11.666666666666666,7.505553499465136,75.0
15216,88,1,96.6,1,1.0,96.6,0.0,0.0,0.0,1.0,96.6,0.0,96.6,96.6,0.0,0.0,0.0,0.0,2.0,0.0,28.0
15218,11,11,5756.89,309,0.03559870550161812,18.630711974110035,30.5,19.13257838231835,54.0,0.0496707367039614,523.3536363636364,225.83453656483667,807.6800000000001,81.6,0.4315142207360577,726.08,-89.86333333333334,0.8429978277454561,15.0,9.08845421400141,302.6363636363636
15219,176,1,305.75,1,1.0,305.75,0.0,0.0,0.0,1.0,305.75,0.0,305.75,305.75,0.0,0.0,0.0,0.0,9.0,0.0,45.0
15220,52,6,1778.96,230,0.02608695652173913,7.734608695652174,45.2,12.891857895586655,63.0,0.071984611958757,296.49333333333334,139.48448253001717,494.91,88.62,0.47044728109687856,406.29,20.860000000000014,1.072920914948904,19.5,9.071934744033381,232.16666666666666
15221,366,1,403.25,1,1.0,403.25,0.0,0.0,0.0,1.0,403.25,0.0,403.25,403.25,0.0,0.0,0.0,0.0,5.0,0.0,43.0
15222,319,1,585.0,1,1.0,585.0,0.0,0.0,0.0,1.0,585.0,0.0,585.0,585.0,0.0,0.0,0.0,0.0,5.0,0.0,440.0
15223,226,2,755.75,24,0.08333333333333333,31.489583333333332,23.0,0.0,23.0,1.0,377.875,108.92979964178767,454.90000000000003,300.85,0.2882694003090643,154.05,154.05,1.5120491939504737,10.0,2.8284271247461903,106.5
15224,358,2,322.08,5,0.4,64.41600000000001,4.0,0.0,4.0,1.0,161.04000000000002,211.34007476103534,310.48,11.6,1.3123452233049884,298.88,298.88,26.765517241379314,7.0,7.0710678118654755,76.0
15225,234,1,409.4,1,1.0,409.40000000000003,0.0,0.0,0.0,1.0,409.40000000000003,0.0,409.40000000000003,409.40000000000003,0.0,0.0,0.0,0.0,23.0,0.0,226.0
15226,311,1,154.41,1,1.0,154.41,0.0,0.0,0.0,1.0,154.41,0.0,154.41,154.41,0.0,0.0,0.0,0.0,8.0,0.0,71.0
15227,37,5,1219.4,281,0.017793594306049824,4.339501779359431,69.75,77.95030468189333,179.0,0.012666195577448388,243.88000000000002,122.49302571983436,318.23,30.0,0.5022676140718154,288.23,-114.42500000000004,0.6338810053274032,11.6,5.504543577809153,150.0
15228,66,4,3386.71,229,0.017467248908296942,14.789126637554585,75.66666666666667,44.37717130838032,125.0,0.022037512942445547,846.6775,349.60675302163907,1162.68,348.6,0.41291607846156186,814.08,439.9050000000001,1.7019107263951494,31.25,14.728091073410251,563.75
15230,239,2,429.6,2,1.0,214.8,1.0,0.0,1.0,1.0,214.8,219.768787592779,370.20000000000005,59.400000000000006,1.023132158253161,310.80000000000007,-310.80000000000007,0.16045380875202592,11.5,14.849242404917497,175.5
15232,113,2,612.06,28,0.07142857142857142,21.85928571428571,27.0,0.0,27.0,1.0,306.03,6.123544725075499,310.36,301.7,0.020009622341193672,8.660000000000025,-8.660000000000025,0.9720969197061476,15.5,3.5355339059327378,343.0
15234,277,1,197.0,1,1.0,197.0,0.0,0.0,0.0,1.0,197.0,0.0,197.0,197.0,0.0,0.0,0.0,0.0,14.0,0.0,196.0
15235,218,12,2247.51,156,0.07692307692307693,14.407115384615386,13.727272727272727,11.420078012788785,38.0,0.08051479217524347,187.29250000000002,136.40102033242738,529.59,71.9,0.7282780695031962,457.69000000000005,18.305000000000007,1.1027562591220388,11.916666666666666,8.826183498631508,110.33333333333333
15236,299,1,321.05,1,1.0,321.05,0.0,0.0,0.0,1.0,321.05,0.0,321.05,321.05,0.0,0.0,0.0,0.0,15.0,0.0,269.0
15237,2,4,1412.32,226,0.017699115044247787,6.24920353982301,74.66666666666667,51.01307022061438,125.0,0.01922593678393684,353.08000000000004,395.4310131995214,938.9200000000001,83.6,1.1199473581044561,855.32,-387.49000000000007,0.291382069217757,24.75,27.08474355302877,267.75
15238,29,3,1071.99,155,0.01935483870967742,6.916064516129032,76.5,16.263455967290593,88.0,0.05792582909787702,357.33,99.86247193015001,472.64,299.21000000000004,0.2794684799209415,173.42999999999995,85.78500000000003,1.2858166189111748,16.666666666666668,5.507570547286102,230.66666666666666
15239,10,2,780.59,69,0.028985507246376812,11.312898550724638,68.0,0.0,68.0,1.0,390.295,101.10919864186444,461.79,318.8,0.25905840106038874,142.99,-142.99,0.6903570887199809,24.5,7.7781745930520225,297.0
15240,45,5,1706.57,268,0.018656716417910446,6.3677985074626875,66.5,29.8942580885806,107.0,0.032368474333734805,341.314,42.936653106640726,416.28000000000003,312.90000000000003,0.12579810118143622,103.38,44.60666666666668,1.1418110528267897,15.6,4.979959839195493,273.8
15241,67,8,1756.44,217,0.03686635944700461,8.094193548387096,30.428571428571427,30.021420923828945,86.0,0.03223578966467829,219.555,135.19660245097035,395.33,66.66,0.6157755571541087,328.66999999999996,-93.57,0.6486821356161298,13.75,7.7781745930520225,227.25
15243,74,1,316.68,1,1.0,316.68,0.0,0.0,0.0,1.0,316.68,0.0,316.68,316.68,0.0,0.0,0.0,0.0,22.0,0.0,185.0
15244,65,2,631.57,183,0.01092896174863388,3.4512021857923494,182.0,0.0,182.0,1.0,315.78499999999997,25.2366410205479,333.63,297.94,0.07991716205819752,35.69,35.69,1.1197892193059005,17.0,2.8284271247461903,202.5
15245,134,3,2515.84,128,0.0234375,19.655,63.0,14.142135623730951,73.0,0.06604088253131131,838.6133333333333,386.18991044994084,1251.48,486.24,0.46051010054288927,765.24,-619.3,0.505145907245821,29.666666666666668,17.21433511156714,594.6666666666666
15246,238,2,514.15,121,0.01652892561983471,4.249173553719008,120.0,0.0,120.0,1.0,257.075,100.51522894566772,328.15,186.0,0.3909957364413798,142.14999999999998,142.14999999999998,1.764247311827957,16.5,6.363961030678928,123.5
15247,122,1,356.0,1,1.0,356.0,0.0,0.0,0.0,1.0,356.0,0.0,356.0,356.0,0.0,0.0,0.0,0.0,6.0,0.0,160.0
15249,32,13,6688.46,225,0.057777777777777775,29.726488888888888,18.333333333333332,12.017663767315279,41.0,0.07681869941293136,514.496923076923,210.75663403495417,1001.82,282.31,0.4096363351884297,719.51,-177.47738095238088,0.7090828835024094,26.923076923076923,12.35220316692221,275.15384615384613
15251,9,11,10484.99,233,0.04721030042918455,44.99995708154506,22.8,14.41295713354249,50.0,0.06488047629898011,953.180909090909,892.3248645919775,2846.02,178.44,0.9361547803585653,2667.58,-713.3923333333337,0.4685314702680365,10.090909090909092,9.60681576230694,561.0
15252,36,2,740.78,147,0.013605442176870748,5.039319727891156,146.0,0.0,146.0,1.0,370.39,98.76867519613698,440.23,300.55,0.26666128998120087,139.68,139.68,1.4647479620695392,22.0,11.313708498984761,261.0
15253,16,5,918.2,154,0.032467532467532464,5.962337662337663,38.25,44.31986010808247,81.0,0.02206538143796382,183.64000000000001,149.3233462992308,395.05,20.8,0.8131308336921738,374.25,101.44166666666666,1.8262404126790197,10.6,8.905054744357274,173.2
15254,127,1,300.36,1,1.0,300.36,0.0,0.0,0.0,1.0,300.36,0.0,300.36,300.36,0.0,0.0,0.0,0.0,18.0,0.0,275.0
15255,67,1,890.85,1,1.0,890.85,0.0,0.0,0.0,1.0,890.85,0.0,890.85,890.85,0.0,0.0,0.0,0.0,47.0,0.0,489.0
15256,149,1,98.45,1,1.0,98.45,0.0,0.0,0.0,1.0,98.45,0.0,98.45,98.45,0.0,0.0,0.0,0.0,6.0,0.0,55.0
15257,283,1,317.15,1,1.0,317.15,0.0,0.0,0.0,1.0,317.15,0.0,317.15,317.15,0.0,0.0,0.0,0.0,7.0,0.0,46.0
15258,169,2,623.16,49,0.04081632653061224,12.717551020408164,48.0,0.0,48.0,1.0,311.58000000000004,5.769991334482265,315.66,307.5,0.01851849070698461,8.160000000000025,-8.160000000000025,0.9741494012545143,17.0,1.4142135623730951,71.0
15260,100,7,1810.77,273,0.02564102564102564,6.632857142857143,44.833333333333336,48.49089261569297,138.0,0.020205737806452736,258.68142857142857,117.94657412413066,387.88,58.0,0.455953002793792,329.88,51.242500000000035,1.2233761987794247,11.0,5.163977794943222,126.42857142857143
15261,135,1,254.82,1,1.0,254.82,0.0,0.0,0.0,1.0,254.82,0.0,254.82,254.82,0.0,0.0,0.0,0.0,19.0,0.0,270.0
15262,324,1,178.95000000000002,1,1.0,178.95000000000002,0.0,0.0,0.0,1.0,178.95000000000002,0.0,178.95000000000002,178.95000000000002,0.0,0.0,0.0,0.0,10.0,0.0,73.0
15263,107,1,156.51,1,1.0,156.51,0.0,0.0,0.0,1.0,156.51,0.0,156.51,156.51,0.0,0.0,0.0,0.0,12.0,0.0,89.0
15264,64,1,393.74,1,1.0,393.74,0.0,0.0,0.0,1.0,393.74,0.0,393.74,393.74,0.0,0.0,0.0,0.0,23.0,0.0,265.0
15265,151,2,1506.12,85,0.023529411764705882,17.719058823529412,84.0,0.0,84.0,1.0,753.06,57.72819761606977,793.88,712.24,0.07665816484220352,81.63999999999999,81.63999999999999,1.1146242839492306,41.0,1.4142135623730951,306.0
15266,338,1,119.3,1,1.0,119.3,0.0,0.0,0.0,1.0,119.3,0.0,119.3,119.3,0.0,0.0,0.0,0.0,6.0,0.0,18.0
15267,22,5,1717.36,161,0.031055900621118012,10.666832298136645,39.75,37.77455051574627,96.0,0.02579011198579599,343.472,405.00427889097665,1035.76,60.0,1.1791478749096773,975.76,-600.68,0.14661590043757458,2.2,1.6431676725154984,188.8
15269,24,1,408.8,1,1.0,408.8,0.0,0.0,0.0,1.0,408.8,0.0,408.8,408.8,0.0,0.0,0.0,0.0,2.0,0.0,26.0
15270,16,7,2379.49,295,0.023728813559322035,8.066067796610168,48.666666666666664,53.92463877177729,121.0,0.018206765166999046,339.9271428571428,94.85551024484303,536.54,264.6,0.2790465905357456,271.93999999999994,3.664166666666631,1.0108460779477058,5.857142857142857,3.078342163598854,217.28571428571428
15271,7,15,2493.34,359,0.04178272980501393,6.9452367688022285,25.0,22.644408377549425,98.0,0.0422932975962938,166.22266666666667,71.26352988998617,354.45,79.5,0.4287232982063387,274.95,28.689821428571406,1.190097732973638,16.933333333333334,18.148068242994377,83.4
15272,57,2,721.94,29,0.06896551724137931,24.89448275862069,28.0,0.0,28.0,1.0,360.97,87.69538300275562,422.98,298.96000000000004,0.24294368784872875,124.01999999999998,124.01999999999998,1.4148381054321648,31.5,6.363961030678928,155.0
15274,4,2,716.57,15,0.13333333333333333,47.77133333333334,14.0,0.0,14.0,1.0,358.285,36.352359620800385,383.99,332.58000000000004,0.10146213104316502,51.40999999999997,-51.40999999999997,0.8661163051121124,23.5,2.1213203435596424,309.5
15275,38,1,615.14,1,1.0,615.14,0.0,0.0,0.0,1.0,615.14,0.0,615.14,615.14,0.0,0.0,0.0,0.0,41.0,0.0,498.0
15276,66,1,128.63,1,1.0,128.63,0.0,0.0,0.0,1.0,128.63,0.0,128.63,128.63,0.0,0.0,0.0,0.0,49.0,0.0,61.0
15277,47,1,255.9,1,1.0,255.89999999999998,0.0,0.0,0.0,1.0,255.89999999999998,0.0,255.89999999999998,255.89999999999998,0.0,0.0,0.0,0.0,12.0,0.0,205.0
15279,355,1,290.51,1,1.0,290.51,0.0,0.0,0.0,1.0,290.51,0.0,290.51,290.51,0.0,0.0,0.0,0.0,19.0,0.0,189.0
15280,172,1,113.12,1,1.0,113.12,0.0,0.0,0.0,1.0,113.12,0.0,113.12,113.12,0.0,0.0,0.0,0.0,16.0,0.0,154.0
15281,59,9,2332.15,275,0.03272727272727273,8.480545454545455,33.625,25.019635146363402,77.0,0.03843251430601876,259.1277777777778,240.53898820034235,780.42,48.1,0.9282640026598121,732.3199999999999,-150.61,0.5606476079346557,15.444444444444445,15.452435981999013,134.55555555555554
15286,50,1,240.55,1,1.0,240.55,0.0,0.0,0.0,1.0,240.55,0.0,240.55,240.55,0.0,0.0,0.0,0.0,3.0,0.0,55.0
15287,22,2,486.69,49,0.04081632653061224,9.932448979591838,48.0,0.0,48.0,1.0,243.34500000000003,138.07674116229714,340.98,145.71,0.5674114576518816,195.27,-195.27,0.4273271159598803,10.0,7.0710678118654755,216.5
15288,43,5,2306.52,323,0.015479876160990712,7.140928792569659,80.0,31.88521078284832,112.0,0.030408806153116166,461.304,314.56729729900405,986.75,165.65,0.681908887195871,821.1,-191.4933333333334,0.6676616915422885,17.6,10.16366075781753,155.0
15289,29,3,939.78,221,0.013574660633484163,4.252398190045248,109.5,2.1213203435596424,111.0,0.32037724101704074,313.26,67.30549977527838,375.45,241.8,0.21485507174640356,133.64999999999998,-93.28499999999997,0.7515381542149422,19.333333333333332,9.504384952922168,336.0
15290,5,18,7943.22,355,0.05070422535211268,22.375267605633802,20.352941176470587,13.014132589566755,44.0,0.07135653909429117,441.29,416.9922423456707,1510.36,35.400000000000006,0.9449392516161044,1474.9599999999998,329.27555555555546,2.190214750167679,11.333333333333334,7.211102550927979,250.05555555555554
15291,26,15,4668.3,349,0.04297994269340974,13.37621776504298,24.428571428571427,26.581411335206198,77.0,0.036256302762997246,311.22,97.61954378387266,461.15999999999997,45.0,0.3136673214570807,416.15999999999997,53.12946428571422,1.1878134168943382,6.866666666666666,6.116332545694667,140.2
15292,201,1,178.39,1,1.0,178.39,0.0,0.0,0.0,1.0,178.39,0.0,178.39,178.39,0.0,0.0,0.0,0.0,24.0,0.0,55.0
15296,51,6,3672.86,276,0.021739130434782608,13.307463768115941,54.6,40.75291400624009,114.0,0.023950424151247197,612.1433333333333,452.7611315767583,1199.33,13.899999999999999,0.7396325450631251,1185.4299999999998,-160.77333333333343,0.7678463989526325,32.333333333333336,22.123893569321535,294.3333333333333
15297,10,3,641.94,54,0.05555555555555555,11.887777777777778,26.5,10.606601717798213,34.0,0.08615786293989429,213.98000000000002,57.73193570286727,261.68,149.8,0.26980061549148177,111.88,-24.72,0.8927362665972403,13.0,3.605551275463989,97.33333333333333
15298,2,12,4799.9,365,0.03287671232876712,13.150410958904109,32.72727272727273,24.88007600105317,75.0,0.038639762880113095,399.9916666666666,241.38395539936457,990.0,12.48,0.6034724608413456,977.52,-122.41666666666663,0.734569239664643,16.0,10.660035817780521,259.6666666666667
15299,67,7,4507.01,305,0.022950819672131147,14.777081967213116,50.5,55.46079696506353,108.0,0.017711404261947877,643.8585714285715,222.34152561832826,1003.2,303.96,0.34532665321982814,699.24,56.32999999999993,1.0920921411872413,1.0,0.0,421.14285714285717
15300,64,1,496.44,1,1.0,496.44,0.0,0.0,0.0,1.0,496.44,0.0,496.44,496.44,0.0,0.0,0.0,0.0,28.0,0.0,292.0
15301,51,12,5049.95,318,0.03773584905660377,15.880345911949686,28.454545454545453,27.299683647850706,100.0,0.03533608405110025,420.82916666666665,201.53308302556152,673.37,37.2,0.4788952358551547,636.17,-83.64499999999998,0.819205233599072,20.166666666666668,12.755272231393954,229.25
15303,290,1,574.02,1,1.0,574.02,0.0,0.0,0.0,1.0,574.02,0.0,574.02,574.02,0.0,0.0,0.0,0.0,31.0,0.0,248.0
15304,61,8,694.4,308,0.025974025974025976,2.2545454545454544,43.57142857142857,29.11962192323899,86.0,0.0332009479583953,86.8,30.96256956852442,123.15,51.0,0.35671163097378367,72.15,8.299999999999997,1.1004234724742892,2.875,1.9594095320493148,13.0
15306,64,3,1174.35,84,0.03571428571428571,13.980357142857141,41.5,19.091883092036785,55.0,0.04977134275663489,391.45,110.1527071841632,517.28,312.45,0.28139662072847926,204.82999999999998,70.245,1.2038332075909697,19.333333333333332,7.76745346515403,270.0
15307,96,1,205.3,1,1.0,205.3,0.0,0.0,0.0,1.0,205.3,0.0,205.3,205.3,0.0,0.0,0.0,0.0,12.0,0.0,37.0
15308,274,1,310.47,1,1.0,310.47,0.0,0.0,0.0,1.0,310.47,0.0,310.47,310.47,0.0,0.0,0.0,0.0,19.0,0.0,175.0
15311,1,91,60632.75,374,0.24331550802139038,162.11965240641712,3.588888888888889,2.960012315660852,21.0,0.25252446717027915,666.2939560439561,652.9209686697312,4041.18,25.09,0.9799292980929537,4016.0899999999997,-159.45230917874392,0.7865134346183607,25.9010989010989,15.947869899599578,419.1978021978022
15312,75,4,924.85,280,0.014285714285714285,3.3030357142857145,92.33333333333333,58.28664798505172,139.0,0.01686720423546522,231.2125,87.90674049809836,318.16,130.05,0.38019891008530404,188.11,-145.47500000000002,0.521385096232933,11.75,3.4034296427770228,129.0
15313,110,1,52.0,1,1.0,52.0,0.0,0.0,0.0,1.0,52.0,0.0,52.0,52.0,0.0,0.0,0.0,0.0,1.0,0.0,25.0
15314,199,1,327.97,1,1.0,327.97,0.0,0.0,0.0,1.0,327.97,0.0,327.97,327.97,0.0,0.0,0.0,0.0,24.0,0.0,313.0
15315,64,2,570.5,52,0.038461538461538464,10.971153846153847,51.0,0.0,51.0,1.0,285.25,73.12898331031273,336.96,233.54,0.2563680396505267,103.41999999999999,103.41999999999999,1.4428363449516142,18.5,3.5355339059327378,431.0
15316,327,1,165.0,1,1.0,165.0,0.0,0.0,0.0,1.0,165.0,0.0,165.0,165.0,0.0,0.0,0.0,0.0,1.0,0.0,100.0
15318,4,1,312.62,1,1.0,312.62,0.0,0.0,0.0,1.0,312.62,0.0,312.62,312.62,0.0,0.0,0.0,0.0,33.0,0.0,642.0
15319,284,1,204.5,1,1.0,204.5,0.0,0.0,0.0,1.0,204.5,0.0,204.5,204.5,0.0,0.0,0.0,0.0,16.0,0.0,175.0
15320,44,1,267.13,1,1.0,267.13,0.0,0.0,0.0,1.0,267.13,0.0,267.13,267.13,0.0,0.0,0.0,0.0,36.0,0.0,326.0
15321,71,3,2748.31,221,0.013574660633484163,12.43579185520362,110.0,155.56349186104046,220.0,0.00638718508455062,916.1033333333334,491.5923872817128,1238.54,350.3,0.536612377004464,888.24,-365.05000000000007,0.6851578738561583,31.666666666666668,20.256686138984662,393.6666666666667
15322,86,1,679.68,1,1.0,679.68,0.0,0.0,0.0,1.0,679.68,0.0,679.68,679.68,0.0,0.0,0.0,0.0,42.0,0.0,416.0
15325,104,1,161.74,1,1.0,161.74,0.0,0.0,0.0,1.0,161.74,0.0,161.74,161.74,0.0,0.0,0.0,0.0,47.0,0.0,231.0
15326,334,1,311.71,1,1.0,311.71,0.0,0.0,0.0,1.0,311.71,0.0,311.71,311.71,0.0,0.0,0.0,0.0,29.0,0.0,386.0
15327,53,1,208.75,1,1.0,208.75,0.0,0.0,0.0,1.0,208.75,0.0,208.75,208.75,0.0,0.0,0.0,0.0,10.0,0.0,116.0
15329,39,3,1049.7,133,0.022556390977443608,7.892481203007519,66.0,41.012193308819754,95.0,0.02380261350911348,349.90000000000003,82.54477572808592,444.90000000000003,295.7,0.23590961911427813,149.20000000000005,61.19999999999999,1.1979941766418634,19.0,6.082762530298219,162.0
15330,32,2,714.9599999999999,29,0.06896551724137931,24.653793103448276,28.0,0.0,28.0,1.0,357.48,52.439038892794365,394.56,320.4,0.1466908327537047,74.16000000000003,74.16000000000003,1.2314606741573035,6.5,2.1213203435596424,656.0
15332,366,4,1661.06,4,1.0,415.265,1.0,1.7320508075688772,3.0,0.36602540378443865,415.265,521.9898858215549,1145.06,15.0,1.2570042883979025,1130.06,-752.53,0.049271663739845616,8.75,11.324751652906123,163.0
15333,208,1,1028.56,1,1.0,1028.56,0.0,0.0,0.0,1.0,1028.56,0.0,1028.56,1028.56,0.0,0.0,0.0,0.0,16.0,0.0,344.0
15334,157,3,350.82,17,0.17647058823529413,20.636470588235294,8.0,2.8284271247461903,10.0,0.2612038749637414,116.94,9.605316236334964,127.53,108.78999999999999,0.08213884245198362,18.74000000000001,3.6599999999999966,1.0319650655021835,32.0,3.605551275463989,91.0
15335,54,1,170.22,1,1.0,170.22,0.0,0.0,0.0,1.0,170.22,0.0,170.22,170.22,0.0,0.0,0.0,0.0,34.0,0.0,79.0
15339,66,2,574.07,252,0.007936507936507936,2.2780555555555555,251.0,0.0,251.0,1.0,287.03499999999997,41.20311213974017,316.17,257.9,0.14354734488734885,58.27000000000004,58.27000000000004,1.22594028693292,42.0,2.8284271247461903,208.0
15341,81,1,2020.52,1,1.0,2020.52,0.0,0.0,0.0,1.0,2020.52,0.0,2020.52,2020.52,0.0,0.0,0.0,0.0,17.0,0.0,812.0
15342,130,1,406.09,1,1.0,406.09000000000003,0.0,0.0,0.0,1.0,406.09000000000003,0.0,406.09000000000003,406.09000000000003,0.0,0.0,0.0,0.0,24.0,0.0,283.0
15343,87,1,364.5,1,1.0,364.5,0.0,0.0,0.0,1.0,364.5,0.0,364.5,364.5,0.0,0.0,0.0,0.0,21.0,0.0,84.0
15344,1,3,563.94,74,0.04054054054054054,7.62081081081081,36.5,7.7781745930520225,42.0,0.11391890072356342,187.98,107.33072113798546,308.69,103.3,0.5709688325246594,205.39,-181.065,0.4134406686319609,8.666666666666666,7.371114795831994,38.666666666666664
15345,46,1,393.54,1,1.0,393.54,0.0,0.0,0.0,1.0,393.54,0.0,393.54,393.54,0.0,0.0,0.0,0.0,20.0,0.0,81.0
15346,333,1,252.42,1,1.0,252.42000000000002,0.0,0.0,0.0,1.0,252.42000000000002,0.0,252.42000000000002,252.42000000000002,0.0,0.0,0.0,0.0,17.0,0.0,144.0
15347,366,1,201.6,1,1.0,201.60000000000002,0.0,0.0,0.0,1.0,201.60000000000002,0.0,201.60000000000002,201.60000000000002,0.0,0.0,0.0,0.0,5.0,0.0,130.0
15348,72,1,158.04,1,1.0,158.04,0.0,0.0,0.0,1.0,158.04,0.0,158.04,158.04,0.0,0.0,0.0,0.0,9.0,0.0,84.0
15349,158,2,463.91,30,0.06666666666666667,15.463666666666665,29.0,0.0,29.0,1.0,231.95499999999998,175.72310619266892,356.21,107.7,0.7575741251219803,248.51,-248.51,0.3023497375143876,35.0,32.526911934581186,160.5
15350,373,1,115.65,1,1.0,115.65,0.0,0.0,0.0,1.0,115.65,0.0,115.65,115.65,0.0,0.0,0.0,0.0,5.0,0.0,51.0
15351,12,7,1934.66,358,0.019553072625698324,5.404078212290503,58.833333333333336,113.4749605272752,290.0,0.008735534787642373,276.38,161.37744865170393,601.57,103.4,0.5838969847735145,498.1700000000001,-109.92916666666665,0.6759131870399671,30.285714285714285,22.291360701059993,106.0
15353,255,2,770.12,114,0.017543859649122806,6.755438596491228,113.0,0.0,113.0,1.0,385.06,103.81741761380894,458.47,311.65,0.2696136124598996,146.82000000000005,146.82000000000005,1.4711054067062412,30.0,25.45584412271571,170.5
15355,29,2,277.05,24,0.08333333333333333,11.543750000000001,23.0,0.0,23.0,1.0,138.525,17.35947147812975,150.8,126.25,0.12531652393524453,24.55000000000001,24.55000000000001,1.1944554455445546,7.0,1.4142135623730951,22.5
15356,31,10,2718.03,337,0.02967359050445104,8.065370919881307,37.0,16.76305461424021,64.0,0.05629662362228646,271.803,95.19311285195187,405.76,143.12,0.3502283376267071,262.64,78.94199999999998,1.3397810030473631,48.9,10.311266761277308,164.3
15358,5,22,8347.2,361,0.060941828254847646,23.122437673130197,16.952380952380953,14.312498700353443,42.0,0.0653061279918292,379.41818181818184,225.01082347800758,829.85,52.019999999999996,0.5930417525057704,777.83,-34.4490909090909,0.9131483107078273,25.045454545454547,15.25802606195701,320.45454545454544
15360,40,1,427.93,1,1.0,427.93,0.0,0.0,0.0,1.0,427.93,0.0,427.93,427.93,0.0,0.0,0.0,0.0,13.0,0.0,223.0
15361,362,1,418.92,1,1.0,418.92,0.0,0.0,0.0,1.0,418.92,0.0,418.92,418.92,0.0,0.0,0.0,0.0,7.0,0.0,336.0
15363,373,1,326.0,1,1.0,326.0,0.0,0.0,0.0,1.0,326.0,0.0,326.0,326.0,0.0,0.0,0.0,0.0,16.0,0.0,144.0
15364,96,2,913.19,159,0.012578616352201259,5.743333333333334,158.0,0.0,158.0,1.0,456.595,176.48678151635036,581.39,331.8,0.38652806429406883,249.58999999999997,249.58999999999997,1.7522302591922845,14.5,16.263455967290593,246.5
15365,26,7,2314.32,290,0.02413793103448276,7.980413793103447,48.0,86.43841738486424,219.0,0.01143662053715421,330.6171428571428,301.26939681478245,765.15,15.0,0.9112334412282992,750.15,-428.5041666666666,0.2553926310363004,16.285714285714285,13.634689651941546,154.85714285714286
15366,75,2,602.51,283,0.007067137809187279,2.1290106007067138,282.0,0.0,282.0,1.0,301.255,276.7828073598503,496.97,105.54,0.9187658540434195,391.43,391.43,4.708830775061588,22.0,19.79898987322333,310.5
15367,57,4,1877.59,219,0.0182648401826484,8.573470319634703,72.33333333333333,101.21429411566992,188.0,0.009783367469801813,469.39750000000004,325.2025689089802,764.58,27.0,0.6928084808908871,737.58,-477.385,0.32581310285415693,23.75,15.521490478258414,264.25
15368,21,1,446.94000000000005,1,1.0,446.94000000000005,0.0,0.0,0.0,1.0,446.94000000000005,0.0,446.94000000000005,446.94000000000005,0.0,0.0,0.0,0.0,4.0,0.0,230.0
15370,41,7,2386.05,292,0.023972602739726026,8.17140410958904,48.166666666666664,31.751640377572095,93.0,0.030532821821186926,340.86428571428576,187.0116236901816,570.02,33.0,0.5486395364016978,537.02,-61.45250000000004,0.8365538060535134,13.285714285714286,10.46763720098421,118.57142857142857
15372,137,1,2007.4,1,1.0,2007.4,0.0,0.0,0.0,1.0,2007.4,0.0,2007.4,2007.4,0.0,0.0,0.0,0.0,27.0,0.0,2924.0
15373,8,12,2415.91,364,0.03296703296703297,6.6371153846153845,32.63636363636363,26.937975897504725,92.0,0.03579357372447711,201.32583333333332,120.74500196381805,362.48,17.0,0.5997491725957576,345.48,5.401666666666671,1.0271953010279002,10.833333333333334,7.234178138070236,41.666666666666664
15374,129,1,168.0,1,1.0,168.0,0.0,0.0,0.0,1.0,168.0,0.0,168.0,168.0,0.0,0.0,0.0,0.0,3.0,0.0,126.0
15376,40,3,1221.56,183,0.01639344262295082,6.675191256830601,90.5,20.506096654409877,105.0,0.04649844256116777,407.18666666666667,208.6418348110784,642.37,244.34,0.5123984940839871,398.03,-352.775,0.4508227345610785,38.333333333333336,21.385353243127255,205.0
15379,169,7,3703.29,190,0.03684210526315789,19.491,30.833333333333332,21.02775943049251,66.0,0.04539726353719496,529.0414285714286,461.39499254718737,1491.46,130.8,0.8721339532767651,1360.66,-638.73,0.2855608872185497,27.714285714285715,18.988718455215153,329.2857142857143
15380,9,5,1690.26,357,0.014005602240896359,4.734621848739496,88.75,90.46316008925032,224.0,0.01093336376114923,338.052,75.09750009154766,422.0,230.1,0.2221477763525956,191.9,77.95333333333332,1.2676233635448138,7.2,5.449770637375485,75.2
15381,214,2,596.85,55,0.03636363636363636,10.851818181818182,54.0,0.0,54.0,1.0,298.425,22.804193693266157,314.55,282.3,0.07641515855999383,32.25,32.25,1.114240170031881,4.0,4.242640687119285,85.5
15382,15,6,5955.71,281,0.021352313167259787,21.194697508896798,55.8,41.781574886545386,99.0,0.02337454856797466,992.6183333333333,887.370215511354,2582.78,26.4,0.8939691981423078,2556.38,584.7566666666665,1.8350803534026425,50.333333333333336,39.03161112056056,668.6666666666666
15384,170,2,642.41,190,0.010526315789473684,3.3811052631578944,189.0,0.0,189.0,1.0,321.205,24.939656172449517,338.84,303.57,0.07764404717376604,35.26999999999998,35.26999999999998,1.1161840761603583,20.5,0.7071067811865476,298.0
15385,40,1,316.88,1,1.0,316.88,0.0,0.0,0.0,1.0,316.88,0.0,316.88,316.88,0.0,0.0,0.0,0.0,12.0,0.0,161.0
15386,186,1,394.14,1,1.0,394.14,0.0,0.0,0.0,1.0,394.14,0.0,394.14,394.14,0.0,0.0,0.0,0.0,31.0,0.0,446.0
15388,270,1,140.54,1,1.0,140.54,0.0,0.0,0.0,1.0,140.54,0.0,140.54,140.54,0.0,0.0,0.0,0.0,10.0,0.0,88.0
15389,172,1,500.0,1,1.0,500.0,0.0,0.0,0.0,1.0,500.0,0.0,500.0,500.0,0.0,0.0,0.0,0.0,1.0,0.0,400.0
15392,5,4,1535.53,356,0.011235955056179775,4.313286516853933,118.0,133.52527850560733,271.0,0.007433547145255065,383.8825,122.02488718153629,565.66,304.41,0.3178704087358405,261.24999999999994,102.30499999999995,1.3074715234574579,21.0,4.898979485566356,319.25
15393,16,2,231.86,265,0.007547169811320755,0.8749433962264151,264.0,0.0,264.0,1.0,115.93,11.55412480458819,124.10000000000001,107.76,0.09966466664873794,16.340000000000003,-16.340000000000003,0.8683319903303787,6.0,2.8284271247461903,75.0
15394,10,4,2183.54,349,0.011461318051575931,6.256561604584527,116.0,43.86342439892262,154.0,0.022289872282331053,545.885,228.61006182289236,848.78,329.40000000000003,0.4187879531822497,519.3799999999999,-344.66999999999996,0.5201052602266716,21.25,7.182153808805082,227.5
15395,326,1,107.45,1,1.0,107.45,0.0,0.0,0.0,1.0,107.45,0.0,107.45,107.45,0.0,0.0,0.0,0.0,7.0,0.0,17.0
15396,113,1,288.18,1,1.0,288.18,0.0,0.0,0.0,1.0,288.18,0.0,288.18,288.18,0.0,0.0,0.0,0.0,14.0,0.0,122.0
15397,290,1,94.0,1,1.0,94.0,0.0,0.0,0.0,1.0,94.0,0.0,94.0,94.0,0.0,0.0,0.0,0.0,6.0,0.0,20.0
15398,16,2,1345.53,63,0.031746031746031744,21.357619047619046,62.0,0.0,62.0,1.0,672.765,53.61990721737585,710.68,634.85,0.07970079777838598,75.82999999999993,75.82999999999993,1.1194455383161375,36.5,2.1213203435596424,384.5
15399,1,3,815.77,78,0.038461538461538464,10.458589743589743,38.0,25.45584412271571,56.0,0.0377988317198079,271.92333333333335,30.945132627496253,305.17,243.96,0.11380094620112134,61.21000000000001,-49.870000000000005,0.8365828882262345,16.666666666666668,1.5275252316519463,203.66666666666666
15400,92,5,716.2,187,0.026737967914438502,3.8299465240641712,46.25,36.754818278243015,94.0,0.026486685557066247,143.24,114.78010716147638,346.1,67.2,0.8013132306721333,278.90000000000003,-143.60000000000002,0.37401918047079336,2.4,1.6733200530681511,78.0
15402,149,2,626.77,48,0.041666666666666664,13.057708333333332,47.0,0.0,47.0,1.0,313.385,180.46072162661878,440.99,185.78,0.5758435203555332,255.21,-255.21,0.4212793940905689,21.0,9.899494936611665,347.0
15405,189,1,349.1,1,1.0,349.1,0.0,0.0,0.0,1.0,349.1,0.0,349.1,349.1,0.0,0.0,0.0,0.0,8.0,0.0,193.0
15406,31,2,510.71,270,0.007407407407407408,1.8915185185185186,269.0,0.0,269.0,1.0,255.35500000000002,4.334564568673543,258.42,252.29,0.016974661035317667,6.130000000000024,6.130000000000024,1.0242974354909034,26.0,22.627416997969522,127.0
15407,34,4,1046.74,272,0.014705882352941176,3.8483088235294116,90.33333333333333,56.358968526165675,150.0,0.01743406525073452,261.685,119.64383212964496,410.87,164.86,0.45720554150847376,246.01,193.51,2.1732856363305646,36.5,33.96566894183989,138.0
15408,264,1,267.18,1,1.0,267.18,0.0,0.0,0.0,1.0,267.18,0.0,267.18,267.18,0.0,0.0,0.0,0.0,34.0,0.0,106.0
15410,84,8,3450.84,178,0.0449438202247191,19.38674157303371,24.714285714285715,12.996336480130156,42.0,0.07144726774893173,431.355,191.29607896810492,809.9200000000001,152.17000000000002,0.4434771336094514,657.75,-37.735000000000014,0.9161858858675432,15.25,5.391792704790177,150.0
15411,26,4,1348.93,157,0.025477707006369428,8.591910828025478,52.0,7.211102550927978,58.0,0.12178632452799958,337.2325,199.51425285344067,609.05,156.4,0.5916222572066472,452.65,292.255,2.5292901807906647,24.25,15.75595125658873,132.25
15412,171,1,190.53,1,1.0,190.53,0.0,0.0,0.0,1.0,190.53,0.0,190.53,190.53,0.0,0.0,0.0,0.0,10.0,0.0,108.0
15414,10,3,774.9000000000001,233,0.012875536480686695,3.3257510729613737,116.0,125.86500705120545,205.0,0.007882394233394702,258.3,193.00443000097175,385.3,36.2,0.7472103368214159,349.1,333.15000000000003,10.203038674033149,13.0,7.0,147.66666666666666
15415,313,1,559.61,1,1.0,559.61,0.0,0.0,0.0,1.0,559.61,0.0,559.61,559.61,0.0,0.0,0.0,0.0,46.0,0.0,551.0
15416,65,4,3984.32,219,0.0182648401826484,18.193242009132423,72.33333333333333,25.579940057266228,90.0,0.03762235723050953,996.08,253.92614293661597,1375.24,839.99,0.2549254507033732,535.25,-282.2700000000002,0.7517883601605676,48.0,14.212670403551897,522.5
15417,85,1,508.8,1,1.0,508.8,0.0,0.0,0.0,1.0,508.8,0.0,508.8,508.8,0.0,0.0,0.0,0.0,28.0,0.0,284.0
15419,25,1,135.86,1,1.0,135.86,0.0,0.0,0.0,1.0,135.86,0.0,135.86,135.86,0.0,0.0,0.0,0.0,8.0,0.0,230.0
15421,59,4,950.36,252,0.015873015873015872,3.771269841269841,83.33333333333333,78.54510381515409,156.0,0.012571484001375966,237.59,155.09332803186604,406.1,38.2,0.6527771708904669,367.90000000000003,-225.98000000000005,0.35541103314507383,13.25,8.770214744615247,125.0
15422,323,2,97.7,1,2.0,97.7,0.0,0.0,0.0,1.0,48.85,9.40452018978108,55.5,42.2,0.19251832527699242,13.299999999999997,-13.299999999999997,0.7603603603603604,3.0,0.0,19.0
15423,38,1,43.5,1,1.0,43.5,0.0,0.0,0.0,1.0,43.5,0.0,43.5,43.5,0.0,0.0,0.0,0.0,2.0,0.0,101.0
15424,254,2,383.34,1,2.0,383.34000000000003,0.0,0.0,0.0,1.0,191.67000000000002,2.5880108191427715,193.5,189.84,0.013502430318478486,3.6599999999999966,-3.6599999999999966,0.9810852713178295,8.5,0.7071067811865476,277.0
15426,19,5,1404.07,351,0.014245014245014245,4.00019943019943,87.25,103.30980915027705,223.0,0.00958682609187138,280.81399999999996,151.51908734545623,437.90999999999997,44.39,0.5395709877194735,393.52,-60.41833333333335,0.8094449613381062,52.8,28.99482712485108,131.2
15427,33,3,1430.54,14,0.21428571428571427,102.18142857142857,6.5,9.192388155425117,13.0,0.09811243299910322,476.84666666666664,111.50353641626496,581.39,359.49,0.23383520156639795,221.89999999999998,176.03499999999997,1.489679824195388,91.0,35.93048844644336,322.3333333333333
15428,15,1,93.78,1,1.0,93.78,0.0,0.0,0.0,1.0,93.78,0.0,93.78,93.78,0.0,0.0,0.0,0.0,6.0,0.0,102.0
15429,27,2,397.35,49,0.04081632653061224,8.109183673469389,48.0,0.0,48.0,1.0,198.675,62.769868965929845,243.06,154.29,0.3159424636513393,88.77000000000001,-88.77000000000001,0.6347815354233523,39.5,6.363961030678928,190.0
15432,23,1,171.19000000000003,1,1.0,171.19000000000003,0.0,0.0,0.0,1.0,171.19000000000003,0.0,171.19000000000003,171.19000000000003,0.0,0.0,0.0,0.0,10.0,0.0,65.0
15433,214,2,533.3,54,0.037037037037037035,9.875925925925925,53.0,0.0,53.0,1.0,266.65,149.89249547592433,372.64,160.66,0.5621319912841716,211.98,-211.98,0.4311399742378703,20.5,13.435028842544403,267.0
15434,8,5,1041.48,192,0.026041666666666668,5.424375,47.75,43.522982434571276,93.0,0.02246031027839497,208.296,116.60127134812898,306.96000000000004,32.82,0.5597864161968016,274.14000000000004,-114.89000000000001,0.5855787613173177,11.0,6.244997998398398,129.4
15435,22,1,149.29,1,1.0,149.29,0.0,0.0,0.0,1.0,149.29,0.0,149.29,149.29,0.0,0.0,0.0,0.0,29.0,0.0,54.0
15436,12,3,1067.75,222,0.013513513513513514,4.809684684684685,110.0,107.48023074035522,186.0,0.009218269477998028,355.9166666666667,126.48563488923685,484.1,231.2,0.3553799153994011,252.90000000000003,-192.27500000000003,0.6028196653583969,92.33333333333333,28.18391976523729,191.33333333333334
15437,262,1,200.16,1,1.0,200.16,0.0,0.0,0.0,1.0,200.16,0.0,200.16,200.16,0.0,0.0,0.0,0.0,44.0,0.0,79.0
15438,131,1,156.57999999999998,1,1.0,156.57999999999998,0.0,0.0,0.0,1.0,156.57999999999998,0.0,156.57999999999998,156.57999999999998,0.0,0.0,0.0,0.0,25.0,0.0,59.0
15440,55,3,383.68,155,0.01935483870967742,2.4753548387096775,76.5,6.363961030678928,81.0,0.13579648178933995,127.89333333333333,17.175940537080745,146.02,111.86,0.1342989512386422,34.16000000000001,3.1400000000000006,1.024960254372019,20.0,8.0,65.66666666666667
15442,249,1,594.0,1,1.0,594.0,0.0,0.0,0.0,1.0,594.0,0.0,594.0,594.0,0.0,0.0,0.0,0.0,2.0,0.0,120.0
15443,2,7,3213.59,319,0.0219435736677116,10.073949843260188,52.5,77.78881667694914,210.0,0.012692156605171673,459.0842857142857,149.2068377406727,680.32,247.09,0.3250096820642051,433.23,188.36583333333334,1.535972741240966,49.857142857142854,16.52703413026237,234.14285714285714
15444,9,2,1411.21,32,0.0625,44.1003125,31.0,0.0,31.0,1.0,705.605,522.9125357552637,1075.36,335.85,0.7410839432193134,739.5099999999999,739.5099999999999,3.201905612624683,106.0,55.154328932550705,379.5
15445,264,1,113.5,1,1.0,113.5,0.0,0.0,0.0,1.0,113.5,0.0,113.5,113.5,0.0,0.0,0.0,0.0,5.0,0.0,58.0
15447,331,1,155.17000000000002,1,1.0,155.17000000000002,0.0,0.0,0.0,1.0,155.17000000000002,0.0,155.17000000000002,155.17000000000002,0.0,0.0,0.0,0.0,9.0,0.0,85.0
15448,313,1,494.64,1,1.0,494.64,0.0,0.0,0.0,1.0,494.64,0.0,494.64,494.64,0.0,0.0,0.0,0.0,28.0,0.0,232.0
15449,26,3,974.52,236,0.012711864406779662,4.129322033898305,117.0,57.982756057296896,158.0,0.016954107723087444,324.84,22.13651282383925,345.92,301.78000000000003,0.06814589589902491,44.139999999999986,-31.620000000000005,0.9085915818686401,20.0,3.0,270.6666666666667
15450,30,1,429.84,1,1.0,429.84,0.0,0.0,0.0,1.0,429.84,0.0,429.84,429.84,0.0,0.0,0.0,0.0,30.0,0.0,376.0
15452,30,3,528.48,235,0.01276595744680851,2.2488510638297874,116.5,106.77312395916867,192.0,0.009278751169715223,176.16,56.47871103345048,237.0,125.4,0.3206103033234019,111.6,-91.25999999999999,0.6149367088607596,17.0,16.522711641858304,93.33333333333333
15453,2,7,1371.77,186,0.03763440860215054,7.37510752688172,30.333333333333332,9.025888691240695,39.0,0.09974178158128452,195.96714285714285,74.58628620916977,348.33,135.28,0.3806060808037706,213.04999999999998,63.31583333333333,1.3962522947263016,37.714285714285715,8.077010290825141,119.57142857142857
15454,362,1,179.1,1,1.0,179.1,0.0,0.0,0.0,1.0,179.1,0.0,179.1,179.1,0.0,0.0,0.0,0.0,23.0,0.0,86.0
15456,283,3,434.59,76,0.039473684210526314,5.7182894736842105,37.5,53.033008588991066,75.0,0.01850720561586024,144.86333333333332,112.47944538151552,231.22,17.67,0.7764521414311112,213.55,-129.535,0.4397759709367702,19.333333333333332,12.503332889007368,211.0
15457,262,1,237.07,1,1.0,237.07,0.0,0.0,0.0,1.0,237.07,0.0,237.07,237.07,0.0,0.0,0.0,0.0,56.0,0.0,132.0
15458,25,1,161.64,1,1.0,161.64,0.0,0.0,0.0,1.0,161.64,0.0,161.64,161.64,0.0,0.0,0.0,0.0,7.0,0.0,156.0
15460,354,1,214.26,1,1.0,214.26,0.0,0.0,0.0,1.0,214.26,0.0,214.26,214.26,0.0,0.0,0.0,0.0,53.0,0.0,107.0
15462,94,3,234.6,93,0.03225806451612903,2.52258064516129,46.0,4.242640687119285,49.0,0.1907435698305462,78.2,23.20948082142296,105.0,64.8,0.2967964299414701,40.2,-40.2,0.6171428571428571,3.6666666666666665,1.5275252316519468,57.333333333333336
15463,29,1,126.14,1,1.0,126.14,0.0,0.0,0.0,1.0,126.14,0.0,126.14,126.14,0.0,0.0,0.0,0.0,7.0,0.0,106.0
15464,338,1,1044.65,1,1.0,1044.65,0.0,0.0,0.0,1.0,1044.65,0.0,1044.65,1044.65,0.0,0.0,0.0,0.0,155.0,0.0,348.0
15465,20,18,7354.62,350,0.05142857142857143,21.0132,20.058823529411764,15.497865128120445,56.0,0.06061390320711921,408.59,162.58539902608285,786.4399999999999,149.1,0.39791820413148354,637.3399999999999,-18.28888888888889,0.9562188631267605,5.388888888888889,2.3298293017222096,69.83333333333333
15466,85,1,334.53,1,1.0,334.53,0.0,0.0,0.0,1.0,334.53,0.0,334.53,334.53,0.0,0.0,0.0,0.0,56.0,0.0,246.0
15467,9,3,524.88,143,0.02097902097902098,3.6704895104895106,71.0,90.50966799187809,135.0,0.010927807104367974,174.96,98.34432774695244,288.42,114.14,0.5620960662262943,174.28000000000003,-170.19000000000003,0.4099230289161639,17.0,10.583005244258363,103.33333333333333
15468,51,2,467.51,1,2.0,467.51,0.0,0.0,0.0,1.0,233.755,302.4366413812983,447.61,19.9,1.2938189188735996,427.71000000000004,-427.71000000000004,0.044458345434641756,12.0,15.556349186104045,77.5
15469,50,2,538.55,70,0.02857142857142857,7.693571428571428,69.0,0.0,69.0,1.0,269.275,49.53283002211764,304.3,234.25,0.18394886276898206,70.05000000000001,-70.05000000000001,0.7697995399277029,12.0,5.656854249492381,76.5
15471,2,1,454.48,1,1.0,454.48,0.0,0.0,0.0,1.0,454.48,0.0,454.48,454.48,0.0,0.0,0.0,0.0,67.0,0.0,256.0
15472,113,1,371.56,1,1.0,371.56,0.0,0.0,0.0,1.0,371.56,0.0,371.56,371.56,0.0,0.0,0.0,0.0,76.0,0.0,251.0
15473,14,7,1771.2,47,0.14893617021276595,37.685106382978724,7.333333333333333,12.225656083281038,30.0,0.07561061573830966,253.02857142857144,175.21017582973235,547.2,102.0,0.6924521402484906,445.20000000000005,4.599999999999994,1.018370607028754,1.5714285714285714,0.7867957924694432,96.0
15475,77,1,454.11,1,1.0,454.11,0.0,0.0,0.0,1.0,454.11,0.0,454.11,454.11,0.0,0.0,0.0,0.0,29.0,0.0,319.0
15478,40,2,1399.92,17,0.11764705882352941,82.34823529411766,16.0,0.0,16.0,1.0,699.96,179.42127465827457,826.83,573.09,0.2563307541263423,253.74,-253.74,0.6931170857370923,22.0,2.8284271247461903,287.5
15480,116,1,905.5,1,1.0,905.5,0.0,0.0,0.0,1.0,905.5,0.0,905.5,905.5,0.0,0.0,0.0,0.0,45.0,0.0,303.0
15482,16,12,10879.76,344,0.03488372093023256,31.627209302325582,30.90909090909091,45.22710370000393,109.0,0.021632330818076213,906.6466666666666,720.82461729395,2210.64,40.0,0.7950446891776474,2170.64,1037.1933333333332,3.672834256753854,8.083333333333334,4.337119558025356,417.0
15483,161,4,225.26,106,0.03773584905660377,2.1250943396226414,35.0,60.6217782649107,105.0,0.0162280289234923,56.315,42.594391258317884,110.95,18.830000000000002,0.7563596068244319,92.12,-24.78,0.6393275598573611,19.75,19.015344680897407,72.75
15484,1,4,3590.41,78,0.05128205128205128,46.03089743589744,25.0,11.532562594670797,38.0,0.07979214086871815,897.6025,530.3014943957195,1632.62,394.15999999999997,0.5907977020961055,1238.46,-231.57499999999982,0.7714848182831883,46.75,43.122886421636174,787.5
15485,30,3,2564.5,344,0.00872093023255814,7.454941860465116,171.0,189.50461735799473,305.0,0.005249216600985624,854.8333333333334,489.4501983177995,1296.37,328.54,0.5725679839943063,967.8299999999999,-127.1350000000001,0.864690982236933,28.333333333333332,12.741009902410928,427.0
15488,93,1,91.32,1,1.0,91.32000000000001,0.0,0.0,0.0,1.0,91.32000000000001,0.0,91.32000000000001,91.32000000000001,0.0,0.0,0.0,0.0,2.0,0.0,73.0
15489,23,3,1134.28,189,0.015873015873015872,6.001481481481481,93.5,84.14570696119915,153.0,0.01174457334009452,378.0933333333333,55.9522808590797,442.64000000000004,343.38,0.14798536743770419,99.26000000000005,44.75,1.1284959513007524,16.666666666666668,7.0945988845975885,202.66666666666666
15491,95,6,3100.09,141,0.0425531914893617,21.986453900709222,27.6,31.753739937210547,78.0,0.030530864625444798,516.6816666666667,264.41209922518044,837.97,184.48,0.5117504960665924,653.49,-63.25000000000006,0.884644845949955,25.666666666666668,15.526321736543613,274.3333333333333
15492,28,2,659.46,47,0.0425531914893617,14.031063829787234,46.0,0.0,46.0,1.0,329.73,223.45988499057276,487.74,171.72,0.6777056530815295,316.02,-316.02,0.3520728256858162,17.5,14.849242404917497,241.5
15493,33,5,1953.41,239,0.02092050209205021,8.17326359832636,59.0,57.63679380395825,117.0,0.017054138453465296,390.68199999999996,93.62545417780358,514.91,254.81,0.23964619352261834,260.09999999999997,-115.07166666666666,0.7496945637790708,54.2,16.769019053003667,110.2
15494,21,2,1280.58,100,0.02,12.805800000000001,99.0,0.0,99.0,1.0,640.2900000000001,678.2426823785128,1119.88,160.7,1.0592742075911115,959.1800000000001,-959.1800000000001,0.14349751759117046,60.5,37.476659402887016,569.5
15497,18,2,1262.2,303,0.006600660066006601,4.1656765676567655,302.0,0.0,302.0,1.0,631.1,480.1255044256658,970.6,291.6,0.7607756368652603,679.0,-679.0,0.3004327220276118,7.5,3.5355339059327378,312.0
15498,3,27,13316.4,365,0.07397260273972603,36.48328767123287,13.692307692307692,15.586582000603546,47.0,0.06028969681418465,493.2,412.77362800562133,1761.18,17.0,0.8369294971727926,1744.18,-108.48214285714289,0.8025623025623025,18.962962962962962,20.772543789785967,226.11111111111111
15500,8,4,1131.56,74,0.05405405405405406,15.29135135135135,23.666666666666668,26.312227829154516,54.0,0.036613637168497366,282.89,107.63239722933487,406.02000000000004,147.04,0.38047437954446917,258.98,-152.48000000000002,0.5754183721772059,17.0,4.163331998932265,143.0
15502,16,12,10384.93,354,0.03389830508474576,29.335960451977403,31.727272727272727,48.509980229002174,151.0,0.02019794787585505,865.4108333333334,1191.846173268852,3315.0699999999997,33.9,1.3772027427460969,3281.1699999999996,-307.88833333333343,0.6979576954708286,17.583333333333332,26.915552561613328,353.0
15503,363,1,141.04,1,1.0,141.04,0.0,0.0,0.0,1.0,141.04,0.0,141.04,141.04,0.0,0.0,0.0,0.0,66.0,0.0,70.0
15504,81,1,52.83,1,1.0,52.83,0.0,0.0,0.0,1.0,52.83,0.0,52.83,52.83,0.0,0.0,0.0,0.0,13.0,0.0,33.0
15505,53,5,3610.96,103,0.04854368932038835,35.057864077669905,25.25,8.88350531415762,31.0,0.10117867782876089,722.192,184.17252596410796,944.1600000000001,502.02,0.2550187844286671,442.1400000000001,-1.4966666666666697,0.9979301792768996,19.4,11.371015785759864,478.0
15506,23,3,972.08,117,0.02564102564102564,8.308376068376068,58.0,49.49747468305833,93.0,0.019802970470828227,324.02666666666664,129.94030334477955,464.85,208.77,0.4010173134251694,256.08000000000004,172.88499999999996,1.8281122766681035,50.333333333333336,19.55334583474995,280.6666666666667
15507,172,1,475.86,1,1.0,475.86,0.0,0.0,0.0,1.0,475.86,0.0,475.86,475.86,0.0,0.0,0.0,0.0,41.0,0.0,160.0
15508,189,6,1000.27,47,0.1276595744680851,21.282340425531913,8.8,11.945710527214361,29.0,0.0772456635653801,166.71166666666667,106.79488984341276,311.42,15.0,0.6405963780384062,296.42,-85.98333333333336,0.5899763157476434,15.333333333333334,7.685484153042452,73.33333333333333
15510,331,1,250.0,1,1.0,250.0,0.0,0.0,0.0,1.0,250.0,0.0,250.0,250.0,0.0,0.0,0.0,0.0,1.0,0.0,2.0
15511,12,5,900.53,74,0.06756756756756757,12.169324324324323,18.0,10.03327796219494,27.0,0.09063489594175526,180.106,45.29714041747006,229.8,110.55,0.2515026729674195,119.25000000000001,-29.198333333333323,0.8522538477756695,30.2,12.31665539016173,53.8
15512,156,2,121.0,204,0.00980392156862745,0.5931372549019608,203.0,0.0,203.0,1.0,60.5,57.558491988584976,101.2,19.8,0.9513800328691732,81.4,-81.4,0.1956521739130435,3.5,3.5355339059327378,34.0
15513,33,19,14758.22,341,0.05571847507331378,43.279237536656886,18.555555555555557,18.134212781442,54.0,0.05226240616336648,776.7484210526316,754.7909082378242,2520.28,5.04,0.9717314999043692,2515.2400000000002,288.58377777777764,1.461835853592614,16.210526315789473,12.6472612202907,300.4736842105263
15514,12,11,4023.72,353,0.031161473087818695,11.398640226628896,34.8,61.540952941020414,192.0,0.015989522912179727,365.7927272727273,287.4981553363746,1076.3200000000002,29.700000000000003,0.785959189183174,1046.6200000000001,-105.51800000000009,0.7507535172009787,14.272727272727273,10.808246010254477,190.72727272727272
15516,45,3,62.43,2,1.5,31.215,0.5,0.7071067811865476,1.0,0.585786437626905,20.81,23.056563056969267,47.4,6.36,1.1079559373843955,41.04,-39.885,0.15854430379746837,5.0,6.928203230275509,9.0
15517,233,1,267.03,1,1.0,267.03,0.0,0.0,0.0,1.0,267.03,0.0,267.03,267.03,0.0,0.0,0.0,0.0,27.0,0.0,293.0
15518,64,8,1921.55,269,0.02973977695167286,7.143308550185873,37.714285714285715,36.59104756500915,103.0,0.026602078547308946,240.19375,151.64908147595224,399.15999999999997,1.95,0.6313614799550457,397.21,-6.697500000000048,0.972499666382664,25.875,17.795966637736445,157.875
15520,2,1,343.5,1,1.0,343.5,0.0,0.0,0.0,1.0,343.5,0.0,343.5,343.5,0.0,0.0,0.0,0.0,18.0,0.0,314.0
15521,40,8,3000.2,215,0.037209302325581395,13.954418604651162,30.285714285714285,28.051822791126458,64.0,0.03442124809825834,375.025,206.7770723681493,673.42,17.4,0.5513687683971717,656.02,-83.84000000000003,0.7989183225605295,23.125,17.066571335299223,229.5
15522,33,2,397.99,55,0.03636363636363636,7.2361818181818185,54.0,0.0,54.0,1.0,198.995,84.93059548831623,259.05,138.94,0.4267976355602715,120.11000000000001,-120.11000000000001,0.5363443350704497,27.5,19.091883092036785,286.0
15523,84,1,412.0100000000001,1,1.0,412.01000000000005,0.0,0.0,0.0,1.0,412.01000000000005,0.0,412.01000000000005,412.01000000000005,0.0,0.0,0.0,0.0,10.0,0.0,132.0
15524,25,1,440.0,1,1.0,440.0,0.0,0.0,0.0,1.0,440.0,0.0,440.0,440.0,0.0,0.0,0.0,0.0,1.0,0.0,4.0
15525,2,3,734.37,372,0.008064516129032258,1.9741129032258065,185.0,240.41630560342617,355.0,0.004142222280721572,244.79,44.43462951347745,274.93,193.76,0.18152142454135156,81.17000000000002,-45.21000000000001,0.8355581420725275,48.333333333333336,16.921386861996073,129.0
15526,33,2,148.44,1,2.0,148.44,0.0,0.0,0.0,1.0,74.22,76.82008070810652,128.54,19.9,1.035032076368991,108.63999999999999,-108.63999999999999,0.15481562159639023,2.0,1.4142135623730951,12.0
15527,19,8,2428.53,336,0.023809523809523808,7.227767857142858,47.42857142857143,23.754698783308417,95.0,0.04039637115981712,303.56625,150.1248744914427,641.1,179.09,0.4945374345515771,462.01,33.48750000000001,1.1167533927777633,19.875,8.592978861505811,123.875
15528,254,1,229.33,1,1.0,229.33,0.0,0.0,0.0,1.0,229.33,0.0,229.33,229.33,0.0,0.0,0.0,0.0,26.0,0.0,123.0
15529,23,11,3962.6,344,0.03197674418604651,11.519186046511628,33.8,20.922077653362567,67.0,0.04561611430322676,360.23636363636365,193.23309562664087,811.24,25.799999999999997,0.5364064129341971,785.44,177.0639999999999,1.6715720484267373,59.27272727272727,39.082197760849915,314.09090909090907
15530,22,4,1497.31,226,0.017699115044247787,6.625265486725663,74.66666666666667,54.53744890745563,128.0,0.01800586846663306,374.3275,157.56091782228233,548.09,177.85,0.4209172925373699,370.24,-237.185,0.5188164408017528,25.75,16.09088769044973,234.5
15531,8,2,1972.39,23,0.08695652173913043,85.75608695652173,22.0,0.0,22.0,1.0,986.1949999999999,719.643784416985,1495.06,477.33,0.7297175349874873,1017.73,-1017.73,0.3192714673658582,106.5,96.87362902255701,542.5
15532,25,4,1564.73,333,0.012012012012012012,4.698888888888889,110.33333333333333,78.58965156643292,191.0,0.01256444751696528,391.1825,97.83854467948714,536.59,324.1,0.2501097177902568,212.49,-108.02500000000003,0.757353519244376,62.25,19.872510326243805,128.75
15533,19,3,807.57,70,0.04285714285714286,11.536714285714284,34.5,40.30508652763321,63.0,0.02421009333392868,269.19,172.87157458645422,449.65999999999997,105.08,0.6421916660591189,344.58,-270.705,0.3979784726237602,27.666666666666668,14.742229591663987,96.33333333333333
15535,173,4,502.9,155,0.025806451612903226,3.2445161290322577,51.333333333333336,46.60829682935575,91.0,0.02100474216887738,125.725,87.77195015113503,236.84,22.200000000000003,0.6981264676964409,214.64,-7.590000000000003,0.9413990117356392,17.75,14.127396551853895,33.75
15537,163,1,110.92,1,1.0,110.92,0.0,0.0,0.0,1.0,110.92,0.0,110.92,110.92,0.0,0.0,0.0,0.0,24.0,0.0,29.0
15539,7,1,538.46,1,1.0,538.46,0.0,0.0,0.0,1.0,538.46,0.0,538.46,538.46,0.0,0.0,0.0,0.0,41.0,0.0,410.0
15540,11,1,213.3,1,1.0,213.3,0.0,0.0,0.0,1.0,213.3,0.0,213.3,213.3,0.0,0.0,0.0,0.0,15.0,0.0,200.0
15541,114,1,85.13000000000001,1,1.0,85.13000000000001,0.0,0.0,0.0,1.0,85.13000000000001,0.0,85.13000000000001,85.13000000000001,0.0,0.0,0.0,0.0,29.0,0.0,49.0
15543,288,1,127.86,1,1.0,127.86,0.0,0.0,0.0,1.0,127.86,0.0,127.86,127.86,0.0,0.0,0.0,0.0,26.0,0.0,86.0
15544,9,9,3546.71,364,0.024725274725274724,9.74370879120879,45.0,29.548990797366617,91.0,0.03273430558256615,394.0788888888889,83.31593911798096,560.35,318.02,0.21141944282499234,242.33000000000004,-82.41949999999997,0.8126265295799303,28.77777777777778,6.685390373377193,345.44444444444446
15545,54,2,288.97,317,0.006309148264984227,0.9115772870662462,316.0,0.0,316.0,1.0,144.485,12.947125163525698,153.64000000000001,135.32999999999998,0.08960878405042529,18.31000000000003,18.31000000000003,1.13529889898766,40.0,12.727922061357855,81.0
15547,7,14,4910.6,355,0.03943661971830986,13.832676056338029,26.923076923076923,23.171324010730515,84.0,0.04137133735645032,350.75714285714287,175.75597884254495,767.37,14.95,0.5010759792684456,752.42,20.620000000000005,1.06056740505134,48.57142857142857,21.41068850872345,285.64285714285717
15549,77,3,1681.46,240,0.0125,7.006083333333334,119.0,55.154328932550705,158.0,0.017808066074498752,560.4866666666667,448.5169184471566,930.3000000000001,61.58,0.8002276327367108,868.72,-554.72,0.4037192303557992,36.333333333333336,23.35237318418266,231.33333333333334
15550,4,4,575.63,298,0.013422818791946308,1.9316442953020134,98.66666666666667,34.122328955294556,131.0,0.028471916007416526,143.9075,7.139922385199077,154.24,137.9,0.04961466487291543,16.340000000000003,8.775000000000034,1.0628942087155966,15.25,3.947573094109004,73.75
15551,37,1,436.06,1,1.0,436.06,0.0,0.0,0.0,1.0,436.06,0.0,436.06,436.06,0.0,0.0,0.0,0.0,29.0,0.0,218.0
15552,217,1,90.12,1,1.0,90.12,0.0,0.0,0.0,1.0,90.12,0.0,90.12,90.12,0.0,0.0,0.0,0.0,17.0,0.0,60.0
15553,60,1,428.93,1,1.0,428.93,0.0,0.0,0.0,1.0,428.93,0.0,428.93,428.93,0.0,0.0,0.0,0.0,51.0,0.0,449.0
15554,278,1,217.2,1,1.0,217.2,0.0,0.0,0.0,1.0,217.2,0.0,217.2,217.2,0.0,0.0,0.0,0.0,14.0,0.0,74.0
15555,12,16,4794.86,358,0.0446927374301676,13.39346368715084,23.466666666666665,31.454880762920144,125.0,0.03081200659170207,299.67875000000004,138.06965178850857,620.35,123.74999999999999,0.4607255328864944,496.6,71.125,1.2692942974921082,54.875,31.33448579440869,276.6875
15556,24,1,279.77,1,1.0,279.77,0.0,0.0,0.0,1.0,279.77,0.0,279.77,279.77,0.0,0.0,0.0,0.0,31.0,0.0,236.0
15557,29,1,468.91,1,1.0,468.91,0.0,0.0,0.0,1.0,468.91,0.0,468.91,468.91,0.0,0.0,0.0,0.0,16.0,0.0,213.0
15561,12,4,800.5899999999999,204,0.0196078431372549,3.924460784313726,67.33333333333333,68.52979887124529,137.0,0.014382322633376111,200.1475,147.7998920556665,350.92,5.1,0.7384548498265854,345.82,-44.27499999999998,0.800818768697843,6.75,4.193248541803041,66.75
15562,352,1,134.55,1,1.0,134.55,0.0,0.0,0.0,1.0,134.55,0.0,134.55,134.55,0.0,0.0,0.0,0.0,1.0,0.0,39.0
15563,22,4,1400.44,337,0.011869436201780416,4.155608308605341,112.0,97.50897394599124,178.0,0.010151359413694251,350.11,276.58666212720146,655.82,9.0,0.7899993205769656,646.82,-35.39999999999998,0.903754655936489,28.25,21.54646142641524,375.25
15565,50,2,173.16000000000005,21,0.09523809523809523,8.245714285714287,20.0,0.0,20.0,1.0,86.58000000000001,3.1395541084682694,88.80000000000001,84.36000000000001,0.03626188621469472,4.439999999999998,-4.439999999999998,0.9500000000000001,4.0,0.0,30.0
15567,19,1,186.01,1,1.0,186.01,0.0,0.0,0.0,1.0,186.01,0.0,186.01,186.01,0.0,0.0,0.0,0.0,7.0,0.0,223.0
15568,3,3,758.29,71,0.04225352112676056,10.680140845070422,34.5,9.192388155425117,41.0,0.09811243299910322,252.76333333333332,73.88019039859962,335.77,194.21,0.29228998298249864,141.55999999999997,36.68000000000001,1.1606587534492576,17.666666666666668,2.081665999466133,153.66666666666666
15569,104,5,1375.71,229,0.021834061135371178,6.007467248908297,56.75,96.02560422442895,200.0,0.01030655782041728,275.142,47.36207681257232,352.81,244.79999999999998,0.1721368486547758,108.01000000000002,-75.85499999999993,0.7634373391963327,6.2,8.105553651663778,133.2
15570,7,12,4148.82,363,0.03305785123966942,11.42925619834711,32.36363636363637,30.157164081765806,105.0,0.032095347233005486,345.73500000000007,235.8576817605366,958.82,35.400000000000006,0.682192088624341,923.4200000000001,35.673333333333346,1.1087938842832383,25.5,14.209471872982856,171.91666666666666
15571,12,4,650.4300000000001,67,0.05970149253731343,9.707910447761195,21.666666666666668,19.39931270260195,44.0,0.049021259420786716,162.60750000000002,42.6811186787163,202.35,121.6,0.2624793978058595,80.75,-73.56499999999998,0.6310497015898491,13.75,11.926860441876562,66.0
15572,5,7,2533.42,274,0.025547445255474453,9.246058394160585,45.166666666666664,54.956043040476146,138.0,0.017871170755885006,361.9171428571429,187.2853410987528,679.25,194.98,0.5174812655190492,484.27,123.78999999999996,1.4251322206195478,29.285714285714285,13.924969009113159,173.28571428571428
15573,32,2,591.1899999999999,54,0.037037037037037035,10.947962962962961,53.0,0.0,53.0,1.0,295.59499999999997,153.43510044966894,404.09,187.1,0.5190720426586003,216.98999999999998,-216.98999999999998,0.46301566482714246,45.5,6.363961030678928,177.5
15574,178,4,675.64,195,0.020512820512820513,3.4648205128205127,64.33333333333333,100.38094108611122,180.0,0.009863786913860044,168.91,146.8588939537995,349.04,3.75,0.8694505591960187,345.29,-221.96999999999997,0.2069526072277104,35.75,43.03002827483772,83.0
15576,38,1,921.37,1,1.0,921.37,0.0,0.0,0.0,1.0,921.37,0.0,921.37,921.37,0.0,0.0,0.0,0.0,43.0,0.0,394.0
15577,151,3,258.88,155,0.01935483870967742,1.6701935483870967,77.0,108.89444430272832,154.0,0.009099641081447948,86.29333333333334,64.73133424650949,156.85,29.65,0.7501313455636915,127.19999999999999,84.965,3.8655986509274873,13.0,7.937253933193772,29.666666666666668
15578,162,1,127.1,1,1.0,127.1,0.0,0.0,0.0,1.0,127.1,0.0,127.1,127.1,0.0,0.0,0.0,0.0,13.0,0.0,52.0
15579,69,2,327.6,246,0.008130081300813009,1.3317073170731708,245.0,0.0,245.0,1.0,163.8,44.61843789287116,195.35,132.25,0.27239583573181414,63.099999999999994,-63.099999999999994,0.67699001791656,23.0,2.8284271247461903,58.5
15581,121,13,3675.77,246,0.052845528455284556,14.942154471544715,19.916666666666668,24.43342841769088,78.0,0.03931833269101951,282.7515384615385,673.0473066440198,2500.0,5.11,2.3803488755749838,2494.89,384.27666666666664,6.067384615384615,11.076923076923077,12.141262554209773,21.76923076923077
15582,25,3,682.9100000000001,196,0.015306122448979591,3.4842346938775512,97.5,31.81980515339464,120.0,0.030469406973202804,227.63666666666668,81.59058176856769,303.61,141.4,0.35842460251819863,162.21,-113.96000000000001,0.6246500444649385,14.666666666666666,7.023769168568492,151.0
15584,24,4,720.86,139,0.02877697841726619,5.186043165467626,45.666666666666664,37.5410886008029,89.0,0.02594633510116182,180.215,72.28000299760185,288.37,138.03,0.4010765086014031,150.34,72.0,1.4992545851679784,30.5,8.698658900466592,78.25
15585,177,1,455.3,1,1.0,455.3,0.0,0.0,0.0,1.0,455.3,0.0,455.3,455.3,0.0,0.0,0.0,0.0,31.0,0.0,320.0
15587,50,4,913.68,302,0.013245033112582781,3.0254304635761593,100.33333333333333,94.36807369726974,209.0,0.010485689405600615,228.42000000000002,134.47642469964762,344.88,111.96000000000001,0.5887243879679871,232.92,0.0,1.0,2.25,0.5,78.0
15589,256,3,478.53,55,0.05454545454545454,8.700545454545454,27.0,38.18376618407357,54.0,0.02552077294720217,159.51,118.84990239794057,263.58,30.0,0.745093739564545,233.57999999999998,-38.16,0.7936739659367397,9.666666666666666,7.76745346515403,81.0
15592,47,1,388.58,1,1.0,388.58,0.0,0.0,0.0,1.0,388.58,0.0,388.58,388.58,0.0,0.0,0.0,0.0,24.0,0.0,354.0
15593,71,1,199.8,1,1.0,199.8,0.0,0.0,0.0,1.0,199.8,0.0,199.8,199.8,0.0,0.0,0.0,0.0,5.0,0.0,60.0
15594,16,5,1771.78,219,0.0228310502283105,8.090319634703198,54.5,60.390396587537,141.0,0.016289192700915247,354.35600000000005,260.1265735752501,718.21,82.8,0.7340825993499478,635.4100000000001,-66.25666666666672,0.8318828076763677,20.6,16.11831256676703,196.6
15596,101,5,1406.59,265,0.018867924528301886,5.3078867924528295,65.5,34.50120770833006,114.0,0.02816805580857348,281.318,153.7945596241948,402.32,16.9,0.5466929226860521,385.42,-179.02833333333334,0.5394591859921712,15.4,7.829431652425353,112.2
15597,35,1,324.57,1,1.0,324.57,0.0,0.0,0.0,1.0,324.57,0.0,324.57,324.57,0.0,0.0,0.0,0.0,22.0,0.0,279.0
15598,53,1,240.68,1,1.0,240.68,0.0,0.0,0.0,1.0,240.68,0.0,240.68,240.68,0.0,0.0,0.0,0.0,14.0,0.0,160.0
15599,27,2,761.74,178,0.011235955056179775,4.279438202247191,177.0,0.0,177.0,1.0,380.87,96.10995369887551,448.83,312.91,0.2523431976760457,135.91999999999996,-135.91999999999996,0.6971681928569838,26.0,4.242640687119285,359.0
15601,11,14,6776.56,362,0.03867403314917127,18.719779005524863,27.23076923076923,16.13047760273414,48.0,0.058375488599360086,484.04,200.64284947676018,781.14,178.4,0.4145170842838612,602.74,-114.83428571428561,0.787916204949607,29.285714285714285,12.294017127971522,355.92857142857144
15602,8,9,1297.87,360,0.025,3.605194444444444,44.375,48.36154759428492,129.0,0.020258684112160617,144.20777777777778,110.09541245866897,402.24,46.8,0.7634498926148388,355.44,77.4365,1.765277331686226,5.111111111111111,4.755114205895701,126.33333333333333
15603,79,1,48.48,1,1.0,48.480000000000004,0.0,0.0,0.0,1.0,48.480000000000004,0.0,48.480000000000004,48.480000000000004,0.0,0.0,0.0,0.0,2.0,0.0,96.0
15604,52,1,216.39,1,1.0,216.39000000000001,0.0,0.0,0.0,1.0,216.39000000000001,0.0,216.39000000000001,216.39000000000001,0.0,0.0,0.0,0.0,17.0,0.0,159.0
15605,36,5,1198.23,338,0.014792899408284023,3.545059171597633,83.75,55.54202613036966,162.0,0.017685959779621046,239.64600000000002,62.9729650723229,312.58000000000004,182.75,0.26277494751559755,129.83000000000004,84.74333333333334,1.4488524011299435,13.4,5.128352561983234,88.2
15606,61,9,2920.16,264,0.03409090909090909,11.06121212121212,32.5,19.791773182670767,58.0,0.048095945988554066,324.4622222222222,59.62346366527562,480.78,279.8,0.18376088056390083,200.97999999999996,46.430499999999995,1.155458829634962,8.555555555555555,1.8782379449307742,99.11111111111111
15607,337,1,104.76,1,1.0,104.76,0.0,0.0,0.0,1.0,104.76,0.0,104.76,104.76,0.0,0.0,0.0,0.0,13.0,0.0,202.0
15608,28,4,1093.68,93,0.043010752688172046,11.760000000000002,30.333333333333332,30.0055550412475,60.0,0.032252285071809675,273.42,279.65994111897163,660.64,24.96,1.022821816688507,635.68,-399.47999999999996,0.15571899568856204,15.0,17.088007490635064,178.5
15609,184,1,298.48,1,1.0,298.48,0.0,0.0,0.0,1.0,298.48,0.0,298.48,298.48,0.0,0.0,0.0,0.0,16.0,0.0,148.0
15610,52,1,112.46,1,1.0,112.46000000000001,0.0,0.0,0.0,1.0,112.46000000000001,0.0,112.46000000000001,112.46000000000001,0.0,0.0,0.0,0.0,6.0,0.0,66.0
15611,10,13,1591.45,326,0.03987730061349693,4.881748466257669,26.666666666666668,21.997245006563613,65.0,0.043483469420558474,122.41923076923078,100.16171211774973,385.47,6.0,0.8181860928906006,379.47,58.14261904761908,1.6381468057250526,3.3076923076923075,2.42846369077981,38.76923076923077
15612,36,2,195.15,26,0.07692307692307693,7.505769230769231,25.0,0.0,25.0,1.0,97.575,39.491913729268674,125.5,69.65,0.4047339352218158,55.849999999999994,55.849999999999994,1.8018664752333093,3.0,0.0,26.0
15615,10,23,10399.74,349,0.0659025787965616,29.79868194842407,15.454545454545455,14.158044231115275,42.0,0.06597157157961556,452.1626086956522,331.2012003878306,1048.64,14.85,0.7324825052280254,1033.7900000000002,-28.919242424242327,0.9381076807736809,18.391304347826086,12.52175971671562,239.47826086956522
15618,33,4,776.851,104,0.038461538461538464,7.469721153846153,34.333333333333336,30.664855018951798,59.0,0.03158075410108425,194.21275,125.40642954111243,357.81,74.4,0.6457167695793012,283.40999999999997,91.1945,1.6136271115731535,11.25,7.274384280931732,113.5
15619,11,1,336.4,1,1.0,336.4,0.0,0.0,0.0,1.0,336.4,0.0,336.4,336.4,0.0,0.0,0.0,0.0,3.0,0.0,136.0
15620,57,3,1553.18,302,0.009933774834437087,5.14298013245033,150.5,19.091883092036785,164.0,0.04977134275663489,517.7266666666666,139.55621674914136,678.17,424.49,0.26955578248974627,253.67999999999995,139.85500000000002,1.3294659473721406,33.333333333333336,5.859465277082315,305.0
15621,4,4,1293.03,18,0.2222222222222222,71.835,5.333333333333333,5.033222956847167,10.0,0.16574888863755477,323.2575,249.6449548692436,563.28,12.5,0.7722789258385145,550.78,-398.44500000000005,0.23739664676159852,3.75,2.9860788111948193,125.25
15622,43,9,3709.56,240,0.0375,15.4565,29.625,39.36618382027179,110.0,0.024773211271405908,412.17333333333335,474.92189918448696,1537.2,42.239999999999995,1.1522382958249449,1494.96,-380.65799999999996,0.38962879820412094,20.555555555555557,26.058161442776,186.0
15623,141,1,301.03000000000003,1,1.0,301.03000000000003,0.0,0.0,0.0,1.0,301.03000000000003,0.0,301.03000000000003,301.03000000000003,0.0,0.0,0.0,0.0,19.0,0.0,125.0
15624,117,4,588.13,140,0.02857142857142857,4.200928571428571,46.0,26.627053911388696,71.0,0.03619640382964505,147.0325,62.624070651786916,208.63,68.10000000000001,0.42591992009784857,140.52999999999997,-17.335000000000008,0.8886640976236352,8.5,4.203173404306164,89.25
15625,104,4,1534.26,132,0.030303030303030304,11.623181818181818,43.0,15.132745950421556,55.0,0.061985727852726116,383.565,208.97232488218785,695.33,249.94,0.5448159370176837,445.39000000000004,-178.14,0.6230918150369736,16.0,13.366625103842281,297.0
15626,75,2,675.8,255,0.00784313725490196,2.6501960784313723,254.0,0.0,254.0,1.0,337.9,79.22424376414082,393.92,281.88,0.23446062078763194,112.04000000000002,112.04000000000002,1.3974741024549455,24.5,6.363961030678928,383.0
15628,5,9,2870.24,363,0.024793388429752067,7.906997245179064,44.75,32.709762631798036,111.0,0.029664996782169904,318.91555555555556,57.20265031253166,416.46,202.95000000000002,0.17936613412564278,213.50999999999996,-17.049499999999966,0.9480811541243197,17.22222222222222,3.993049516903646,210.44444444444446
15630,45,2,1186.35,160,0.0125,7.414687499999999,159.0,0.0,159.0,1.0,593.175,277.63133549727416,789.49,396.86,0.46804288025839624,392.63,392.63,1.9893413294360731,30.0,12.727922061357855,400.0
15632,16,8,3285.31,260,0.03076923076923077,12.635807692307692,36.57142857142857,14.175767384955952,58.0,0.06589452609766017,410.66375,118.74993220298816,627.12,300.6,0.2891658496835627,326.52,42.99750000000006,1.1104865545462723,20.875,10.76286605483343,263.625
15634,17,1,243.55,1,1.0,243.55,0.0,0.0,0.0,1.0,243.55,0.0,243.55,243.55,0.0,0.0,0.0,0.0,15.0,0.0,99.0
15636,90,2,724.76,193,0.010362694300518135,3.7552331606217617,192.0,0.0,192.0,1.0,362.38,78.74341115293394,418.06,306.7,0.21729513536324838,111.36000000000001,111.36000000000001,1.363090968373003,12.5,6.363961030678928,142.0
15637,53,1,223.36,1,1.0,223.36,0.0,0.0,0.0,1.0,223.36,0.0,223.36,223.36,0.0,0.0,0.0,0.0,15.0,0.0,128.0
15639,134,1,425.32,1,1.0,425.32,0.0,0.0,0.0,1.0,425.32,0.0,425.32,425.32,0.0,0.0,0.0,0.0,25.0,0.0,323.0
15640,4,15,12416.11,368,0.04076086956521739,33.73942934782609,25.714285714285715,17.63488052097351,59.0,0.05366280716822963,827.7406666666667,412.43183531111566,1485.78,45.0,0.4982621392422212,1440.78,25.50660714285698,1.0313296197902773,31.6,18.321727928492834,438.1333333333333
15641,105,4,1887.2,254,0.015748031496062992,7.429921259842521,84.0,67.35725647619564,155.0,0.014629024796339428,471.80000000000007,121.43440177039342,581.82,308.37,0.25738533652054557,273.45000000000005,181.43999999999994,1.476120499632623,29.75,7.088723439378913,390.5
15643,192,3,664.0,91,0.03296703296703297,7.2967032967032965,45.0,63.63961030678928,90.0,0.015470390295576507,221.33333333333334,159.45984081684432,337.1,39.45,0.720451088027911,297.65000000000003,-173.65000000000003,0.484870958172649,11.0,10.816653826391969,82.0
15644,166,4,803.54,95,0.042105263157894736,8.458315789473684,31.0,50.269274910227224,89.0,0.019504859426059864,200.885,140.8675061893267,380.34999999999997,36.4,0.7012345679833073,343.95,163.14999999999998,2.3674461486882907,56.5,42.50882261366456,137.5
15645,19,1,612.01,1,1.0,612.01,0.0,0.0,0.0,1.0,612.01,0.0,612.01,612.01,0.0,0.0,0.0,0.0,50.0,0.0,256.0
15646,158,3,447.64,215,0.013953488372093023,2.082046511627907,107.0,25.45584412271571,125.0,0.0377988317198079,149.21333333333334,41.109616068911826,189.8,107.60000000000001,0.27550899876404134,82.2,-60.879999999999995,0.679241306638567,11.666666666666666,5.033222956847166,131.33333333333334
15648,204,2,639.5,63,0.031746031746031744,10.15079365079365,62.0,0.0,62.0,1.0,319.75,29.34493141924172,340.5,299.0,0.09177460959887951,41.5,41.5,1.1387959866220736,12.0,1.4142135623730951,109.0
15649,336,2,816.0,32,0.0625,25.5,31.0,0.0,31.0,1.0,408.0,144.2497833620557,510.0,306.0,0.3535533905932738,204.0,-204.0,0.6,1.0,0.0,96.0
15651,37,3,646.3,224,0.013392857142857142,2.885267857142857,111.5,157.6848122046001,223.0,0.0063018003179198465,215.4333333333333,95.84442463353479,304.78,114.2,0.444891341328492,190.57999999999998,-17.830000000000013,0.9215643146225585,10.666666666666666,5.507570547286102,159.66666666666666
15652,91,1,337.74,1,1.0,337.74,0.0,0.0,0.0,1.0,337.74,0.0,337.74,337.74,0.0,0.0,0.0,0.0,21.0,0.0,208.0
15653,93,2,877.44,24,0.08333333333333333,36.56,23.0,0.0,23.0,1.0,438.72,552.5615230904158,829.44,48.0,1.2594856015007654,781.44,781.44,17.28,3.0,1.4142135623730951,600.0
15654,9,2,922.53,17,0.11764705882352941,54.26647058823529,16.0,0.0,16.0,1.0,461.265,189.15813503521332,595.02,327.51,0.4100856016285938,267.51,-267.51,0.5504184733286276,10.5,2.1213203435596424,237.5
15655,243,1,560.6700000000001,1,1.0,560.6700000000001,0.0,0.0,0.0,1.0,560.6700000000001,0.0,560.6700000000001,560.6700000000001,0.0,0.0,0.0,0.0,34.0,0.0,324.0
15656,45,4,748.5,239,0.016736401673640166,3.1317991631799162,79.33333333333333,47.648014998878324,133.0,0.02055582329562793,187.125,87.85191688290017,256.77,63.910000000000004,0.46948252175230554,192.85999999999999,67.38999999999999,1.439223098481392,11.75,5.439056290693573,85.75
15657,23,1,30.0,1,1.0,30.0,0.0,0.0,0.0,1.0,30.0,0.0,30.0,30.0,0.0,0.0,0.0,0.0,1.0,0.0,24.0
15658,190,5,1024.1,183,0.0273224043715847,5.5961748633879775,45.25,26.663020584072363,64.0,0.03614934229473746,204.82,182.37134711900333,418.95,7.5,0.890398140411109,411.45,-138.96666666666673,0.5178117048346055,9.6,8.384509526501834,48.4
15659,44,1,306.45,1,1.0,306.45,0.0,0.0,0.0,1.0,306.45,0.0,306.45,306.45,0.0,0.0,0.0,0.0,11.0,0.0,111.0
15660,25,9,1600.86,341,0.026392961876832845,4.694604105571848,42.25,36.354406296112955,82.0,0.026770603501843328,177.87333333333333,148.2575279707577,372.16,9.96,0.8335005882693174,362.20000000000005,-12.387,0.9329544531947714,10.0,7.984359711335656,116.66666666666667
15661,317,2,309.8,22,0.09090909090909091,14.08181818181818,21.0,0.0,21.0,1.0,154.89999999999998,55.012907576313395,193.79999999999998,116.0,0.3551511141143538,77.79999999999998,77.79999999999998,1.6706896551724137,2.5,2.1213203435596424,118.0
15663,106,1,138.14,1,1.0,138.14,0.0,0.0,0.0,1.0,138.14,0.0,138.14,138.14,0.0,0.0,0.0,0.0,9.0,0.0,106.0
15664,51,1,386.43,1,1.0,386.43,0.0,0.0,0.0,1.0,386.43,0.0,386.43,386.43,0.0,0.0,0.0,0.0,17.0,0.0,157.0
15665,168,2,2222.21,75,0.02666666666666667,29.629466666666666,74.0,0.0,74.0,1.0,1111.105,488.3491562908654,1456.42,765.79,0.43951665800339784,690.6300000000001,-690.6300000000001,0.5258029963884044,57.5,26.16295090390226,827.0
15667,40,1,301.32000000000005,1,1.0,301.32000000000005,0.0,0.0,0.0,1.0,301.32000000000005,0.0,301.32000000000005,301.32000000000005,0.0,0.0,0.0,0.0,13.0,0.0,240.0
15668,218,1,76.32000000000001,1,1.0,76.32000000000001,0.0,0.0,0.0,1.0,76.32000000000001,0.0,76.32000000000001,76.32000000000001,0.0,0.0,0.0,0.0,1.0,0.0,72.0
15669,40,4,684.34,224,0.017857142857142856,3.0550892857142857,74.0,12.12435565298214,87.0,0.07619421680124755,171.085,55.770047815411935,235.94,118.8,0.3259785943560916,117.14,-92.57,0.5741362653540047,8.25,5.123475382979799,85.5
15670,297,1,173.05,1,1.0,173.05,0.0,0.0,0.0,1.0,173.05,0.0,173.05,173.05,0.0,0.0,0.0,0.0,12.0,0.0,91.0
15671,19,7,2657.13,253,0.02766798418972332,10.502490118577075,41.5,43.325512114688266,116.0,0.022560371043488233,379.59000000000003,117.97092791587822,638.4000000000001,300.98,0.310785131104292,337.4200000000001,61.623333333333335,1.178941662714276,11.142857142857142,5.9281411203561225,242.71428571428572
15673,88,4,2726.23,239,0.016736401673640166,11.406820083682009,79.0,29.103264421710495,112.0,0.033218988678144795,681.5575,251.7216116235023,880.26,318.66,0.36933290532860735,561.5999999999999,-332.92499999999995,0.6074090233720904,33.0,13.613718571108093,362.75
15674,73,5,2446.6,182,0.027472527472527472,13.442857142857143,45.0,64.87423731086683,140.0,0.015180441411122595,489.32,323.06061683529305,1066.94,334.71,0.6602236099797536,732.23,223.66666666666674,1.6298340467072165,22.8,19.24058211177614,255.0
15675,81,3,323.69,199,0.01507537688442211,1.6265829145728645,99.0,36.76955262170047,125.0,0.026476352791784213,107.89666666666669,68.20326262968169,180.39000000000001,45.0,0.6321164938337454,135.39000000000001,94.34500000000003,3.096555555555556,7.0,5.291502622129181,175.66666666666666
15676,19,3,3435.76,266,0.011278195488721804,12.91639097744361,132.0,164.04877323527901,248.0,0.006058815102942256,1145.2533333333333,1121.7209937115972,2370.04,167.92000000000002,0.9794522845410598,2202.12,371.18000000000006,1.4134328358208956,67.33333333333333,64.73278406907379,750.6666666666666
15677,49,1,657.23,1,1.0,657.23,0.0,0.0,0.0,1.0,657.23,0.0,657.23,657.23,0.0,0.0,0.0,0.0,33.0,0.0,319.0
15678,53,1,352.7,1,1.0,352.7,0.0,0.0,0.0,1.0,352.7,0.0,352.7,352.7,0.0,0.0,0.0,0.0,12.0,0.0,184.0
15679,24,4,781.28,159,0.025157232704402517,4.9137106918238995,52.333333333333336,63.121575814719115,124.0,0.015595374681519445,195.32,194.18385171446843,474.4,46.62,0.9941831441453433,427.78,130.38,2.0019211557673096,27.5,37.84617990409776,292.5
15680,9,3,1333.68,357,0.008403361344537815,3.7357983193277313,177.5,208.59650045003153,325.0,0.004771072025787011,444.56,119.19245907355045,542.82,311.97,0.26811332345139116,230.85000000000002,-51.49499999999995,0.8924700870763642,26.0,9.643650760992955,317.3333333333333
15681,25,5,1426.16,256,0.01953125,5.5709375,63.5,75.95832190528347,155.0,0.012994046325889888,285.232,168.30231168941202,479.8,24.9,0.590054102237519,454.90000000000003,-89.87999999999997,0.7349923340016512,10.6,6.50384501660364,163.2
15683,117,1,193.75,1,1.0,193.75,0.0,0.0,0.0,1.0,193.75,0.0,193.75,193.75,0.0,0.0,0.0,0.0,10.0,0.0,131.0
15687,9,9,2993.1,322,0.027950310559006212,9.295341614906832,39.625,40.92829094892676,121.0,0.02385024472421519,332.56666666666666,149.05838302490739,561.73,30.0,0.4482060229274553,531.73,-32.48249999999996,0.9073549859175016,18.444444444444443,8.383184226639527,145.55555555555554
15689,120,2,254.1,242,0.008264462809917356,1.05,241.0,0.0,241.0,1.0,127.05,33.30472939388638,150.6,103.5,0.262138759495367,47.099999999999994,47.099999999999994,1.4550724637681158,4.5,2.1213203435596424,42.0
15690,4,2,239.76,97,0.020618556701030927,2.4717525773195876,96.0,0.0,96.0,1.0,119.88,12.558216433873078,128.76,111.0,0.10475656017578477,17.75999999999999,17.75999999999999,1.16,9.5,2.1213203435596424,204.0
15691,252,1,136.8,1,1.0,136.8,0.0,0.0,0.0,1.0,136.8,0.0,136.8,136.8,0.0,0.0,0.0,0.0,2.0,0.0,72.0
15692,28,1,191.04,1,1.0,191.04,0.0,0.0,0.0,1.0,191.04,0.0,191.04,191.04,0.0,0.0,0.0,0.0,12.0,0.0,138.0
15694,1,14,6479.4,373,0.03753351206434316,17.371045576407507,28.23076923076923,29.771781511340137,109.0,0.03249730600197704,462.8142857142857,310.2370759649734,1410.26,15.0,0.6703273549263247,1395.26,160.77714285714296,1.4204140486667816,5.571428571428571,3.776736191970028,119.78571428571429
15695,267,2,409.98,1,2.0,409.98,0.0,0.0,0.0,1.0,204.99,218.83540664161274,359.73,50.25000000000001,1.0675418637085357,309.48,-309.48,0.13968809940788926,11.0,11.313708498984761,106.0
15696,33,8,2711.11,294,0.027210884353741496,9.221462585034015,41.285714285714285,46.226667216064385,140.0,0.02117447744988969,338.88875,199.88289796331824,702.21,19.8,0.5898186291616887,682.4100000000001,177.9975,1.7123034135019408,20.375,12.211674741819813,126.875
15699,18,1,309.65,1,1.0,309.65,0.0,0.0,0.0,1.0,309.65,0.0,309.65,309.65,0.0,0.0,0.0,0.0,18.0,0.0,113.0
15700,172,2,696.68,2,1.0,348.34,1.0,0.0,1.0,1.0,348.34,487.1117194237889,692.78,3.9,1.3983800867651976,688.88,-688.88,0.005629492768266982,42.5,58.68986283848344,178.5
15701,2,4,1529.0,109,0.03669724770642202,14.027522935779816,35.666666666666664,30.501366089625122,66.0,0.03174465504622503,382.25,325.9925032880357,853.9,111.07,0.85282538466458,742.8299999999999,-200.47000000000003,0.584505217778791,55.75,48.72627627882106,228.0
15703,265,1,211.5,1,1.0,211.5,0.0,0.0,0.0,1.0,211.5,0.0,211.5,211.5,0.0,0.0,0.0,0.0,5.0,0.0,66.0
15704,140,4,2293.62,76,0.05263157894736842,30.17921052631579,24.666666666666668,23.180451534284945,46.0,0.041355720697858825,573.405,387.5538381954177,938.85,38.16,0.6758815116635148,900.69,-360.5100000000001,0.5216543268848021,28.75,19.43150363027353,257.0
15705,201,1,143.1,1,1.0,143.1,0.0,0.0,0.0,1.0,143.1,0.0,143.1,143.1,0.0,0.0,0.0,0.0,6.0,0.0,62.0
15706,64,4,1060.56,53,0.07547169811320754,20.01056603773585,16.666666666666668,20.816659994661325,40.0,0.04583653044254741,265.14,201.58739064402482,450.05,79.8,0.7603054636947455,370.25,-348.48,0.20688242523555922,13.75,14.361406616345072,80.25
15707,35,4,916.98,52,0.07692307692307693,17.63423076923077,16.333333333333332,8.144527815247077,22.0,0.10935501758031242,229.245,65.71919582587722,292.65,158.88,0.2866766813927336,133.76999999999998,111.38999999999999,1.6418323249783924,48.5,8.18535277187245,148.5
15708,41,7,3235.25,329,0.02127659574468085,9.833586626139818,54.333333333333336,31.595358308882442,97.0,0.030679214829416178,462.17857142857144,170.43033096924304,645.91,197.25000000000003,0.3687542900192261,448.65999999999997,271.67333333333335,1.8851120209380872,37.142857142857146,16.324098458297488,173.85714285714286
15709,284,1,133.25,1,1.0,133.25,0.0,0.0,0.0,1.0,133.25,0.0,133.25,133.25,0.0,0.0,0.0,0.0,6.0,0.0,121.0
15712,9,5,1072.36,279,0.017921146953405017,3.8435842293906815,69.25,27.39069184960468,104.0,0.03522281194475098,214.47200000000004,89.88688263589967,307.66,99.6,0.4191077746088051,208.06000000000003,-24.754999999999995,0.892052763545187,10.6,6.348228099241551,97.2
15713,143,2,356.7,223,0.008968609865470852,1.5995515695067266,222.0,0.0,222.0,1.0,178.35000000000002,10.182337649086278,185.55,171.15,0.05709188477200043,14.400000000000006,14.400000000000006,1.084136722173532,9.5,0.7071067811865476,75.0
15714,12,2,330.03000000000003,67,0.029850746268656716,4.9258208955223886,66.0,0.0,66.0,1.0,165.01500000000001,46.01143825180864,197.55,132.48000000000002,0.27883185317582426,65.07,65.07,1.4911684782608694,17.0,16.97056274847714,93.0
15716,146,4,1101.11,224,0.017857142857142856,4.915669642857144,74.0,32.90896534380867,112.0,0.02949072582607086,275.27750000000003,177.8508765558007,529.4,115.26,0.6460785082536737,414.14,-94.10499999999996,0.7080476530264016,27.75,9.142392101268317,184.5
15717,234,1,150.3,1,1.0,150.3,0.0,0.0,0.0,1.0,150.3,0.0,150.3,150.3,0.0,0.0,0.0,0.0,7.0,0.0,70.0
15719,33,13,5030.07,305,0.04262295081967213,16.492032786885243,25.0,5.736644568830365,35.0,0.14844185258442733,386.92846153846153,116.02194381855486,613.94,183.65,0.29985373357452544,430.2900000000001,118.98738095238087,1.368543626314062,71.38461538461539,20.12270053752917,209.07692307692307
15720,24,1,598.73,1,1.0,598.73,0.0,0.0,0.0,1.0,598.73,0.0,598.73,598.73,0.0,0.0,0.0,0.0,128.0,0.0,281.0
15721,12,1,471.4,1,1.0,471.40000000000003,0.0,0.0,0.0,1.0,471.40000000000003,0.0,471.40000000000003,471.40000000000003,0.0,0.0,0.0,0.0,80.0,0.0,388.0
15722,36,5,2211.21,255,0.0196078431372549,8.671411764705882,63.25,44.02556075736003,102.0,0.022209606791771863,442.242,255.4322768758874,713.76,84.0,0.5775848446685014,629.76,104.32,1.274779402080864,13.0,7.937253933193772,204.6
15723,365,1,190.7,1,1.0,190.70000000000002,0.0,0.0,0.0,1.0,190.70000000000002,0.0,190.70000000000002,190.70000000000002,0.0,0.0,0.0,0.0,37.0,0.0,73.0
15724,201,2,218.25,84,0.023809523809523808,2.5982142857142856,83.0,0.0,83.0,1.0,109.125,7.742819253992702,114.60000000000001,103.65,0.07095367013968112,10.950000000000003,10.950000000000003,1.1056439942112881,5.5,0.7071067811865476,36.5
15725,15,1,415.25,1,1.0,415.25,0.0,0.0,0.0,1.0,415.25,0.0,415.25,415.25,0.0,0.0,0.0,0.0,32.0,0.0,221.0
15727,17,7,5159.06,343,0.02040816326530612,15.040991253644316,56.5,24.945941553687646,90.0,0.03854167319119209,737.0085714285715,386.5199588821846,1516.95,374.82000000000005,0.5244443197356286,1142.13,-376.3224999999999,0.6047240165957671,42.142857142857146,20.276657938202174,437.57142857142856
15729,213,1,85.0,1,1.0,85.0,0.0,0.0,0.0,1.0,85.0,0.0,85.0,85.0,0.0,0.0,0.0,0.0,5.0,0.0,28.0
15730,66,3,1120.88,141,0.02127659574468085,7.949503546099292,70.0,62.22539674441618,114.0,0.015816429022065665,373.6266666666667,82.9824875099158,467.43,309.79,0.22210001296280366,157.64,-140.70499999999998,0.6989816657039557,23.333333333333332,5.507570547286102,229.66666666666666
15732,212,2,294.12,160,0.0125,1.83825,159.0,0.0,159.0,1.0,147.06,12.671353518862942,156.02,138.1,0.0861645146121511,17.920000000000016,17.920000000000016,1.1297610427226648,7.0,2.8284271247461903,107.5
15733,283,1,162.3,1,1.0,162.3,0.0,0.0,0.0,1.0,162.3,0.0,162.3,162.3,0.0,0.0,0.0,0.0,10.0,0.0,62.0
15734,115,2,1339.45,86,0.023255813953488372,15.575000000000003,85.0,0.0,85.0,1.0,669.7250000000001,128.79950019312957,760.8000000000001,578.6500000000001,0.19231699607022218,182.14999999999998,182.14999999999998,1.3147844119934329,13.0,2.8284271247461903,173.0
15737,15,8,1188.12,229,0.034934497816593885,5.188296943231442,32.285714285714285,28.253107709384732,68.0,0.03418440221580932,148.51500000000001,152.20869676673726,475.88,15.0,1.0248708666918307,460.88,-59.334999999999994,0.6669987232191714,8.875,9.417878135303544,74.625
15738,19,16,4812.42,354,0.04519774011299435,13.594406779661018,23.0,12.100767390069583,46.0,0.07633140641501678,300.77625,79.38692804864034,391.8,16.6,0.2639401483615822,375.2,-47.557500000000005,0.853468595461478,10.75,3.435112807463533,186.375
15739,66,1,449.12,1,1.0,449.12,0.0,0.0,0.0,1.0,449.12,0.0,449.12,449.12,0.0,0.0,0.0,0.0,8.0,0.0,472.0
15740,49,1,154.88,1,1.0,154.88,0.0,0.0,0.0,1.0,154.88,0.0,154.88,154.88,0.0,0.0,0.0,0.0,9.0,0.0,152.0
15743,16,4,775.96,169,0.023668639053254437,4.591479289940828,56.0,30.4138126514911,76.0,0.031833130575206814,193.99,96.44320988713169,322.55,111.5,0.4971555744478153,211.05,-46.07000000000002,0.7877203087201934,21.0,4.966554808583781,53.5
15744,78,1,34.8,1,1.0,34.8,0.0,0.0,0.0,1.0,34.8,0.0,34.8,34.8,0.0,0.0,0.0,0.0,3.0,0.0,120.0
15745,19,4,1094.59,218,0.01834862385321101,5.02105504587156,72.0,79.01898506055365,162.0,0.012497034288091244,273.64750000000004,64.28574874469976,309.53000000000003,177.31,0.23492174693611215,132.22000000000003,-60.454999999999984,0.8010530645824764,15.5,4.358898943540674,105.25
15746,134,1,196.88,1,1.0,196.88,0.0,0.0,0.0,1.0,196.88,0.0,196.88,196.88,0.0,0.0,0.0,0.0,28.0,0.0,178.0
15747,13,3,946.64,161,0.018633540372670808,5.87975155279503,79.5,38.890872965260115,107.0,0.025068390979331865,315.5466666666666,93.72549617544486,421.27,242.65,0.29702578438089944,178.61999999999998,109.345,1.450628477230579,28.666666666666668,15.044378795195678,155.33333333333334
15748,40,1,144.36,1,1.0,144.36,0.0,0.0,0.0,1.0,144.36,0.0,144.36,144.36,0.0,0.0,0.0,0.0,19.0,0.0,50.0
15749,235,3,44534.3,98,0.030612244897959183,454.43163265306123,48.5,68.58935777509511,97.0,0.014370013346464358,14844.766666666668,6854.669638526232,21535.9,7837.5,0.4617566441053007,13698.400000000001,-474.2000000000007,0.9687221734857429,3.3333333333333335,1.5275252316519465,6009.333333333333
15750,3,8,2463.05,365,0.021917808219178082,6.7480821917808225,51.57142857142857,45.09936120337383,112.0,0.02169227455426896,307.88125,153.60149901031008,507.29,39.0,0.49889851691296583,468.29,61.672500000000014,1.2226082405385408,36.0,24.95710605933995,222.875
15752,40,7,2626.6,334,0.020958083832335328,7.864071856287425,54.833333333333336,34.341908314283685,99.0,0.028295019926692606,375.2285714285714,108.42779923810612,533.23,240.1,0.28896466712356006,293.13,48.420000000000016,1.1393140752675797,56.714285714285715,22.53674248654321,280.0
15753,305,1,79.2,1,1.0,79.2,0.0,0.0,0.0,1.0,79.2,0.0,79.2,79.2,0.0,0.0,0.0,0.0,1.0,0.0,144.0
15754,51,3,458.57,196,0.015306122448979591,2.3396428571428576,97.0,106.06601717798213,172.0,0.009340031751976365,152.85666666666668,59.9429114519251,211.62,91.8,0.3921511096577955,119.82000000000001,91.585,1.9976579520697166,9.333333333333334,3.5118845842842465,66.33333333333333
15755,10,6,2364.25,285,0.021052631578947368,8.29561403508772,56.4,45.36298050172629,127.0,0.02156893256598906,394.0416666666667,133.50425542531096,600.99,287.51,0.3388074579895805,313.48,24.8633333333334,1.0651537782902267,23.5,8.938679992034618,237.83333333333334
15756,61,4,528.01,188,0.02127659574468085,2.808563829787234,62.333333333333336,27.574142476844738,91.0,0.034996675781621696,132.0025,24.295659934783966,168.12,115.72,0.18405454392745565,52.400000000000006,19.835000000000008,1.1624687717573823,47.5,6.952217871538071,60.25
15757,66,2,714.42,153,0.013071895424836602,4.669411764705883,152.0,0.0,152.0,1.0,357.21000000000004,135.55236995346112,453.06,261.36,0.37947529451432244,191.7,191.7,1.7334710743801651,22.5,9.192388155425117,245.5
15758,25,1,205.25,1,1.0,205.25,0.0,0.0,0.0,1.0,205.25,0.0,205.25,205.25,0.0,0.0,0.0,0.0,9.0,0.0,47.0
15759,218,3,253.04,140,0.02142857142857143,1.8074285714285716,69.5,12.020815280171307,78.0,0.07680010648203002,84.34666666666668,14.922752203710067,97.24000000000001,68.0,0.1769216590702268,29.24000000000001,-19.340000000000003,0.8011106540518305,2.3333333333333335,1.5275252316519468,20.0
15762,65,2,583.75,13,0.15384615384615385,44.90384615384615,12.0,0.0,12.0,1.0,291.875,33.14209483421349,315.31,268.44,0.1135489330508385,46.870000000000005,-46.870000000000005,0.8513526370873109,18.5,4.949747468305833,125.5
15763,32,2,1086.92,46,0.043478260869565216,23.628695652173914,45.0,0.0,45.0,1.0,543.46,29.656058402963843,564.4300000000001,522.49,0.05456898097921437,41.940000000000055,41.940000000000055,1.0802694788417004,30.5,3.5355339059327378,135.5
15764,88,6,3279.9700000000003,189,0.031746031746031744,17.354338624338627,37.6,43.83263624287273,92.0,0.02230517952552868,546.6616666666667,648.992097745933,1564.7,3.35,1.1871915250674847,1561.3500000000001,-36.35666666666668,0.9356336897764559,30.0,34.54851661070269,341.6666666666667
15766,64,1,315.06,1,1.0,315.06,0.0,0.0,0.0,1.0,315.06,0.0,315.06,315.06,0.0,0.0,0.0,0.0,11.0,0.0,170.0
15768,116,3,621.83,111,0.02702702702702703,5.602072072072072,55.0,46.66904755831214,88.0,0.020977973154943562,207.27666666666664,127.6826050538339,354.34999999999997,124.8,0.6160008606234851,229.54999999999995,-220.60999999999996,0.3774234513898688,9.0,1.0,81.33333333333333
15769,7,26,56252.72,364,0.07142857142857142,154.54043956043955,14.16,13.551383693187939,47.0,0.06872198693160282,2163.566153846154,1953.4781790254574,10065.0,91.8,0.902897364868079,9973.2,36.40615384615376,1.0169696934927994,5.0,3.509985754956849,1141.2307692307693
15773,6,1,635.6800000000001,1,1.0,635.6800000000001,0.0,0.0,0.0,1.0,635.6800000000001,0.0,635.6800000000001,635.6800000000001,0.0,0.0,0.0,0.0,10.0,0.0,311.0
15774,69,1,270.8,1,1.0,270.8,0.0,0.0,0.0,1.0,270.8,0.0,270.8,270.8,0.0,0.0,0.0,0.0,25.0,0.0,87.0
15775,245,1,104.9,1,1.0,104.9,0.0,0.0,0.0,1.0,104.9,0.0,104.9,104.9,0.0,0.0,0.0,0.0,7.0,0.0,68.0
15776,133,1,241.62,1,1.0,241.62,0.0,0.0,0.0,1.0,241.62,0.0,241.62,241.62,0.0,0.0,0.0,0.0,18.0,0.0,138.0
15777,241,4,1047.11,121,0.03305785123966942,8.653801652892563,39.666666666666664,38.10949138119444,76.0,0.025569240731185883,261.77750000000003,112.39929726203808,365.55,102.0,0.4293695877683837,263.55,56.00499999999997,1.23956796064592,5.25,6.13052471924984,94.5
15780,184,3,475.28,175,0.017142857142857144,2.7158857142857142,86.5,38.890872965260115,114.0,0.025068390979331865,158.42666666666668,78.2435903658142,225.61,72.52000000000001,0.493878915791623,153.09,-28.085000000000008,0.8414620378210556,9.666666666666666,4.932882862316247,73.33333333333333
15781,25,3,345.46000000000004,281,0.010676156583629894,1.2293950177935944,140.0,39.59797974644666,168.0,0.024631767547189955,115.15333333333335,27.716962916837293,134.16,83.35,0.24069614065452402,50.81,47.70500000000001,1.5723455308938215,6.666666666666667,2.0816659994661326,60.0
15782,10,3,2614.74,80,0.0375,32.68425,39.5,0.7071067811865476,40.0,0.585786437626905,871.5799999999999,665.1086476659284,1638.34,450.40000000000003,0.7631068262992823,1187.9399999999998,-1150.1399999999999,0.2979845453324707,14.333333333333334,6.110100926607787,288.0
15783,11,1,246.3,1,1.0,246.3,0.0,0.0,0.0,1.0,246.3,0.0,246.3,246.3,0.0,0.0,0.0,0.0,14.0,0.0,212.0
15785,33,5,2328.9700000000003,263,0.019011406844106463,8.855399239543727,65.5,56.536124144951195,125.0,0.017380385190366533,465.79400000000004,346.44638009365895,928.58,17.4,0.7437759612482319,911.1800000000001,-332.3433333333334,0.5003858488675085,16.6,12.095453691366853,322.4
15786,46,3,4919.0,69,0.043478260869565216,71.28985507246377,34.0,48.08326112068523,68.0,0.020373544405315983,1639.6666666666667,1532.4290681572618,3147.64,83.9,0.9345979273168906,3063.74,-2261.96,0.28137906495024845,88.66666666666667,80.82285155408297,1113.3333333333333
15787,26,3,933.26,36,0.08333333333333333,25.92388888888889,17.5,24.748737341529164,35.0,0.03883685583242708,311.08666666666664,202.09954906761502,479.09999999999997,86.82000000000001,0.6496567378895968,392.28,-252.01999999999998,0.47397203089125445,64.33333333333333,14.571661996262927,178.0
15789,358,1,351.3,1,1.0,351.3,0.0,0.0,0.0,1.0,351.3,0.0,351.3,351.3,0.0,0.0,0.0,0.0,25.0,0.0,438.0
15790,10,1,218.75,1,1.0,218.75,0.0,0.0,0.0,1.0,218.75,0.0,218.75,218.75,0.0,0.0,0.0,0.0,34.0,0.0,113.0
15791,44,2,1612.69,161,0.012422360248447204,10.016708074534161,160.0,0.0,160.0,1.0,806.345,589.5785630855314,1223.24,389.45000000000005,0.7311740794393609,833.79,-833.79,0.3183757888885256,37.5,23.33452377915607,365.5
15793,15,3,965.61,254,0.011811023622047244,3.8016141732283466,126.5,144.95689014324225,229.0,0.00685133808358481,321.87,27.495095926364765,353.61,305.36,0.08542298420593646,48.25,22.845000000000027,1.074501043569006,4.0,1.0,184.33333333333334
15795,150,1,610.01,1,1.0,610.01,0.0,0.0,0.0,1.0,610.01,0.0,610.01,610.01,0.0,0.0,0.0,0.0,42.0,0.0,581.0
15796,1,8,2708.61,302,0.026490066225165563,8.968907284768212,42.57142857142857,30.832110657868487,86.0,0.03141481916634431,338.57625,63.14941441590279,447.65000000000003,250.52,0.18651460170612316,197.13000000000002,53.66750000000002,1.1721532995982262,16.25,3.5355339059327373,107.5
15797,113,4,2207.4,207,0.01932367149758454,10.663768115942029,68.33333333333333,47.37439533475159,101.0,0.020672093016976936,551.85,648.4417707088278,1495.2,15.0,1.175032655085309,1480.2,-406.5,0.46166070719110053,2.0,2.0,218.25
15799,76,3,884.14,259,0.011583011583011582,3.4136679536679537,129.0,28.284271247461902,149.0,0.03414802408943918,294.7133333333333,122.94074236530922,402.9,161.01999999999998,0.41715364885191,241.88,-38.26000000000005,0.8805196427456122,31.666666666666668,23.072349974229617,318.3333333333333
15800,107,2,696.89,140,0.014285714285714285,4.977785714285714,139.0,0.0,139.0,1.0,348.445,147.00042874087137,452.39,244.5,0.4218755578093282,207.89,207.89,1.8502658486707566,58.5,62.932503525602726,166.0
15801,46,3,1063.95,64,0.046875,16.62421875,31.0,25.45584412271571,49.0,0.0377988317198079,354.65000000000003,448.0988862963174,869.98,56.75,1.2634960842980894,813.23,326.145,3.3768036729339745,21.333333333333332,24.906491790963525,190.0
15802,143,1,451.42,1,1.0,451.42,0.0,0.0,0.0,1.0,451.42,0.0,451.42,451.42,0.0,0.0,0.0,0.0,1.0,0.0,1.0
15803,51,1,415.8200000000001,1,1.0,415.82000000000005,0.0,0.0,0.0,1.0,415.82000000000005,0.0,415.82000000000005,415.82000000000005,0.0,0.0,0.0,0.0,8.0,0.0,290.0
15804,1,13,4206.39,199,0.06532663316582915,21.137638190954775,16.083333333333332,11.081994678784413,39.0,0.08276779013617405,323.5684615384616,179.16846815433018,600.03,19.8,0.5537266126075547,580.23,-262.11071428571427,0.43596321475836436,20.153846153846153,10.96848632709602,197.30769230769232
15805,23,17,5488.18,342,0.049707602339181284,16.047309941520467,21.0625,25.908734048579063,76.0,0.037162655002449134,322.83411764705886,326.1725031723785,1062.43,17.700000000000003,1.010340869638101,1044.73,-88.39458333333329,0.7608573860209782,17.58823529411765,19.229075717287518,198.05882352941177
15806,46,3,784.58,231,0.012987012987012988,3.3964502164502166,115.0,5.656854249492381,119.0,0.15022110482233483,261.5266666666667,39.43309439206278,300.36,221.52,0.1507803961051624,78.84,-58.25,0.8060660540684512,10.333333333333334,4.932882862316248,200.66666666666666
15807,50,3,903.9,27,0.1111111111111111,33.47777777777778,13.0,18.384776310850235,26.0,0.051586873325965094,301.3,312.504223971453,635.6,16.5,1.0371862727230434,619.1,-501.45000000000005,0.21106041535556955,16.0,21.0,143.33333333333334
15808,306,4,3651.27,64,0.0625,57.05109375000001,20.666666666666668,12.055427546683415,32.0,0.07659649570450405,912.8175000000001,234.1759208195127,1228.4,733.9200000000001,0.2565418835851774,494.48,-355.81500000000005,0.6737812005775975,47.75,7.804912982645397,326.25
15809,36,5,515.77,267,0.018726591760299626,1.9317228464419476,66.25,56.35822921277779,148.0,0.017434289965444546,103.154,68.63240765119639,198.8,15.9,0.6653392757546619,182.9,-46.59333333333335,0.6446241069839574,7.0,4.636809247747852,60.2
15810,79,4,1391.98,219,0.0182648401826484,6.356073059360731,72.0,16.522711641858304,91.0,0.05706879280094966,347.995,218.61271028922357,507.07,30.79,0.6282064693148567,476.28,-158.13,0.6297241605395026,22.25,13.720422734012244,215.25
15811,22,6,2218.62,344,0.01744186046511628,6.449476744186046,68.0,37.296112397943034,99.0,0.026112311077656856,369.77,127.55507249811745,478.96000000000004,148.95,0.3449578724561686,330.01000000000005,141.32,1.472468322690649,22.166666666666668,8.975893641675277,178.5
15812,107,5,1801.14,211,0.023696682464454975,8.536208530805688,52.25,13.889444433333777,65.0,0.06716167312201708,360.228,154.20360216285485,533.0200000000001,213.9,0.42807222693087393,319.1200000000001,-36.91999999999996,0.9034468329933575,8.2,10.56882207249228,184.4
15813,208,2,1303.91,32,0.0625,40.747187499999995,31.0,0.0,31.0,1.0,651.9549999999999,167.86007878587446,770.65,533.26,0.2574718788656801,237.39,-237.39,0.6919613313436709,20.0,12.727922061357855,301.5
15814,17,4,1945.33,34,0.11764705882352941,57.21558823529411,10.666666666666666,9.71253485622231,19.0,0.09334858774523903,486.3325,98.15408341819851,599.4200000000001,368.14,0.20182505470680762,231.2800000000001,-148.28500000000003,0.7354297693920335,18.0,4.320493798938574,317.75
15815,64,5,2100.6,197,0.025380710659898477,10.662944162436547,48.75,30.26962173533062,77.0,0.03197991995119434,420.12,113.29007988345671,514.08,225.9,0.26966123936841074,288.18000000000006,-33.13333333333327,0.9246969696969698,9.8,6.760177512462229,371.2
15819,49,4,1905.45,228,0.017543859649122806,8.357236842105264,75.33333333333333,6.658328118479394,81.0,0.13057680273413982,476.3625,140.80866838254903,639.64,319.98,0.2955914212024436,319.65999999999997,-224.41499999999996,0.6187114531831388,30.75,9.21502396451939,339.25
15820,320,1,206.98,1,1.0,206.98,0.0,0.0,0.0,1.0,206.98,0.0,206.98,206.98,0.0,0.0,0.0,0.0,17.0,0.0,128.0
15821,44,2,570.96,18,0.1111111111111111,31.720000000000002,17.0,0.0,17.0,1.0,285.48,44.26488450227783,316.78,254.18,0.15505424023496506,62.599999999999966,62.599999999999966,1.2462821622472262,31.0,4.242640687119285,101.0
15822,3,2,885.47,357,0.0056022408963585435,2.4803081232492996,356.0,0.0,356.0,1.0,442.735,3.585031380615771,445.27,440.2,0.008097465482999472,5.069999999999993,5.069999999999993,1.0115174920490686,16.5,0.7071067811865476,187.5
15823,372,1,15.0,1,1.0,15.0,0.0,0.0,0.0,1.0,15.0,0.0,15.0,15.0,0.0,0.0,0.0,0.0,1.0,0.0,1.0
15825,172,1,532.94,1,1.0,532.94,0.0,0.0,0.0,1.0,532.94,0.0,532.94,532.94,0.0,0.0,0.0,0.0,20.0,0.0,220.0
15826,56,3,1654.31,155,0.01935483870967742,10.672967741935484,77.0,108.89444430272832,154.0,0.009099641081447948,551.4366666666666,436.4424372507025,878.46,55.85,0.7914643033966473,822.61,-252.84499999999997,0.6488263888888889,22.666666666666668,17.61628034896508,321.0
15827,73,14,1836.09,300,0.04666666666666667,6.120299999999999,22.692307692307693,19.47384834157772,56.0,0.04884279610341881,131.1492857142857,66.83696748452515,237.93,29.700000000000003,0.5096250972356214,208.23000000000002,52.50428571428573,1.5005311325379964,8.214285714285714,4.526478873143118,63.0
15829,99,2,636.14,42,0.047619047619047616,15.146190476190476,41.0,0.0,41.0,1.0,318.07,10.422753954689718,325.44,310.7,0.03276874258713402,14.740000000000009,-14.740000000000009,0.9547074729596853,25.5,0.7071067811865476,498.0
15830,38,1,576.0,1,1.0,576.0,0.0,0.0,0.0,1.0,576.0,0.0,576.0,576.0,0.0,0.0,0.0,0.0,39.0,0.0,415.0
15831,58,3,794.64,266,0.011278195488721804,2.9873684210526315,132.0,94.75230867899737,199.0,0.010443612418290896,264.88,108.4444332365659,343.53,141.17,0.4094096694222512,202.35999999999999,-67.59000000000003,0.7819255339743175,21.666666666666668,18.448125469362285,364.0
15832,254,1,836.79,1,1.0,836.79,0.0,0.0,0.0,1.0,836.79,0.0,836.79,836.79,0.0,0.0,0.0,0.0,54.0,0.0,465.0
15834,70,4,2225.15,207,0.01932367149758454,10.749516908212561,68.66666666666667,60.00277771348034,111.0,0.01639269616044092,556.2875,329.9478088400245,1022.77,250.0,0.5931246142327924,772.77,-160.195,0.7482734508198653,64.5,64.27285585688566,240.25
15835,44,4,954.09,287,0.013937282229965157,3.3243554006968643,95.0,26.057628441590765,122.0,0.0369581540436442,238.5225,59.97165017739631,301.11,187.2,0.2514297400764972,113.91000000000003,-11.265000000000015,0.9538612766480309,12.5,3.0,109.75
15836,50,1,137.37,1,1.0,137.37,0.0,0.0,0.0,1.0,137.37,0.0,137.37,137.37,0.0,0.0,0.0,0.0,10.0,0.0,26.0
15837,65,1,391.98,1,1.0,391.98,0.0,0.0,0.0,1.0,391.98,0.0,391.98,391.98,0.0,0.0,0.0,0.0,24.0,0.0,189.0
15838,11,19,33643.08,357,0.05322128851540616,94.23831932773109,19.5,16.940206263068173,56.0,0.055740719216735346,1770.6884210526316,2560.0882466848743,10992.96,179.0,1.4458152073773451,10813.96,1411.6653333333336,2.3736072549884533,8.789473684210526,9.641224837865208,966.7368421052631
15839,33,3,1048.49,115,0.02608695652173913,9.117304347826087,57.0,14.142135623730951,67.0,0.06604088253131131,349.49666666666667,124.4061929058732,491.18,258.13,0.35595816719054985,233.05,75.47499999999997,1.2522728792031552,20.666666666666668,8.020806277010644,225.0
15840,59,2,355.56,114,0.017543859649122806,3.1189473684210527,113.0,0.0,113.0,1.0,177.78,90.45309944938317,241.74,113.82,0.5087923244987241,127.92000000000002,-127.92000000000002,0.47083643584015883,13.5,4.949747468305833,198.0
15841,73,4,1224.06,267,0.0149812734082397,4.584494382022472,88.0,65.18435395092905,131.0,0.015109311193721529,306.015,20.460429288425647,331.6,281.66,0.06686087050773867,49.94,-1.2300000000000182,0.9959886508169454,11.75,4.9916597106239795,235.5
15843,304,1,118.95,1,1.0,118.95,0.0,0.0,0.0,1.0,118.95,0.0,118.95,118.95,0.0,0.0,0.0,0.0,8.0,0.0,27.0
15844,46,1,130.73999999999998,1,1.0,130.73999999999998,0.0,0.0,0.0,1.0,130.73999999999998,0.0,130.73999999999998,130.73999999999998,0.0,0.0,0.0,0.0,11.0,0.0,134.0
15845,18,8,3711.77,320,0.025,11.59928125,45.0,19.39931270260195,76.0,0.049021259420786716,463.97125,216.1266125900345,929.22,301.29,0.46581897604654277,627.9300000000001,-53.72750000000002,0.8905385720252222,17.25,5.625198409199194,240.75
15847,38,2,389.27,250,0.008,1.55708,249.0,0.0,249.0,1.0,194.635,19.735350262916548,208.59,180.68,0.10139671828251111,27.909999999999997,27.909999999999997,1.154471994686739,11.0,2.8284271247461903,224.5
15850,19,2,234.88,149,0.013422818791946308,1.5763758389261744,148.0,0.0,148.0,1.0,117.44,1.8101933598375632,118.72,116.16,0.015413771796981977,2.5600000000000023,2.5600000000000023,1.022038567493113,44.0,4.242640687119285,149.0
15852,187,2,160.71,11,0.18181818181818182,14.610000000000001,10.0,0.0,10.0,1.0,80.355,32.32185096803709,103.21000000000001,57.5,0.4022382050654855,45.71000000000001,-45.71000000000001,0.5571165584730161,11.0,14.142135623730951,24.0
15853,52,1,110.8,1,1.0,110.8,0.0,0.0,0.0,1.0,110.8,0.0,110.8,110.8,0.0,0.0,0.0,0.0,29.0,0.0,135.0
15854,4,12,2969.12,358,0.0335195530726257,8.2936312849162,32.0,26.22212806009459,82.0,0.03673482094391871,247.42666666666665,118.24592380699512,446.25,22.049999999999997,0.47790290917306866,424.2,-33.2766666666667,0.8739830471033014,11.5,15.394804318340652,77.16666666666667
15855,137,5,712.24,127,0.03937007874015748,5.608188976377953,31.5,11.67618659209133,47.0,0.0788880782666847,142.448,56.19138608363385,237.55,95.8,0.39446946312783504,141.75,68.91333333333336,1.6816353445433567,15.8,8.34865258589672,94.0
15856,4,27,16143.64,362,0.07458563535911603,44.5956906077348,13.461538461538462,15.30811750472479,50.0,0.06131915591792123,597.9125925925925,342.74171777675156,1571.32,20.3,0.5732304721842343,1551.02,-153.1903296703298,0.773836941800528,22.962962962962962,15.692922171087394,402.44444444444446
15857,19,1,297.0,1,1.0,297.0,0.0,0.0,0.0,1.0,297.0,0.0,297.0,297.0,0.0,0.0,0.0,0.0,14.0,0.0,308.0
15858,16,5,1427.57,352,0.014204545454545454,4.055596590909091,87.25,86.07119146381093,211.0,0.011484854900781117,285.514,120.87679607765917,432.29,153.9,0.4233655655332459,278.39,-204.32666666666668,0.4993343297967051,36.8,14.411800720243116,232.6
15860,41,8,965.16,328,0.024390243902439025,2.942560975609756,46.142857142857146,38.93767914427948,115.0,0.025039011315289118,120.645,75.81536708157712,292.85,24.75,0.62841698438872,268.1,-28.955,0.7857129641621492,17.125,10.749584709586292,54.625
15861,12,8,3146.92,255,0.03137254901960784,12.34086274509804,36.142857142857146,52.69227828132117,132.0,0.018624652035819585,393.365,164.69302327143586,598.37,165.0,0.41867736903749914,433.37,-56.170000000000016,0.8667220310831653,66.75,34.6812011655553,316.0
15862,8,4,832.88,366,0.01092896174863388,2.2756284153005466,121.33333333333333,41.645327869202006,169.0,0.023449227616847312,208.22,98.67919165997797,354.23,136.78,0.47391793132253374,217.45000000000002,-74.57,0.6962587320013849,36.75,23.099422792211353,146.25
15863,26,2,68.84,168,0.011904761904761904,0.40976190476190477,167.0,0.0,167.0,1.0,34.42,35.666466043049454,59.64,9.2,1.0362134236795308,50.44,50.44,6.482608695652175,9.0,9.899494936611665,9.5
15864,22,6,1936.32,294,0.02040816326530612,6.586122448979592,58.4,51.75712511336,138.0,0.018954785687265663,322.71999999999997,171.09351314412828,543.6,152.64,0.5301608612547357,390.96000000000004,6.866666666666617,1.0215062744033574,3.3333333333333335,2.250925735484551,198.66666666666666
15865,41,3,895.13,174,0.017241379310344827,5.144425287356322,86.0,53.74011537017761,124.0,0.018268138333972155,298.37666666666667,13.486735458714,313.93,289.92,0.04520036908174455,24.00999999999999,-23.329999999999984,0.9256840696970663,13.333333333333334,3.785938897200183,122.66666666666667
15866,101,1,211.89,1,1.0,211.89,0.0,0.0,0.0,1.0,211.89,0.0,211.89,211.89,0.0,0.0,0.0,0.0,43.0,0.0,124.0
15867,5,15,3810.14,364,0.04120879120879121,10.467417582417582,25.571428571428573,13.585706774821418,48.0,0.06856027036867698,254.00933333333333,110.59712586466163,566.13,111.65,0.43540575621103805,454.48,132.24249999999995,1.7207461303684322,30.6,12.647981205371416,136.8
15869,277,2,149.64,1,2.0,149.64000000000001,0.0,0.0,0.0,1.0,74.82000000000001,18.710045430196057,88.05000000000001,61.589999999999996,0.2500674342448016,26.460000000000015,26.460000000000015,1.4296151972722848,6.5,2.1213203435596424,87.5
15870,33,1,351.44,1,1.0,351.44,0.0,0.0,0.0,1.0,351.44,0.0,351.44,351.44,0.0,0.0,0.0,0.0,68.0,0.0,333.0
15872,15,2,316.25,1,2.0,316.25,0.0,0.0,0.0,1.0,158.125,220.65267106926214,314.15,2.1,1.395431911900472,312.04999999999995,-312.04999999999995,0.006684704758873151,51.0,70.71067811865476,93.5
15874,64,7,4405.88,221,0.03167420814479638,19.936108597285067,36.333333333333336,40.51995393218835,114.0,0.024084805142925506,629.4114285714286,799.1003665044956,2198.13,44.95,1.2695993911616905,2153.1800000000003,587.6991666666668,3.001813795061028,16.857142857142858,15.203383082158298,362.0
15877,2,2,490.33,17,0.11764705882352941,28.84294117647059,16.0,0.0,16.0,1.0,245.16500000000002,8.280220407694467,251.02,239.31,0.033774072186871965,11.710000000000008,11.710000000000008,1.0489323471647654,62.0,59.39696961966999,184.0
15880,369,1,329.03,1,1.0,329.03,0.0,0.0,0.0,1.0,329.03,0.0,329.03,329.03,0.0,0.0,0.0,0.0,95.0,0.0,202.0
15881,312,5,501.39,53,0.09433962264150944,9.460188679245285,12.75,24.185050478894325,49.0,0.039706094726235465,100.278,141.09471347290088,339.29,1.9,1.4070355758282063,337.39000000000004,37.754999999999995,1.4863768115942029,5.8,9.654014708917737,52.0
15882,199,4,516.36,170,0.023529411764705882,3.0374117647058823,56.333333333333336,97.57219549304675,169.0,0.010144848605614548,129.09,108.0827269579495,270.52,9.9,0.8372664571845185,260.62,-113.13999999999999,0.3906064849725305,5.75,5.909032633745278,69.0
15883,2,2,396.48,32,0.0625,12.39,31.0,0.0,31.0,1.0,198.24,77.04635487808622,252.72,143.76,0.3886519112090709,108.96000000000001,108.96000000000001,1.7579298831385644,24.5,6.363961030678928,111.5
15885,93,3,379.35,217,0.013824884792626729,1.74815668202765,107.5,152.02795795510772,215.0,0.00653475360556899,126.45,193.0370625035514,349.35,15.0,1.5265880783199004,334.35,167.175,12.145000000000001,6.0,8.660254037844387,37.0
15886,60,1,181.09,1,1.0,181.09,0.0,0.0,0.0,1.0,181.09,0.0,181.09,181.09,0.0,0.0,0.0,0.0,12.0,0.0,147.0
15888,81,1,168.31,1,1.0,168.31,0.0,0.0,0.0,1.0,168.31,0.0,168.31,168.31,0.0,0.0,0.0,0.0,11.0,0.0,76.0
15889,157,2,420.07,213,0.009389671361502348,1.9721596244131454,212.0,0.0,212.0,1.0,210.035,87.73073834181494,272.07,148.0,0.41769580470785794,124.07,-124.07,0.5439776528099386,41.0,22.627416997969522,103.0
15891,227,1,511.68,1,1.0,511.68,0.0,0.0,0.0,1.0,511.68,0.0,511.68,511.68,0.0,0.0,0.0,0.0,60.0,0.0,418.0
15894,253,2,258.25,116,0.017241379310344827,2.226293103448276,115.0,0.0,115.0,1.0,129.125,31.55817564435561,151.44,106.81,0.2444001986010115,44.629999999999995,-44.629999999999995,0.7052958267300581,17.5,20.506096654409877,82.0
15895,150,1,179.17,1,1.0,179.17,0.0,0.0,0.0,1.0,179.17,0.0,179.17,179.17,0.0,0.0,0.0,0.0,11.0,0.0,94.0
15897,194,2,208.59,1,2.0,208.59,0.0,0.0,0.0,1.0,104.295,21.800102063981267,119.71000000000001,88.88,0.2090234629079176,30.830000000000013,-30.830000000000013,0.7424609472892824,10.5,6.363961030678928,111.5
15898,1,5,1383.83,368,0.01358695652173913,3.760407608695652,91.25,98.47630848754098,225.0,0.010052644847845817,276.76599999999996,116.21684249711828,385.89,139.0,0.41991011358735647,246.89,30.74333333333334,1.1190125941984104,16.2,21.8906372680194,113.4
15899,369,1,56.25,1,1.0,56.25,0.0,0.0,0.0,1.0,56.25,0.0,56.25,56.25,0.0,0.0,0.0,0.0,4.0,0.0,39.0
15900,24,1,337.28000000000003,1,1.0,337.28000000000003,0.0,0.0,0.0,1.0,337.28000000000003,0.0,337.28000000000003,337.28000000000003,0.0,0.0,0.0,0.0,44.0,0.0,216.0
15901,17,3,351.73,139,0.02158273381294964,2.530431654676259,69.0,11.313708498984761,77.0,0.08121030314161228,117.24333333333334,6.15253877137994,122.53,110.49,0.052476661968384325,12.040000000000006,10.13000000000001,1.091682505204091,36.666666666666664,11.372481406154654,126.33333333333333
15903,10,7,5126.76,286,0.024475524475524476,17.925734265734267,47.0,56.199644126987145,150.0,0.017482626251658685,732.3942857142857,545.8073625635435,1568.4,161.28,0.7452370577020974,1407.1200000000001,726.3800000000001,3.289108786083449,10.571428571428571,3.644957377763735,344.2857142857143
15904,8,1,164.68,1,1.0,164.68,0.0,0.0,0.0,1.0,164.68,0.0,164.68,164.68,0.0,0.0,0.0,0.0,30.0,0.0,84.0
15906,20,7,1567.69,236,0.029661016949152543,6.642754237288135,38.833333333333336,33.86099033794887,76.0,0.028685358341969506,223.95571428571427,196.23764469448287,590.49,24.11,0.8762341488823557,566.38,-6.587500000000034,0.9710719304408921,21.142857142857142,18.04095869060706,77.71428571428571
15907,4,3,882.72,207,0.014492753623188406,4.264347826086957,102.5,98.2878425849301,172.0,0.010071726547433109,294.24,97.31248481053188,405.13,223.07,0.33072486681121493,182.06,106.755,1.4785717487784105,67.33333333333333,28.728615235220328,159.33333333333334
15909,174,1,191.94,1,1.0,191.94,0.0,0.0,0.0,1.0,191.94,0.0,191.94,191.94,0.0,0.0,0.0,0.0,7.0,0.0,98.0
15910,1,8,1228.88,316,0.02531645569620253,3.8888607594936713,44.714285714285715,30.098251808116064,108.0,0.032156148396065745,153.61,44.36302611087622,243.76,112.75,0.28880298229852364,131.01,31.914999999999992,1.2318519460235011,32.25,7.959720023791218,126.625
15912,178,2,264.62,55,0.03636363636363636,4.811272727272727,54.0,0.0,54.0,1.0,132.31,12.982480502585021,141.49,123.13,0.09812168772265907,18.360000000000014,-18.360000000000014,0.8702381793766343,9.5,4.949747468305833,92.5
15916,16,8,1502.86,351,0.022792022792022793,4.281652421652422,49.57142857142857,39.3143618493172,114.0,0.024805055918724332,187.85750000000002,103.44619550416395,355.38,89.5,0.5506631116892535,265.88,8.91500000000002,1.04860959651036,18.25,13.371077528969543,94.0
15917,248,1,123.1,1,1.0,123.1,0.0,0.0,0.0,1.0,123.1,0.0,123.1,123.1,0.0,0.0,0.0,0.0,12.0,0.0,42.0
15918,191,2,334.23,81,0.024691358024691357,4.126296296296297,80.0,0.0,80.0,1.0,167.115,35.517973619000294,192.23000000000002,142.0,0.21253611955240578,50.23000000000002,50.23000000000002,1.3537323943661974,19.5,2.1213203435596424,76.5
15919,20,2,525.69,350,0.005714285714285714,1.5019714285714287,349.0,0.0,349.0,1.0,262.845,68.96412436912398,311.61,214.07999999999998,0.2623756372353439,97.53000000000003,97.53000000000003,1.4555773542600898,55.0,24.041630560342615,192.5
15920,154,4,167.5,1,4.0,167.5,0.0,0.0,0.0,1.0,41.875,40.26145592664694,98.06,2.37,0.9614676042184344,95.69,-49.63999999999999,0.2557163205637604,15.0,12.54325848148452,24.75
15921,173,1,323.03000000000003,1,1.0,323.03000000000003,0.0,0.0,0.0,1.0,323.03000000000003,0.0,323.03000000000003,323.03000000000003,0.0,0.0,0.0,0.0,24.0,0.0,162.0
15922,373,1,369.5,1,1.0,369.5,0.0,0.0,0.0,1.0,369.5,0.0,369.5,369.5,0.0,0.0,0.0,0.0,11.0,0.0,138.0
15923,373,1,127.08,1,1.0,127.08,0.0,0.0,0.0,1.0,127.08,0.0,127.08,127.08,0.0,0.0,0.0,0.0,21.0,0.0,122.0
15925,194,1,207.15,1,1.0,207.15,0.0,0.0,0.0,1.0,207.15,0.0,207.15,207.15,0.0,0.0,0.0,0.0,12.0,0.0,93.0
15930,67,1,426.63,1,1.0,426.63,0.0,0.0,0.0,1.0,426.63,0.0,426.63,426.63,0.0,0.0,0.0,0.0,21.0,0.0,139.0
15932,4,8,2495.87,286,0.027972027972027972,8.726818181818182,40.285714285714285,24.24674745001403,84.0,0.039609062592315995,311.98375,12.340766284959795,339.34000000000003,300.21999999999997,0.039555798290647495,39.12000000000006,-12.65749999999997,0.9602356175142354,14.375,4.470139019889969,290.625
15933,21,3,1107.46,66,0.045454545454545456,16.77969696969697,32.0,24.041630560342615,49.0,0.03993350183768218,369.15333333333336,48.4608773479529,411.81,316.46,0.1312757409241496,95.35000000000002,-63.985000000000014,0.8446249483985333,24.666666666666668,2.081665999466132,295.0
15935,239,2,416.86,3,0.6666666666666666,138.95333333333335,2.0,0.0,2.0,1.0,208.43,141.97289952663502,308.82,108.03999999999999,0.6811538623357243,200.78,-200.78,0.3498478077844699,6.0,7.0710678118654755,57.5
15937,64,1,145.35000000000002,1,1.0,145.35000000000002,0.0,0.0,0.0,1.0,145.35000000000002,0.0,145.35000000000002,145.35000000000002,0.0,0.0,0.0,0.0,7.0,0.0,73.0
15938,112,5,404.58,212,0.02358490566037736,1.9083962264150944,52.25,30.21451086260816,88.0,0.03203638219421529,80.91600000000001,17.480797464646738,105.0,62.7,0.21603635207680477,42.3,20.193333333333328,1.2935077519379843,3.6,1.3416407864998738,48.0
15939,90,15,6115.01,242,0.06198347107438017,25.268636363636364,16.857142857142858,11.189673418325988,46.0,0.08203665231068433,407.6673333333334,369.71352945734833,1265.4,15.0,0.9069000609745895,1250.4,-69.98535714285714,0.842727010064367,5.066666666666666,3.6929791819200983,315.2
15940,311,1,35.8,1,1.0,35.8,0.0,0.0,0.0,1.0,35.8,0.0,35.8,35.8,0.0,0.0,0.0,0.0,1.0,0.0,4.0
15942,134,1,337.44,1,1.0,337.44,0.0,0.0,0.0,1.0,337.44,0.0,337.44,337.44,0.0,0.0,0.0,0.0,14.0,0.0,232.0
15944,277,1,325.1,1,1.0,325.1,0.0,0.0,0.0,1.0,325.1,0.0,325.1,325.1,0.0,0.0,0.0,0.0,6.0,0.0,50.0
15945,365,1,181.0,1,1.0,181.0,0.0,0.0,0.0,1.0,181.0,0.0,181.0,181.0,0.0,0.0,0.0,0.0,2.0,0.0,52.0
15947,83,1,1708.24,1,1.0,1708.24,0.0,0.0,0.0,1.0,1708.24,0.0,1708.24,1708.24,0.0,0.0,0.0,0.0,29.0,0.0,898.0
15948,8,2,955.24,36,0.05555555555555555,26.534444444444446,35.0,0.0,35.0,1.0,477.62,235.6362637626051,644.24,311.0,0.4933551018856101,333.24,-333.24,0.48273935179436234,30.0,14.142135623730951,283.5
15949,17,2,364.72,55,0.03636363636363636,6.631272727272727,54.0,0.0,54.0,1.0,182.36,77.32919759056087,237.04000000000002,127.67999999999999,0.4240469269059051,109.36000000000003,-109.36000000000003,0.538643266959163,9.5,3.5355339059327378,142.0
15950,32,4,1744.71,328,0.012195121951219513,5.319237804878049,108.66666666666667,125.35682403975196,253.0,0.007914095717421635,436.1775,175.19458294041706,662.5600000000001,235.04000000000002,0.4016589185375611,427.52000000000004,-219.02500000000003,0.598627425827851,24.0,12.987173159185437,179.75
15951,9,2,708.22,277,0.007220216606498195,2.556750902527076,276.0,0.0,276.0,1.0,354.11,29.783337623577385,375.17,333.05,0.08410758697460502,42.120000000000005,-42.120000000000005,0.8877308953274515,20.5,2.1213203435596424,156.5
15952,34,4,781.91,192,0.020833333333333332,4.072447916666667,63.333333333333336,28.095076674273972,90.0,0.03437007611958643,195.47750000000002,80.02066290444404,249.44,76.55,0.4093599667708254,172.89,81.755,1.528816300129366,21.0,9.41629792788369,97.75
15953,15,8,1657.28,355,0.022535211267605635,4.668394366197183,50.0,47.187568984497034,146.0,0.020752240070913752,207.16,41.10905982870443,261.32,158.42,0.1984411074951942,102.9,2.299999999999983,1.0111645065773505,12.125,7.019106577254483,111.375
15955,24,14,4416.26,349,0.04011461318051576,12.654040114613181,26.46153846153846,38.71178843844035,129.0,0.02518143955037836,315.44714285714286,233.19510518773006,572.38,8.5,0.7392525513960276,563.88,-68.49142857142857,0.8041383254692894,13.071428571428571,10.571836938949458,152.5
15957,32,1,428.89,1,1.0,428.89,0.0,0.0,0.0,1.0,428.89,0.0,428.89,428.89,0.0,0.0,0.0,0.0,40.0,0.0,211.0
15958,74,1,104.35,1,1.0,104.35,0.0,0.0,0.0,1.0,104.35,0.0,104.35,104.35,0.0,0.0,0.0,0.0,7.0,0.0,33.0
15963,20,2,470.76,26,0.07692307692307693,18.106153846153845,25.0,0.0,25.0,1.0,235.38,63.15877769558243,280.04,190.72,0.2683268659001718,89.32000000000002,-89.32000000000002,0.6810455649192972,14.0,5.656854249492381,149.0
15965,17,4,808.87,351,0.011396011396011397,2.3044729344729347,116.33333333333333,192.04773712109534,338.0,0.005180065899310273,202.2175,187.17330318450865,469.63,32.5,0.9256038828712088,437.13,-221.38499999999996,0.29249624492665627,24.75,29.45476758240223,108.5
15967,23,2,397.68,296,0.006756756756756757,1.3435135135135134,295.0,0.0,295.0,1.0,198.84,52.241048994062126,235.78,161.9,0.26272907359717423,73.88,73.88,1.45633106856084,37.0,7.0710678118654755,102.5
15969,3,3,666.1,183,0.01639344262295082,3.639890710382514,91.0,62.22539674441618,135.0,0.015816429022065665,222.03333333333333,86.85058050084255,308.7,135.0,0.39116009833737825,173.7,-130.0,0.5788791707159054,6.666666666666667,3.0550504633038935,41.333333333333336
15970,304,1,314.1,1,1.0,314.09999999999997,0.0,0.0,0.0,1.0,314.09999999999997,0.0,314.09999999999997,314.09999999999997,0.0,0.0,0.0,0.0,11.0,0.0,116.0
15971,18,12,4199.85,294,0.04081632653061224,14.285204081632655,26.363636363636363,21.846156308480115,85.0,0.04377103905346286,349.9875,246.63206689409742,762.0,22.650000000000002,0.704688215705125,739.35,93.95833333333331,1.3100849811611341,2.9166666666666665,1.5642792899510294,143.08333333333334
15973,367,1,307.82000000000005,1,1.0,307.82000000000005,0.0,0.0,0.0,1.0,307.82000000000005,0.0,307.82000000000005,307.82000000000005,0.0,0.0,0.0,0.0,4.0,0.0,106.0
15974,39,7,3442.15,250,0.028,13.768600000000001,41.0,19.788885769542457,65.0,0.04810262613810153,491.7357142857143,202.54658030990822,769.24,147.95000000000002,0.4119013006897891,621.29,-57.33166666666682,0.8906920285480044,25.142857142857142,8.764104278791063,323.14285714285717
15975,84,1,371.01,1,1.0,371.01,0.0,0.0,0.0,1.0,371.01,0.0,371.01,371.01,0.0,0.0,0.0,0.0,24.0,0.0,243.0
15976,165,2,427.64,55,0.03636363636363636,7.775272727272727,54.0,0.0,54.0,1.0,213.82,5.416437943888962,217.65,209.99,0.025331764773589758,7.659999999999997,7.659999999999997,1.0364779275203582,48.0,2.8284271247461903,137.5
15977,17,2,1054.73,22,0.09090909090909091,47.94227272727273,21.0,0.0,21.0,1.0,527.365,242.86996613414348,699.1,355.63,0.4605348594126335,343.47,343.47,1.965807159126058,32.0,5.656854249492381,508.0
15978,77,1,1098.78,1,1.0,1098.78,0.0,0.0,0.0,1.0,1098.78,0.0,1098.78,1098.78,0.0,0.0,0.0,0.0,49.0,0.0,888.0
15980,89,3,2398.86,166,0.018072289156626505,14.450963855421685,82.5,116.67261889578035,165.0,0.008498153685911202,799.6199999999999,650.1378413844251,1468.58,170.1,0.8130585045201786,1298.48,59.15999999999997,1.0778236733405246,14.333333333333334,8.962886439832502,520.0
15981,25,8,3408.48,287,0.027874564459930314,11.876236933797909,40.57142857142857,17.31913337763703,60.0,0.05458773509563197,426.06,131.59574113820813,600.0,231.4,0.3088666881148386,368.6,41.02000000000004,1.1011465910491927,12.125,5.303300858899106,233.25
15983,22,4,1465.12,352,0.011363636363636364,4.162272727272728,116.66666666666667,191.6828978634592,338.0,0.005189874197909508,366.28000000000003,50.81188509263033,430.99,324.72,0.13872415936614155,106.26999999999998,-81.09000000000003,0.8006759663245867,27.25,3.593976442141304,221.5
15984,3,10,2780.63,366,0.0273224043715847,7.597349726775955,40.111111111111114,38.09017079393463,123.0,0.02558187850525236,278.063,184.50138373765955,648.78,104.95,0.6635236753457294,543.8299999999999,245.99399999999997,2.5863825725819973,24.0,32.37626016423488,181.5
15985,123,2,1142.42,114,0.017543859649122806,10.02122807017544,113.0,0.0,113.0,1.0,571.21,464.3853074764532,899.58,242.84,0.812985254943809,656.74,-656.74,0.2699481980479779,18.5,12.020815280171307,543.0
15986,30,1,168.12,1,1.0,168.12,0.0,0.0,0.0,1.0,168.12,0.0,168.12,168.12,0.0,0.0,0.0,0.0,14.0,0.0,268.0
15987,12,7,1432.77,357,0.0196078431372549,4.013361344537815,59.0,57.7408001330082,149.0,0.017023942434145876,204.68142857142857,153.36914470524718,403.05,9.36,0.7493065969672246,393.69,263.2608333333334,5.853032444389825,17.142857142857142,23.3054254872735,219.0
15988,19,1,156.78,1,1.0,156.78,0.0,0.0,0.0,1.0,156.78,0.0,156.78,156.78,0.0,0.0,0.0,0.0,26.0,0.0,180.0
15990,44,2,792.11,244,0.00819672131147541,3.2463524590163937,243.0,0.0,243.0,1.0,396.055,7.516545084012996,401.37,390.74,0.01897853854644682,10.629999999999995,-10.629999999999995,0.9735157086977103,26.0,4.242640687119285,221.5
15992,4,1,41.99,1,1.0,41.989999999999995,0.0,0.0,0.0,1.0,41.989999999999995,0.0,41.989999999999995,41.989999999999995,0.0,0.0,0.0,0.0,3.0,0.0,17.0
15993,9,7,2777.67,36,0.19444444444444445,77.1575,5.333333333333333,4.273952113286562,10.0,0.18961112625211746,396.81,254.96487418204623,856.24,16.5,0.6425364133515945,839.74,-304.30749999999995,0.46678202207814967,74.71428571428571,53.093358924678725,291.0
15994,55,1,414.27,1,1.0,414.27,0.0,0.0,0.0,1.0,414.27,0.0,414.27,414.27,0.0,0.0,0.0,0.0,31.0,0.0,173.0
15996,88,6,1032.58,278,0.02158273381294964,3.7143165467625896,55.4,33.33616654626023,98.0,0.029123810273133603,172.09666666666666,54.9317946790988,263.25,111.56,0.3191915087204796,151.69,-73.92000000000004,0.6464116587209208,21.0,7.9498427657407165,63.333333333333336
15998,37,5,3080.22,326,0.015337423312883436,9.448527607361962,80.75,21.406774628607646,99.0,0.04462935949394783,616.044,264.34904317965675,912.03,329.84,0.4291074065807909,582.19,-452.7766666666667,0.4899497959168347,99.8,34.1716256563834,406.4
16000,3,3,12393.7,1,3.0,12393.7,0.0,0.0,0.0,1.0,4131.233333333334,3649.466997156343,8345.2,2002.5,0.8833843800857717,6342.700000000001,-6320.950000000001,0.24256458802665004,3.0,3.4641016151377544,1703.3333333333333
16003,30,5,2735.37,330,0.015151515151515152,8.289,82.0,85.88752334691382,193.0,0.011509132283668887,547.074,411.7806368444247,1181.0,39.2,0.7526964119011774,1141.8,-550.46,0.37258790676468917,20.6,11.436782764396638,237.0
16005,12,4,578.71,259,0.015444015444015444,2.2344015444015444,86.0,85.01764522732913,170.0,0.01162552168636075,144.6775,17.970506160558383,161.18,120.49000000000001,0.12421078716841515,40.69,13.944999999999993,1.1012672016266656,49.0,18.01850900231944,70.0
16006,211,1,101.4,1,1.0,101.4,0.0,0.0,0.0,1.0,101.4,0.0,101.4,101.4,0.0,0.0,0.0,0.0,8.0,0.0,84.0
16007,48,4,1693.81,168,0.023809523809523808,10.082202380952381,55.333333333333336,49.57149718672347,112.0,0.01977398447010048,423.4525,228.59205547218824,750.04,216.1,0.5398292735836682,533.9399999999999,119.23499999999996,1.3277172344606758,93.25,43.66825696849677,347.0
16008,24,3,478.78,181,0.016574585635359115,2.6451933701657455,90.0,55.154328932550705,129.0,0.017808066074498752,159.59333333333333,28.040906428525687,191.56,139.15,0.17570224170929669,52.41,30.664999999999992,1.2203736974487962,11.0,5.0,107.66666666666667
16009,22,4,972.11,138,0.028985507246376812,7.0442753623188405,45.666666666666664,60.91250555783544,116.0,0.01615182572551279,243.0275,200.18060201977613,441.59000000000003,59.0,0.8236952691352877,382.59000000000003,-344.295,0.1707231890166797,19.75,24.998333277774073,91.5
16010,246,3,392.4,117,0.02564102564102564,3.3538461538461535,57.5,75.66042558696059,111.0,0.0130445401567154,130.79999999999998,28.6901986748088,163.55,110.1,0.21934402656581656,53.45000000000002,31.05000000000001,1.282016348773842,24.666666666666668,11.015141094572204,67.33333333333333
16011,8,16,3352.96,358,0.0446927374301676,9.365810055865921,23.4,13.968331529366193,51.0,0.06680771320692035,209.56,77.00278462497316,393.91999999999996,116.09,0.367449821649996,277.8299999999999,79.13000000000002,1.465484278949381,13.0,5.597618541248889,127.1875
16012,35,3,1415.29,120,0.025,11.794083333333333,59.5,47.37615433949868,93.0,0.0206713413592595,471.7633333333333,258.99923577750826,767.0699999999999,283.17,0.5490024711066458,483.8999999999999,160.07,1.4384878783728257,30.0,8.717797887081348,266.3333333333333
16013,4,47,37130.6,368,0.12771739130434784,100.8983695652174,7.673913043478261,9.681722408346076,35.0,0.09361786065687855,790.0127659574467,558.5937020212771,2251.2,40.8,0.7070692096276393,2210.3999999999996,457.14086956521726,1.8213402992816363,2.9361702127659575,3.358339751043849,330.5531914893617
16014,38,3,646.83,254,0.011811023622047244,2.5465748031496065,126.0,16.97056274847714,138.0,0.05564656009922349,215.61,72.1066071868591,260.75,132.45000000000002,0.33443071836584154,128.29999999999998,-57.02999999999997,0.7751448961085046,45.666666666666664,33.26158945891392,86.0
16015,4,3,704.55,46,0.06521739130434782,15.316304347826087,22.0,0.0,22.0,1.0,234.85,57.10121627426161,300.77,200.68,0.24313909420592553,100.08999999999997,-98.88,0.6712438075605944,58.666666666666664,20.55075018906447,302.3333333333333
16016,3,8,1465.51,364,0.02197802197802198,4.026126373626374,51.42857142857143,54.485035079543145,140.0,0.018022877674428856,183.18875,95.20171853753482,363.02,89.1,0.519691949082762,273.91999999999996,-29.15749999999997,0.852566776644292,26.75,16.394685550071227,75.25
16017,47,1,211.88,1,1.0,211.88,0.0,0.0,0.0,1.0,211.88,0.0,211.88,211.88,0.0,0.0,0.0,0.0,26.0,0.0,102.0
16018,39,2,408.9,142,0.014084507042253521,2.879577464788732,141.0,0.0,141.0,1.0,204.45,60.1747870789752,247.0,161.9,0.29432519970151727,85.1,85.1,1.525633106856084,14.0,1.4142135623730951,95.0
16019,47,9,3786.24,318,0.02830188679245283,11.906415094339621,39.25,32.44225639501667,95.0,0.029902288535441433,420.6933333333333,296.4518110081299,1129.35,100.8,0.7046743732761708,1028.55,-121.827,0.750546199129767,17.77777777777778,10.92906420717,192.55555555555554
16020,17,3,851.01,49,0.061224489795918366,17.367551020408165,24.0,33.94112549695428,48.0,0.028619570370942038,283.67,252.67814250544106,518.8,16.5,0.8907467920662778,502.29999999999995,-352.69499999999994,0.3201715497301465,15.333333333333334,12.897028081435403,162.33333333333334
16022,260,1,602.63,1,1.0,602.63,0.0,0.0,0.0,1.0,602.63,0.0,602.63,602.63,0.0,0.0,0.0,0.0,68.0,0.0,255.0
16023,46,3,719.81,221,0.013574660633484163,3.257058823529412,110.0,50.91168824543142,146.0,0.019263484463694105,239.9366666666667,74.71261763138362,322.85,177.84,0.31138474443832515,145.01000000000002,93.14500000000001,1.5237573099415205,33.666666666666664,8.736894948054106,119.33333333333333
16024,12,1,251.03,1,1.0,251.03,0.0,0.0,0.0,1.0,251.03,0.0,251.03,251.03,0.0,0.0,0.0,0.0,61.0,0.0,397.0
16025,30,1,439.66,1,1.0,439.65999999999997,0.0,0.0,0.0,1.0,439.65999999999997,0.0,439.65999999999997,439.65999999999997,0.0,0.0,0.0,0.0,28.0,0.0,338.0
16026,43,1,236.09,1,1.0,236.09,0.0,0.0,0.0,1.0,236.09,0.0,236.09,236.09,0.0,0.0,0.0,0.0,30.0,0.0,243.0
16027,92,6,934.62,211,0.02843601895734597,4.429478672985782,41.6,16.80178561939177,65.0,0.05617414013292487,155.77,85.74290407957966,320.52,79.2,0.5504455548538207,241.32,-32.90666666666664,0.8089302649660326,2.6666666666666665,1.505545305418162,191.16666666666666
16029,39,63,80850.84,336,0.1875,240.6275,5.096774193548387,6.072538771263912,23.0,0.14139194316799666,1283.3466666666666,1944.4487560654607,8142.75,90.0,1.5151391331509236,8052.75,192.90489919354832,1.1627390617439706,3.8095238095238093,2.1691171301762298,636.6349206349206
16030,310,1,331.24,1,1.0,331.24,0.0,0.0,0.0,1.0,331.24,0.0,331.24,331.24,0.0,0.0,0.0,0.0,28.0,0.0,283.0
16031,92,2,547.9,155,0.012903225806451613,3.534838709677419,154.0,0.0,154.0,1.0,273.95,44.80228565597963,305.63,242.27,0.16354183484570042,63.359999999999985,-63.359999999999985,0.7926905081307464,48.0,12.727922061357855,210.5
16033,6,20,8778.82,365,0.0547945205479452,24.051561643835615,18.68421052631579,11.304141972347754,42.0,0.08127344452359159,438.941,298.8153448272202,1171.59,19.8,0.6807642594955136,1151.79,276.20399999999995,1.9181123458062284,56.0,36.710818712285835,176.45
16034,196,3,437.7000000000001,137,0.021897810218978103,3.194890510948905,68.0,79.19595949289332,124.0,0.012469456146211661,145.9,7.961783719745214,153.6,137.7,0.05457014201333252,15.900000000000006,-11.549999999999983,0.9248046875000001,7.333333333333333,2.8867513459481287,80.66666666666667
16036,87,2,758.9200000000001,177,0.011299435028248588,4.287683615819209,176.0,0.0,176.0,1.0,379.46000000000004,269.73295275142044,570.19,188.73000000000002,0.7108336919607348,381.46000000000004,381.46000000000004,3.021194298733641,27.5,23.33452377915607,358.0
16037,270,3,855.02,89,0.033707865168539325,9.606966292134832,44.0,14.142135623730951,54.0,0.06604088253131131,285.00666666666666,28.993491223606263,303.00000000000006,251.56,0.10172916852333137,51.440000000000055,-23.17999999999995,0.9228516275044932,13.0,3.4641016151377544,142.66666666666666
16038,8,3,471.78,195,0.015384615384615385,2.4193846153846152,96.5,102.5304832720494,169.0,0.009658990940593578,157.26,138.29946963021948,316.95,76.38,0.8794319574603808,240.57,-239.535,0.24424988168480832,8.666666666666666,8.962886439832502,81.33333333333333
16040,65,3,1313.55,204,0.014705882352941176,6.438970588235294,101.0,26.870057685088806,120.0,0.03588080122758503,437.84999999999997,15.665516269820138,453.75,422.43,0.035778271713646545,31.319999999999993,23.129999999999995,1.054754633903842,21.666666666666668,2.5166114784235836,228.0
16041,31,3,3166.4,111,0.02702702702702703,28.526126126126126,55.0,77.78174593052023,110.0,0.012693295739877703,1055.4666666666667,882.8878599988412,2064.8,426.6,0.8364905192005191,1638.2000000000003,570.7,1.8454814814814815,2.0,1.7320508075688772,528.0
16042,22,5,1177.47,311,0.01607717041800643,3.7860771704180065,77.25,100.05123687391375,224.0,0.009895969915219799,235.494,188.23138853549375,415.53,24.95,0.7993043921946791,390.58,25.423333333333346,1.1154346773217096,14.0,10.198039027185569,148.6
16043,38,4,773.99,281,0.014234875444839857,2.7544128113879003,93.0,71.58212067269312,173.0,0.013777497691331861,193.4975,92.54866120947763,307.85,97.5,0.47829383433624534,210.35000000000002,-64.95500000000001,0.7125566987498617,9.75,5.439056290693573,125.75
16045,120,4,1340.7,171,0.023391812865497075,7.840350877192983,56.333333333333336,23.115651263447745,83.0,0.04146684611896452,335.175,221.77487271254756,664.45,196.8,0.6616688974790708,467.65000000000003,-190.9,0.5566908563134978,20.75,14.974979131871937,224.25
16048,373,2,256.44,1,2.0,256.44000000000005,0.0,0.0,0.0,1.0,128.22000000000003,174.20282661311788,251.40000000000003,5.04,1.3586244471464501,246.36000000000004,-246.36000000000004,0.020047732696897372,4.0,4.242640687119285,72.0
16049,40,3,1074.81,35,0.08571428571428572,30.70885714285714,17.0,22.627416997969522,33.0,0.04232371232479358,358.27,212.33981444844488,484.11,113.11,0.5926809792850222,371.0,-188.76,0.6100886162235856,93.0,51.39066063011839,254.33333333333334
16050,174,1,137.9,1,1.0,137.9,0.0,0.0,0.0,1.0,137.9,0.0,137.9,137.9,0.0,0.0,0.0,0.0,10.0,0.0,278.0
16052,54,1,362.06,1,1.0,362.06,0.0,0.0,0.0,1.0,362.06,0.0,362.06,362.06,0.0,0.0,0.0,0.0,34.0,0.0,282.0
16053,33,2,1511.95,90,0.022222222222222223,16.799444444444443,89.0,0.0,89.0,1.0,755.975,520.7346468692092,1124.19,387.76,0.6888252215605135,736.4300000000001,-736.4300000000001,0.3449239007641057,41.5,28.991378028648448,896.5
16054,145,1,783.9,1,1.0,783.9,0.0,0.0,0.0,1.0,783.9,0.0,783.9,783.9,0.0,0.0,0.0,0.0,70.0,0.0,380.0
16055,221,1,134.8,1,1.0,134.8,0.0,0.0,0.0,1.0,134.8,0.0,134.8,134.8,0.0,0.0,0.0,0.0,8.0,0.0,22.0
16056,45,1,650.75,1,1.0,650.75,0.0,0.0,0.0,1.0,650.75,0.0,650.75,650.75,0.0,0.0,0.0,0.0,66.0,0.0,345.0
16057,16,7,2263.12,269,0.026022304832713755,8.413085501858736,44.666666666666664,50.957498630394596,115.0,0.01924650005023549,323.30285714285714,292.9530102089347,718.89,34.8,0.9061256457733319,684.09,-52.285000000000025,0.8519593408460274,17.285714285714285,16.131896827034794,123.28571428571429
16059,66,6,1453.16,302,0.019867549668874173,4.811788079470199,59.8,37.05671329192593,92.0,0.026276572869790068,242.19333333333336,136.68276287325577,403.26,105.30000000000001,0.5643539439838245,297.96,57.05333333333337,1.2670202808112325,29.166666666666668,15.091940453986249,106.83333333333333
16062,10,4,1153.62,356,0.011235955056179775,3.2405056179775276,117.66666666666667,9.237604307034012,123.0,0.09767910245494876,288.405,79.27797907784147,375.48,199.96,0.2748842047739861,175.52,-1.3700000000000045,0.9952609913867654,16.0,6.48074069840786,200.0
16063,260,1,335.32,1,1.0,335.32,0.0,0.0,0.0,1.0,335.32,0.0,335.32,335.32,0.0,0.0,0.0,0.0,23.0,0.0,262.0
16065,365,1,367.14,1,1.0,367.14,0.0,0.0,0.0,1.0,367.14,0.0,367.14,367.14,0.0,0.0,0.0,0.0,71.0,0.0,228.0
16066,17,5,1521.04,108,0.046296296296296294,14.083703703703703,26.5,23.69950773047125,62.0,0.04048663685577513,304.20799999999997,84.27920959524954,390.85,176.7,0.27704468519976316,214.15000000000003,-59.76999999999998,0.8242420678095687,20.0,10.295630140987,187.0
16070,22,2,852.15,10,0.2,85.215,9.0,0.0,9.0,1.0,426.07500000000005,368.7915417278439,686.85,165.3,0.8655554579072788,521.55,-521.55,0.24066390041493776,16.5,3.5355339059327378,228.5
16071,45,1,326.24,1,1.0,326.24,0.0,0.0,0.0,1.0,326.24,0.0,326.24,326.24,0.0,0.0,0.0,0.0,21.0,0.0,180.0
16072,288,1,584.3199999999999,1,1.0,584.3199999999999,0.0,0.0,0.0,1.0,584.3199999999999,0.0,584.3199999999999,584.3199999999999,0.0,0.0,0.0,0.0,23.0,0.0,140.0
16073,297,1,122.4,1,1.0,122.4,0.0,0.0,0.0,1.0,122.4,0.0,122.4,122.4,0.0,0.0,0.0,0.0,1.0,0.0,48.0
16076,3,10,2234.73,206,0.04854368932038835,10.848203883495145,22.333333333333332,21.301408404140794,73.0,0.04484021734763289,223.473,116.66206705694873,418.34000000000003,51.84,0.5220409940214197,366.5,-96.24600000000001,0.6456280652145098,12.8,9.795690662508466,143.5
16078,284,1,79.2,1,1.0,79.2,0.0,0.0,0.0,1.0,79.2,0.0,79.2,79.2,0.0,0.0,0.0,0.0,1.0,0.0,16.0
16079,17,3,1352.0,24,0.125,56.333333333333336,11.5,6.363961030678928,16.0,0.13579648178933995,450.6666666666667,119.19178886707478,530.16,313.62,0.2644788214506097,216.53999999999996,-86.33000000000004,0.8301326197316122,7.0,3.4641016151377544,288.0
16080,82,2,217.16,193,0.010362694300518135,1.125181347150259,192.0,0.0,192.0,1.0,108.58,30.66015003224869,130.26,86.9,0.2823738260476026,43.359999999999985,-43.359999999999985,0.6671272838937511,5.0,0.0,64.0
16081,56,5,2799.42,311,0.01607717041800643,9.001350482315113,77.0,34.477045503735766,107.0,0.028187240109797167,559.884,593.2154338265315,1599.55,157.6,1.0595327493311677,1441.95,459.6983333333333,2.618285720991088,44.2,37.6390754402921,294.6
16083,101,2,1317.62,260,0.007692307692307693,5.067769230769231,259.0,0.0,259.0,1.0,658.81,453.7221372161601,979.64,337.98,0.6886995297827296,641.66,641.66,2.8985147050121305,15.5,2.1213203435596424,454.0
16084,299,1,436.18,1,1.0,436.18,0.0,0.0,0.0,1.0,436.18,0.0,436.18,436.18,0.0,0.0,0.0,0.0,38.0,0.0,216.0
16085,23,5,981.51,298,0.016778523489932886,3.2936577181208055,74.0,61.638732411798784,157.0,0.01596456316238669,196.302,71.54258256451189,294.61,120.33,0.36445162333808057,174.28000000000003,56.30333333333337,1.346439412585118,33.2,10.986355173577815,127.2
16086,59,5,1121.39,308,0.016233766233766232,3.6408766233766228,76.25,27.183021661814323,101.0,0.03548235572464956,224.27799999999996,89.84399685009566,312.64,101.19,0.4005921082321747,211.45,141.75500000000002,2.0181720237026397,7.8,1.7888543819998317,102.2
16091,155,2,315.06,44,0.045454545454545456,7.160454545454545,43.0,0.0,43.0,1.0,157.53,0.3959797974644682,157.81,157.25,0.0025136786482858387,0.5600000000000023,0.5600000000000023,1.0035612082670906,9.0,1.4142135623730951,77.0
16092,115,3,817.86,140,0.02142857142857143,5.841857142857143,69.0,18.384776310850235,82.0,0.051586873325965094,272.62,44.26737060183268,310.87,224.13,0.16237756071393397,86.74000000000001,-57.375,0.8154373210666839,17.0,3.0,209.33333333333334
16093,107,1,17.0,1,1.0,17.0,0.0,0.0,0.0,1.0,17.0,0.0,17.0,17.0,0.0,0.0,0.0,0.0,1.0,0.0,20.0
16094,12,4,1078.23,208,0.019230769230769232,5.183798076923077,69.0,105.13324878457813,190.0,0.009422118058684233,269.5575,147.9031832821728,431.56,77.64,0.5486888077021518,353.92,209.375,2.269939952689998,15.75,9.17877987534291,161.75
16096,264,1,320.62,1,1.0,320.62,0.0,0.0,0.0,1.0,320.62,0.0,320.62,320.62,0.0,0.0,0.0,0.0,12.0,0.0,155.0
16097,240,1,185.05,1,1.0,185.04999999999998,0.0,0.0,0.0,1.0,185.04999999999998,0.0,185.04999999999998,185.04999999999998,0.0,0.0,0.0,0.0,10.0,0.0,87.0
16098,88,7,2005.63,287,0.024390243902439025,6.988257839721255,47.0,18.93145530591877,74.0,0.05017195105181525,286.5185714285714,106.96885721688216,430.6,157.9,0.3733400480239003,272.70000000000005,-87.9341666666667,0.7388869642680391,9.428571428571429,2.439750182371333,87.57142857142857
16099,50,3,731.9,176,0.017045454545454544,4.158522727272728,87.5,0.7071067811865476,88.0,0.585786437626905,243.9666666666667,92.91438711703012,318.3,139.8,0.3808486970229407,178.5,-111.5,0.6497015394282124,13.0,6.0,144.66666666666666
16101,71,1,1290.7,1,1.0,1290.7,0.0,0.0,0.0,1.0,1290.7,0.0,1290.7,1290.7,0.0,0.0,0.0,0.0,76.0,0.0,757.0
16102,42,3,1842.14,87,0.034482758620689655,21.174022988505747,42.5,19.091883092036785,56.0,0.04977134275663489,614.0466666666667,202.24355053581647,839.76,449.3,0.3293618571918797,390.46,-338.56999999999994,0.596825283414309,19.0,11.532562594670797,314.0
16103,7,6,1429.64,227,0.02643171806167401,6.297973568281939,44.8,30.219199195213626,78.0,0.0320315711414313,238.27333333333334,120.72979792357259,351.14,16.5,0.5066861500387758,334.64,-60.29333333333335,0.7753768969028636,8.0,4.147288270665544,93.0
16104,62,1,298.21,1,1.0,298.21,0.0,0.0,0.0,1.0,298.21,0.0,298.21,298.21,0.0,0.0,0.0,0.0,28.0,0.0,122.0
16105,249,1,336.96,1,1.0,336.96,0.0,0.0,0.0,1.0,336.96,0.0,336.96,336.96,0.0,0.0,0.0,0.0,13.0,0.0,330.0
16106,66,1,108.38,1,1.0,108.38,0.0,0.0,0.0,1.0,108.38,0.0,108.38,108.38,0.0,0.0,0.0,0.0,6.0,0.0,74.0
16107,18,7,3204.1600000000003,166,0.04216867469879518,19.302168674698798,27.0,16.769019053003667,47.0,0.0562777268130038,457.7371428571429,120.37289308842,642.4200000000001,316.6,0.2629738376419842,325.82000000000005,-70.52999999999997,0.8583848686852462,4.428571428571429,2.699206232527312,168.0
16108,85,1,842.5,1,1.0,842.5,0.0,0.0,0.0,1.0,842.5,0.0,842.5,842.5,0.0,0.0,0.0,0.0,48.0,0.0,615.0
16109,219,2,611.88,90,0.022222222222222223,6.798666666666667,89.0,0.0,89.0,1.0,305.94,12.812774875100244,315.0,296.88,0.04188002508694595,18.120000000000005,-18.120000000000005,0.9424761904761905,9.0,8.48528137423857,306.0
16110,45,3,1320.95,267,0.011235955056179775,4.947378277153558,132.5,119.50104602052653,217.0,0.008298683148606502,440.31666666666666,186.9594133316997,642.77,274.18,0.4246021726750438,368.59,54.47500000000002,1.1348391089108911,111.33333333333333,34.50120770833006,240.0
16112,143,4,195.74,196,0.02040816326530612,0.9986734693877551,64.33333333333333,97.61830429449864,177.0,0.010140105400856952,48.935,22.999115200372376,72.0,23.04,0.4699931582787856,48.96,-38.269999999999996,0.43778463346555024,4.0,2.8284271247461903,143.5
16113,183,1,161.38,1,1.0,161.38,0.0,0.0,0.0,1.0,161.38,0.0,161.38,161.38,0.0,0.0,0.0,0.0,30.0,0.0,176.0
16114,171,1,135.75000000000003,1,1.0,135.75000000000003,0.0,0.0,0.0,1.0,135.75000000000003,0.0,135.75000000000003,135.75000000000003,0.0,0.0,0.0,0.0,8.0,0.0,43.0
16115,10,8,1660.88,283,0.028268551236749116,5.8688339222614845,39.857142857142854,13.031098334734637,62.0,0.0712702581183152,207.61,77.46194383603564,361.34,138.83,0.37311277797811104,222.50999999999996,89.43499999999997,1.5490430805592643,34.625,11.537980759214328,124.25
16116,212,1,612.78,1,1.0,612.78,0.0,0.0,0.0,1.0,612.78,0.0,612.78,612.78,0.0,0.0,0.0,0.0,34.0,0.0,248.0
16117,190,1,232.21,1,1.0,232.21,0.0,0.0,0.0,1.0,232.21,0.0,232.21,232.21,0.0,0.0,0.0,0.0,30.0,0.0,130.0
16119,8,2,423.36,65,0.03076923076923077,6.51323076923077,64.0,0.0,64.0,1.0,211.68,138.3100864000887,309.48,113.88000000000001,0.6533923204841681,195.60000000000002,-195.60000000000002,0.367972082202404,8.0,4.242640687119285,120.0
16120,59,4,1309.14,1,4.0,1309.14,0.0,0.0,0.0,1.0,327.285,454.4080510950483,996.84,17.1,1.388416979375921,979.74,-561.87,0.0762059781000296,7.0,8.755950357709132,219.5
16121,57,2,854.66,159,0.012578616352201259,5.375220125786164,158.0,0.0,158.0,1.0,427.33000000000004,199.9556555839319,568.72,285.94,0.4679186005755081,282.78000000000003,282.78000000000003,1.9889487305029028,92.0,45.254833995939045,288.0
16122,73,4,684.42,294,0.013605442176870748,2.3279591836734697,97.0,105.69768209379049,219.0,0.009372274827122952,171.10500000000002,87.73196053890508,300.42,105.72,0.5127375619584762,194.70000000000002,92.37000000000002,1.7394332372718542,9.5,6.137317546507322,282.0
16123,52,1,307.78000000000003,1,1.0,307.78000000000003,0.0,0.0,0.0,1.0,307.78000000000003,0.0,307.78000000000003,307.78000000000003,0.0,0.0,0.0,0.0,16.0,0.0,170.0
16124,317,1,249.0,1,1.0,249.0,0.0,0.0,0.0,1.0,249.0,0.0,249.0,249.0,0.0,0.0,0.0,0.0,11.0,0.0,48.0
16125,367,1,289.35,1,1.0,289.35,0.0,0.0,0.0,1.0,289.35,0.0,289.35,289.35,0.0,0.0,0.0,0.0,13.0,0.0,124.0
16126,29,4,6287.77,268,0.014925373134328358,23.461828358208958,88.66666666666667,20.81665999466133,112.0,0.0458365304425474,1571.9425,806.1446492772457,2581.07,891.35,0.5128334206100068,1689.7200000000003,1299.8850000000002,2.409853579175705,29.25,10.935416468216168,531.25
16127,39,1,656.25,1,1.0,656.25,0.0,0.0,0.0,1.0,656.25,0.0,656.25,656.25,0.0,0.0,0.0,0.0,40.0,0.0,323.0
16128,18,5,1880.22,265,0.018867924528301886,7.095169811320755,65.75,51.86119294167203,138.0,0.01891746940148357,376.044,203.56478693526537,717.36,189.64000000000001,0.5413323625300905,527.72,47.82333333333338,1.1376805335636486,17.8,12.397580409095962,197.6
16131,52,6,3506.54,189,0.031746031746031744,18.553121693121696,37.2,39.85849972088764,91.0,0.024474711671529658,584.4233333333334,486.31296300496314,1177.64,17.0,0.8321244811209279,1160.64,-338.82,0.5505372540349326,13.0,10.373041983911952,300.3333333333333
16133,4,33,14589.04,315,0.10476190476190476,46.314412698412696,9.375,10.941928826839119,42.0,0.083738566399134,442.0921212121212,372.358585965511,2210.05,79.19999999999999,0.8422646957484429,2130.8500000000004,-155.07768382352947,0.7029052872919767,10.242424242424242,6.169634830311592,269.3030303030303
16134,22,2,618.09,338,0.005917159763313609,1.8286686390532545,337.0,0.0,337.0,1.0,309.045,36.0836590439495,334.56,283.53000000000003,0.1167585919330502,51.02999999999997,51.02999999999997,1.17998095439636,17.5,2.1213203435596424,185.5
16135,263,1,517.55,1,1.0,517.55,0.0,0.0,0.0,1.0,517.55,0.0,517.55,517.55,0.0,0.0,0.0,0.0,21.0,0.0,209.0
16136,60,3,709.38,218,0.013761467889908258,3.2540366972477064,108.5,127.9863273947651,199.0,0.007752759693199737,236.46,147.68256227463013,406.74,143.34,0.6245562136286481,263.4,115.74000000000001,1.7265536723163841,12.333333333333334,8.386497083606084,146.66666666666666
16139,19,3,635.4100000000001,188,0.015957446808510637,3.379840425531915,93.5,0.7071067811865476,94.0,0.585786437626905,211.80333333333337,102.40842364441187,329.04,139.8,0.4835071385927756,189.24,108.005,1.7725679542203145,10.333333333333334,5.131601439446884,110.0
16140,66,2,725.1800000000001,306,0.006535947712418301,2.3698692810457516,305.0,0.0,305.0,1.0,362.59,337.2192239478645,601.04,124.14,0.9300290243742645,476.9,476.9,4.841630417270823,17.5,14.849242404917497,365.0
16141,88,1,620.4,1,1.0,620.4,0.0,0.0,0.0,1.0,620.4,0.0,620.4,620.4,0.0,0.0,0.0,0.0,30.0,0.0,238.0
16142,250,1,535.34,1,1.0,535.34,0.0,0.0,0.0,1.0,535.34,0.0,535.34,535.34,0.0,0.0,0.0,0.0,37.0,0.0,422.0
16143,3,6,2424.94,366,0.01639344262295082,6.62551912568306,72.6,39.291220393365236,104.0,0.02481930282173012,404.1566666666667,50.54111224208138,475.58000000000004,355.75,0.12505326872107692,119.83000000000004,-0.25333333333327346,0.9993733767572248,19.5,5.167204273105526,153.16666666666666
16144,247,1,175.2,1,1.0,175.2,0.0,0.0,0.0,1.0,175.2,0.0,175.2,175.2,0.0,0.0,0.0,0.0,1.0,0.0,16.0
16145,9,11,3799.49,352,0.03125,10.79400568181818,34.8,13.96662688936261,63.0,0.06681532234298836,345.4081818181818,52.604390846807036,490.17,302.78,0.15229630800841099,187.39000000000004,29.084333333333348,1.0882562975910146,20.363636363636363,2.975658826973525,283.90909090909093
16146,157,3,734.13,75,0.04,9.788400000000001,37.0,12.727922061357855,46.0,0.07284423640594942,244.71000000000004,157.3249144287071,385.69000000000005,75.0,0.642903495683491,310.69000000000005,-211.47000000000006,0.4517099224766003,9.666666666666666,9.018499505645789,142.33333333333334
16147,134,1,375.0,1,1.0,375.0,0.0,0.0,0.0,1.0,375.0,0.0,375.0,375.0,0.0,0.0,0.0,0.0,22.0,0.0,246.0
16148,296,1,76.32000000000001,1,1.0,76.32000000000001,0.0,0.0,0.0,1.0,76.32000000000001,0.0,76.32000000000001,76.32000000000001,0.0,0.0,0.0,0.0,1.0,0.0,72.0
16149,5,2,280.52,138,0.014492753623188406,2.032753623188406,137.0,0.0,137.0,1.0,140.26,33.12088163077788,163.68,116.84,0.2361391817394687,46.84,-46.84,0.7138318670576735,9.0,2.8284271247461903,154.0
16150,43,5,2053.02,330,0.015151515151515152,6.221272727272727,82.0,47.96526521001074,141.0,0.020422640329037862,410.604,104.21203543737164,571.0600000000001,304.49,0.2538018028011701,266.57000000000005,-119.39333333333337,0.7524192656491926,23.4,6.107372593840988,209.4
16152,269,1,1829.04,1,1.0,1829.04,0.0,0.0,0.0,1.0,1829.04,0.0,1829.04,1829.04,0.0,0.0,0.0,0.0,29.0,0.0,642.0
16153,50,5,1824.23,306,0.016339869281045753,5.961535947712418,76.0,44.27941583474952,137.0,0.022085090577351345,364.846,250.11651151013604,800.69,186.9,0.6855399579826448,613.7900000000001,273.15166666666676,2.359267829447721,17.8,9.06642156531451,214.6
16156,9,9,3092.04,303,0.0297029702970297,10.204752475247524,37.125,22.30590889043913,66.0,0.04290757355574464,343.56,167.35417062326232,680.28,34.68,0.4871177396182976,645.6,-2.8125,0.9918507196720006,14.11111111111111,7.114148656804349,141.44444444444446
16157,16,3,656.69,57,0.05263157894736842,11.520877192982457,28.0,28.284271247461902,48.0,0.03414802408943918,218.89666666666668,43.96477491507644,247.98000000000002,168.32,0.20084716494118887,79.66000000000003,75.86500000000001,1.4507188688212929,6.0,1.0,115.66666666666667
16159,282,1,348.2,1,1.0,348.2,0.0,0.0,0.0,1.0,348.2,0.0,348.2,348.2,0.0,0.0,0.0,0.0,14.0,0.0,236.0
16160,65,2,1025.44,21,0.09523809523809523,48.83047619047619,20.0,0.0,20.0,1.0,512.72,409.0188465095466,801.94,223.49999999999997,0.7977431083428511,578.44,-578.44,0.27869915455021566,10.0,7.0710678118654755,581.0
16161,2,19,5533.67,368,0.051630434782608696,15.037146739130435,19.833333333333332,14.681921656561574,52.0,0.06376769517794291,291.2457894736842,110.29364781324995,534.28,85.86,0.378696110980913,448.41999999999996,121.04522222222221,1.5319785725447301,24.736842105263158,9.943407113723131,135.94736842105263
16162,252,1,37.4,1,1.0,37.4,0.0,0.0,0.0,1.0,37.4,0.0,37.4,37.4,0.0,0.0,0.0,0.0,2.0,0.0,4.0
16163,232,2,856.6,133,0.015037593984962405,6.4406015037593995,132.0,0.0,132.0,1.0,428.30000000000007,18.80904037956216,441.6,415.00000000000006,0.04391557408256399,26.599999999999966,-26.599999999999966,0.9397644927536233,3.0,2.8284271247461903,96.0
16164,17,3,822.48,26,0.11538461538461539,31.633846153846154,12.5,7.7781745930520225,18.0,0.11391890072356342,274.16,52.625807357227316,334.90000000000003,242.22000000000003,0.19195290106954813,92.68,43.200000000000045,1.1760678187153573,11.0,3.605551275463989,144.33333333333334
16168,11,27,3787.6,360,0.075,10.52111111111111,13.384615384615385,13.83351559966424,50.0,0.0674149019685283,140.28148148148148,63.59739137754386,275.8,41.6,0.453355572709284,234.20000000000002,-25.006263736263747,0.8368245331482322,3.6296296296296298,2.15099526423947,70.07407407407408
16169,8,4,1822.97,68,0.058823529411764705,26.808382352941177,22.333333333333332,13.051181300301263,36.0,0.0711683935057161,455.7425,147.6011572617234,587.46,317.34000000000003,0.32386963529125196,270.12,6.685000000000002,1.0147767462422634,21.25,7.32006375199925,331.25
16170,51,6,1885.05,198,0.030303030303030304,9.520454545454545,38.8,20.668817092422103,61.0,0.04614926581985476,314.175,7.083086191766965,324.39,305.0,0.022545034429114236,19.389999999999986,-1.5633333333333326,0.9950363542074571,20.833333333333332,2.4832774042918904,295.0
16171,59,1,73.19999999999999,1,1.0,73.19999999999999,0.0,0.0,0.0,1.0,73.19999999999999,0.0,73.19999999999999,73.19999999999999,0.0,0.0,0.0,0.0,3.0,0.0,24.0
16172,95,5,1140.21,147,0.034013605442176874,7.756530612244898,36.0,27.215191835933595,65.0,0.03544189973312339,228.042,123.33962307385248,351.97,33.04,0.5408636263225742,318.93,-79.38833333333338,0.7120220065898852,13.8,7.694153624668538,157.4
16173,16,6,1418.32,83,0.07228915662650602,17.088192771084337,16.0,11.554220008291344,33.0,0.0796544906286139,236.38666666666666,121.87238090177227,429.38,109.19999999999999,0.515563684789493,320.18,-23.393333333333374,0.9057037285858245,14.0,7.694153624668538,95.83333333333333
16174,126,3,1009.55,26,0.11538461538461539,38.82884615384615,12.0,5.656854249492381,16.0,0.15022110482233483,336.51666666666665,41.41317222012018,383.2,304.2,0.12306425304379233,79.0,21.55000000000001,1.0668943038957008,7.666666666666667,8.962886439832502,217.0
16175,94,4,1037.59,146,0.0273972602739726,7.106780821917809,48.0,22.516660498395403,74.0,0.042523044463232025,259.39750000000004,45.675668486259354,300.7,194.12,0.17608368810901937,106.57999999999998,51.815,1.221915285451197,14.5,1.2909944487358056,133.25
16177,50,1,331.95,1,1.0,331.95,0.0,0.0,0.0,1.0,331.95,0.0,331.95,331.95,0.0,0.0,0.0,0.0,15.0,0.0,95.0
16178,138,1,197.9,1,1.0,197.9,0.0,0.0,0.0,1.0,197.9,0.0,197.9,197.9,0.0,0.0,0.0,0.0,8.0,0.0,94.0
16179,61,1,215.83,1,1.0,215.83,0.0,0.0,0.0,1.0,215.83,0.0,215.83,215.83,0.0,0.0,0.0,0.0,11.0,0.0,99.0
16180,100,8,10254.18,153,0.05228758169934641,67.02078431372549,21.428571428571427,11.816050423853463,39.0,0.07802715867431217,1281.7725,707.6632648926828,2317.0,413.88,0.5520974001959652,1903.12,1190.83,2.7349996175462494,20.25,11.145146285010606,733.375
16181,73,1,305.54,1,1.0,305.54,0.0,0.0,0.0,1.0,305.54,0.0,305.54,305.54,0.0,0.0,0.0,0.0,11.0,0.0,152.0
16182,72,4,6617.65,223,0.017937219730941704,29.67556053811659,73.66666666666667,17.009801096230767,91.0,0.05552532172103155,1654.4125,620.7332872968335,2327.0,825.0,0.375198620233366,1502.0,791.8249999999998,1.629181565355582,7.0,2.943920288775949,947.75
16183,67,1,338.71000000000004,1,1.0,338.71000000000004,0.0,0.0,0.0,1.0,338.71000000000004,0.0,338.71000000000004,338.71000000000004,0.0,0.0,0.0,0.0,15.0,0.0,113.0
16184,64,6,1158.79,148,0.04054054054054054,7.829662162162162,29.0,16.98528775146303,49.0,0.055601000874654014,193.13166666666666,92.12899509202664,315.98,105.0,0.4770268733352548,210.98000000000002,9.716666666666697,1.0516093622747071,7.5,3.7282703764614498,93.5
16185,17,2,529.41,216,0.009259259259259259,2.450972222222222,215.0,0.0,215.0,1.0,264.705,99.41214236701671,335.0,194.41,0.37555823413617695,140.59,-140.59,0.5803283582089552,15.5,4.949747468305833,130.0
16186,23,12,4006.94,350,0.03428571428571429,11.4484,31.363636363636363,35.418279820659635,130.0,0.027458737889995356,333.9116666666667,171.04994915538737,666.21,59.699999999999996,0.5122610745019013,606.51,40.593333333333305,1.1294368360356912,18.166666666666668,9.86115734802078,251.66666666666666
16187,32,15,6911.4400000000005,253,0.05928853754940711,27.31794466403162,17.5,14.96534458211833,44.0,0.06263566657496578,460.7626666666667,248.39316733375585,910.98,63.9,0.5390913485476743,847.08,176.9728571428571,1.4830346559361156,19.666666666666668,12.210456096937497,336.53333333333336
16188,45,4,981.86,199,0.020100502512562814,4.933969849246231,65.66666666666667,43.3628104870214,96.0,0.022541403238925898,245.465,116.55045902955509,414.12,151.65,0.47481497985274923,262.47,-74.83999999999997,0.7354401965462998,16.75,9.17877987534291,195.5
16189,16,2,215.48,70,0.02857142857142857,3.0782857142857143,69.0,0.0,69.0,1.0,107.74,51.95820628158751,144.48,71.0,0.4822554880414657,73.47999999999999,-73.47999999999999,0.49141749723145073,5.5,0.7071067811865476,67.0
16190,40,1,215.08,1,1.0,215.08,0.0,0.0,0.0,1.0,215.08,0.0,215.08,215.08,0.0,0.0,0.0,0.0,6.0,0.0,88.0
16191,3,13,5180.52,358,0.036312849162011177,14.47072625698324,29.416666666666668,58.27124401270217,210.0,0.016871587844278994,398.5015384615385,240.92453482526273,927.4,14.750000000000002,0.6045761724167488,912.65,274.327619047619,2.093868436842545,10.307692307692308,10.842698121966809,257.7692307692308
16193,237,1,314.45,1,1.0,314.45,0.0,0.0,0.0,1.0,314.45,0.0,314.45,314.45,0.0,0.0,0.0,0.0,19.0,0.0,219.0
16198,75,1,400.681,1,1.0,400.68100000000004,0.0,0.0,0.0,1.0,400.68100000000004,0.0,400.68100000000004,400.68100000000004,0.0,0.0,0.0,0.0,15.0,0.0,129.0
16200,4,2,1068.87,160,0.0125,6.680437499999999,159.0,0.0,159.0,1.0,534.435,22.818335828889918,550.57,518.3,0.04269618537126109,32.270000000000095,-32.270000000000095,0.9413880160560871,81.0,32.526911934581186,258.0
16201,3,4,1863.47,107,0.037383177570093455,17.415607476635515,35.0,25.357444666211933,64.0,0.037939944962946934,465.8675,114.65537968916531,571.24,303.8,0.24611156538965545,267.44,148.90499999999992,1.3804274235785545,27.75,5.852349955359813,321.5
16202,361,1,365.27,1,1.0,365.27,0.0,0.0,0.0,1.0,365.27,0.0,365.27,365.27,0.0,0.0,0.0,0.0,18.0,0.0,191.0
16203,59,4,592.9,314,0.012738853503184714,1.888216560509554,103.66666666666667,35.21836642056717,144.0,0.02761030103865022,148.225,65.05076863496694,214.6,60.0,0.438865027053243,154.6,-21.849999999999966,0.8627081369776942,8.75,3.304037933599835,65.5
16204,23,1,384.18,1,1.0,384.18,0.0,0.0,0.0,1.0,384.18,0.0,384.18,384.18,0.0,0.0,0.0,0.0,45.0,0.0,218.0
16205,31,4,757.63,149,0.026845637583892617,5.084765100671141,49.333333333333336,55.58177159225255,112.0,0.017673536403319774,189.4075,99.35774533640209,319.4,111.08,0.5245713360685406,208.32,-52.935,0.7547886508396062,23.25,18.409689477736084,129.0
16206,55,4,537.0600000000001,273,0.014652014652014652,1.967252747252747,90.0,25.238858928247925,118.0,0.03811141340919485,134.265,18.260190762055768,161.3,121.11,0.13600112286936855,40.19000000000001,-20.22,0.8599480519480519,15.5,6.60807586719967,68.0
16207,25,1,394.38,1,1.0,394.38,0.0,0.0,0.0,1.0,394.38,0.0,394.38,394.38,0.0,0.0,0.0,0.0,19.0,0.0,140.0
16208,45,2,664.26,245,0.00816326530612245,2.7112653061224488,244.0,0.0,244.0,1.0,332.13,233.9957760302523,497.59000000000003,166.67000000000002,0.7045306838594897,330.92,-330.92,0.33495448059647503,32.5,10.606601717798213,166.5
16209,89,5,2262.62,158,0.03164556962025317,14.320379746835442,39.0,25.468935326524086,60.0,0.0377801368911849,452.524,497.5685203366467,1336.2,145.72,1.0995406217938644,1190.48,280.8233333333333,1.9887101127815137,9.2,5.495452665613635,235.8
16210,2,18,21086.3,373,0.04825737265415549,56.53163538873996,21.41176470588235,28.348410060198727,96.0,0.03407339606979816,1171.4611111111112,986.0091446353707,3599.4,10.0,0.8416917431430204,3589.4,-11.124444444444634,0.9905486627754947,6.833333333333333,4.488547518243447,419.94444444444446
16211,89,1,547.02,1,1.0,547.02,0.0,0.0,0.0,1.0,547.02,0.0,547.02,547.02,0.0,0.0,0.0,0.0,23.0,0.0,154.0
16212,19,2,690.34,265,0.007547169811320755,2.605056603773585,264.0,0.0,264.0,1.0,345.17,216.3463907718361,498.15000000000003,192.19,0.62678213857472,305.96000000000004,-305.96000000000004,0.3858074877045066,20.5,13.435028842544403,122.0
16213,79,1,159.0,1,1.0,159.0,0.0,0.0,0.0,1.0,159.0,0.0,159.0,159.0,0.0,0.0,0.0,0.0,6.0,0.0,48.0
16214,171,3,1062.75,99,0.030303030303030304,10.734848484848484,49.0,46.66904755831214,82.0,0.020977973154943562,354.25,171.87380515948325,542.97,206.7,0.48517658478329784,336.27000000000004,-283.08000000000004,0.47864522901817774,14.666666666666666,13.428824718989125,140.0
16215,81,1,242.35,1,1.0,242.35,0.0,0.0,0.0,1.0,242.35,0.0,242.35,242.35,0.0,0.0,0.0,0.0,14.0,0.0,104.0
16216,267,1,914.93,1,1.0,914.9300000000001,0.0,0.0,0.0,1.0,914.9300000000001,0.0,914.9300000000001,914.9300000000001,0.0,0.0,0.0,0.0,37.0,0.0,254.0
16217,235,2,304.25,47,0.0425531914893617,6.473404255319149,46.0,0.0,46.0,1.0,152.125,43.66384373826929,183.0,121.25000000000001,0.2870260886656979,61.749999999999986,-61.749999999999986,0.6625683060109291,7.5,4.949747468305833,45.5
16218,30,7,3084.68,344,0.020348837209302327,8.967093023255813,57.0,42.68957718225843,118.0,0.022888754355033732,440.6685714285714,255.5451020484493,925.16,116.0,0.579903171265462,809.16,-169.60666666666668,0.684503583918252,12.0,8.698658900466592,298.2857142857143
16221,37,3,860.86,331,0.00906344410876133,2.600785498489426,165.0,104.65180361560904,239.0,0.00946505374994147,286.9533333333333,224.08234877681315,545.49,148.63,0.7809017103018371,396.86,180.32,2.08144416456759,31.333333333333332,26.857649437978246,238.0
16222,318,1,773.55,1,1.0,773.55,0.0,0.0,0.0,1.0,773.55,0.0,773.55,773.55,0.0,0.0,0.0,0.0,120.0,0.0,325.0
16224,57,4,1295.3,193,0.02072538860103627,6.711398963730571,63.666666666666664,48.01388688008224,99.0,0.02040238111387917,323.82500000000005,112.98036894375353,429.42,167.47,0.3488932878676863,261.95000000000005,104.44,1.3845290035161355,24.0,7.659416862050705,279.0
16225,45,5,1096.32,233,0.02145922746781116,4.705236051502146,57.5,52.494444150468595,104.0,0.0186935300643037,219.26399999999998,115.53506060932325,353.08,89.70000000000002,0.5269221605431045,263.38,18.265000000000015,1.087683925013802,26.2,27.725439581727105,98.6
16226,203,3,255.12,33,0.09090909090909091,7.730909090909091,15.5,16.263455967290593,27.0,0.05792582909787702,85.04,61.599909090842004,130.8,15.0,0.7243639356872296,115.80000000000001,-68.64000000000001,0.4752293577981651,2.6666666666666665,1.5275252316519465,64.0
16227,225,1,314.22,1,1.0,314.22,0.0,0.0,0.0,1.0,314.22,0.0,314.22,314.22,0.0,0.0,0.0,0.0,6.0,0.0,90.0
16229,87,2,1010.6,126,0.015873015873015872,8.02063492063492,125.0,0.0,125.0,1.0,505.29999999999995,208.0308150250823,652.4,358.2,0.41169763511791474,294.2,294.2,1.8213288665549972,23.5,16.263455967290593,159.0
16230,190,2,542.03,31,0.06451612903225806,17.48483870967742,30.0,0.0,30.0,1.0,271.015,6.950859659063731,275.93,266.1,0.025647509027410777,9.829999999999984,-9.829999999999984,0.9643750226506723,17.5,2.1213203435596424,182.5
16232,44,4,990.88,172,0.023255813953488372,5.760930232558139,56.666666666666664,51.032669275017675,99.0,0.01921869498400167,247.71999999999997,83.93909260092501,358.57,173.12,0.338846651868743,185.45,128.96999999999997,1.703850246950637,9.25,2.753785273643051,137.5
16233,71,3,536.6800000000001,296,0.010135135135135136,1.8131081081081084,147.0,156.97770542341354,258.0,0.006330007119167792,178.89333333333335,31.390510243277888,210.18,147.39999999999998,0.17547054246447352,62.78000000000003,47.24000000000004,1.3204884667571237,7.333333333333333,5.507570547286102,58.0
16235,41,5,867.3100000000001,292,0.017123287671232876,2.9702397260273976,72.5,39.90405159045048,109.0,0.024447455963835657,173.46200000000002,119.23121977904947,320.83,10.0,0.687362187562979,310.83,2.0533333333333417,1.011922042230351,9.2,5.932958789676531,66.0
16236,78,1,432.2,1,1.0,432.2,0.0,0.0,0.0,1.0,432.2,0.0,432.2,432.2,0.0,0.0,0.0,0.0,20.0,0.0,184.0
16239,57,2,414.2,133,0.015037593984962405,3.1142857142857143,132.0,0.0,132.0,1.0,207.1,199.1212695821318,347.9,66.3,0.9614740201937798,281.59999999999997,-281.59999999999997,0.19057200344926703,9.5,7.7781745930520225,114.0
16240,24,2,3718.8,54,0.037037037037037035,68.86666666666667,53.0,0.0,53.0,1.0,1859.4,48.945931393732764,1894.01,1824.79,0.0263235083326518,69.22000000000003,69.22000000000003,1.037933132031631,67.5,10.606601717798213,820.5
16241,10,13,2590.31,361,0.036011080332409975,7.1753739612188365,29.666666666666668,22.772923848422725,91.0,0.04206466172928693,199.2546153846154,136.47311454491594,599.5500000000001,34.0,0.6849182102080088,565.5500000000001,-0.9695238095237642,0.9951469617263089,50.15384615384615,30.074480194582897,111.0
16242,8,7,3579.86,269,0.026022304832713755,13.308029739776952,44.333333333333336,33.41057716751788,99.0,0.02906083193931305,511.40857142857146,258.48602182894217,827.42,181.54,0.505439361540003,645.88,401.1208333333332,2.4214230028703385,40.714285714285715,18.291293791621975,281.2857142857143
16243,34,2,409.1,22,0.09090909090909091,18.595454545454547,21.0,0.0,21.0,1.0,204.55,14.707821048680186,214.95,194.15,0.07190330505343527,20.799999999999983,-20.799999999999983,0.9032333100721098,25.5,12.020815280171307,55.0
16244,212,2,1522.75,161,0.012422360248447204,9.45807453416149,160.0,0.0,160.0,1.0,761.375,417.5536253584682,1056.63,466.12,0.5484204568819152,590.5100000000001,-590.5100000000001,0.4411383360305878,45.5,24.748737341529164,427.5
16245,24,3,1413.66,234,0.01282051282051282,6.041282051282051,116.5,26.16295090390226,135.0,0.036814851359037684,471.22,164.79771721719936,643.96,315.72,0.349725642411611,328.24,25.860000000000014,1.0569628618000793,30.0,9.0,338.0
16247,170,1,114.56,1,1.0,114.56,0.0,0.0,0.0,1.0,114.56,0.0,114.56,114.56,0.0,0.0,0.0,0.0,16.0,0.0,182.0
16248,62,1,152.94,1,1.0,152.94,0.0,0.0,0.0,1.0,152.94,0.0,152.94,152.94,0.0,0.0,0.0,0.0,7.0,0.0,78.0
16249,53,5,1800.07,187,0.026737967914438502,9.626042780748664,46.0,18.31210892642716,63.0,0.05178098382779809,360.014,276.2201049525541,814.83,88.5,0.7672482318814104,726.33,-250.41833333333335,0.5092386635702363,13.8,8.613942186943213,190.0
16250,261,2,389.44,113,0.017699115044247787,3.4463716814159295,112.0,0.0,112.0,1.0,194.72000000000003,44.43459012976266,226.14000000000001,163.3,0.22819736097864962,62.84,-62.84,0.7221190413018485,12.0,2.8284271247461903,104.0
16253,67,2,3683.86,189,0.010582010582010581,19.491322751322752,188.0,0.0,188.0,1.0,1841.93,200.1536454826641,1983.46,1700.4,0.10866517483436618,283.05999999999995,283.05999999999995,1.16646671371442,61.5,12.020815280171307,1616.5
16255,17,8,2619.91,349,0.022922636103151862,7.506905444126074,49.142857142857146,31.291258478093482,100.0,0.030968133393698607,327.48875,98.97255657684681,438.76,168.46,0.3022166611123186,270.29999999999995,124.14249999999993,1.4677253760584736,33.625,7.854707414756361,220.875
16256,267,1,752.4300000000001,1,1.0,752.4300000000001,0.0,0.0,0.0,1.0,752.4300000000001,0.0,752.4300000000001,752.4300000000001,0.0,0.0,0.0,0.0,13.0,0.0,581.0
16257,177,1,46.95,1,1.0,46.95,0.0,0.0,0.0,1.0,46.95,0.0,46.95,46.95,0.0,0.0,0.0,0.0,2.0,0.0,2.0
16258,45,5,5203.51,174,0.028735632183908046,29.905229885057473,43.0,30.199337741083,81.0,0.03205196239416355,1040.702,287.0985327722871,1462.45,754.8000000000001,0.2758700692150943,707.65,206.62000000000012,1.2253880640973898,27.0,15.016657417681207,598.8
16260,51,1,1035.45,1,1.0,1035.45,0.0,0.0,0.0,1.0,1035.45,0.0,1035.45,1035.45,0.0,0.0,0.0,0.0,18.0,0.0,311.0
16261,17,4,728.54,229,0.017467248908296942,3.1813973799126636,75.66666666666667,49.903239707791855,132.0,0.019645115040623398,182.135,51.21881457693713,252.52,134.15,0.281213465709156,118.37,-45.72,0.7769701700041465,28.75,14.291605927956454,75.25
16265,9,9,5447.0,356,0.025280898876404494,15.30056179775281,44.25,32.683547630486586,102.0,0.029688084253183346,605.2222222222222,213.91605495952012,802.65,188.98,0.35345043044532426,613.67,-9.877999999999929,0.9838253835699433,28.666666666666668,12.041594578792296,294.0
16266,74,7,861.89,133,0.05263157894736842,6.480375939849624,21.666666666666668,17.14253967960018,42.0,0.05511907470840035,123.12714285714286,19.892380211432478,161.9,100.77,0.16155966710372247,61.13000000000001,-1.4341666666666697,0.988429163080895,8.571428571428571,3.4572215654165053,56.857142857142854
16268,71,2,667.65,1,2.0,667.65,0.0,0.0,0.0,1.0,333.825,226.18224609814095,493.76,173.89,0.6775473559444048,319.87,-319.87,0.3521751458198315,22.5,19.091883092036785,266.5
16270,353,1,1141.24,1,1.0,1141.24,0.0,0.0,0.0,1.0,1141.24,0.0,1141.24,1141.24,0.0,0.0,0.0,0.0,54.0,0.0,688.0
16271,3,5,1404.64,356,0.014044943820224719,3.94561797752809,88.5,95.60509051997877,215.0,0.01035142138594851,280.928,208.9228249138902,521.21,15.0,0.7436881511059424,506.21000000000004,-5.961666666666645,0.9790454766465734,25.4,21.23205124334434,204.8
16272,117,1,411.7,1,1.0,411.7,0.0,0.0,0.0,1.0,411.7,0.0,411.7,411.7,0.0,0.0,0.0,0.0,25.0,0.0,224.0
16274,373,1,351.75,1,1.0,351.75,0.0,0.0,0.0,1.0,351.75,0.0,351.75,351.75,0.0,0.0,0.0,0.0,64.0,0.0,153.0
16275,197,1,559.87,1,1.0,559.87,0.0,0.0,0.0,1.0,559.87,0.0,559.87,559.87,0.0,0.0,0.0,0.0,33.0,0.0,336.0
16276,177,1,810.6,1,1.0,810.6,0.0,0.0,0.0,1.0,810.6,0.0,810.6,810.6,0.0,0.0,0.0,0.0,6.0,0.0,420.0
16278,100,1,566.38,1,1.0,566.38,0.0,0.0,0.0,1.0,566.38,0.0,566.38,566.38,0.0,0.0,0.0,0.0,23.0,0.0,114.0
16279,21,3,1502.78,156,0.019230769230769232,9.63320512820513,77.0,16.97056274847714,89.0,0.05564656009922349,500.92666666666673,240.49099802972526,778.6,359.08000000000004,0.4800922251355326,419.52,212.76999999999998,1.5925420519104376,35.333333333333336,16.772994167212165,348.6666666666667
16281,72,1,2062.06,1,1.0,2062.06,0.0,0.0,0.0,1.0,2062.06,0.0,2062.06,2062.06,0.0,0.0,0.0,0.0,17.0,0.0,934.0
16282,340,1,168.3,1,1.0,168.3,0.0,0.0,0.0,1.0,168.3,0.0,168.3,168.3,0.0,0.0,0.0,0.0,11.0,0.0,114.0
16283,6,5,1570.81,203,0.024630541871921183,7.737980295566502,50.0,13.341664064126334,62.0,0.06972691561653295,314.162,248.1717509508284,743.79,109.97999999999999,0.789948341781719,633.81,126.62833333333333,1.5316385722582586,33.0,25.622255950637914,247.2
16284,31,2,812.68,20,0.1,40.634,19.0,0.0,19.0,1.0,406.34000000000003,22.754696218583085,422.43,390.25,0.05599915395625113,32.18000000000001,32.18000000000001,1.0824599615631005,48.5,3.5355339059327378,267.5
16287,170,1,142.5,1,1.0,142.5,0.0,0.0,0.0,1.0,142.5,0.0,142.5,142.5,0.0,0.0,0.0,0.0,8.0,0.0,298.0
16292,122,1,302.25,1,1.0,302.25,0.0,0.0,0.0,1.0,302.25,0.0,302.25,302.25,0.0,0.0,0.0,0.0,17.0,0.0,191.0
16293,22,10,2248.99,346,0.028901734104046242,6.499971098265896,38.111111111111114,44.57982852267504,115.0,0.021939529665025406,224.89900000000003,124.44143151164191,378.75,65.75,0.5533214087730132,313.0,-103.69399999999996,0.6253098509102211,11.8,6.62989860824097,98.2
16295,10,4,1328.55,55,0.07272727272727272,24.155454545454546,18.0,14.422205101855956,34.0,0.06484157054036695,332.1375,22.061006889985773,355.9,302.56,0.06642130710921162,53.339999999999975,-28.024999999999977,0.9190379893109925,19.75,2.2173557826083456,210.25
16297,269,1,301.9,1,1.0,301.9,0.0,0.0,0.0,1.0,301.9,0.0,301.9,301.9,0.0,0.0,0.0,0.0,20.0,0.0,206.0
16298,23,3,598.2,165,0.01818181818181818,3.625454545454546,81.5,74.24621202458749,134.0,0.013289705529272881,199.4,73.7485701556308,244.66,114.30000000000001,0.36985240800216046,130.35999999999999,127.64999999999998,2.116797900262467,9.0,3.4641016151377544,66.0
16302,127,1,233.22,1,1.0,233.22,0.0,0.0,0.0,1.0,233.22,0.0,233.22,233.22,0.0,0.0,0.0,0.0,11.0,0.0,158.0
16303,26,3,5360.63,308,0.00974025974025974,17.404642857142857,153.0,90.50966799187809,217.0,0.010927807104367974,1786.8766666666668,1256.5540774806843,3209.15,827.1800000000001,0.7032125389071905,2381.9700000000003,1439.5449999999998,2.740304407746802,54.0,34.655446902326915,886.3333333333334
16305,139,1,361.22,1,1.0,361.22,0.0,0.0,0.0,1.0,361.22,0.0,361.22,361.22,0.0,0.0,0.0,0.0,22.0,0.0,256.0
16306,214,6,632.27,154,0.03896103896103896,4.10564935064935,30.4,31.357614705203584,80.0,0.030904626595951928,105.37833333333333,128.59672319568128,335.3,5.1,1.2203336219875807,330.2,-174.94333333333333,0.09285282170944603,6.833333333333333,7.386925386564201,81.16666666666667
16308,38,4,2560.0,224,0.017857142857142856,11.428571428571429,74.0,33.18132004607411,109.0,0.029255745496431017,640.0,261.2789058968723,960.0,320.0,0.40824829046386296,640.0,320.0,1.6666666666666667,1.0,0.0,2000.0
16309,106,2,706.57,135,0.014814814814814815,5.233851851851852,134.0,0.0,134.0,1.0,353.28499999999997,26.99026583789055,372.37,334.2,0.0763979954934134,38.170000000000016,38.170000000000016,1.1142130460801916,21.0,0.0,233.5
16311,18,2,616.26,32,0.0625,19.258125,31.0,0.0,31.0,1.0,308.13,132.11583099689454,401.55,214.71,0.42876653035048373,186.84,-186.84,0.5347030257751214,18.5,6.363961030678928,197.0
16313,3,2,274.15000000000003,47,0.0425531914893617,5.8329787234042545,46.0,0.0,46.0,1.0,137.075,43.19715326268618,167.62,106.53,0.3151351687958138,61.09,-61.09,0.6355446844052023,8.0,2.8284271247461903,82.5
16315,331,1,226.37,1,1.0,226.37,0.0,0.0,0.0,1.0,226.37,0.0,226.37,226.37,0.0,0.0,0.0,0.0,14.0,0.0,75.0
16316,64,8,2938.91,294,0.027210884353741496,9.996292517006802,41.57142857142857,39.48779196518481,92.0,0.024698803057966054,367.36375,335.56216941286965,806.05,17.0,0.9134329922668464,789.05,160.2425,1.5578648702751159,18.875,16.822073084407368,185.5
16317,120,3,1341.65,178,0.016853932584269662,7.537359550561798,88.5,65.76093065034893,135.0,0.014978820550560637,447.2166666666667,131.89778100230998,570.76,308.31,0.2949303790160846,262.45,-185.315,0.6753188730815054,23.0,7.54983443527075,296.6666666666667
16318,35,1,328.15000000000003,1,1.0,328.15000000000003,0.0,0.0,0.0,1.0,328.15000000000003,0.0,328.15000000000003,328.15000000000003,0.0,0.0,0.0,0.0,19.0,0.0,199.0
16319,218,1,404.4,1,1.0,404.40000000000003,0.0,0.0,0.0,1.0,404.40000000000003,0.0,404.40000000000003,404.40000000000003,0.0,0.0,0.0,0.0,3.0,0.0,72.0
16320,172,2,1038.46,41,0.04878048780487805,25.32829268292683,40.0,0.0,40.0,1.0,519.23,471.5695123733086,852.6800000000001,185.78,0.9082092952512539,666.9000000000001,-666.9000000000001,0.21787775015246047,28.0,26.870057685088806,366.0
16321,72,5,373.65,252,0.01984126984126984,1.482738095238095,62.5,113.31813623599712,232.0,0.008747518398442141,74.72999999999999,8.087073018094983,87.75,67.95,0.10821722224133527,19.799999999999997,-5.200000000000003,0.9332048811817597,2.4,0.8944271909999159,27.0
16322,1,2,326.75,36,0.05555555555555555,9.07638888888889,35.0,0.0,35.0,1.0,163.375,70.2934851177547,213.08,113.67,0.4302585164055376,99.41000000000001,-99.41000000000001,0.5334616106626618,17.5,12.020815280171307,115.5
16323,196,1,207.50000000000003,1,1.0,207.50000000000003,0.0,0.0,0.0,1.0,207.50000000000003,0.0,207.50000000000003,207.50000000000003,0.0,0.0,0.0,0.0,1.0,0.0,50.0
16324,128,3,408.59,49,0.061224489795918366,8.338571428571429,24.0,33.94112549695428,48.0,0.028619570370942038,136.1966666666667,123.77878708944168,249.27,3.95,0.9088239097097947,245.32000000000002,-28.760000000000005,0.8148934800798094,36.0,31.0,90.0
16325,47,3,594.24,199,0.01507537688442211,2.986130653266332,99.0,12.727922061357855,108.0,0.07284423640594942,198.08,24.316883023940388,225.20000000000002,178.22,0.12276293933734041,46.98000000000002,10.889999999999986,1.0570694895713237,6.0,1.7320508075688772,64.66666666666667
16326,6,14,3039.2200000000003,329,0.0425531914893617,9.237750759878418,24.923076923076923,25.078083188518544,99.0,0.03834637664014632,217.08714285714285,75.41924610811542,371.33,101.10000000000001,0.3474146147740591,270.22999999999996,86.88285714285712,1.5003455311307092,20.714285714285715,9.514592609642966,48.714285714285715
16327,14,6,3820.27,356,0.016853932584269662,10.731095505617978,70.4,28.430617298961344,118.0,0.033978220362890305,636.7116666666667,72.65423577924871,729.07,535.6,0.1141085354374147,193.47000000000003,113.04333333333341,1.1948384724544259,52.333333333333336,16.548917386544254,426.6666666666667
16330,18,3,251.91,95,0.031578947368421054,2.651684210526316,47.0,66.46803743153546,94.0,0.014821833242367098,83.97,103.07994324794711,202.95,21.6,1.227580603167168,181.35,93.555,5.33125,13.0,7.810249675906654,49.0
16332,28,7,1582.8,278,0.025179856115107913,5.693525179856115,45.5,55.41389717390395,153.0,0.017726128668568247,226.1142857142857,124.93444532462387,466.12,122.3,0.5525278729292186,343.82,15.500833333333333,1.0713480215413413,21.285714285714285,9.086882225022428,113.85714285714286
16333,8,22,26626.8,303,0.07260726072607261,87.87722772277228,14.047619047619047,17.574060972001295,68.0,0.053838522523825504,1210.3090909090909,1261.6960976887199,5727.0,177.60000000000002,1.0424577549368246,5549.4,650.4218181818183,1.734858382429068,2.0454545454545454,1.3965015038360862,1462.909090909091
16337,37,1,151.05,1,1.0,151.05,0.0,0.0,0.0,1.0,151.05,0.0,151.05,151.05,0.0,0.0,0.0,0.0,10.0,0.0,87.0
16338,157,1,214.8,1,1.0,214.8,0.0,0.0,0.0,1.0,214.8,0.0,214.8,214.8,0.0,0.0,0.0,0.0,11.0,0.0,94.0
16339,284,1,94.05,1,1.0,94.05,0.0,0.0,0.0,1.0,94.05,0.0,94.05,94.05,0.0,0.0,0.0,0.0,17.0,0.0,21.0
16340,107,1,534.31,1,1.0,534.31,0.0,0.0,0.0,1.0,534.31,0.0,534.31,534.31,0.0,0.0,0.0,0.0,124.0,0.0,486.0
16341,25,4,1971.87,177,0.022598870056497175,11.14050847457627,58.333333333333336,57.518113089124654,115.0,0.01708872598945515,492.9675,343.28571009923104,797.65,56.5,0.6963658052492935,741.15,-545.9549999999999,0.28721383389146743,19.25,14.660036380127666,349.5
16342,75,4,322.41,105,0.0380952380952381,3.0705714285714287,34.333333333333336,2.516611478423584,37.0,0.2843646522044218,80.6025,42.971068076866175,136.95000000000002,38.7,0.5331232663610456,98.25000000000001,-65.00500000000002,0.42526855576676537,3.75,2.362907813126304,39.25
16343,16,2,328.58,1,2.0,328.58000000000004,0.0,0.0,0.0,1.0,164.29000000000002,3.9173715677734577,167.06,161.52,0.02384424838866308,5.539999999999992,5.539999999999992,1.0342991579990093,19.5,3.5355339059327378,87.5
16344,158,1,101.1,1,1.0,101.10000000000001,0.0,0.0,0.0,1.0,101.10000000000001,0.0,101.10000000000001,101.10000000000001,0.0,0.0,0.0,0.0,1.0,0.0,18.0
16345,44,1,565.46,1,1.0,565.46,0.0,0.0,0.0,1.0,565.46,0.0,565.46,565.46,0.0,0.0,0.0,0.0,35.0,0.0,288.0
16347,11,2,847.45,26,0.07692307692307693,32.59423076923077,25.0,0.0,25.0,1.0,423.725,18.476700192404543,436.79,410.65999999999997,0.043605404902718845,26.130000000000052,-26.130000000000052,0.9401772018590168,38.5,14.849242404917497,170.5
16348,32,7,1415.65,208,0.03365384615384615,6.806009615384615,34.166666666666664,25.841181603530956,62.0,0.03725618397769978,202.23571428571427,57.48917807064295,278.76,127.62,0.2842681782181335,151.14,27.788333333333355,1.1491137066914698,30.0,11.916375287812986,115.0
16349,291,1,53.5,1,1.0,53.5,0.0,0.0,0.0,1.0,53.5,0.0,53.5,53.5,0.0,0.0,0.0,0.0,9.0,0.0,9.0
16350,21,4,1116.47,313,0.012779552715654952,3.5669968051118213,103.66666666666667,125.52423404798508,248.0,0.007903624214952719,279.1175,151.69041463344567,435.47,114.60000000000001,0.5434643640525788,320.87,-8.164999999999964,0.9711687853107346,14.25,8.73212459828649,136.25
16351,333,1,153.9,1,1.0,153.9,0.0,0.0,0.0,1.0,153.9,0.0,153.9,153.9,0.0,0.0,0.0,0.0,8.0,0.0,90.0
16352,18,2,494.44,21,0.09523809523809523,23.544761904761906,20.0,0.0,20.0,1.0,247.22,59.821233688381895,289.52,204.92000000000002,0.24197570458855228,84.59999999999997,84.59999999999997,1.4128440366972475,14.0,0.0,150.0
16353,4,23,6675.71,367,0.06267029972752043,18.189945504087195,16.227272727272727,18.394957430623723,75.0,0.051559793496687295,290.24826086956523,196.54126981957884,787.5500000000001,102.0,0.677148828491698,685.5500000000001,180.76795454545456,1.9225935841282802,4.086956521739131,4.71856144755871,87.21739130434783
16354,63,2,395.8,10,0.2,39.58,9.0,0.0,9.0,1.0,197.9,237.8707211911546,366.1,29.700000000000003,1.2019743364889064,336.40000000000003,-336.40000000000003,0.0811253755804425,19.5,26.16295090390226,75.0
16356,198,3,211.77,80,0.0375,2.647125,39.0,14.142135623730951,49.0,0.06604088253131131,70.58999999999999,59.38179266408181,107.67,2.1,0.8412210322153537,105.57000000000001,-47.115,0.5380882352941176,10.333333333333334,8.082903768654761,31.0
16357,33,3,658.88,181,0.016574585635359115,3.640220994475138,89.5,54.44722215136416,128.0,0.01803516860177633,219.62666666666667,157.26674675001493,400.93,120.05000000000001,0.7160639877520106,280.88,122.59,1.888977519941987,11.333333333333334,9.29157324317757,82.0
16358,1,4,2027.5,184,0.021739130434782608,11.019021739130435,60.333333333333336,44.523402086243735,104.0,0.02196672379857524,506.87500000000006,111.13017846951688,672.4000000000001,433.16,0.2192457281766054,239.24000000000007,-120.80000000000007,0.7870521352077916,27.25,6.3966136874651625,325.5
16359,7,9,1750.92,325,0.027692307692307693,5.387446153846154,40.25,19.34461903771397,81.0,0.049153046225453696,194.54666666666668,99.17362829905943,423.4,92.4,0.5097678104605207,331.0,-34.84049999999996,0.837119715758348,7.333333333333333,4.55521678957215,131.44444444444446
16360,5,6,3450.41,84,0.07142857142857142,41.07630952380952,16.2,7.726577508832744,28.0,0.11459246181997858,575.0683333333333,312.8545315265014,1000.75,205.10999999999999,0.5440301845748791,795.64,184.79000000000002,1.3828469220038397,98.16666666666667,45.30526091599812,351.6666666666667
16361,10,4,891.21,62,0.06451612903225806,14.374354838709678,20.333333333333332,9.237604307034012,31.0,0.09767910245494876,222.8025,98.15089008766041,334.94,115.47,0.4405286748921597,219.47,-158.695,0.4747807380440179,25.0,12.832251036613439,104.5
16362,32,5,709.99,59,0.0847457627118644,12.033728813559323,14.25,16.580611166861935,31.0,0.05688084393134871,141.998,128.5257543062868,318.35,7.65,0.9051236940399641,310.70000000000005,-57.50333333333333,0.6742020774315393,15.0,12.90348790056394,68.0
16363,53,1,109.36,1,1.0,109.36000000000001,0.0,0.0,0.0,1.0,109.36000000000001,0.0,109.36000000000001,109.36000000000001,0.0,0.0,0.0,0.0,5.0,0.0,52.0
16364,12,2,705.79,126,0.015873015873015872,5.601507936507936,125.0,0.0,125.0,1.0,352.895,9.32673844385058,359.49,346.3,0.02642921674676768,13.189999999999998,13.189999999999998,1.038088362691308,26.0,2.8284271247461903,139.5
16365,18,9,1540.42,350,0.025714285714285714,4.4012,43.125,45.92987667552104,106.0,0.021308387552648467,171.1577777777778,117.35937444211453,396.65,12.75,0.6856794705203975,383.9,28.71950000000001,1.1850453439860829,5.666666666666667,4.847679857416329,56.0
16366,19,1,327.3,1,1.0,327.3,0.0,0.0,0.0,1.0,327.3,0.0,327.3,327.3,0.0,0.0,0.0,0.0,18.0,0.0,256.0
16367,37,2,800.67,326,0.006134969325153374,2.4560429447852763,325.0,0.0,325.0,1.0,400.33500000000004,329.85824235571255,633.58,167.09,0.8239555431219167,466.49,466.49,3.791848704291101,62.5,41.71930009000631,321.5
16368,2,2,479.91,26,0.07692307692307693,18.458076923076923,25.0,0.0,25.0,1.0,239.955,88.42370298737778,302.48,177.43,0.36850118975381957,125.05000000000001,-125.05000000000001,0.5865842369743454,31.0,7.0710678118654755,125.5
16369,18,3,1545.41,179,0.01675977653631285,8.633575418994415,89.0,38.18376618407357,116.0,0.02552077294720217,515.1366666666667,175.2292034260652,701.97,354.45,0.3401606112799811,347.52000000000004,241.03000000000003,1.6800112850895754,38.666666666666664,20.64784088793144,343.3333333333333
16370,82,4,1301.91,143,0.027972027972027972,9.104265734265734,47.333333333333336,15.695009822658072,65.0,0.0598981378640954,325.4775,64.73400259266118,401.28000000000003,271.04,0.19888933211254597,130.24,107.745,1.3966974098414977,53.5,11.902380714238083,160.0
16372,33,2,355.73,1,2.0,355.73,0.0,0.0,0.0,1.0,177.865,217.8808124870109,331.93,23.799999999999997,1.2249785651309189,308.13,-308.13,0.0717018648510228,43.0,57.982756057296896,79.0
16374,66,2,466.73,197,0.01015228426395939,2.3691878172588834,196.0,0.0,196.0,1.0,233.365,111.9562166652661,312.53000000000003,154.2,0.47974724858169004,158.33000000000004,158.33000000000004,2.0267833981841767,53.5,38.890872965260115,118.5
16376,9,2,974.96,9,0.2222222222222222,108.3288888888889,8.0,0.0,8.0,1.0,487.48,529.9341060924462,862.2,112.75999999999999,1.087088918709375,749.44,-749.44,0.13078172117838086,55.0,50.91168824543142,345.5
16377,267,1,676.2,1,1.0,676.2,0.0,0.0,0.0,1.0,676.2,0.0,676.2,676.2,0.0,0.0,0.0,0.0,5.0,0.0,1500.0
16378,247,3,362.95,64,0.046875,5.67109375,31.0,25.45584412271571,49.0,0.0377988317198079,120.98333333333333,39.04914638418274,144.2,75.9,0.322764675995449,68.29999999999998,-34.82499999999999,0.758495145631068,7.666666666666667,4.041451884327381,89.0
16379,4,4,2157.4,75,0.05333333333333334,28.765333333333334,24.666666666666668,14.364307617610162,41.0,0.06508591372212741,539.35,192.33216094385602,823.8,401.64,0.356599909045807,422.15999999999997,-223.9799999999999,0.6561242976018671,27.0,10.801234497346433,352.5
16380,61,1,1743.15,1,1.0,1743.1499999999999,0.0,0.0,0.0,1.0,1743.1499999999999,0.0,1743.1499999999999,1743.1499999999999,0.0,0.0,0.0,0.0,28.0,0.0,1428.0
16383,75,2,643.76,194,0.010309278350515464,3.3183505154639175,193.0,0.0,193.0,1.0,321.88,17.564532444673862,334.3,309.46,0.054568573520174794,24.840000000000032,24.840000000000032,1.0802688554255802,44.5,4.949747468305833,233.5
16384,90,2,584.5,175,0.011428571428571429,3.34,174.0,0.0,174.0,1.0,292.25,165.25085476329616,409.1,175.4,0.5654434722439561,233.70000000000002,-233.70000000000002,0.42874602786604743,16.5,10.606601717798213,130.0
16385,60,3,554.86,307,0.009771986970684038,1.8073615635179154,152.5,78.48885271170677,208.0,0.012580380341213861,184.95333333333335,83.84730009566995,281.04,126.62,0.4533430059600797,154.42000000000002,56.629999999999995,1.3847146739130434,19.0,1.0,86.0
16386,29,2,302.57,226,0.008849557522123894,1.3388053097345132,225.0,0.0,225.0,1.0,151.285,127.54085012261756,241.47,61.10000000000001,0.8430502040692571,180.37,180.37,3.952045826513911,38.5,48.79036790187178,102.5
16387,323,1,94.36,1,1.0,94.36,0.0,0.0,0.0,1.0,94.36,0.0,94.36,94.36,0.0,0.0,0.0,0.0,4.0,0.0,44.0
16389,53,4,1382.0700000000002,230,0.017391304347826087,6.0089999999999995,76.0,51.507281038703645,127.0,0.019044977767233653,345.5175,181.4673918136993,550.52,119.65,0.525204633090073,430.87,20.865000000000066,1.062267782801379,8.5,2.3804761428476167,310.5
16392,270,1,217.89,1,1.0,217.89000000000001,0.0,0.0,0.0,1.0,217.89000000000001,0.0,217.89000000000001,217.89000000000001,0.0,0.0,0.0,0.0,41.0,0.0,201.0
16393,2,13,3040.96,367,0.035422343324250684,8.28599455040872,30.0,19.642255008480614,68.0,0.04844431965350503,233.92000000000002,91.69124794657338,380.45,106.75,0.39197694915600795,273.7,134.32714285714277,1.8312837604872998,24.46153846153846,9.34180018889458,121.0
16394,57,5,1555.34,233,0.02145922746781116,6.675278969957082,57.75,37.16068711241312,99.0,0.02620497888453152,311.06800000000004,3.076730407429308,313.8,306.89,0.009890861186072845,6.910000000000025,2.363333333333344,1.0076322729963938,16.6,7.733045971672482,520.8
16395,61,5,1482.06,271,0.01845018450184502,5.4688560885608855,67.0,69.16164640415477,155.0,0.014252801227606068,296.412,137.7720004935691,513.74,149.42000000000002,0.4647989976572106,364.32,118.55333333333331,1.5262488162878787,39.6,11.781341180018513,294.4
16398,154,2,1705.8,100,0.02,17.058000000000003,99.0,0.0,99.0,1.0,852.9000000000001,448.37640995038987,1169.95,535.85,0.5257080665381519,634.1,-634.1,0.458011026112227,41.0,31.11269837220809,379.0
16399,19,2,408.02,217,0.009216589861751152,1.8802764976958524,216.0,0.0,216.0,1.0,204.01,36.203867196751254,229.61,178.41,0.17746123815867484,51.20000000000002,51.20000000000002,1.2869794294041814,36.0,7.0710678118654755,131.5
16400,95,1,303.93,1,1.0,303.93,0.0,0.0,0.0,1.0,303.93,0.0,303.93,303.93,0.0,0.0,0.0,0.0,28.0,0.0,172.0
16401,1,12,4098.32,327,0.03669724770642202,12.53308868501529,29.272727272727273,13.565330140405054,48.0,0.06865618495154759,341.52666666666664,101.03324910267126,487.90000000000003,177.9,0.2958282879892383,310.0,25.789999999999964,1.0784769169130586,15.416666666666666,8.195989410940111,323.5
16402,265,2,293.45,105,0.01904761904761905,2.794761904761905,104.0,0.0,104.0,1.0,146.725,83.33253416283462,205.65,87.8,0.5679504798966408,117.85000000000001,-117.85000000000001,0.4269389739849258,28.0,35.35533905932738,73.0
16403,312,1,177.5,1,1.0,177.5,0.0,0.0,0.0,1.0,177.5,0.0,177.5,177.5,0.0,0.0,0.0,0.0,10.0,0.0,114.0
16404,70,1,443.05,1,1.0,443.05,0.0,0.0,0.0,1.0,443.05,0.0,443.05,443.05,0.0,0.0,0.0,0.0,23.0,0.0,157.0
16405,302,2,167.25,8,0.25,20.90625,7.0,0.0,7.0,1.0,83.625,108.57624625119438,160.4,6.85,1.2983706577123393,153.55,153.55,23.416058394160586,2.5,0.7071067811865476,93.5
16406,19,1,154.35,1,1.0,154.35,0.0,0.0,0.0,1.0,154.35,0.0,154.35,154.35,0.0,0.0,0.0,0.0,54.0,0.0,116.0
16407,13,10,2079.68,300,0.03333333333333333,6.932266666666666,32.888888888888886,20.972866068115515,61.0,0.045510676527132005,207.968,126.057104061788,410.81,15.9,0.6061370213772695,394.91,100.01999999999995,1.6332062953443318,16.4,10.606077922063786,109.3
16409,36,5,2022.98,282,0.01773049645390071,7.173687943262411,69.75,17.23127002477376,91.0,0.05485081393897074,404.596,163.37713557900324,608.85,229.81,0.40380314085903773,379.04,4.693333333333385,1.0116813513199596,46.0,18.506755523321747,260.8
16411,19,2,211.7,350,0.005714285714285714,0.6048571428571429,349.0,0.0,349.0,1.0,105.85000000000001,32.10264786586926,128.55,83.15,0.30328434450514175,45.400000000000006,-45.400000000000006,0.64683002722676,20.5,2.1213203435596424,65.5
16412,54,1,135.99,1,1.0,135.99,0.0,0.0,0.0,1.0,135.99,0.0,135.99,135.99,0.0,0.0,0.0,0.0,25.0,0.0,63.0
16413,57,1,262.2,1,1.0,262.2,0.0,0.0,0.0,1.0,262.2,0.0,262.2,262.2,0.0,0.0,0.0,0.0,30.0,0.0,148.0
16414,22,2,126.25,259,0.007722007722007722,0.4874517374517375,258.0,0.0,258.0,1.0,63.125,17.4301821562484,75.45,50.8,0.2761216975247271,24.650000000000006,24.650000000000006,1.4852362204724412,3.5,0.7071067811865476,13.5
16415,44,1,200.27,1,1.0,200.27,0.0,0.0,0.0,1.0,200.27,0.0,200.27,200.27,0.0,0.0,0.0,0.0,45.0,0.0,178.0
16416,27,3,1051.4,30,0.1,35.04666666666667,14.5,2.1213203435596424,16.0,0.32037724101704074,350.4666666666667,19.99987583294788,372.68,333.89,0.0570664138280803,38.79000000000002,24.86500000000001,1.0744706340411514,22.333333333333332,7.767453465154029,224.0
16418,45,3,631.12,182,0.016483516483516484,3.4676923076923076,90.5,60.10407640085654,133.0,0.016365520254978966,210.37333333333333,59.3537280491574,262.76,145.91,0.28213522649808626,116.85,96.69500000000002,1.6627030361181552,29.333333333333332,10.598742063723098,93.33333333333333
16419,113,6,958.71,200,0.03,4.79355,39.4,40.4573849871689,106.0,0.02412115477880481,159.785,84.05853525966293,264.27,63.25,0.5260727556382823,201.01999999999998,-138.7233333333333,0.39460898405679046,8.333333333333334,5.202563470700446,71.33333333333333
16422,17,51,34684.4,352,0.14488636363636365,98.53522727272728,6.54,3.626489841627655,17.0,0.21614658936507855,680.086274509804,527.3895450915226,2353.0,17.4,0.7754744726640117,2335.6,90.43844615384626,1.1426518014655442,7.235294117647059,4.966238960396962,660.8627450980392
16423,25,1,346.12,1,1.0,346.12,0.0,0.0,0.0,1.0,346.12,0.0,346.12,346.12,0.0,0.0,0.0,0.0,18.0,0.0,230.0
16424,191,1,133.56,1,1.0,133.56,0.0,0.0,0.0,1.0,133.56,0.0,133.56,133.56,0.0,0.0,0.0,0.0,5.0,0.0,88.0
16425,302,1,302.7,1,1.0,302.7,0.0,0.0,0.0,1.0,302.7,0.0,302.7,302.7,0.0,0.0,0.0,0.0,21.0,0.0,199.0
16426,2,10,1863.76,274,0.0364963503649635,6.802043795620438,30.0,59.052942348370756,183.0,0.01665197342369903,186.376,83.23808706222036,328.37,45.78,0.4466137649816519,282.59000000000003,1.5200000000000387,1.008188949228515,34.6,19.31723467672212,121.5
16427,263,2,241.06,22,0.09090909090909091,10.957272727272727,21.0,0.0,21.0,1.0,120.53,15.1745115242633,131.26,109.8,0.12589821226469178,21.459999999999994,21.459999999999994,1.1954462659380691,4.5,0.7071067811865476,78.0
16429,106,1,284.55,1,1.0,284.55,0.0,0.0,0.0,1.0,284.55,0.0,284.55,284.55,0.0,0.0,0.0,0.0,2.0,0.0,9.0
16430,57,1,300.85,1,1.0,300.85,0.0,0.0,0.0,1.0,300.85,0.0,300.85,300.85,0.0,0.0,0.0,0.0,6.0,0.0,103.0
16431,213,3,623.28,85,0.03529411764705882,7.332705882352941,42.0,59.39696961966999,84.0,0.01655712209233626,207.76,123.99305988643073,288.68,65.01,0.5968091061148957,223.67000000000002,-92.74499999999998,0.6559775956081457,21.666666666666668,2.886751345948128,147.33333333333334
16432,64,1,287.40000000000003,1,1.0,287.40000000000003,0.0,0.0,0.0,1.0,287.40000000000003,0.0,287.40000000000003,287.40000000000003,0.0,0.0,0.0,0.0,8.0,0.0,276.0
16433,28,1,184.26,1,1.0,184.26,0.0,0.0,0.0,1.0,184.26,0.0,184.26,184.26,0.0,0.0,0.0,0.0,17.0,0.0,106.0
16434,29,7,1511.8,271,0.025830258302583026,5.57859778597786,44.333333333333336,33.54797559714545,95.0,0.02894525605959458,215.97142857142856,85.18351942102642,393.5,121.95,0.39442031746737993,271.55,-40.136666666666656,0.8319985489451949,15.285714285714286,6.626066850308854,108.57142857142857
16438,6,5,798.35,77,0.06493506493506493,10.368181818181819,18.5,14.933184523068078,39.0,0.06276209244625261,159.67000000000002,34.11619190355219,204.4,114.91,0.21366688735236544,89.49000000000001,-28.150000000000006,0.8405641141821477,26.2,6.833739825307955,92.6
16440,8,5,3640.67,207,0.024154589371980676,17.587777777777777,51.25,64.59811658761164,148.0,0.015244340112485063,728.134,358.1695005580459,1103.3600000000001,272.46,0.4919005300645841,830.9000000000001,625.6650000000001,2.7737536677675876,55.8,19.8292712927127,403.6
16441,67,2,381.2,225,0.008888888888888889,1.694222222222222,224.0,0.0,224.0,1.0,190.6,28.849956672411146,211.0,170.2,0.15136388600425577,40.80000000000001,-40.80000000000001,0.8066350710900473,11.5,0.7071067811865476,86.5
16442,2,3,609.3,360,0.008333333333333333,1.6925,179.0,65.05382386916237,225.0,0.01513916895985875,203.1,72.79027201487847,285.37,147.06,0.3583962186847783,138.31,84.06,1.5716034271725827,56.333333333333336,13.051181300301261,147.66666666666666
16444,46,4,654.67,219,0.0182648401826484,2.989360730593607,72.0,25.632011235952593,99.0,0.03754879761578139,163.6675,91.82715552420572,301.32,113.27,0.5610591933291932,188.05,87.255,1.7268827057647451,20.5,5.066228051190222,101.75
16445,34,1,230.51,1,1.0,230.51,0.0,0.0,0.0,1.0,230.51,0.0,230.51,230.51,0.0,0.0,0.0,0.0,62.0,0.0,111.0
16446,1,2,168472.5,205,0.00975609756097561,821.8170731707318,204.0,0.0,204.0,1.0,84236.25,119123.94597411975,168469.6,2.9,1.4141648752659306,168466.7,168466.7,58092.965517241384,1.5,0.7071067811865476,40498.5
16447,136,1,255.91,1,1.0,255.91,0.0,0.0,0.0,1.0,255.91,0.0,255.91,255.91,0.0,0.0,0.0,0.0,34.0,0.0,221.0
16448,198,1,182.99,1,1.0,182.99,0.0,0.0,0.0,1.0,182.99,0.0,182.99,182.99,0.0,0.0,0.0,0.0,19.0,0.0,76.0
16449,198,2,707.69,83,0.024096385542168676,8.526385542168676,82.0,0.0,82.0,1.0,353.845,88.87625132733717,416.69,291.0,0.25117283366258436,125.69,-125.69,0.6983608917900598,20.0,4.242640687119285,183.5
16450,150,1,311.92,1,1.0,311.92,0.0,0.0,0.0,1.0,311.92,0.0,311.92,311.92,0.0,0.0,0.0,0.0,11.0,0.0,200.0
16451,88,1,266.97,1,1.0,266.97,0.0,0.0,0.0,1.0,266.97,0.0,266.97,266.97,0.0,0.0,0.0,0.0,14.0,0.0,120.0
16454,45,2,6.9,20,0.1,0.34500000000000003,19.0,0.0,19.0,1.0,3.45,3.464823227814083,5.9,1.0,1.0042965877721979,4.9,-4.9,0.1694915254237288,1.0,0.0,1.5
16455,64,7,1841.18,308,0.022727272727272728,5.977857142857142,51.0,46.82307123630401,109.0,0.020910409435203073,263.0257142857143,146.00785810555342,517.8,135.0,0.5551086839629336,382.79999999999995,149.97333333333327,1.8457460806797243,14.142857142857142,7.244045173533257,141.14285714285714
16456,99,5,2158.18,274,0.01824817518248175,7.876569343065695,68.0,49.45031176174053,124.0,0.019821483060851162,431.6360000000001,240.05118002209446,787.4,124.16,0.5561426294889547,663.24,-311.015,0.4969389158019879,21.8,13.0843417870369,229.4
16457,218,1,208.36,1,1.0,208.36,0.0,0.0,0.0,1.0,208.36,0.0,208.36,208.36,0.0,0.0,0.0,0.0,9.0,0.0,140.0
16458,3,18,3482.74,358,0.05027932960893855,9.728324022346369,20.529411764705884,10.71282903262966,55.0,0.08537647029715834,193.48555555555558,26.536753474517575,254.8,157.66,0.13715108292359357,97.14000000000001,6.371111111111105,1.0334793016873942,11.222222222222221,2.8810854889730786,119.66666666666667
16460,28,3,811.23,54,0.05555555555555555,15.022777777777778,26.5,24.748737341529164,44.0,0.03883685583242708,270.41,28.26091470564959,302.62,249.76999999999998,0.1045113520418978,52.85000000000002,17.355000000000018,1.0670491423273065,43.0,37.5099986670221,292.0
16461,178,1,142.92,1,1.0,142.92,0.0,0.0,0.0,1.0,142.92,0.0,142.92,142.92,0.0,0.0,0.0,0.0,31.0,0.0,48.0
16462,74,3,136.0,211,0.014218009478672985,0.6445497630331753,104.5,9.192388155425117,111.0,0.09811243299910322,45.333333333333336,19.629909152447276,68.0,34.0,0.4330127018922193,34.0,17.0,1.5,1.0,0.0,5.333333333333333
16463,21,4,1422.4,183,0.02185792349726776,7.772677595628416,60.333333333333336,78.99578047803143,150.0,0.012500659335083575,355.6,90.70693284786269,491.28000000000003,303.01,0.25508136346418075,188.27000000000004,-99.45000000000005,0.7546413371985443,20.5,1.7320508075688772,290.75
16464,20,3,1298.66,123,0.024390243902439025,10.55821138211382,60.5,0.7071067811865476,61.0,0.585786437626905,432.8866666666666,150.86470638732354,603.0,315.33,0.348508554326745,287.67,78.83499999999998,1.2072805195488128,73.0,21.0,317.3333333333333
16466,34,7,1595.96,259,0.02702702702702703,6.162007722007722,42.666666666666664,26.90477033291061,83.0,0.03583616665071097,227.99428571428572,72.75683859201666,354.47,109.12,0.319116939111329,245.35000000000002,95.48750000000004,1.5505823675258033,19.571428571428573,6.078847008469695,112.14285714285714
16468,74,1,74.9,1,1.0,74.9,0.0,0.0,0.0,1.0,74.9,0.0,74.9,74.9,0.0,0.0,0.0,0.0,2.0,0.0,31.0
16469,24,4,625.42,223,0.017937219730941704,2.80457399103139,74.0,80.06872048434394,159.0,0.012335213804109822,156.355,39.286328835020115,179.19,97.7,0.25126365536772166,81.49,44.41,1.3310473350726797,41.5,15.286159317064135,65.0
16470,52,4,752.77,308,0.012987012987012988,2.4440584415584414,102.0,54.945427471264615,165.0,0.017874561786369984,188.1925,40.55317609838552,216.34,129.32,0.21548773781306652,87.02000000000001,30.725000000000023,1.177775849100272,37.5,14.341083176199302,130.5
16471,275,1,223.95,1,1.0,223.95000000000002,0.0,0.0,0.0,1.0,223.95000000000002,0.0,223.95000000000002,223.95000000000002,0.0,0.0,0.0,0.0,13.0,0.0,141.0
16473,165,3,316.11,172,0.01744186046511628,1.8378488372093025,85.5,51.61879502661797,122.0,0.019004616116620226,105.37,40.965152263844935,149.41,68.4,0.38877434055086774,81.00999999999999,-66.06,0.5578609196171608,6.0,1.7320508075688772,65.33333333333333
16474,7,7,1810.65,138,0.050724637681159424,13.120652173913044,22.5,19.887181801351343,56.0,0.04787625298187919,258.6642857142857,182.65563399077357,534.1,8.25,0.7061494148153509,525.85,181.73916666666665,2.1739245112393415,44.57142857142857,35.472323215229565,129.85714285714286
16475,88,4,544.3,186,0.021505376344086023,2.9263440860215053,61.333333333333336,46.82235933112869,111.0,0.020910720716973842,136.075,116.85567665572205,310.0,57.900000000000006,0.8587593360699766,252.1,-95.74999999999999,0.4794781190540908,7.0,8.755950357709132,79.75
16477,64,7,2494.46,308,0.022727272727272728,8.098896103896104,50.833333333333336,23.31880500082855,82.0,0.04112044156634874,356.3514285714286,108.15365542112936,495.20000000000005,214.5,0.30350279737815217,280.70000000000005,62.61750000000001,1.1953317528152978,20.857142857142858,5.520524474738835,202.14285714285714
16478,25,3,331.0,41,0.07317073170731707,8.073170731707316,19.5,27.577164466275352,39.0,0.034992974939138055,110.33333333333333,85.9682693401079,202.9,33.0,0.7791686042910081,169.9,-138.85000000000002,0.31567274519467714,5.666666666666667,5.033222956847166,74.66666666666667
16479,10,2,300.83,1,2.0,300.83000000000004,0.0,0.0,0.0,1.0,150.41500000000002,114.21895836506303,231.18,69.65,0.7593588296716618,161.53,-161.53,0.30128038757678,17.5,4.949747468305833,51.0
16480,76,1,769.29,1,1.0,769.29,0.0,0.0,0.0,1.0,769.29,0.0,769.29,769.29,0.0,0.0,0.0,0.0,51.0,0.0,455.0
16482,16,1,220.62,1,1.0,220.62,0.0,0.0,0.0,1.0,220.62,0.0,220.62,220.62,0.0,0.0,0.0,0.0,18.0,0.0,346.0
16483,192,1,139.35,1,1.0,139.35,0.0,0.0,0.0,1.0,139.35,0.0,139.35,139.35,0.0,0.0,0.0,0.0,19.0,0.0,44.0
16484,174,2,404.3,18,0.1111111111111111,22.46111111111111,17.0,0.0,17.0,1.0,202.14999999999998,118.15754313627208,285.7,118.6,0.5845042945153208,167.1,-167.1,0.4151207560378019,12.5,7.7781745930520225,100.0
16485,77,1,363.65,1,1.0,363.65,0.0,0.0,0.0,1.0,363.65,0.0,363.65,363.65,0.0,0.0,0.0,0.0,41.0,0.0,235.0
16488,33,3,498.8,116,0.02586206896551724,4.3,57.0,33.94112549695428,81.0,0.028619570370942038,166.26666666666668,45.92778715911897,219.06,135.51,0.27622967417272837,83.55000000000001,-79.19,0.6385008673422806,9.666666666666666,2.309401076758503,242.66666666666666
16491,47,1,731.5,1,1.0,731.5,0.0,0.0,0.0,1.0,731.5,0.0,731.5,731.5,0.0,0.0,0.0,0.0,39.0,0.0,478.0
16493,80,4,1351.63,251,0.01593625498007968,5.3849800796812755,82.66666666666667,34.67467856135559,111.0,0.028031086482815427,337.9075,194.2137323285869,569.34,127.80000000000001,0.5747541333903121,441.54,308.015,2.674904839586732,14.0,8.16496580927726,291.0
16494,297,1,826.53,1,1.0,826.53,0.0,0.0,0.0,1.0,826.53,0.0,826.53,826.53,0.0,0.0,0.0,0.0,47.0,0.0,675.0
16495,3,3,648.26,273,0.01098901098901099,2.3745787545787547,136.0,192.33304448274092,272.0,0.005172421520984589,216.08666666666667,197.53952777440097,401.75,8.5,0.9141680549828817,393.25,-32.88499999999999,0.8618335364060334,27.333333333333332,24.337899115029078,109.33333333333333
16496,9,3,1599.52,309,0.009708737864077669,5.176440129449838,153.5,62.932503525602726,198.0,0.015641496028691183,533.1733333333333,177.07047448214882,736.7,414.48,0.3321067716855347,322.22,-305.29,0.5855979367449436,31.666666666666668,8.621678104251709,370.3333333333333
16497,50,6,2965.69,284,0.02112676056338028,10.442570422535212,56.4,59.90659396093221,153.0,0.016418583522195277,494.2816666666667,497.32572917220625,1414.99,144.38,1.0061585583905388,1270.6100000000001,530.11,3.3126017915309443,22.666666666666668,19.106717841289925,232.66666666666666
16498,161,2,100.97,1,2.0,100.97,0.0,0.0,0.0,1.0,50.485,57.60798946326803,91.22,9.75,1.1410912045809256,81.47,-81.47,0.10688445516334137,7.5,9.192388155425117,22.5
16499,360,2,365.45,5,0.4,73.09,4.0,0.0,4.0,1.0,182.72500000000002,50.02780476894827,218.10000000000002,147.35,0.2737874115142879,70.75000000000003,-70.75000000000003,0.675607519486474,9.5,0.7071067811865476,63.5
16500,5,6,400.86,327,0.01834862385321101,1.2258715596330276,64.8,128.24078914292443,294.0,0.007737495311129081,66.81,49.070914807042264,165.0,30.0,0.7344845802580791,135.0,-33.25999999999999,0.6013902205177374,1.8333333333333333,0.752772652709081,20.5
16503,107,4,1431.93,254,0.015748031496062992,5.63751968503937,84.0,47.843494855622744,116.0,0.02047355544389106,357.9825,97.70968644407779,488.09000000000003,251.6,0.27294542734373267,236.49000000000004,-125.82499999999999,0.7010537069815512,21.0,6.377042156569663,142.25
16504,25,1,465.88,1,1.0,465.88,0.0,0.0,0.0,1.0,465.88,0.0,465.88,465.88,0.0,0.0,0.0,0.0,76.0,0.0,510.0
16505,32,1,777.6,1,1.0,777.6,0.0,0.0,0.0,1.0,777.6,0.0,777.6,777.6,0.0,0.0,0.0,0.0,4.0,0.0,576.0
16506,20,2,90.3,21,0.09523809523809523,4.300000000000001,20.0,0.0,20.0,1.0,45.150000000000006,14.21284630184961,55.2,35.1,0.3147917231860378,20.1,-20.1,0.6358695652173914,1.5,0.7071067811865476,21.0
16509,297,1,363.7000000000001,1,1.0,363.70000000000005,0.0,0.0,0.0,1.0,363.70000000000005,0.0,363.70000000000005,363.70000000000005,0.0,0.0,0.0,0.0,13.0,0.0,64.0
16510,372,1,248.1,1,1.0,248.1,0.0,0.0,0.0,1.0,248.1,0.0,248.1,248.1,0.0,0.0,0.0,0.0,13.0,0.0,92.0
16511,22,3,918.33,245,0.012244897959183673,3.7482857142857147,121.5,0.7071067811865476,122.0,0.585786437626905,306.11,62.284290154099054,352.63,235.35,0.20347028896180802,117.28,-36.360000000000014,0.8899349175117299,50.333333333333336,10.969655114602888,135.0
16513,5,4,874.59,39,0.10256410256410256,22.425384615384615,12.0,10.14889156509222,23.0,0.08969501534404137,218.6475,224.1744566738147,554.34,90.0,1.0252779321685117,464.34000000000003,-225.49500000000003,0.31955823111392745,8.75,14.174507634012077,101.75
16515,52,5,1624.14,260,0.019230769230769232,6.246692307692308,64.25,23.697749541535234,96.0,0.04048951902756396,324.82800000000003,47.05713675947571,376.78000000000003,262.74,0.14486785855737716,114.04000000000002,25.26333333333332,1.0815814684449037,21.6,4.77493455452533,165.2
16516,30,1,101.7,1,1.0,101.69999999999999,0.0,0.0,0.0,1.0,101.69999999999999,0.0,101.69999999999999,101.69999999999999,0.0,0.0,0.0,0.0,6.0,0.0,58.0
16517,277,1,162.70000000000002,1,1.0,162.70000000000002,0.0,0.0,0.0,1.0,162.70000000000002,0.0,162.70000000000002,162.70000000000002,0.0,0.0,0.0,0.0,17.0,0.0,96.0
16518,61,2,484.32,223,0.008968609865470852,2.1718385650224215,222.0,0.0,222.0,1.0,242.16,72.77542991971949,293.62,190.7,0.3005262220008238,102.92000000000002,102.92000000000002,1.5396958573675932,20.0,12.727922061357855,163.5
16519,25,2,215.08,341,0.005865102639296188,0.630733137829912,340.0,0.0,340.0,1.0,107.53999999999999,5.430580079512685,111.38,103.7,0.050498233954925476,7.679999999999993,7.679999999999993,1.074059787849566,6.5,2.1213203435596424,27.0
16520,186,3,1046.57,180,0.016666666666666666,5.814277777777779,89.0,52.32590180780452,126.0,0.018752613009793393,348.85666666666674,66.33266188939905,423.65000000000003,297.16,0.19014302499421645,126.49000000000001,34.64500000000004,1.1063513015717092,52.0,9.16515138991168,186.0
16523,2,21,9418.47,314,0.06687898089171974,29.99512738853503,15.25,11.433445858993094,47.0,0.0804282265223121,448.4985714285714,276.24876373091183,848.98,33.0,0.6159412344413847,815.98,179.93863636363642,1.5079496855668715,13.80952380952381,9.405418904116113,203.0952380952381
16525,2,26,13027.45,365,0.07123287671232877,35.69164383561644,14.08,9.389355675444403,42.0,0.09625235974580543,501.0557692307693,205.7758785508754,974.62,300.12,0.41068458081380166,674.5,-36.351538461538496,0.9299897333485432,7.038461538461538,2.2712246781112473,284.5
16526,172,1,290.36,1,1.0,290.36,0.0,0.0,0.0,1.0,290.36,0.0,290.36,290.36,0.0,0.0,0.0,0.0,15.0,0.0,106.0
16527,81,1,228.06,1,1.0,228.06,0.0,0.0,0.0,1.0,228.06,0.0,228.06,228.06,0.0,0.0,0.0,0.0,14.0,0.0,106.0
16528,4,1,244.41,1,1.0,244.41,0.0,0.0,0.0,1.0,244.41,0.0,244.41,244.41,0.0,0.0,0.0,0.0,17.0,0.0,171.0
16529,190,1,455.25,1,1.0,455.25,0.0,0.0,0.0,1.0,455.25,0.0,455.25,455.25,0.0,0.0,0.0,0.0,30.0,0.0,198.0
16531,22,7,1244.59,339,0.02064896755162242,3.671356932153392,55.833333333333336,55.9764831573641,167.0,0.017551100815367753,177.79857142857142,55.14189738863769,245.91,92.82,0.310136897870354,153.09,28.330000000000013,1.1752985582575337,11.0,4.08248290463863,130.71428571428572
16532,18,3,6748.8,321,0.009345794392523364,21.02429906542056,160.0,59.39696961966999,202.0,0.01655712209233626,2249.6,348.33363317371465,2606.4,1910.4,0.15484247562842934,696.0,508.7999999999997,1.2663316582914572,1.3333333333333333,0.5773502691896257,672.0
16533,19,3,1082.81,49,0.061224489795918366,22.09816326530612,23.5,14.849242404917497,34.0,0.06309449842787015,360.93666666666667,251.61106739039388,610.89,107.7,0.6971058654530173,503.19,-4.925000000000011,0.9864779528856186,58.0,23.57965224510319,203.66666666666666
16535,5,1,593.75,1,1.0,593.75,0.0,0.0,0.0,1.0,593.75,0.0,593.75,593.75,0.0,0.0,0.0,0.0,31.0,0.0,356.0
16536,110,1,548.12,1,1.0,548.12,0.0,0.0,0.0,1.0,548.12,0.0,548.12,548.12,0.0,0.0,0.0,0.0,49.0,0.0,250.0
16539,3,4,1388.81,371,0.01078167115902965,3.7434231805929916,123.0,101.33607452432722,216.0,0.009771725216627116,347.2025,64.94797424349225,442.34999999999997,304.9,0.18706079087417934,137.45,-52.84500000000003,0.8585613917698226,11.25,6.551081335677848,119.25
16542,54,1,119.62,1,1.0,119.62,0.0,0.0,0.0,1.0,119.62,0.0,119.62,119.62,0.0,0.0,0.0,0.0,5.0,0.0,46.0
16545,165,1,339.3,1,1.0,339.3,0.0,0.0,0.0,1.0,339.3,0.0,339.3,339.3,0.0,0.0,0.0,0.0,3.0,0.0,78.0
16546,291,2,787.15,82,0.024390243902439025,9.599390243902441,81.0,0.0,81.0,1.0,393.57500000000005,133.18356223648618,487.75,299.40000000000003,0.338394365080318,188.34999999999997,188.34999999999997,1.6290915163660653,12.5,9.192388155425117,274.5
16549,10,10,4034.9,325,0.03076923076923077,12.415076923076924,35.666666666666664,66.38712224520656,210.0,0.014839630580472413,403.49,284.6273597374488,1067.57,119.49000000000001,0.7054136651154893,948.0799999999999,-3.160000000000025,0.9921988792060631,89.8,44.024740519141936,229.4
16550,109,5,2298.97,260,0.019230769230769232,8.842192307692308,64.5,47.43065113053653,132.0,0.020648080846666115,459.79400000000004,89.83599935437904,554.66,345.92,0.19538314844121288,208.73999999999995,-99.43499999999995,0.8085782214051266,50.2,7.8549347546621915,308.0
16551,96,3,922.12,241,0.012448132780082987,3.8262240663900413,120.0,121.62236636408618,206.0,0.008155119083502547,307.37333333333333,3.252634829385772,311.07,304.95,0.010582033236625727,6.1200000000000045,-5.545000000000016,0.9821744301925611,10.666666666666666,0.5773502691896255,323.3333333333333
16552,243,2,379.73,131,0.015267175572519083,2.898702290076336,130.0,0.0,130.0,1.0,189.865,133.74924766143545,284.44,95.28999999999999,0.7044439346979983,189.15,189.15,2.984993178717599,8.5,4.949747468305833,109.5
16553,163,12,5719.82,198,0.06060606060606061,28.887979797979796,17.545454545454547,21.449305985805864,55.0,0.044544806892127316,476.65166666666664,240.90257124682864,951.24,162.0,0.5054059139906403,789.24,-204.8033333333334,0.6463135232218102,7.0,5.7366445688303624,383.3333333333333
16554,42,3,837.1,290,0.010344827586206896,2.8865517241379313,144.5,50.204581464244875,180.0,0.019529502466459566,279.03333333333336,262.7472995738174,522.99,0.85,0.941634092368238,522.14,417.275,491.9117647058824,17.333333333333332,15.17673658377628,134.0
16555,35,2,285.89,75,0.02666666666666667,3.8118666666666665,74.0,0.0,74.0,1.0,142.945,12.77741953604092,151.98000000000002,133.91,0.08938696376956816,18.07000000000002,-18.07000000000002,0.8811027766811421,8.5,0.7071067811865476,87.5
16556,67,7,3313.79,294,0.023809523809523808,11.271394557823129,48.333333333333336,10.576703960434301,65.0,0.08638037246332805,473.3985714285714,168.5948013659349,757.42,310.85,0.3561371147723737,446.56999999999994,88.16250000000002,1.2084121318140988,29.571428571428573,11.674147261608203,270.0
16557,24,2,281.85,114,0.017543859649122806,2.4723684210526318,113.0,0.0,113.0,1.0,140.925,56.250344443389835,180.7,101.15,0.3991509273967701,79.54999999999998,79.54999999999998,1.7864557587740977,5.5,0.7071067811865476,55.5
16558,1,20,8338.49,366,0.0546448087431694,22.78275956284153,18.789473684210527,10.298753686023376,40.0,0.08850533676444383,416.92449999999997,258.670453228468,1256.69,174.31,0.6204251686539601,1082.38,143.73300000000006,1.416547363052009,23.0,9.408842425584227,268.85
16560,27,2,841.41,332,0.006024096385542169,2.5343674698795184,331.0,0.0,331.0,1.0,420.70500000000004,125.19325560907824,509.23,332.18,0.29757967128766766,177.05,177.05,1.5329941597928833,28.0,11.313708498984761,250.0
16561,6,2,511.12,55,0.03636363636363636,9.293090909090909,54.0,0.0,54.0,1.0,255.56,13.293607486307062,264.96,246.16000000000003,0.05201755942364635,18.799999999999955,-18.799999999999955,0.929045893719807,15.5,0.7071067811865476,122.0
16563,54,1,1077.74,1,1.0,1077.74,0.0,0.0,0.0,1.0,1077.74,0.0,1077.74,1077.74,0.0,0.0,0.0,0.0,19.0,0.0,486.0
16565,364,1,173.7,1,1.0,173.7,0.0,0.0,0.0,1.0,173.7,0.0,173.7,173.7,0.0,0.0,0.0,0.0,3.0,0.0,46.0
16566,15,5,614.66,278,0.017985611510791366,2.2110071942446043,68.75,44.07852840858763,113.0,0.022183510316399244,122.93199999999999,62.49527438134823,185.22000000000003,38.4,0.5083727132182689,146.82000000000002,-28.54666666666668,0.796182588414489,3.6,2.073644135332772,72.4
16567,194,2,865.6,143,0.013986013986013986,6.053146853146853,142.0,0.0,142.0,1.0,432.79999999999995,176.43728404166734,557.56,308.03999999999996,0.4076647043476603,249.51999999999998,-249.51999999999998,0.552478657005524,17.5,12.020815280171307,498.0
16569,3,1,124.2,1,1.0,124.2,0.0,0.0,0.0,1.0,124.2,0.0,124.2,124.2,0.0,0.0,0.0,0.0,5.0,0.0,93.0
16570,15,10,3738.4,297,0.03367003367003367,12.587205387205387,32.666666666666664,24.550967394381836,70.0,0.03913746139490126,373.84000000000003,216.80482841076724,709.63,13.2,0.5799401573153414,696.43,13.860000000000014,1.0377749311820337,12.6,8.382521498133283,211.2
16571,27,3,1421.69,256,0.01171875,5.5534765625,127.0,31.11269837220809,149.0,0.031140329237030088,473.8966666666667,45.69733289080812,524.9,436.68,0.09642889706787298,88.21999999999997,55.82499999999999,1.1278396079509023,29.0,1.0,413.0
16572,127,3,1009.6,149,0.020134228187919462,6.7758389261744965,74.0,70.71067811865476,124.0,0.013944924608652681,336.5333333333333,34.21312223889152,367.32,299.7,0.10166339809496293,67.62,-9.069999999999993,0.9735244322494017,19.0,2.0,177.33333333333334
16573,85,2,663.61,206,0.009708737864077669,3.2214077669902914,205.0,0.0,205.0,1.0,331.805,55.401816305966015,370.98,292.63,0.1669710110033484,78.35000000000002,78.35000000000002,1.2677442504186174,21.0,7.0710678118654755,180.0
16574,71,1,451.44,1,1.0,451.44,0.0,0.0,0.0,1.0,451.44,0.0,451.44,451.44,0.0,0.0,0.0,0.0,28.0,0.0,416.0
16581,183,1,105.84,1,1.0,105.84,0.0,0.0,0.0,1.0,105.84,0.0,105.84,105.84,0.0,0.0,0.0,0.0,9.0,0.0,134.0
16582,113,1,313.62,1,1.0,313.62,0.0,0.0,0.0,1.0,313.62,0.0,313.62,313.62,0.0,0.0,0.0,0.0,6.0,0.0,164.0
16583,374,1,233.45,1,1.0,233.45,0.0,0.0,0.0,1.0,233.45,0.0,233.45,233.45,0.0,0.0,0.0,0.0,14.0,0.0,111.0
16584,80,2,936.08,175,0.011428571428571429,5.349028571428572,174.0,0.0,174.0,1.0,468.04,203.50533162548842,611.94,324.14,0.4348032895168969,287.80000000000007,-287.80000000000007,0.5296924535085138,14.0,0.0,323.0
16586,249,1,463.95,1,1.0,463.95,0.0,0.0,0.0,1.0,463.95,0.0,463.95,463.95,0.0,0.0,0.0,0.0,8.0,0.0,95.0
16587,232,1,225.15,1,1.0,225.15,0.0,0.0,0.0,1.0,225.15,0.0,225.15,225.15,0.0,0.0,0.0,0.0,13.0,0.0,71.0
16589,71,3,459.24,91,0.03296703296703297,5.046593406593407,44.5,13.435028842544403,54.0,0.06927592669941171,153.08,79.8959222989509,244.56,97.0,0.5219226698389788,147.56,53.099999999999994,1.4512236573759347,11.0,6.244997998398398,122.66666666666667
16591,69,1,213.5,1,1.0,213.5,0.0,0.0,0.0,1.0,213.5,0.0,213.5,213.5,0.0,0.0,0.0,0.0,10.0,0.0,41.0
16592,4,16,4113.68,284,0.056338028169014086,14.484788732394367,18.666666666666668,25.564111749165264,86.0,0.0376447746283639,257.105,264.7312146813569,918.1600000000001,9.96,1.029661868424795,908.2,133.96499999999997,1.704624649896777,13.5,13.613718571108091,182.9375
16593,51,3,330.03,278,0.01079136690647482,1.1871582733812949,138.5,0.7071067811865476,139.0,0.585786437626905,110.00999999999999,65.76887789828865,185.9,69.6,0.5978445404807623,116.30000000000001,60.61500000000001,1.8709051724137933,8.666666666666666,9.291573243177568,38.666666666666664
16594,75,1,181.09,1,1.0,181.09,0.0,0.0,0.0,1.0,181.09,0.0,181.09,181.09,0.0,0.0,0.0,0.0,53.0,0.0,64.0
16595,61,1,360.16,1,1.0,360.16,0.0,0.0,0.0,1.0,360.16,0.0,360.16,360.16,0.0,0.0,0.0,0.0,83.0,0.0,335.0
16596,16,2,250.15,351,0.005698005698005698,0.7126780626780627,350.0,0.0,350.0,1.0,125.075,6.257895013500942,129.5,120.65,0.050033140223873215,8.849999999999994,8.849999999999994,1.0733526730211356,6.0,0.0,48.5
16597,4,1,90.04,1,1.0,90.04,0.0,0.0,0.0,1.0,90.04,0.0,90.04,90.04,0.0,0.0,0.0,0.0,7.0,0.0,184.0
16598,286,1,145.05,1,1.0,145.05,0.0,0.0,0.0,1.0,145.05,0.0,145.05,145.05,0.0,0.0,0.0,0.0,10.0,0.0,73.0
16600,4,6,813.52,335,0.01791044776119403,2.4284179104477612,66.2,69.98356950027627,178.0,0.014087767169782972,135.58666666666667,51.79170692945606,240.32,104.1,0.3819823010826241,136.22,35.70666666666666,1.3032842582106454,10.333333333333334,3.829708431025352,190.83333333333334
16601,41,1,242.7,1,1.0,242.7,0.0,0.0,0.0,1.0,242.7,0.0,242.7,242.7,0.0,0.0,0.0,0.0,29.0,0.0,133.0
16602,36,1,528.08,1,1.0,528.08,0.0,0.0,0.0,1.0,528.08,0.0,528.08,528.08,0.0,0.0,0.0,0.0,29.0,0.0,336.0
16603,75,2,482.47,17,0.11764705882352941,28.38058823529412,16.0,0.0,16.0,1.0,241.235,78.32621815203389,296.62,185.85,0.3246884496529686,110.77000000000001,-110.77000000000001,0.6265592340368148,17.0,8.48528137423857,240.0
16607,18,14,3347.71,342,0.04093567251461988,9.788625730994152,25.76923076923077,20.668631006728717,66.0,0.04614966214014499,239.12214285714285,114.93366368867346,421.7,14.04,0.4806483511539018,407.65999999999997,-12.34428571428569,0.9496756083072229,12.285714285714286,6.899593872424347,204.21428571428572
16609,15,7,5493.46,238,0.029411764705882353,23.081764705882353,39.166666666666664,20.409964886463342,72.0,0.04670722279569266,784.78,453.2732320208935,1463.64,347.29,0.5775799995169264,1116.3500000000001,213.92000000000007,1.3228786186494401,39.42857142857143,16.731777578977702,345.7142857142857
16610,219,1,75.66,1,1.0,75.66,0.0,0.0,0.0,1.0,75.66,0.0,75.66,75.66,0.0,0.0,0.0,0.0,6.0,0.0,66.0
16611,186,1,129.49,1,1.0,129.49,0.0,0.0,0.0,1.0,129.49,0.0,129.49,129.49,0.0,0.0,0.0,0.0,9.0,0.0,47.0
16612,33,4,1187.66,279,0.014336917562724014,4.256845878136201,92.66666666666667,29.569128044860122,125.0,0.032712742036099376,296.915,110.26269496071643,428.85,161.4,0.37136114699734407,267.45000000000005,-115.07000000000005,0.6753561856397234,16.5,6.244997998398398,126.5
16613,70,1,618.59,1,1.0,618.59,0.0,0.0,0.0,1.0,618.59,0.0,618.59,618.59,0.0,0.0,0.0,0.0,30.0,0.0,293.0
16614,183,1,506.19,1,1.0,506.19,0.0,0.0,0.0,1.0,506.19,0.0,506.19,506.19,0.0,0.0,0.0,0.0,26.0,0.0,223.0
16616,15,2,500.42,143,0.013986013986013986,3.4994405594405595,142.0,0.0,142.0,1.0,250.21,56.72410598678482,290.32,210.10000000000002,0.22670599091477087,80.21999999999997,80.21999999999997,1.3818181818181816,16.5,7.7781745930520225,185.0
16617,236,1,151.85,1,1.0,151.85,0.0,0.0,0.0,1.0,151.85,0.0,151.85,151.85,0.0,0.0,0.0,0.0,5.0,0.0,91.0
16618,31,5,2647.59,292,0.017123287671232876,9.06708904109589,72.5,75.91442550661897,179.0,0.013001462253838764,529.518,454.4604059981463,1206.3,16.95,0.8582529885634601,1189.35,-19.819999999999936,0.9633918841543379,19.2,18.088670487352022,272.6
16619,264,1,226.21,1,1.0,226.21,0.0,0.0,0.0,1.0,226.21,0.0,226.21,226.21,0.0,0.0,0.0,0.0,14.0,0.0,133.0
16620,4,2,178.96,258,0.007751937984496124,0.6936434108527131,257.0,0.0,257.0,1.0,89.47999999999999,8.881261171703024,95.75999999999999,83.2,0.09925414809681521,12.559999999999988,-12.559999999999988,0.8688387635756057,4.5,0.7071067811865476,44.0
16621,52,4,813.48,227,0.01762114537444934,3.5836123348017623,74.66666666666667,17.953644012660305,95.0,0.052760302943963625,203.37,90.00915953390522,327.85,118.71,0.4425881867232395,209.14000000000004,-83.96000000000004,0.6577949867536171,7.25,3.304037933599835,75.5
16623,246,1,129.45000000000002,1,1.0,129.45000000000002,0.0,0.0,0.0,1.0,129.45000000000002,0.0,129.45000000000002,129.45000000000002,0.0,0.0,0.0,0.0,5.0,0.0,39.0
16624,81,2,810.57,117,0.017094017094017096,6.927948717948717,116.0,0.0,116.0,1.0,405.28499999999997,29.90354577637909,426.43,384.14,0.07378399342778315,42.29000000000002,-42.29000000000002,0.9008278029219332,23.5,3.5355339059327378,244.0
16625,275,1,333.08,1,1.0,333.08,0.0,0.0,0.0,1.0,333.08,0.0,333.08,333.08,0.0,0.0,0.0,0.0,23.0,0.0,164.0
16626,1,17,4413.1,266,0.06390977443609022,16.590601503759398,16.125,19.59889452664784,81.0,0.048546294496840406,259.59411764705885,195.79666685297607,795.75,13.200000000000001,0.7542415391676129,782.55,-95.31500000000003,0.6925867991162857,10.529411764705882,11.264533096509279,158.23529411764707
16627,79,1,322.8,1,1.0,322.8,0.0,0.0,0.0,1.0,322.8,0.0,322.8,322.8,0.0,0.0,0.0,0.0,20.0,0.0,162.0
16628,30,5,2188.05,206,0.024271844660194174,10.621601941747574,51.0,33.396606614045886,82.0,0.029072635310241596,437.61,92.785048095046,568.21,352.26,0.21202680033602064,215.95000000000005,135.25833333333333,1.3794541620494405,23.4,4.929503017546495,241.0
16629,74,2,408.63,23,0.08695652173913043,17.766521739130436,22.0,0.0,22.0,1.0,204.315,33.04309988484738,227.68,180.95,0.16172625546263064,46.73000000000002,-46.73000000000002,0.7947557976106816,30.0,22.627416997969522,244.5
16633,17,6,2883.1,217,0.027649769585253458,13.286175115207374,42.8,17.22498185775532,66.0,0.054869739119903026,480.5166666666667,178.73876419698854,726.16,255.8,0.37197203884080715,470.35999999999996,182.19333333333333,1.4678581822539503,25.333333333333332,9.688481133111974,189.66666666666666
16634,223,2,217.9,150,0.013333333333333334,1.4526666666666668,149.0,0.0,149.0,1.0,108.95,78.98382745853736,164.8,53.1,0.7249548183436196,111.70000000000002,-111.70000000000002,0.32220873786407767,4.5,4.949747468305833,41.0
16637,32,4,1154.47,194,0.020618556701030927,5.950876288659794,64.0,37.04051835490427,102.0,0.026287759558646435,288.6175,44.55004704449442,332.38,226.93,0.15435670756102599,105.44999999999999,46.68500000000006,1.1759871831118653,17.25,1.8929694486000914,231.75
16638,23,10,1680.72,347,0.02881844380403458,4.8435734870317,37.888888888888886,45.600012183234234,144.0,0.021459221857452224,168.072,144.74531462768203,528.27,20.4,0.86121016366606,507.87,-46.831999999999994,0.7554311497326204,9.4,8.566082989195108,125.5
16639,31,3,1257.51,205,0.014634146341463415,6.134195121951221,102.0,103.23759005323593,175.0,0.009593468147999995,419.1700000000001,326.1836334030265,786.36,162.95000000000002,0.7781655018322552,623.41,166.45499999999998,1.5400876054510058,16.666666666666668,12.220201853215572,170.0
16641,106,1,231.1,1,1.0,231.1,0.0,0.0,0.0,1.0,231.1,0.0,231.1,231.1,0.0,0.0,0.0,0.0,12.0,0.0,256.0
16642,5,2,688.33,203,0.009852216748768473,3.3907881773399016,202.0,0.0,202.0,1.0,344.165,51.52687114506372,380.6,307.73,0.14971560485541446,72.87,72.87,1.2367984921847073,17.0,2.8284271247461903,239.5
16643,246,1,487.51,1,1.0,487.51,0.0,0.0,0.0,1.0,487.51,0.0,487.51,487.51,0.0,0.0,0.0,0.0,27.0,0.0,269.0
16644,178,2,833.78,35,0.05714285714285714,23.822285714285712,34.0,0.0,34.0,1.0,416.89,432.07052757622796,722.41,111.37,1.0364137484137974,611.04,-611.04,0.1541645326061378,31.0,32.526911934581186,413.0
16647,170,2,214.06,36,0.05555555555555555,5.946111111111112,35.0,0.0,35.0,1.0,107.03,29.302505012370528,127.75,86.31,0.27377842672494185,41.44,-41.44,0.6756164383561644,7.0,2.8284271247461903,73.0
16648,43,1,290.66,1,1.0,290.66,0.0,0.0,0.0,1.0,290.66,0.0,290.66,290.66,0.0,0.0,0.0,0.0,19.0,0.0,281.0
16650,72,1,518.42,1,1.0,518.42,0.0,0.0,0.0,1.0,518.42,0.0,518.42,518.42,0.0,0.0,0.0,0.0,24.0,0.0,372.0
16652,59,7,6773.97,215,0.03255813953488372,31.506837209302326,35.333333333333336,38.02981286657438,102.0,0.025621439780368828,967.71,880.2150165158511,2159.3,25.5,0.9095855333889812,2133.8,-88.3691666666665,0.9132109722322255,16.857142857142858,15.08231383031763,469.0
16653,16,2,1212.66,56,0.03571428571428571,21.654642857142854,55.0,0.0,55.0,1.0,606.3299999999999,723.4126635607092,1117.86,94.80000000000001,1.1931005616755057,1023.06,-1023.06,0.08480489506736087,34.5,45.96194077712559,366.5
16654,141,4,601.27,228,0.017543859649122806,2.6371491228070174,75.33333333333333,49.94330118577799,133.0,0.01962966625098048,150.3175,118.32706040885154,274.45,35.400000000000006,0.7871808698844216,239.04999999999998,-201.215,0.1981070040848859,7.25,5.560275772537426,70.5
16655,18,6,3789.52,315,0.01904761904761905,12.030222222222223,62.2,49.474235719210455,145.0,0.01981208800392793,631.5866666666667,274.01106989803657,1039.01,269.64,0.4338455581150698,769.37,18.379999999999995,1.0295310064856817,42.5,32.08582241426889,393.8333333333333
16656,22,15,8625.8,343,0.043731778425655975,25.14810495626822,23.928571428571427,14.247614028127847,48.0,0.06558403158390962,575.0533333333333,321.6274529564261,1093.44,60.0,0.5593002149767433,1033.44,-111.56428571428569,0.8241848046322728,4.866666666666666,2.030716505032035,592.9333333333333
16657,10,4,874.43,245,0.0163265306122449,3.5691020408163268,81.0,59.732738092272314,125.0,0.01646558398998383,218.60750000000002,14.521341478435566,230.37,199.36,0.06642654748092158,31.00999999999999,22.424999999999983,1.1081270040261335,46.5,16.703293088490067,282.5
16658,368,1,123.24,1,1.0,123.24,0.0,0.0,0.0,1.0,123.24,0.0,123.24,123.24,0.0,0.0,0.0,0.0,8.0,0.0,40.0
16659,189,1,39.12,1,1.0,39.12,0.0,0.0,0.0,1.0,39.12,0.0,39.12,39.12,0.0,0.0,0.0,0.0,2.0,0.0,72.0
16660,16,4,1267.65,304,0.013157894736842105,4.169901315789474,100.66666666666667,97.20768145230772,194.0,0.010182502887878753,316.9125,162.34557285309631,457.2,101.76,0.5122725447973693,355.44,249.46499999999997,2.2980799250702466,4.0,4.242640687119285,142.75
16665,362,1,135.4,1,1.0,135.4,0.0,0.0,0.0,1.0,135.4,0.0,135.4,135.4,0.0,0.0,0.0,0.0,9.0,0.0,59.0
16666,19,1,118.98,1,1.0,118.98,0.0,0.0,0.0,1.0,118.98,0.0,118.98,118.98,0.0,0.0,0.0,0.0,32.0,0.0,233.0
16667,68,2,567.1800000000001,217,0.009216589861751152,2.613732718894009,216.0,0.0,216.0,1.0,283.59,117.64842625381776,366.78,200.4,0.4148539308643385,166.37999999999997,166.37999999999997,1.8302395209580837,26.0,8.48528137423857,118.0
16668,15,6,306.72,270,0.022222222222222223,1.1360000000000001,53.4,32.33109957919774,101.0,0.030002010513451815,51.120000000000005,20.39233973824485,74.16,19.5,0.3989111842379665,54.66,-28.919999999999995,0.5590118938700824,3.3333333333333335,1.505545305418162,53.0
16669,24,3,1348.88,55,0.05454545454545454,24.525090909090906,27.0,38.18376618407357,54.0,0.02552077294720217,449.6266666666666,392.3314141556005,724.9399999999999,0.4,0.8725714981813072,724.54,-412.96999999999997,0.430339062543107,51.0,43.31281565541543,293.6666666666667
16670,17,11,4095.9,342,0.03216374269005848,11.976315789473684,33.7,24.52232542897277,74.0,0.03918138269896076,372.3545454545455,252.0310217558004,691.21,5.9,0.6768576477242618,685.3100000000001,-31.697333333333404,0.9186505288588214,22.90909090909091,15.73819904216836,232.36363636363637
16671,28,3,1692.27,137,0.021897810218978103,12.352335766423357,67.5,85.55992052357225,128.0,0.011552690829096558,564.09,709.0959181239165,1382.88,152.64,1.25706167122962,1230.2400000000002,-1228.1850000000002,0.11186437001041304,2.0,1.0,291.6666666666667
16672,2,20,8134.94,265,0.07547169811320754,30.69788679245283,13.421052631578947,10.563647252481209,36.0,0.08647790598986235,406.747,242.11825551511853,1175.44,60.0,0.5952551721711986,1115.44,-17.374000000000024,0.9581786757944704,5.7,4.856899595854389,141.6
16674,55,2,304.24,44,0.045454545454545456,6.914545454545455,43.0,0.0,43.0,1.0,152.12,52.35418607905199,189.14000000000001,115.1,0.3441637265254535,74.04000000000002,74.04000000000002,1.6432667245873156,46.5,19.091883092036785,90.5
16676,34,4,1592.12,304,0.013157894736842105,5.237236842105263,100.66666666666667,80.05206639015219,179.0,0.012337748370120515,398.03,95.0254429087284,493.62,304.44,0.238739398810965,189.18,2.0,1.00503740271516,22.25,5.852349955359813,159.0
16678,3,12,3109.99,281,0.042704626334519574,11.067580071174378,25.0,18.275666882497067,62.0,0.05187887952701821,259.16583333333335,86.95112372720804,326.75,39.0,0.3355038069982529,287.75,17.13499999999999,1.0683763525961198,13.583333333333334,5.071459057282921,199.75
16679,366,1,129.75,1,1.0,129.75,0.0,0.0,0.0,1.0,129.75,0.0,129.75,129.75,0.0,0.0,0.0,0.0,3.0,0.0,29.0
16680,43,1,183.7,1,1.0,183.7,0.0,0.0,0.0,1.0,183.7,0.0,183.7,183.7,0.0,0.0,0.0,0.0,10.0,0.0,94.0
16681,73,6,1770.34,181,0.03314917127071823,9.780883977900553,35.6,26.23547217032695,66.0,0.0367168225961399,295.0566666666667,153.91482757248136,456.84000000000003,20.16,0.5216449752222105,436.68,6.220000000000027,1.021305261234929,7.333333333333333,3.8297084310253524,234.5
16682,5,5,1028.0,184,0.02717391304347826,5.586956521739131,45.25,17.114808402861737,66.0,0.05520345442030854,205.6,182.0044521433473,525.5,100.8,0.8852356621758137,424.7,-179.24999999999997,0.42759061152802175,6.0,2.9154759474226504,208.0
16684,4,28,66653.56,354,0.07909604519774012,188.2868926553672,12.814814814814815,20.059597812206118,67.0,0.047484287635369805,2380.4842857142858,3138.637398222626,13760.02,149.46,1.3184869217823252,13610.560000000001,158.9600000000005,1.0690828787181748,9.892857142857142,10.55966920677981,1794.8214285714287
16685,61,2,324.24,1,2.0,324.24,0.0,0.0,0.0,1.0,162.12,112.59968383614583,241.74,82.5,0.6945452987672454,159.24,-159.24,0.34127575080665173,30.0,32.526911934581186,198.0
16686,47,7,2959.88,308,0.022727272727272728,9.610000000000001,50.833333333333336,28.09566989175853,90.0,0.03436937536479455,422.84000000000003,207.6148189155421,803.02,141.68,0.4910008961203814,661.3399999999999,256.0425,1.9259121975915816,76.57142857142857,38.638741969070125,282.42857142857144
16688,1,4,1260.86,60,0.06666666666666667,21.014333333333333,19.333333333333332,12.662279942148386,33.0,0.07319422557833716,315.215,229.20746795570747,647.77,145.7,0.7271464491084101,502.07,-201.09,0.5163315374254377,15.5,11.958260743101398,201.0
16689,76,2,422.6,7,0.2857142857142857,60.371428571428574,6.0,0.0,6.0,1.0,211.3,117.18173577823468,294.16,128.44,0.5545751811558669,165.72000000000003,-165.72000000000003,0.4366331248300244,6.5,4.949747468305833,165.0
16690,72,2,225.58,130,0.015384615384615385,1.7352307692307694,129.0,0.0,129.0,1.0,112.79,37.179674554788676,139.08,86.5,0.329636266998747,52.58000000000001,52.58000000000001,1.6078612716763008,6.0,1.4142135623730951,69.0
16692,256,2,1276.0,33,0.06060606060606061,38.666666666666664,32.0,0.0,32.0,1.0,638.0,890.2474375138634,1267.5,8.5,1.3953721591126385,1259.0,1259.0,149.11764705882354,1.5,0.7071067811865476,76.0
16693,69,2,477.86,204,0.00980392156862745,2.3424509803921567,203.0,0.0,203.0,1.0,238.93,120.94354385414708,324.45,153.41,0.5061881883988912,171.04,171.04,2.1149208004693305,29.5,12.020815280171307,101.5
16696,135,4,657.9,113,0.035398230088495575,5.822123893805309,37.0,28.61817604250837,67.0,0.033763051396709494,164.475,164.05444980249698,404.7,35.400000000000006,0.9974430752545796,369.29999999999995,-111.15,0.4948875255623722,2.5,2.3804761428476167,36.5
16697,241,1,112.75,1,1.0,112.75,0.0,0.0,0.0,1.0,112.75,0.0,112.75,112.75,0.0,0.0,0.0,0.0,20.0,0.0,27.0
16698,227,2,1998.0,27,0.07407407407407407,74.0,26.0,0.0,26.0,1.0,999.0,258.8010819142764,1182.0,816.0,0.2590601420563327,366.0,-366.0,0.6903553299492385,2.5,2.1213203435596424,420.0
16700,9,13,5076.55,358,0.036312849162011177,14.180307262569833,29.416666666666668,12.153999217117672,51.0,0.07602250718539436,390.50384615384615,66.79106084630155,508.36,283.81,0.171038163910908,224.55,-62.51666666666665,0.8526129666011788,23.692307692307693,6.848170259086429,309.53846153846155
16701,9,13,5398.3,353,0.036827195467422094,15.292634560906516,29.0,20.149441679609886,75.0,0.047282572048419465,415.25384615384615,260.7591361307232,1080.65,21.96,0.6279511641997298,1058.69,90.76261904761907,1.2477269669996744,11.076923076923077,7.052913564165503,491.7692307692308
16705,1,20,14034.99,359,0.055710306406685235,39.09467966573816,18.57894736842105,23.200373056085123,70.0,0.041321677053592056,701.7495000000001,758.437479319541,2489.11,16.5,1.0807809329675915,2472.61,-552.5709999999999,0.43501919665451655,13.5,13.888654968790362,273.8
16706,37,3,531.35,77,0.03896103896103896,6.900649350649349,38.0,32.526911934581186,61.0,0.02982678517935779,177.11666666666665,99.08491425708219,291.53,119.8,0.5594330342923621,171.72999999999996,-171.61999999999998,0.4113127293932014,40.666666666666664,26.350205565295564,83.0
16708,46,1,656.63,1,1.0,656.63,0.0,0.0,0.0,1.0,656.63,0.0,656.63,656.63,0.0,0.0,0.0,0.0,27.0,0.0,285.0
16709,85,5,3029.87,198,0.025252525252525252,15.302373737373737,48.75,47.64714052280577,114.0,0.02055619280502623,605.9739999999999,471.5308832727714,1120.53,133.8,0.7781371531992651,986.73,-48.735000000000014,0.9232779452626276,15.8,13.442470011125186,170.2
16710,19,10,2467.99,350,0.02857142857142857,7.051400000000001,38.44444444444444,31.757326363813718,83.0,0.03052752196237473,246.79900000000004,123.75704168068805,423.3,29.4,0.5014487160834851,393.90000000000003,11.385999999999967,1.0472240425373072,38.7,19.379542478259562,182.3
16711,3,5,1651.03,355,0.014084507042253521,4.650788732394366,88.0,61.28621378417825,161.0,0.01605491711962137,330.206,88.43981897312999,445.56,214.2,0.2678322591749695,231.36,51.34333333333336,1.1714874192830105,4.4,2.792848008753788,166.6
16712,9,11,3611.31,267,0.04119850187265917,13.525505617977528,26.2,24.128360445288813,76.0,0.039795672390853694,328.3009090909091,131.33088360736372,492.18,66.14,0.40003204368525574,426.04,18.1516666666667,1.0570090033500839,38.09090909090909,24.82520713087625,157.27272727272728
16713,19,15,6910.78,348,0.04310344827586207,19.858563218390806,24.285714285714285,19.5228803495503,63.0,0.048726103888332234,460.7186666666667,231.39311320986283,1115.52,152.2,0.5022438419611017,963.3199999999999,205.07160714285715,1.5836723346466457,41.2,29.600193049563522,284.73333333333335
16714,219,3,1129.06,99,0.030303030303030304,11.404646464646465,49.0,69.29646455628166,98.0,0.014225466477042627,376.3533333333333,630.2608190529801,1104.11,9.95,1.6746518848944614,1094.1599999999999,-1091.635,0.011298693065002582,25.666666666666668,42.72391992003231,196.33333333333334
16715,78,1,301.72,1,1.0,301.71999999999997,0.0,0.0,0.0,1.0,301.71999999999997,0.0,301.71999999999997,301.71999999999997,0.0,0.0,0.0,0.0,19.0,0.0,642.0
16716,267,2,901.2,45,0.044444444444444446,20.026666666666667,44.0,0.0,44.0,1.0,450.6,401.3538090014844,734.4000000000001,166.8,0.8907097403494993,567.6000000000001,-567.6000000000001,0.22712418300653595,1.0,0.0,60.0
16717,24,6,3843.08,343,0.01749271137026239,11.204314868804664,68.0,75.19640948875153,193.0,0.013123977976253916,640.5133333333333,662.7233720238532,1980.26,298.44,1.034675372915245,1681.82,523.5866666666667,2.382516546965216,33.0,29.058561561095896,310.0
16718,369,1,606.0500000000001,1,1.0,606.0500000000001,0.0,0.0,0.0,1.0,606.0500000000001,0.0,606.0500000000001,606.0500000000001,0.0,0.0,0.0,0.0,41.0,0.0,407.0
16719,15,7,1770.22,354,0.01977401129943503,5.000621468926553,58.166666666666664,19.994165815724013,86.0,0.04763228073825298,252.88857142857142,97.10710932239917,430.73,152.45,0.38399168761893676,278.28000000000003,3.590833333333336,1.0143154243797425,27.571428571428573,10.22834530210276,167.85714285714286
16720,26,1,152.95,1,1.0,152.95,0.0,0.0,0.0,1.0,152.95,0.0,152.95,152.95,0.0,0.0,0.0,0.0,25.0,0.0,180.0
16721,262,1,292.47,1,1.0,292.47,0.0,0.0,0.0,1.0,292.47,0.0,292.47,292.47,0.0,0.0,0.0,0.0,37.0,0.0,172.0
16722,17,13,4730.81,352,0.036931818181818184,13.439801136363634,28.75,21.896969487289166,78.0,0.043673901935150486,363.9084615384615,68.45535039305472,480.68,290.2,0.1881114555667447,190.48000000000002,-21.66952380952381,0.9423033278349103,17.307692307692307,4.230536124114283,384.6923076923077
16723,91,2,576.4,17,0.11764705882352941,33.905882352941184,16.0,0.0,16.0,1.0,288.20000000000005,174.23111088436536,411.40000000000003,165.0,0.604549309106056,246.40000000000003,-246.40000000000003,0.40106951871657753,18.5,24.748737341529164,199.0
16725,302,7,758.27,70,0.1,10.83242857142857,11.166666666666666,8.612007121842542,23.0,0.104036543806504,108.32428571428571,57.5840434660919,196.85,1.45,0.5315894130885348,195.4,2.6383333333333496,1.0246996411296616,20.0,13.038404810405298,41.142857142857146
16726,26,5,1358.74,336,0.01488095238095238,4.043869047619047,83.25,70.57560957346855,170.0,0.01397123972759957,271.748,214.31945658292437,581.58,58.9,0.7886698580409953,522.6800000000001,13.863333333333344,1.0526262511230056,31.4,27.08874304946614,189.0
16727,364,1,256.32,1,1.0,256.32,0.0,0.0,0.0,1.0,256.32,0.0,256.32,256.32,0.0,0.0,0.0,0.0,41.0,0.0,167.0
16728,46,4,1048.28,219,0.0182648401826484,4.786666666666666,72.33333333333333,46.54388610046795,120.0,0.021033198630142216,262.07,168.46966037440293,499.97,102.44,0.642842219156725,397.53000000000003,197.21,2.2064356284219864,65.0,39.04698025029166,167.75
16729,38,21,7205.33,204,0.10294117647058823,35.320245098039216,9.7,5.7408966840417985,19.0,0.14834821639788232,343.11095238095237,164.92699851463865,604.73,7.25,0.48068124135985607,597.48,59.634181818181844,1.1912124185349913,30.857142857142858,16.505410368378346,272.4761904761905
16730,52,3,743.11,268,0.011194029850746268,2.7727985074626864,133.0,69.29646455628166,182.0,0.014225466477042627,247.70333333333335,54.89868699097762,293.92,187.01999999999998,0.221630796211776,106.90000000000003,91.02500000000003,1.4867126510533635,26.333333333333332,14.294521094927712,331.3333333333333
16732,32,1,603.75,1,1.0,603.75,0.0,0.0,0.0,1.0,603.75,0.0,603.75,603.75,0.0,0.0,0.0,0.0,28.0,0.0,317.0
16734,52,3,646.76,62,0.04838709677419355,10.431612903225806,30.5,43.1335136523794,61.0,0.0226585176942078,215.58666666666667,185.511568462275,344.35,2.95,0.8604964830645447,341.40000000000003,-125.80999999999997,0.5798771121351767,15.666666666666666,13.051181300301263,115.0
16735,79,5,2247.41,256,0.01953125,8.7789453125,63.5,65.08199955953003,140.0,0.015132714001778185,449.48199999999997,251.92178899412417,770.9300000000001,125.44999999999999,0.5604713625776431,645.48,-121.50499999999994,0.7674033519339186,22.2,11.691877522451216,306.4
16737,53,1,417.6,1,1.0,417.6,0.0,0.0,0.0,1.0,417.6,0.0,417.6,417.6,0.0,0.0,0.0,0.0,1.0,0.0,288.0
16738,298,1,3.75,1,1.0,3.75,0.0,0.0,0.0,1.0,3.75,0.0,3.75,3.75,0.0,0.0,0.0,0.0,1.0,0.0,3.0
16739,177,1,323.0,1,1.0,323.0,0.0,0.0,0.0,1.0,323.0,0.0,323.0,323.0,0.0,0.0,0.0,0.0,13.0,0.0,172.0
16742,47,1,464.9,1,1.0,464.9,0.0,0.0,0.0,1.0,464.9,0.0,464.9,464.9,0.0,0.0,0.0,0.0,1.0,0.0,1.0
16743,29,7,2213.13,330,0.021212121212121213,6.7064545454545454,54.333333333333336,31.194016520266615,84.0,0.03106167257417182,316.1614285714286,136.0787371865484,430.28000000000003,28.880000000000003,0.4304090407277651,401.40000000000003,-66.07166666666666,0.813312926771839,27.0,8.0,290.7142857142857
16744,11,7,1291.91,162,0.043209876543209874,7.974753086419752,26.5,11.691877522451216,48.0,0.07879054917060588,184.5585714285714,74.82180908188276,283.0,109.96,0.4054095591590586,173.04000000000002,90.16333333333333,1.6777329558267144,33.57142857142857,7.913219801006896,114.0
16745,87,17,7180.7,226,0.0752212389380531,31.77300884955752,13.625,6.551081335677849,28.0,0.13243136387303017,422.3941176470588,160.1555267177355,821.6,203.82,0.3791613567203064,617.78,86.54249999999996,1.2298132522521923,20.647058823529413,8.788779611460486,395.2352941176471
16746,5,18,6680.11,355,0.05070422535211268,18.817211267605632,20.294117647058822,11.032705390578238,39.0,0.08310682988906325,371.1172222222222,130.50286184851882,587.3,20.85,0.35164862753357934,566.4499999999999,-26.416666666666686,0.9312648709282928,24.555555555555557,13.767917618708923,258.8888888888889
16747,38,2,836.0600000000001,31,0.06451612903225806,26.969677419354838,30.0,0.0,30.0,1.0,418.03,87.92165717273528,480.2,355.86,0.21032379774833215,124.33999999999997,-124.33999999999997,0.7410662224073303,21.0,8.48528137423857,291.5
16748,18,5,1515.9,317,0.015772870662460567,4.7820189274447955,78.75,74.96832664532403,180.0,0.01316338063715336,303.18,125.74689658198328,479.0,130.8,0.41475986734607584,348.2,-2.8666666666666742,0.9905980102765934,13.8,5.718391382198319,176.0
16750,45,5,623.93,188,0.026595744680851064,3.3187765957446804,46.25,35.81782610191002,96.0,0.027160756238894898,124.78599999999999,42.88006389920612,199.04,93.07000000000001,0.34362880370559296,105.96999999999998,-56.80666666666667,0.6424330165124525,19.0,12.186057606953941,42.8
16751,31,1,1764.72,1,1.0,1764.72,0.0,0.0,0.0,1.0,1764.72,0.0,1764.72,1764.72,0.0,0.0,0.0,0.0,24.0,0.0,1031.0
16752,373,1,207.5,1,1.0,207.5,0.0,0.0,0.0,1.0,207.5,0.0,207.5,207.5,0.0,0.0,0.0,0.0,9.0,0.0,54.0
16753,58,1,223.92,1,1.0,223.92000000000002,0.0,0.0,0.0,1.0,223.92000000000002,0.0,223.92000000000002,223.92000000000002,0.0,0.0,0.0,0.0,34.0,0.0,189.0
16754,372,1,2002.4,1,1.0,2002.4,0.0,0.0,0.0,1.0,2002.4,0.0,2002.4,2002.4,0.0,0.0,0.0,0.0,2.0,0.0,4280.0
16755,114,3,1475.43,202,0.01485148514851485,7.304108910891088,100.0,15.556349186104045,111.0,0.0603997891539587,491.80999999999995,152.73497471109883,592.41,316.06,0.3105568709686644,276.34999999999997,263.62499999999994,1.8340979560842876,54.666666666666664,34.42867022313429,352.6666666666667
16756,215,1,239.4,1,1.0,239.4,0.0,0.0,0.0,1.0,239.4,0.0,239.4,239.4,0.0,0.0,0.0,0.0,13.0,0.0,106.0
16757,319,1,106.83,1,1.0,106.83000000000001,0.0,0.0,0.0,1.0,106.83000000000001,0.0,106.83000000000001,106.83000000000001,0.0,0.0,0.0,0.0,7.0,0.0,81.0
16758,65,1,369.34,1,1.0,369.34000000000003,0.0,0.0,0.0,1.0,369.34000000000003,0.0,369.34000000000003,369.34000000000003,0.0,0.0,0.0,0.0,22.0,0.0,203.0
16759,8,3,789.79,24,0.125,32.907916666666665,11.5,16.263455967290593,23.0,0.05792582909787702,263.2633333333333,137.81463649893408,370.94,107.95,0.5234858753552238,262.99,232.96999999999997,3.1581287633163497,14.0,5.5677643628300215,203.0
16761,97,1,316.62,1,1.0,316.62,0.0,0.0,0.0,1.0,316.62,0.0,316.62,316.62,0.0,0.0,0.0,0.0,13.0,0.0,341.0
16762,20,3,1207.24,125,0.024,9.657920000000003,62.0,50.91168824543142,98.0,0.019263484463694105,402.4133333333334,148.14753131028993,573.45,314.15000000000003,0.3681476706627263,259.3,132.39499999999998,1.4214388031195289,21.0,8.0,160.0
16763,199,1,611.8499999999999,1,1.0,611.8499999999999,0.0,0.0,0.0,1.0,611.8499999999999,0.0,611.8499999999999,611.8499999999999,0.0,0.0,0.0,0.0,23.0,0.0,319.0
16764,4,13,2790.9500000000003,140,0.09285714285714286,19.935357142857146,11.166666666666666,6.780095646058172,27.0,0.1285331242047976,214.68846153846155,61.015942021485095,351.59000000000003,110.93,0.2842068995429177,240.66000000000003,63.16166666666669,1.3495807466307528,53.23076923076923,13.242317559965642,96.38461538461539
16765,294,1,34.0,1,1.0,34.0,0.0,0.0,0.0,1.0,34.0,0.0,34.0,34.0,0.0,0.0,0.0,0.0,1.0,0.0,4.0
16766,273,2,1145.6,1,2.0,1145.6,0.0,0.0,0.0,1.0,572.8,0.0,572.8,572.8,0.0,0.0,0.0,1.0,17.0,0.0,268.0
16767,31,11,5575.56,286,0.038461538461538464,19.494965034965038,28.4,23.735580417966986,63.0,0.04042759389925769,506.86909090909097,488.33845405526984,1866.02,41.08,0.9634409807459641,1824.94,-413.3633333333333,0.43555816515097723,20.0,14.331782861877302,402.09090909090907
16768,48,3,478.09,225,0.013333333333333334,2.1248444444444448,111.5,79.90306627407988,168.0,0.012360470944478712,159.36333333333334,48.78321466788892,191.6,103.24000000000001,0.3061131669845986,88.35999999999999,-35.829999999999984,0.8044747612551161,17.666666666666668,6.110100926607787,65.33333333333333
16769,260,1,361.54,1,1.0,361.54,0.0,0.0,0.0,1.0,361.54,0.0,361.54,361.54,0.0,0.0,0.0,0.0,33.0,0.0,80.0
16770,58,5,757.1,315,0.015873015873015872,2.4034920634920636,77.75,71.61180070351533,178.0,0.013771866147255419,151.42000000000002,64.51506761989792,265.55,107.72,0.42606701637761135,157.83,33.866666666666646,1.2583269768624457,27.2,20.315019074566482,91.2
16771,33,5,2242.61,305,0.01639344262295082,7.352819672131148,75.75,83.00351398183894,200.0,0.011904263912295314,448.52200000000005,235.56043984506394,704.33,144.3,0.5251926100504857,560.03,-41.98000000000002,0.9113803804015115,50.6,24.945941553687646,297.4
16773,57,1,171.59,1,1.0,171.59,0.0,0.0,0.0,1.0,171.59,0.0,171.59,171.59,0.0,0.0,0.0,0.0,23.0,0.0,171.0
16774,68,4,661.52,111,0.036036036036036036,5.959639639639639,36.333333333333336,11.50362261782493,48.0,0.079976821963134,165.38,51.313691480279736,238.0,119.32,0.31027749111307135,118.68,26.559999999999974,1.1746219592373437,11.75,3.774917217635375,80.5
16775,10,11,1691.51,358,0.030726256983240222,4.724888268156424,35.2,24.003703417968193,85.0,0.039994075408900376,153.77363636363637,42.077092882642745,231.9,109.63,0.273630083008123,122.27000000000001,-13.670000000000016,0.9152142901445139,14.272727272727273,5.780846116113265,39.90909090909091
16776,60,1,371.54,1,1.0,371.54,0.0,0.0,0.0,1.0,371.54,0.0,371.54,371.54,0.0,0.0,0.0,0.0,61.0,0.0,254.0
16777,80,2,222.62,177,0.011299435028248588,1.2577401129943504,176.0,0.0,176.0,1.0,111.31,87.97822571523025,173.52,49.1,0.7903892347069468,124.42000000000002,-124.42000000000002,0.282964499769479,23.0,16.97056274847714,31.0
16778,74,2,245.94,200,0.01,1.2297,199.0,0.0,199.0,1.0,122.97,42.12942202309449,152.76,93.18,0.3425991869813328,59.579999999999984,59.579999999999984,1.6394075981970377,8.0,4.242640687119285,97.0
16779,2,22,10611.72,365,0.06027397260273973,29.073205479452056,16.904761904761905,12.988089782199545,42.0,0.07148938958574198,482.35090909090917,184.02777352265508,891.5500000000001,265.05,0.38152260118985526,626.5,193.11636363636347,1.5005702543994415,15.0,4.879500364742666,240.95454545454547
16780,100,2,422.24,159,0.012578616352201259,2.6555974842767296,158.0,0.0,158.0,1.0,211.12,69.6217336756275,260.35,161.89,0.3297732743256323,98.46000000000004,98.46000000000004,1.6081907468033854,27.5,17.67766952966369,135.0
16781,372,1,311.25,1,1.0,311.25,0.0,0.0,0.0,1.0,311.25,0.0,311.25,311.25,0.0,0.0,0.0,0.0,17.0,0.0,113.0
16782,10,13,2267.9500000000003,356,0.03651685393258427,6.37064606741573,29.0,18.542334853469285,60.0,0.05117095820423287,174.4576923076923,96.88833195607596,364.2,43.5,0.5553686436777652,320.7,-49.41666666666666,0.7542274535809019,14.076923076923077,14.008696932391311,54.23076923076923
16784,20,1,107.6,1,1.0,107.6,0.0,0.0,0.0,1.0,107.6,0.0,107.6,107.6,0.0,0.0,0.0,0.0,3.0,0.0,24.0
16788,123,2,594.39,132,0.015151515151515152,4.502954545454546,131.0,0.0,131.0,1.0,297.19500000000005,3.853731957466656,299.92,294.47,0.012967014779746145,5.449999999999989,5.449999999999989,1.0185078276225081,73.5,17.67766952966369,152.0
16789,8,1,80.80000000000001,1,1.0,80.80000000000001,0.0,0.0,0.0,1.0,80.80000000000001,0.0,80.80000000000001,80.80000000000001,0.0,0.0,0.0,0.0,5.0,0.0,32.0
16790,4,6,1545.62,35,0.17142857142857143,44.16057142857143,6.4,5.224940191045253,12.0,0.16064411372795637,257.60333333333335,210.1964065027437,664.21,91.45000000000002,0.815969280299467,572.76,-241.95999999999998,0.3608804754567467,15.5,12.437845472588892,149.66666666666666
16791,29,7,1705.78,304,0.023026315789473683,5.611118421052631,50.0,31.400636936215164,90.0,0.03086359079818798,243.68285714285713,164.09818490914574,479.36,13.52,0.6734088184666371,465.84000000000003,103.1441666666667,1.5583106291611788,44.57142857142857,30.1598913727992,108.14285714285714
16792,282,2,110.38,1,2.0,110.38,0.0,0.0,0.0,1.0,55.19,63.97902156175881,100.42999999999999,9.95,1.159250254788165,90.47999999999999,-90.47999999999999,0.09907398187792492,5.5,6.363961030678928,22.0
16793,57,1,243.84,1,1.0,243.84,0.0,0.0,0.0,1.0,243.84,0.0,243.84,243.84,0.0,0.0,0.0,0.0,16.0,0.0,146.0
16794,1,10,1196.5,180,0.05555555555555555,6.647222222222222,19.444444444444443,15.240661986205776,41.0,0.061573844763801094,119.65,80.77123828030207,253.29,2.95,0.6750625848750695,250.34,-39.328,0.7177024563216905,27.4,18.524458306670013,92.3
16795,365,1,414.88,1,1.0,414.88,0.0,0.0,0.0,1.0,414.88,0.0,414.88,414.88,0.0,0.0,0.0,0.0,64.0,0.0,239.0
16796,89,1,305.62,1,1.0,305.62,0.0,0.0,0.0,1.0,305.62,0.0,305.62,305.62,0.0,0.0,0.0,0.0,18.0,0.0,186.0
16800,11,1,1162.65,1,1.0,1162.65,0.0,0.0,0.0,1.0,1162.65,0.0,1162.65,1162.65,0.0,0.0,0.0,0.0,148.0,0.0,524.0
16801,163,4,1594.23,111,0.036036036036036036,14.362432432432433,36.0,32.07802986469088,71.0,0.030231546560983345,398.5575,279.13806421136235,751.9,140.85,0.7003708729891229,611.05,-443.215,0.2853272919303734,18.75,18.300728582946274,123.25
16803,65,1,332.3,1,1.0,332.3,0.0,0.0,0.0,1.0,332.3,0.0,332.3,332.3,0.0,0.0,0.0,0.0,24.0,0.0,245.0
16804,23,3,536.99,248,0.012096774193548387,2.1652822580645164,123.5,174.65537495307723,247.0,0.005692965559790753,178.99666666666667,209.27535027645595,411.98,6.959999999999999,1.1691578070902024,405.02000000000004,91.42,1.7744176196526895,20.0,19.519221295943137,82.0
16805,174,2,460.59,187,0.0106951871657754,2.463048128342246,186.0,0.0,186.0,1.0,230.295,21.95566555584231,245.82,214.76999999999998,0.09533713522153026,31.05000000000001,31.05000000000001,1.1445732644224054,49.0,8.48528137423857,269.5
16806,103,4,762.16,136,0.029411764705882353,5.604117647058823,44.666666666666664,24.440403706431148,66.0,0.03930755233051617,190.54,52.03361797914883,238.34,127.19,0.27308501091187587,111.15,-15.550000000000011,0.9215893906159393,23.0,11.518101695447331,89.0
16807,143,3,1121.59,129,0.023255813953488372,8.694496124031009,64.0,12.727922061357855,73.0,0.07284423640594942,373.8633333333334,94.60749036589719,469.76,280.6,0.25305367478106217,189.15999999999997,3.9499999999999886,1.0106403038547531,22.333333333333332,7.505553499465136,259.3333333333333
16808,99,2,288.42,176,0.011363636363636364,1.6387500000000002,175.0,0.0,175.0,1.0,144.21,31.522820305296293,166.5,121.92,0.2185896976998564,44.58,-44.58,0.7322522522522522,11.5,10.606601717798213,98.0
16809,23,5,914.69,240,0.020833333333333332,3.8112083333333335,59.25,17.03672503740082,74.0,0.055442437467245705,182.93800000000002,71.56548763195846,294.32,127.61,0.3912007763939611,166.70999999999998,18.99666666666664,1.1107419066495665,29.4,11.84483009586883,130.4
16810,192,1,309.54,1,1.0,309.54,0.0,0.0,0.0,1.0,309.54,0.0,309.54,309.54,0.0,0.0,0.0,0.0,15.0,0.0,114.0
16811,5,2,547.07,13,0.15384615384615385,42.08230769230769,12.0,0.0,12.0,1.0,273.53499999999997,58.31509624445453,314.77,232.3,0.21319062001007014,82.46999999999997,-82.46999999999997,0.7379991740000637,14.0,5.656854249492381,238.5
16812,361,1,479.35,1,1.0,479.35,0.0,0.0,0.0,1.0,479.35,0.0,479.35,479.35,0.0,0.0,0.0,0.0,15.0,0.0,81.0
16813,8,10,1652.18,197,0.050761421319796954,8.386700507614213,21.333333333333332,9.12414379544733,41.0,0.09877378474708,165.21800000000002,49.9351087356826,245.44,110.55,0.302237702524438,134.89,-16.192000000000007,0.9065741948140369,41.9,19.524628321970976,150.1
16814,14,21,6416.7,356,0.05898876404494382,18.02443820224719,17.25,8.365813893774064,38.0,0.10677128665398222,305.5571428571428,149.33668719182361,644.13,116.32,0.4887357101046171,527.81,-12.689454545454566,0.9593552467442615,15.19047619047619,5.988481006223928,128.42857142857142
16816,103,4,417.06,255,0.01568627450980392,1.635529411764706,84.33333333333333,68.13467056743822,163.0,0.014464522529611801,104.265,97.96814261108898,249.67000000000002,44.370000000000005,0.9396071798886393,205.3,-116.92000000000002,0.28148717160854203,7.0,5.41602560309064,68.5
16817,3,9,1604.75,366,0.02459016393442623,4.384562841530054,45.25,50.07066435120897,153.0,0.019580712581357435,178.30555555555554,76.0184217987836,244.20000000000002,6.8,0.4263379318828805,237.4,88.95250000000001,1.690156143923965,9.555555555555555,4.245913067618999,91.33333333333333
16818,11,11,3349.57,195,0.05641025641025641,17.177282051282052,19.0,16.937794687883336,60.0,0.05574821305516906,304.50636363636363,212.08596810127383,693.34,45.2,0.696491086651126,648.14,-32.85266666666672,0.8981078862540034,17.09090909090909,12.501636256542945,196.72727272727272
16820,96,1,497.61,1,1.0,497.61,0.0,0.0,0.0,1.0,497.61,0.0,497.61,497.61,0.0,0.0,0.0,0.0,26.0,0.0,307.0
16823,227,1,358.38,1,1.0,358.38,0.0,0.0,0.0,1.0,358.38,0.0,358.38,358.38,0.0,0.0,0.0,0.0,34.0,0.0,136.0
16824,16,2,460.64,149,0.013422818791946308,3.0915436241610736,148.0,0.0,148.0,1.0,230.32,10.493464632808378,237.74,222.9,0.04556037093091515,14.840000000000003,14.840000000000003,1.0665769403319874,13.0,0.0,118.0
16825,39,2,775.18,148,0.013513513513513514,5.237702702702703,147.0,0.0,147.0,1.0,387.59000000000003,97.42517231188252,456.48,318.7,0.25136141879791146,137.78000000000003,137.78000000000003,1.4323187951051146,14.0,4.242640687119285,283.0
16826,51,1,341.7,1,1.0,341.7,0.0,0.0,0.0,1.0,341.7,0.0,341.7,341.7,0.0,0.0,0.0,0.0,22.0,0.0,158.0
16828,93,2,128.5,20,0.1,6.425,19.0,0.0,19.0,1.0,64.25,69.65001794687493,113.5,15.0,1.0840469719357966,98.5,-98.5,0.13215859030837004,4.0,4.242640687119285,29.5
16829,157,1,197.22,1,1.0,197.22,0.0,0.0,0.0,1.0,197.22,0.0,197.22,197.22,0.0,0.0,0.0,0.0,11.0,0.0,99.0
16830,39,1,325.91,1,1.0,325.91,0.0,0.0,0.0,1.0,325.91,0.0,325.91,325.91,0.0,0.0,0.0,0.0,23.0,0.0,264.0
16832,184,3,199.15,34,0.08823529411764706,5.857352941176471,16.5,3.5355339059327378,19.0,0.2204812092115424,66.38333333333334,10.007039189157467,77.75,58.9,0.1507462594399819,18.85,11.225000000000001,1.1905772495755518,4.0,2.6457513110645907,11.0
16833,1,4,1106.53,334,0.011976047904191617,3.312964071856287,110.66666666666667,132.85079349907298,258.0,0.007471005392335801,276.6325,180.76741582763196,435.24,17.4,0.6534568997772567,417.84000000000003,-100.62500000000006,0.6922265212803376,11.75,7.455423082115014,110.0
16834,228,1,413.46,1,1.0,413.46,0.0,0.0,0.0,1.0,413.46,0.0,413.46,413.46,0.0,0.0,0.0,0.0,24.0,0.0,358.0
16835,128,2,180.85,245,0.00816326530612245,0.7381632653061224,244.0,0.0,244.0,1.0,90.425,12.268302653586595,99.1,81.75,0.13567379213255842,17.349999999999994,17.349999999999994,1.2122324159021407,5.0,0.0,30.5
16836,40,2,251.87,77,0.025974025974025976,3.271038961038961,76.0,0.0,76.0,1.0,125.935,48.95300246154469,160.55,91.32000000000001,0.38871642086429264,69.23,69.23,1.7581033727551467,5.5,4.949747468305833,82.5
16837,31,11,3170.98,215,0.05116279069767442,14.748744186046512,21.1,29.74129190947233,98.0,0.03252953724081679,288.2709090909091,221.2946863101121,737.7,75.0,0.7676622209573171,662.7,133.36200000000008,1.6187687910619506,15.0,14.676511847165866,142.0909090909091
16838,197,2,588.85,91,0.02197802197802198,6.470879120879121,90.0,0.0,90.0,1.0,294.425,138.1615939760395,392.12,196.73000000000002,0.4692590438177448,195.39,-195.39,0.5017086606140978,12.5,2.1213203435596424,92.5
16839,9,34,16594.35,361,0.09418282548476455,45.967728531855954,10.424242424242424,8.104899378733455,39.0,0.10983097763119991,488.06911764705876,162.33591436628328,987.9399999999999,215.6,0.3326084533864618,772.3399999999999,15.624117647058938,1.032532822495796,7.823529411764706,4.174022028337672,263.97058823529414
16841,37,6,1869.82,251,0.02390438247011952,7.449482071713147,49.6,35.69733883638947,100.0,0.02724993233047159,311.63666666666666,7.669194655677124,319.12,300.06,0.02460941049623105,19.060000000000002,-5.513333333333378,0.9824635806526855,19.333333333333332,3.4448028487370173,375.0
16842,101,3,1264.19,202,0.01485148514851485,6.258366336633664,100.5,65.76093065034893,147.0,0.014978820550560637,421.3966666666667,89.57230282477573,520.5699999999999,346.38,0.21256053953466422,174.18999999999994,-148.75999999999993,0.7142363178823214,21.0,7.810249675906654,231.0
16843,43,16,10196.57,285,0.056140350877192984,35.77743859649123,18.6,16.504544828622205,48.0,0.057128020739212255,637.285625,563.5440160386024,1830.72,15.8,0.8842879768998436,1814.92,-160.90875000000005,0.7758119235377713,23.625,21.835368861856523,634.9375
16846,50,1,214.32,1,1.0,214.32,0.0,0.0,0.0,1.0,214.32,0.0,214.32,214.32,0.0,0.0,0.0,0.0,11.0,0.0,135.0
16847,43,1,193.44,1,1.0,193.44,0.0,0.0,0.0,1.0,193.44,0.0,193.44,193.44,0.0,0.0,0.0,0.0,12.0,0.0,78.0
16848,53,1,281.42,1,1.0,281.42,0.0,0.0,0.0,1.0,281.42,0.0,281.42,281.42,0.0,0.0,0.0,0.0,14.0,0.0,182.0
16849,187,1,124.57,1,1.0,124.57,0.0,0.0,0.0,1.0,124.57,0.0,124.57,124.57,0.0,0.0,0.0,0.0,8.0,0.0,33.0
16850,334,1,332.41,1,1.0,332.41,0.0,0.0,0.0,1.0,332.41,0.0,332.41,332.41,0.0,0.0,0.0,0.0,19.0,0.0,249.0
16851,4,3,342.45,48,0.0625,7.134375000000001,23.5,20.506096654409877,38.0,0.04649844256116777,114.15000000000002,12.963749457622203,128.37,102.99000000000001,0.11356766936156111,25.379999999999995,4.590000000000003,1.0413178503915743,6.666666666666667,0.5773502691896258,90.33333333333333
16852,10,2,144.91,166,0.012048192771084338,0.8729518072289156,165.0,0.0,165.0,1.0,72.455,57.424141700159524,113.06,31.85,0.7925490538977231,81.21000000000001,-81.21000000000001,0.28170882717141343,4.5,3.5355339059327378,28.0
16855,24,2,328.40000000000003,20,0.1,16.419999999999998,19.0,0.0,19.0,1.0,164.2,18.384776310850228,177.2,151.20000000000002,0.11196575097959945,25.99999999999997,25.99999999999997,1.1719576719576716,9.5,0.7071067811865476,82.0
16856,15,1,35.400000000000006,1,1.0,35.400000000000006,0.0,0.0,0.0,1.0,35.400000000000006,0.0,35.400000000000006,35.400000000000006,0.0,0.0,0.0,0.0,2.0,0.0,12.0
16858,369,1,375.69000000000005,1,1.0,375.69000000000005,0.0,0.0,0.0,1.0,375.69000000000005,0.0,375.69000000000005,375.69000000000005,0.0,0.0,0.0,0.0,9.0,0.0,91.0
16859,145,2,747.81,117,0.017094017094017096,6.391538461538461,116.0,0.0,116.0,1.0,373.905,161.31226999208715,487.97,259.84,0.43142581669698765,228.13000000000005,228.13000000000005,1.8779633620689657,26.0,11.313708498984761,413.5
16861,60,2,173.76,99,0.020202020202020204,1.7551515151515151,98.0,0.0,98.0,1.0,86.88,22.74055408295936,102.96,70.80000000000001,0.2617467090580037,32.15999999999998,32.15999999999998,1.454237288135593,3.0,1.4142135623730951,70.0
16863,31,2,502.8,336,0.005952380952380952,1.4964285714285714,335.0,0.0,335.0,1.0,251.4,123.24871196081524,338.55,164.25,0.4902494509181195,174.3,174.3,2.061187214611872,13.0,5.656854249492381,204.5
16866,141,3,207.74,21,0.14285714285714285,9.892380952380952,9.5,2.1213203435596424,11.0,0.32037724101704074,69.24666666666667,34.66384331451626,108.95,45.0,0.50058500983705,63.95,-59.55500000000001,0.4533731069297843,3.6666666666666665,2.3094010767585034,20.0
16869,23,4,817.12,153,0.026143790849673203,5.340653594771242,50.333333333333336,55.949381885176656,114.0,0.017559453094964844,204.28,75.13620210435624,296.42,133.02,0.36780987910885177,163.4,20.880000000000024,1.1077177053239786,31.5,8.34665601703261,145.75
16871,22,6,2812.34,249,0.024096385542168676,11.294538152610443,49.6,47.64241807465276,121.0,0.020558188502579674,468.72333333333336,356.86181228406423,1110.51,35.04,0.7613485118102311,1075.47,319.24000000000007,2.032793779857869,22.833333333333332,16.892799254909374,208.83333333333334
16872,77,3,680.02,108,0.027777777777777776,6.296481481481481,53.5,36.062445840513924,79.0,0.02698148968104188,226.67333333333332,156.32841626951043,388.36,76.32000000000001,0.6896639051918051,312.04,-242.53000000000003,0.375502111442991,2.3333333333333335,1.1547005383792515,200.0
16873,5,6,7123.62,360,0.016666666666666666,19.78783333333333,71.2,27.598913022073894,118.0,0.034966363904395815,1187.27,717.852598128613,2157.64,528.93,0.6046245572857167,1628.71,218.90666666666675,1.2031019499296418,46.5,22.731036052058865,640.0
16875,67,5,2095.53,273,0.018315018315018316,7.675934065934067,67.75,63.819406661819315,151.0,0.01542747845899416,419.10600000000005,333.7839716493289,957.33,37.5,0.7964189767011899,919.83,58.85166666666669,1.1533414105620623,22.4,18.981570008826985,213.8
16877,12,6,846.62,196,0.030612244897959183,4.319489795918368,38.6,45.48406314303945,111.0,0.021512749367946348,141.10333333333332,62.95148947139112,261.93,77.75,0.44613750777012917,184.18,-18.400000000000006,0.8775808919740081,25.833333333333332,7.25028735062733,76.33333333333333
16878,84,1,13.3,1,1.0,13.3,0.0,0.0,0.0,1.0,13.3,0.0,13.3,13.3,0.0,0.0,0.0,0.0,3.0,0.0,12.0
16880,31,7,1491.43,159,0.0440251572327044,9.380062893081762,26.0,23.16031087874254,69.0,0.04139019588857404,213.0614285714286,123.57643470454111,398.31,6.95,0.5800037835713293,391.36,127.2391666666667,1.9065631976440416,24.285714285714285,12.446074156325837,106.57142857142857
16881,67,1,432.0,1,1.0,432.0,0.0,0.0,0.0,1.0,432.0,0.0,432.0,432.0,0.0,0.0,0.0,0.0,1.0,0.0,600.0
16882,67,3,705.12,251,0.01195219123505976,2.809243027888446,124.5,67.17514421272202,172.0,0.01466810245211615,235.04,241.09353122802776,489.42,9.9,1.025755323468464,479.52000000000004,337.71000000000004,35.11212121212121,13.0,11.532562594670797,141.33333333333334
16883,187,2,272.48,185,0.010810810810810811,1.472864864864865,184.0,0.0,184.0,1.0,136.24,11.610693347083092,144.45,128.03,0.0852223528118254,16.419999999999987,16.419999999999987,1.1282511911270794,18.5,2.1213203435596424,51.5
16884,38,2,429.84,1,2.0,429.84000000000003,0.0,0.0,0.0,1.0,214.92000000000002,115.73923794461409,296.76,133.08,0.5385224173860697,163.67999999999998,-163.67999999999998,0.4484431864132633,13.0,4.242640687119285,160.0
16885,15,3,450.41,342,0.008771929824561403,1.3169883040935673,170.0,190.91883092036784,305.0,0.005210536116775984,150.13666666666666,28.156039020667187,177.95,121.65,0.1875360606158868,56.29999999999998,-41.71999999999997,0.7655521213824109,29.0,2.6457513110645907,59.333333333333336
16887,35,1,192.33,1,1.0,192.32999999999998,0.0,0.0,0.0,1.0,192.32999999999998,0.0,192.32999999999998,192.32999999999998,0.0,0.0,0.0,0.0,35.0,0.0,156.0
16889,195,3,1578.67,143,0.02097902097902098,11.039650349650348,70.5,31.81980515339464,93.0,0.030469406973202804,526.2233333333332,177.771243550056,705.56,350.06,0.3378247072853529,355.49999999999994,4.759999999999991,1.0091004684064622,44.666666666666664,13.650396819628845,308.3333333333333
16891,2,5,742.43,370,0.013513513513513514,2.0065675675675676,92.0,92.56709278499928,230.0,0.01068751812453791,148.486,47.06928329600951,217.26,103.45,0.3169947557076729,113.80999999999999,-80.49833333333332,0.5909325744679049,36.6,18.008331405213532,53.0
16892,1,5,518.19,183,0.0273224043715847,2.8316393442622956,45.5,72.63378460927578,154.0,0.013580722562425892,103.638,53.94882222996162,149.15,11.8,0.5205505917709876,137.35,-22.36999999999999,0.8089014180762003,19.4,13.501851724856113,47.2
16893,367,1,145.93,1,1.0,145.93,0.0,0.0,0.0,1.0,145.93,0.0,145.93,145.93,0.0,0.0,0.0,0.0,44.0,0.0,62.0
16895,65,1,202.27,1,1.0,202.27,0.0,0.0,0.0,1.0,202.27,0.0,202.27,202.27,0.0,0.0,0.0,0.0,57.0,0.0,91.0
16897,299,2,289.78,15,0.13333333333333333,19.318666666666665,14.0,0.0,14.0,1.0,144.89,96.36451214010269,213.03,76.75,0.6650873914010815,136.28,-136.28,0.36027789513214104,18.5,16.263455967290593,36.5
16898,26,3,501.03,343,0.008746355685131196,1.460728862973761,171.0,28.284271247461902,191.0,0.03414802408943918,167.01,48.11480957044308,201.69,112.08,0.28809538093792636,89.61,82.395,1.735144539614561,52.333333333333336,21.07921567168317,137.33333333333334
16899,8,6,1271.06,353,0.0169971671388102,3.600736543909348,70.0,51.62363799656123,153.0,0.019002867115826286,211.84333333333333,109.80781532598974,381.7,77.55,0.5183444463329334,304.15,83.56666666666666,1.4913951938531498,20.5,6.410928169929843,86.66666666666667
16900,17,3,887.11,47,0.06382978723404255,18.87468085106383,22.5,28.991378028648448,43.0,0.03334291605556694,295.7033333333333,400.0194565684691,752.68,8.95,1.3527729026900919,743.7299999999999,-685.4649999999999,0.08930089812403678,26.333333333333332,37.072002014098636,277.6666666666667
16902,116,1,1706.88,1,1.0,1706.88,0.0,0.0,0.0,1.0,1706.88,0.0,1706.88,1706.88,0.0,0.0,0.0,0.0,43.0,0.0,629.0
16903,29,1,363.2,1,1.0,363.2,0.0,0.0,0.0,1.0,363.2,0.0,363.2,363.2,0.0,0.0,0.0,0.0,50.0,0.0,247.0
16904,4,16,3653.75,363,0.0440771349862259,10.06542699724518,23.733333333333334,18.179527994291767,65.0,0.052138926479192875,228.359375,112.69524121681744,381.52,15.0,0.49349951678934767,366.52,26.26875000000004,1.1220525031943318,41.1875,25.742879274341735,124.0
16905,5,7,3037.6,367,0.01907356948228883,8.27683923705722,60.666666666666664,74.0450313435457,189.0,0.013325332564952093,433.9428571428571,348.4415511825136,1172.73,161.35,0.8029664400439805,1011.38,279.7949999999999,2.0209260745822077,26.142857142857142,16.486646833408056,197.28571428571428
16906,82,4,559.59,167,0.023952095808383235,3.3508383233532935,55.0,44.93328387732194,105.0,0.02177070558836568,139.8975,40.16650376868766,181.3,99.0,0.2871138066705099,82.30000000000001,68.10499999999999,1.6434408805328546,21.0,15.895492023421818,65.75
16907,29,5,928.76,337,0.01483679525222552,2.7559643916913945,83.5,26.888659319497503,119.0,0.03585686886356995,185.752,64.28725511328041,269.77,121.36,0.3460918596477045,148.40999999999997,-31.87166666666667,0.8444335977221883,28.0,5.0,57.2
16909,72,1,379.14,1,1.0,379.14,0.0,0.0,0.0,1.0,379.14,0.0,379.14,379.14,0.0,0.0,0.0,0.0,18.0,0.0,436.0
16910,4,8,1508.96,87,0.09195402298850575,17.344367816091953,12.0,14.45683229480096,43.0,0.06469630910962,188.62,61.861993178364365,290.52,111.78,0.3279715469110612,178.73999999999998,-0.30000000000001137,0.9984107644223128,68.125,20.124168128326268,110.5
16912,29,11,2555.58,295,0.03728813559322034,8.662983050847457,29.2,34.1818665376834,83.0,0.02842373354264468,232.32545454545453,154.64290823465757,464.64,30.240000000000002,0.665630498979188,434.4,5.781333333333322,1.0252270492613988,9.090909090909092,4.908249086070215,93.18181818181819
16913,290,1,113.44,1,1.0,113.44,0.0,0.0,0.0,1.0,113.44,0.0,113.44,113.44,0.0,0.0,0.0,0.0,8.0,0.0,82.0
16914,36,1,183.76,1,1.0,183.76,0.0,0.0,0.0,1.0,183.76,0.0,183.76,183.76,0.0,0.0,0.0,0.0,25.0,0.0,112.0
16915,9,6,621.6800000000001,275,0.02181818181818182,2.2606545454545457,54.6,24.26520142096496,83.0,0.03958013171310814,103.61333333333334,48.87516247202322,173.70000000000002,41.9,0.47170726874298563,131.8,68.10000000000002,1.9789640136087023,9.5,8.916277250063503,22.0
16916,24,2,562.41,349,0.0057306590257879654,1.611489971346705,348.0,0.0,348.0,1.0,281.20500000000004,119.88995475017913,365.98,196.43,0.4263436096448467,169.55,169.55,1.8631573588555719,66.5,26.16295090390226,215.5
16917,277,1,391.52,1,1.0,391.52,0.0,0.0,0.0,1.0,391.52,0.0,391.52,391.52,0.0,0.0,0.0,0.0,9.0,0.0,232.0
16918,50,6,1068.82,268,0.022388059701492536,3.9881343283582087,53.2,62.82276657391013,157.0,0.015668390038246733,178.13666666666666,126.93411813482876,299.67,2.08,0.7125659220532669,297.59000000000003,-192.19333333333333,0.29916129816458004,21.0,16.037456157383563,120.16666666666667
16919,156,11,2592.25,213,0.051643192488262914,12.17018779342723,20.7,32.15258759243009,111.0,0.03016355803938319,235.6590909090909,74.4168740884143,341.65999999999997,116.49000000000001,0.3157818940968492,225.16999999999996,-26.92599999999996,0.8924448563188548,29.636363636363637,10.800673379680799,127.54545454545455
16921,61,1,154.18,1,1.0,154.18,0.0,0.0,0.0,1.0,154.18,0.0,154.18,154.18,0.0,0.0,0.0,0.0,50.0,0.0,154.0
16923,12,19,7069.08,351,0.05413105413105413,20.139829059829058,18.944444444444443,12.927272685488122,53.0,0.07180156679505353,372.0568421052632,192.51292187662023,655.03,50.0,0.5174287906850374,605.03,43.27600000000001,1.123900595510765,31.94736842105263,20.042936367848252,176.0
16924,21,3,829.89,63,0.047619047619047616,13.172857142857143,31.0,16.97056274847714,43.0,0.05564656009922349,276.63,27.272244132084193,306.24,252.54,0.0985874421866182,53.70000000000002,8.279999999999973,1.0305411087750358,26.666666666666668,4.618802153517006,155.66666666666666
16926,371,1,230.25,1,1.0,230.25,0.0,0.0,0.0,1.0,230.25,0.0,230.25,230.25,0.0,0.0,0.0,0.0,14.0,0.0,35.0
16927,116,3,543.05,246,0.012195121951219513,2.207520325203252,122.5,53.033008588991066,160.0,0.01850720561586024,181.01666666666665,50.617643498421906,218.1,123.35,0.27962974034668214,94.75,-55.625,0.744956441999083,2.0,1.0,331.0
16928,80,17,2814.7,293,0.05802047781569966,9.606484641638225,17.8125,13.751212067789998,50.0,0.0677910395026826,165.5705882352941,71.11053688365988,375.31,101.25,0.42948773475760044,274.06,10.838611111111135,1.0678123104569541,11.470588235294118,7.600309591217514,123.05882352941177
16929,4,7,1295.39,152,0.046052631578947366,8.522302631578947,24.666666666666668,18.392027258208014,55.0,0.05156758428011865,185.0557142857143,54.013956177128534,235.96,105.78,0.29187942877426853,130.18,9.010833333333352,1.050086155784481,11.0,3.5590260840104375,132.71428571428572
16930,26,3,378.89,43,0.06976744186046512,8.811395348837209,21.0,29.698484809834994,42.0,0.03257489762750851,126.29666666666667,99.67058760403359,193.65,11.8,0.7891782913565962,181.85,-101.03,0.47828556674412603,17.666666666666668,13.79613472438325,113.0
16931,5,21,4554.87,365,0.057534246575342465,12.479095890410958,17.7,9.459609427789067,36.0,0.09560586433975271,216.89857142857142,84.44015397224913,411.44,4.35,0.3893071006235594,407.09,15.586909090909103,1.0746735514621917,41.76190476190476,16.25393725195456,149.23809523809524
16932,53,1,150.23000000000002,1,1.0,150.23000000000002,0.0,0.0,0.0,1.0,150.23000000000002,0.0,150.23000000000002,150.23000000000002,0.0,0.0,0.0,0.0,44.0,0.0,82.0
16933,1,2,563.23,238,0.008403361344537815,2.366512605042017,237.0,0.0,237.0,1.0,281.615,80.4475384955935,338.5,224.73,0.2856649627881807,113.77000000000001,113.77000000000001,1.5062519467805813,21.5,3.5355339059327378,144.0
16934,55,2,931.03,1,2.0,931.0300000000001,0.0,0.0,0.0,1.0,465.51500000000004,459.00422487162365,790.08,140.95000000000002,0.9860138231241176,649.13,-649.13,0.17839965573106523,29.5,27.577164466275352,198.5
16936,26,1,261.9,1,1.0,261.9,0.0,0.0,0.0,1.0,261.9,0.0,261.9,261.9,0.0,0.0,0.0,0.0,56.0,0.0,171.0
16938,9,4,2711.6800000000003,301,0.013289036544850499,9.008903654485051,99.33333333333333,88.55130339714562,170.0,0.011166783308168737,677.9200000000001,963.6827458245791,2108.7000000000003,9.75,1.421528714043809,2098.9500000000003,-1020.46,0.14113537852964692,57.75,91.87446144966873,633.25
16940,52,3,3049.88,238,0.012605042016806723,12.814621848739495,118.5,2.1213203435596424,120.0,0.32037724101704074,1016.6266666666667,227.0343774262685,1181.52,757.68,0.22332128879785615,423.84000000000003,388.41999999999996,1.5126438602048358,101.0,18.083141320025124,723.0
16942,13,9,1904.99,216,0.041666666666666664,8.819398148148148,26.5,31.83888009516487,102.0,0.030451708374404585,211.66555555555556,88.68978071219806,330.28000000000003,22.9,0.41900903753289126,307.38000000000005,-23.34499999999997,0.8960758563892538,30.22222222222222,14.92295025939725,89.44444444444444
16943,212,3,816.73,107,0.028037383177570093,7.632990654205607,53.0,5.656854249492381,57.0,0.15022110482233483,272.24333333333334,155.20652896490319,451.03,172.1,0.5701022209233279,278.92999999999995,-268.17999999999995,0.40540540540540543,11.0,8.717797887081348,48.333333333333336
16945,22,19,4345.5,337,0.05637982195845697,12.8946587537092,18.333333333333332,17.4928556845359,53.0,0.054074936670609516,228.71052631578948,110.19101694954209,350.64,10.08,0.4817925030586353,340.56,-5.338000000000079,0.976943676572218,13.105263157894736,6.172472373747683,143.42105263157896
16947,236,1,406.48,1,1.0,406.48,0.0,0.0,0.0,1.0,406.48,0.0,406.48,406.48,0.0,0.0,0.0,0.0,21.0,0.0,312.0
16948,139,3,435.02,188,0.015957446808510637,2.3139361702127657,93.0,42.42640687119285,123.0,0.02302746351928452,145.00666666666666,66.3562878206228,194.48,69.6,0.45760853170398696,124.88,113.10999999999999,2.6251436781609194,6.333333333333333,2.3094010767585034,538.0
16949,4,6,1286.27,313,0.019169329073482427,4.109488817891374,62.2,47.803765542057455,145.0,0.020490222196855555,214.37833333333333,135.59434006132656,388.0,74.42,0.6325002063081308,313.58,91.59,1.543292140385566,10.0,5.656854249492381,131.83333333333334
16950,57,3,1178.56,311,0.00964630225080386,3.7895819935691315,154.5,123.74368670764582,242.0,0.008016437756434432,392.8533333333333,217.29690065284717,606.41,172.0,0.553124747113886,434.40999999999997,331.28,2.9260465116279066,13.666666666666666,10.066445913694333,214.66666666666666
16951,135,3,1277.75,170,0.01764705882352941,7.516176470588236,84.5,116.67261889578035,167.0,0.008498153685911202,425.9166666666667,552.3348734538978,1053.79,15.0,1.296814416248635,1038.79,-941.81,0.10626405640592529,28.666666666666668,36.47373484212075,439.3333333333333
16952,109,2,167.61,1,2.0,167.61,0.0,0.0,0.0,1.0,83.805,103.66892518975973,157.11,10.5,1.2370255377335448,146.61,-146.61,0.06683215581439755,8.0,9.899494936611665,46.0
16953,30,1,20.8,1,1.0,20.8,0.0,0.0,0.0,1.0,20.8,0.0,20.8,20.8,0.0,0.0,0.0,0.0,1.0,0.0,10.0
16954,1,9,2085.08,359,0.025069637883008356,5.808022284122562,44.375,46.213595711342656,129.0,0.021180339792670328,231.67555555555555,103.35980832885562,414.3,102.0,0.44614032792972,312.3,-143.40500000000003,0.5394016284186353,6.0,5.545268253204709,117.11111111111111
16955,185,4,518.67,189,0.021164021164021163,2.744285714285714,62.333333333333336,78.05340052382941,151.0,0.01264967722291169,129.6675,64.58110733798237,165.88,33.0,0.498051611529353,132.88,70.235,1.7428344791115813,6.25,3.8622100754188224,66.5
16956,18,1,308.74,1,1.0,308.74,0.0,0.0,0.0,1.0,308.74,0.0,308.74,308.74,0.0,0.0,0.0,0.0,16.0,0.0,114.0
16957,239,2,416.64,43,0.046511627906976744,9.689302325581394,42.0,0.0,42.0,1.0,208.32,132.20068381063695,301.8,114.84,0.6346038969404616,186.96,186.96,2.628004179728318,8.0,5.656854249492381,86.0
16959,87,1,117.35,1,1.0,117.35000000000001,0.0,0.0,0.0,1.0,117.35000000000001,0.0,117.35000000000001,117.35000000000001,0.0,0.0,0.0,0.0,7.0,0.0,49.0
16960,39,3,507.05,214,0.014018691588785047,2.369392523364486,106.0,120.20815280171308,191.0,0.0082502701087766,169.01666666666668,28.412631580572288,201.53,148.96,0.16810550190655135,52.56999999999999,-48.77000000000001,0.7580012901305017,33.666666666666664,11.50362261782493,101.33333333333333
16961,116,1,234.17,1,1.0,234.17000000000002,0.0,0.0,0.0,1.0,234.17000000000002,0.0,234.17000000000002,234.17000000000002,0.0,0.0,0.0,0.0,14.0,0.0,125.0
16963,187,1,110.55,1,1.0,110.55000000000001,0.0,0.0,0.0,1.0,110.55000000000001,0.0,110.55000000000001,110.55000000000001,0.0,0.0,0.0,0.0,7.0,0.0,35.0
16965,227,1,201.19,1,1.0,201.19,0.0,0.0,0.0,1.0,201.19,0.0,201.19,201.19,0.0,0.0,0.0,0.0,26.0,0.0,291.0
16966,8,7,2154.97,232,0.03017241379310345,9.288663793103447,38.166666666666664,44.22405077179913,125.0,0.022112128014494033,307.8528571428571,144.23764264970103,426.96,3.25,0.4685278674635412,423.71,-134.65750000000003,0.6500584719334719,4.0,2.6457513110645907,283.0
16967,189,1,319.02,1,1.0,319.02,0.0,0.0,0.0,1.0,319.02,0.0,319.02,319.02,0.0,0.0,0.0,0.0,21.0,0.0,333.0
16968,4,2,439.43,104,0.019230769230769232,4.225288461538462,103.0,0.0,103.0,1.0,219.715,47.51050462792413,253.31,186.12,0.21623696437623344,67.19,-67.19,0.7347518850420434,15.5,0.7071067811865476,163.0
16969,39,3,650.41,153,0.0196078431372549,4.251045751633987,75.5,26.16295090390226,94.0,0.036814851359037684,216.8033333333333,162.69231092259196,397.36,81.6,0.7504142506538583,315.76,-270.83500000000004,0.3184140326152607,14.0,11.532562594670797,272.0
16971,38,1,357.21,1,1.0,357.21,0.0,0.0,0.0,1.0,357.21,0.0,357.21,357.21,0.0,0.0,0.0,0.0,40.0,0.0,72.0
16976,267,1,251.52,1,1.0,251.51999999999998,0.0,0.0,0.0,1.0,251.51999999999998,0.0,251.51999999999998,251.51999999999998,0.0,0.0,0.0,0.0,2.0,0.0,88.0
16978,78,1,344.33,1,1.0,344.33,0.0,0.0,0.0,1.0,344.33,0.0,344.33,344.33,0.0,0.0,0.0,0.0,39.0,0.0,166.0
16979,4,6,1852.0,295,0.020338983050847456,6.277966101694915,58.2,61.75516172758355,149.0,0.01593494419376913,308.6666666666667,78.32356929217838,418.03000000000003,208.5,0.25374806466148503,209.53000000000003,17.60666666666674,1.0587156371235789,14.666666666666666,7.788880963698615,144.16666666666666
16980,255,2,1028.46,37,0.05405405405405406,27.796216216216216,36.0,0.0,36.0,1.0,514.23,237.0646194606019,681.86,346.6,0.46100892491803647,335.26,-335.26,0.508315489983281,38.0,41.012193308819754,369.5
16982,61,1,384.06,1,1.0,384.06,0.0,0.0,0.0,1.0,384.06,0.0,384.06,384.06,0.0,0.0,0.0,0.0,22.0,0.0,182.0
16983,13,7,1905.87,357,0.0196078431372549,5.338571428571428,59.0,27.94279871451677,90.0,0.03455090884139109,272.26714285714286,82.14035015636058,416.36,163.49,0.30169027850510477,252.87,113.4358333333333,1.5468192627824018,20.0,10.04987562112089,190.71428571428572
16984,88,2,4459.52,42,0.047619047619047616,106.17904761904762,41.0,0.0,41.0,1.0,2229.76,1390.7800436445732,3213.19,1246.33,0.6237353094703345,1966.8600000000001,-1966.8600000000001,0.3878793348665967,191.0,100.40916292848975,1190.0
16985,17,10,5464.12,342,0.029239766081871343,15.976959064327485,37.55555555555556,29.53858117408109,70.0,0.03274546365790978,546.412,294.8560204875895,933.32,46.0,0.5396221541393481,887.32,-54.92000000000007,0.904299216550032,12.0,6.5149400952306875,183.2
16986,30,2,1873.2,1,2.0,1873.2,0.0,0.0,0.0,1.0,936.6,1206.8898541291992,1790.0,83.2,1.2885862205095016,1706.8,1706.8,21.514423076923077,1.5,0.7071067811865476,520.0
16987,3,7,1616.8,203,0.034482758620689655,7.964532019704433,33.333333333333336,42.25951569370698,115.0,0.023116301326172067,230.97142857142856,134.50733690380008,381.65,12.75,0.5823548727898321,368.9,37.020833333333286,1.1764437207085547,17.714285714285715,11.700630833624395,57.285714285714285
16988,5,1,126.12,1,1.0,126.12,0.0,0.0,0.0,1.0,126.12,0.0,126.12,126.12,0.0,0.0,0.0,0.0,7.0,0.0,43.0
16989,7,6,1133.25,144,0.041666666666666664,7.869791666666667,28.2,20.4132310034448,52.0,0.04670009863710561,188.875,328.59125330720536,857.7,33.0,1.7397286740288835,824.7,-241.35000000000002,0.22031981909223067,2.0,2.449489742783178,205.5
16990,219,1,179.0,1,1.0,179.0,0.0,0.0,0.0,1.0,179.0,0.0,179.0,179.0,0.0,0.0,0.0,0.0,1.0,0.0,100.0
16992,11,5,1614.31,275,0.01818181818181818,5.870218181818181,67.75,32.4794807019242,100.0,0.029869041545274803,322.86199999999997,97.84867127355385,427.51,214.45000000000002,0.30306654630632857,213.05999999999997,-21.188333333333333,0.9368596190618094,18.6,5.856620185738529,172.0
16996,30,6,1456.96,324,0.018518518518518517,4.49679012345679,64.2,51.15368999397795,124.0,0.01917409870932368,242.82666666666668,150.68662935598056,415.18,29.700000000000003,0.620552229392628,385.48,239.02666666666664,2.93836838406228,6.166666666666667,3.7103458958251676,90.66666666666667
16997,288,3,702.0,38,0.07894736842105263,18.473684210526315,18.5,3.5355339059327378,21.0,0.2204812092115424,234.0,156.0,390.0,78.0,0.6666666666666666,312.0,-234.0,0.4,4.0,0.0,120.0
16998,150,4,295.0,155,0.025806451612903226,1.903225806451613,51.0,49.56813492557492,99.0,0.019775299236797605,73.75,86.43026090438465,189.6,7.5,1.171935741076402,182.1,-132.10000000000002,0.05507868383404864,1.0,0.0,19.0
16999,23,2,484.82,51,0.0392156862745098,9.506274509803921,50.0,0.0,50.0,1.0,242.41,4.836610383315968,245.82999999999998,238.99,0.01995219002234218,6.839999999999975,-6.839999999999975,0.972175893910426,11.5,7.7781745930520225,147.0
17001,1,11,3989.57,359,0.03064066852367688,11.113008356545961,35.3,11.633763124820984,59.0,0.07915298000445688,362.6881818181818,50.87025099568152,430.8,260.7,0.14025891535992518,170.10000000000002,4.216999999999928,1.0117012775120147,15.363636363636363,3.2333489534143163,196.72727272727272
17002,86,3,1493.73,206,0.014563106796116505,7.251116504854369,102.0,39.59797974644666,130.0,0.024631767547189955,497.91,16.421251474841938,513.06,480.46000000000004,0.03298036085807061,32.59999999999991,-22.72499999999991,0.9557069348614199,16.333333333333332,3.0550504633038935,226.33333333333334
17004,46,2,1312.14,47,0.0425531914893617,27.917872340425536,46.0,0.0,46.0,1.0,656.07,352.8887102189584,905.6,406.54,0.5378827110201021,499.06,-499.06,0.44891784452296823,21.5,4.949747468305833,385.5
17006,5,4,781.78,71,0.056338028169014086,11.010985915492958,23.0,18.193405398660254,44.0,0.05210122848078864,195.445,81.59874120761094,280.76,108.85000000000001,0.41750232140812477,171.90999999999997,1.2800000000000011,1.0065706732373398,11.0,5.477225575051661,68.0
17007,51,6,889.9300000000001,307,0.019543973941368076,2.898794788273616,61.0,60.53924347066125,142.0,0.016249793523652085,148.3216666666667,84.7668518742242,314.49,72.0,0.5715068727263326,242.49,66.59666666666665,1.5789839742660907,8.666666666666666,5.278888771954441,99.5
17010,18,1,195.36,1,1.0,195.36,0.0,0.0,0.0,1.0,195.36,0.0,195.36,195.36,0.0,0.0,0.0,0.0,11.0,0.0,118.0
17011,30,1,270.9,1,1.0,270.9,0.0,0.0,0.0,1.0,270.9,0.0,270.9,270.9,0.0,0.0,0.0,0.0,15.0,0.0,186.0
17014,8,3,583.4300000000001,59,0.05084745762711865,9.888644067796612,28.5,7.7781745930520225,34.0,0.11391890072356342,194.4766666666667,32.41143985282564,229.62,165.76,0.1666597870498207,63.860000000000014,9.639999999999986,1.0512629619781972,23.666666666666668,16.77299416721217,81.0
17015,29,3,1838.61,157,0.01910828025477707,11.710891719745222,78.0,50.91168824543142,114.0,0.019263484463694105,612.87,394.6338040513002,1045.48,272.58,0.6439111133703725,772.9000000000001,138.48000000000002,1.2660263183171645,70.66666666666667,47.08856903042747,659.3333333333334
17017,3,20,8694.26,370,0.05405405405405406,23.498,19.105263157894736,25.267226767851106,89.0,0.03807025419310411,434.713,265.75231153324546,824.02,24.96,0.6113281901697107,799.06,-24.346000000000004,0.9455207815863553,12.6,8.641393649783947,333.65
17018,41,2,920.1,286,0.006993006993006993,3.217132867132867,285.0,0.0,285.0,1.0,460.05,77.8524566086389,515.1,405.0,0.1692260767495683,110.10000000000002,110.10000000000002,1.271851851851852,8.0,2.8284271247461903,88.0
17019,11,4,1258.08,358,0.0111731843575419,3.514189944134078,118.33333333333333,115.07533764162213,250.0,0.008615094474999153,314.52,55.50832309963375,366.02,262.15,0.1764858295168312,103.87,-0.8700000000000045,0.9972377006238986,55.25,12.76388133236386,205.0
17022,31,1,71.0,1,1.0,71.0,0.0,0.0,0.0,1.0,71.0,0.0,71.0,71.0,0.0,0.0,0.0,0.0,7.0,0.0,108.0
17024,45,3,95.85,113,0.02654867256637168,0.8482300884955751,55.5,3.5355339059327378,58.0,0.2204812092115424,31.95,7.32512798523002,39.6,25.0,0.22926848154084573,14.600000000000001,1.0499999999999972,1.0335999999999999,1.0,0.0,23.0
17025,61,3,357.77,313,0.009584664536741214,1.143035143769968,156.0,220.61731573020282,312.0,0.004512282791193993,119.25666666666666,91.83065737178045,196.8,17.85,0.7700253573953695,178.95000000000002,-35.795,0.7498951928451649,3.0,1.7320508075688772,78.33333333333333
17026,185,2,154.83,185,0.010810810810810811,0.836918918918919,184.0,0.0,184.0,1.0,77.415,62.600163338445064,121.68,33.15,0.8086309286113164,88.53,88.53,3.670588235294118,2.0,1.4142135623730951,48.5
17027,79,6,877.5600000000001,239,0.02510460251046025,3.6717991631799163,47.2,51.72233560078276,104.0,0.018967293246871124,146.26,104.40952466130663,232.43,12.4,0.7138624686264641,220.03,3.6999999999999886,1.0256214943563464,23.0,17.708754896942924,69.33333333333333
17029,111,2,716.0,127,0.015748031496062992,5.637795275590551,126.0,0.0,126.0,1.0,358.0,0.0,358.0,358.0,0.0,0.0,0.0,1.0,1.0,0.0,200.0
17030,64,1,146.87,1,1.0,146.87,0.0,0.0,0.0,1.0,146.87,0.0,146.87,146.87,0.0,0.0,0.0,0.0,11.0,0.0,146.0
17031,12,2,380.35,144,0.013888888888888888,2.6413194444444446,143.0,0.0,143.0,1.0,190.175,50.59349019389747,225.95,154.4,0.2660364937236623,71.54999999999998,-71.54999999999998,0.6833370214649259,11.0,2.8284271247461903,117.5
17033,86,3,1030.14,274,0.010948905109489052,3.75963503649635,136.0,12.727922061357855,145.0,0.07284423640594942,343.37999999999994,68.22469640826557,422.04,300.29999999999995,0.19868570216164477,121.74000000000007,53.36999999999995,1.173391812865497,9.333333333333334,4.163331998932265,250.0
17034,16,3,745.52,272,0.011029411764705883,2.7408823529411763,135.0,101.82337649086284,207.0,0.009725414921468395,248.50666666666666,121.43320358671814,380.64,141.79999999999998,0.4886516937978249,238.84,160.06000000000003,2.128772919605078,10.0,4.0,136.66666666666666
17035,246,2,433.53,66,0.030303030303030304,6.568636363636363,65.0,0.0,65.0,1.0,216.765,60.450558723637926,259.51,174.02,0.27887601191907335,85.48999999999998,-85.48999999999998,0.6705714616007091,14.0,5.656854249492381,114.5
17037,88,1,1267.32,1,1.0,1267.32,0.0,0.0,0.0,1.0,1267.32,0.0,1267.32,1267.32,0.0,0.0,0.0,0.0,75.0,0.0,656.0
17038,30,1,112.4,1,1.0,112.4,0.0,0.0,0.0,1.0,112.4,0.0,112.4,112.4,0.0,0.0,0.0,0.0,22.0,0.0,28.0
17040,138,1,449.73,1,1.0,449.73,0.0,0.0,0.0,1.0,449.73,0.0,449.73,449.73,0.0,0.0,0.0,0.0,15.0,0.0,181.0
17041,27,3,1071.49,334,0.008982035928143712,3.208053892215569,166.5,119.50104602052653,251.0,0.008298683148606502,357.16333333333336,77.69073968841674,446.39,304.5,0.21752159988917322,141.89,78.995,1.2594252873563219,23.0,6.0,309.0
17042,3,5,1036.58,245,0.02040816326530612,4.230938775510204,60.5,38.957241517677645,118.0,0.025026752649018224,207.31599999999997,56.175798436693356,265.40999999999997,121.56,0.2709670186415586,143.84999999999997,-60.79833333333332,0.7506169801130732,19.4,13.049904214207858,198.0
17043,32,4,1735.18,235,0.01702127659574468,7.3837446808510645,77.33333333333333,54.1510233821424,126.0,0.01813202980969152,433.795,317.7298962431245,768.85,150.37,0.7324425045081766,618.48,542.62,4.339508262301135,25.5,14.888474289418198,249.5
17044,25,1,948.48,1,1.0,948.48,0.0,0.0,0.0,1.0,948.48,0.0,948.48,948.48,0.0,0.0,0.0,0.0,6.0,0.0,504.0
17045,113,3,339.44,135,0.022222222222222223,2.5143703703703704,67.0,33.94112549695428,91.0,0.028619570370942038,113.14666666666666,75.68172192368071,191.09,39.95,0.6688815866457758,151.14,109.795,3.748310387984981,7.333333333333333,7.76745346515403,35.333333333333336
17046,157,1,642.02,1,1.0,642.02,0.0,0.0,0.0,1.0,642.02,0.0,642.02,642.02,0.0,0.0,0.0,0.0,22.0,0.0,510.0
17047,85,3,1100.9,120,0.025,9.174166666666668,59.5,84.14570696119915,119.0,0.01174457334009452,366.9666666666667,66.05274887037884,439.39,310.04,0.17999659061780043,129.34999999999997,-108.63499999999999,0.7527595074990328,21.666666666666668,2.516611478423583,177.66666666666666
17048,118,3,925.35,214,0.014018691588785047,4.324065420560748,106.0,82.02438661763951,164.0,0.012044653875076486,308.45,174.00284940195664,501.99,164.95000000000002,0.5641201147737288,337.03999999999996,75.06,1.29046863511474,14.333333333333334,9.018499505645789,161.66666666666666
17049,3,9,5655.03,274,0.032846715328467155,20.638795620437957,33.75,19.68864792571743,61.0,0.04833568648809236,628.3366666666666,326.576738876179,1279.01,289.0,0.5197480207683445,990.01,106.6395,1.1873851790350427,35.22222222222222,22.325869399520467,297.0
17050,96,6,3185.64,204,0.029411764705882353,15.615882352941176,40.2,35.32279717123206,90.0,0.0275309193641069,530.9399999999999,234.00904076552257,826.37,130.15,0.4407447936970705,696.22,70.34000000000003,1.1418803074006092,50.5,24.945941553687646,265.8333333333333
17051,194,1,240.89,1,1.0,240.89,0.0,0.0,0.0,1.0,240.89,0.0,240.89,240.89,0.0,0.0,0.0,0.0,40.0,0.0,179.0
17052,28,1,399.09,1,1.0,399.09,0.0,0.0,0.0,1.0,399.09,0.0,399.09,399.09,0.0,0.0,0.0,0.0,72.0,0.0,251.0
17053,131,1,498.48,1,1.0,498.48,0.0,0.0,0.0,1.0,498.48,0.0,498.48,498.48,0.0,0.0,0.0,0.0,13.0,0.0,122.0
17054,28,5,1356.33,217,0.02304147465437788,6.25036866359447,53.75,44.402514943788184,109.0,0.022025211626229894,271.26599999999996,69.00085818306898,314.07,149.01,0.2543660399131074,165.06,-58.19833333333332,0.8099242832492339,16.6,4.8270073544588685,160.8
17058,82,3,1179.89,159,0.018867924528301886,7.4206918238993715,78.5,54.44722215136416,117.0,0.01803516860177633,393.2966666666667,175.24555752809638,582.72,236.94,0.44558109025781145,345.78000000000003,-284.135,0.512398750686436,20.666666666666668,12.42309676905615,197.33333333333334
17059,30,5,3080.39,340,0.014705882352941176,9.059970588235293,84.5,18.627936010197157,108.0,0.05094779193698601,616.078,217.58301765073486,843.29,329.01,0.3531744643547325,514.28,52.9133333333333,1.0905538537013901,101.6,38.817521816829064,370.0
17060,266,1,234.24,1,1.0,234.24,0.0,0.0,0.0,1.0,234.24,0.0,234.24,234.24,0.0,0.0,0.0,0.0,5.0,0.0,216.0
17061,74,11,5232.2300000000005,159,0.06918238993710692,32.90710691823899,15.4,13.729125568982495,37.0,0.06789269297193459,475.6572727272727,452.49772158743315,1701.5,22.5,0.9513104235596992,1679.0,-38.5893333333334,0.9223095083745044,9.0,8.910667763978186,138.72727272727272
17062,314,4,533.33,56,0.07142857142857142,9.523750000000001,18.0,22.538855339169288,44.0,0.04248294938692168,133.3325,35.147448816853455,179.64000000000001,102.64,0.2636075136733613,77.00000000000001,-22.724999999999994,0.8429455060644805,17.25,6.3966136874651625,104.5
17063,21,7,1461.14,269,0.026022304832713755,5.43174721189591,44.5,57.12355030983281,126.0,0.01720473017682867,208.7342857142857,146.34367972426446,387.7,35.400000000000006,0.7011003449839518,352.29999999999995,1.0691666666666606,1.005137178275702,11.142857142857142,7.946247991527645,110.0
17064,59,3,855.45,269,0.011152416356877323,3.180111524163569,133.5,14.849242404917497,144.0,0.06309449842787015,285.15000000000003,129.39231043613063,398.05,143.95,0.45376928085614804,254.10000000000002,211.8,2.4713442167419246,20.0,1.0,105.33333333333333
17068,12,21,4552.14,356,0.05898876404494382,12.786910112359552,17.4,8.946625356141716,41.0,0.10053661057843429,216.76857142857145,111.7867121927161,453.7,16.5,0.5156961244704771,437.2,-32.151818181818214,0.8623696837386319,14.095238095238095,8.33609478055979,103.04761904761905
17069,28,9,2709.7000000000003,346,0.02601156069364162,7.83150289017341,42.625,39.90323116168485,111.0,0.02444794632597942,301.0777777777778,203.85822474073603,545.78,13.500000000000002,0.6770948897171732,532.28,59.05849999999998,1.2201478002367039,15.88888888888889,10.564615994493654,167.33333333333334
17070,114,1,304.24,1,1.0,304.24,0.0,0.0,0.0,1.0,304.24,0.0,304.24,304.24,0.0,0.0,0.0,0.0,62.0,0.0,131.0
17071,28,9,2429.03,282,0.031914893617021274,8.613581560283688,34.625,20.332503886283025,56.0,0.04687682258635416,269.89222222222224,109.71521120357217,432.16,27.8,0.4065149054693229,404.36,15.997000000000071,1.0612900136012722,15.555555555555555,6.578584785330183,133.0
17073,18,4,1446.09,92,0.043478260869565216,15.71836956521739,30.333333333333332,4.163331998932266,35.0,0.19367338768973053,361.5225,75.77913053737161,453.79,279.37,0.2096111045297917,174.42000000000002,-118.14500000000004,0.7191003221626504,42.75,13.400870618483463,189.75
17075,18,4,834.12,300,0.013333333333333334,2.7804,99.33333333333333,117.6194428371999,235.0,0.00843032116895421,208.53,112.96413442622692,373.74,133.47,0.5417164649030207,240.27,-145.54000000000002,0.4826164237468894,19.25,5.9651767227244274,73.0
17076,36,3,841.0799999999999,329,0.00911854103343465,2.5564741641337383,163.5,103.94469683442249,237.0,0.009528828327340444,280.35999999999996,196.7913687131628,506.88,151.5,0.7019238433198846,355.38,193.28999999999996,2.2758415841584156,8.333333333333334,2.309401076758503,98.33333333333333
17078,36,2,378.2,1,2.0,378.20000000000005,0.0,0.0,0.0,1.0,189.10000000000002,256.39691885824215,370.40000000000003,7.800000000000001,1.355880057420635,362.6,-362.6,0.021058315334773217,14.0,18.384776310850235,394.0
17079,78,1,118.8,1,1.0,118.80000000000001,0.0,0.0,0.0,1.0,118.80000000000001,0.0,118.80000000000001,118.80000000000001,0.0,0.0,0.0,0.0,2.0,0.0,24.0
17080,22,2,287.62,248,0.008064516129032258,1.159758064516129,247.0,0.0,247.0,1.0,143.81,95.4452733245602,211.3,76.32000000000001,0.6636901003029011,134.98000000000002,134.98000000000002,2.768605870020964,4.0,4.242640687119285,83.0
17081,25,2,288.91,21,0.09523809523809523,13.757619047619047,20.0,0.0,20.0,1.0,144.45499999999998,46.03972252305611,177.01,111.9,0.3187132499605837,65.10999999999999,65.10999999999999,1.581858802502234,31.5,12.020815280171307,38.5
17082,33,2,2003.85,286,0.006993006993006993,7.006468531468532,285.0,0.0,285.0,1.0,1001.9250000000001,516.1667370627441,1366.91,636.94,0.5151750251393509,729.97,729.97,2.1460577134423966,40.5,23.33452377915607,524.5
17083,109,3,1405.78,195,0.015384615384615385,7.209128205128205,97.0,125.86500705120545,186.0,0.007882394233394702,468.5933333333333,199.9506022329849,691.36,304.65999999999997,0.4267038986889518,386.70000000000005,-334.15000000000003,0.5166772737792177,17.333333333333332,3.0550504633038935,257.3333333333333
17084,35,2,2747.99,1,2.0,2747.99,0.0,0.0,0.0,1.0,1373.995,788.3604214126937,1931.45,816.54,0.5737724092247015,1114.91,-1114.91,0.42276010251365553,73.5,45.96194077712559,851.0
17085,123,5,1562.4,240,0.020833333333333332,6.510000000000001,59.25,49.88236161209692,127.0,0.019653175841631083,312.48,88.35147452080244,448.74,233.96,0.28274281400666423,214.78,-92.69166666666666,0.7481854774809039,37.2,11.233877335986893,157.0
17086,7,6,2050.08,57,0.10526315789473684,35.96631578947368,11.0,4.898979485566356,17.0,0.16952084719853724,341.68,82.81160522535475,459.86,229.41,0.2423659717436044,230.45000000000002,53.960000000000036,1.1714648871941533,16.0,10.430723848324238,309.8333333333333
17088,28,4,1991.01,226,0.017699115044247787,8.809778761061947,74.66666666666667,33.24655370611116,110.0,0.02920001844803304,497.7525,350.89396550097587,1015.83,239.28,0.7049567114197837,776.5500000000001,-403.6050000000001,0.4230546561742822,28.75,17.727097901235837,217.0
17090,4,7,1974.65,350,0.02,5.641857142857143,57.833333333333336,40.345590424068234,129.0,0.024186376098232633,282.09285714285716,189.52241544773239,636.44,61.2,0.6718440777525773,575.24,115.05000000000004,1.5317772128495495,8.571428571428571,12.122391717494569,129.0
17091,3,9,3827.76,366,0.02459016393442623,10.458360655737705,45.375,34.05012062072195,87.0,0.02853057228592791,425.3066666666667,264.4788310999578,690.15,7.439999999999999,0.6218544213586067,682.7099999999999,-125.25,0.746913455515367,21.666666666666668,13.97318861248212,194.0
17092,50,4,1774.03,228,0.017543859649122806,7.780833333333333,75.33333333333333,65.53116307020144,151.0,0.015030550404550026,443.5075,273.33402537005895,788.11,134.9,0.6163007961986189,653.21,257.695,1.8189633254941842,29.75,15.96610994158147,282.5
17094,322,1,302.0,1,1.0,302.0,0.0,0.0,0.0,1.0,302.0,0.0,302.0,302.0,0.0,0.0,0.0,0.0,14.0,0.0,152.0
17095,23,3,1324.16,313,0.009584664536741214,4.230543130990415,155.5,170.41273426595797,276.0,0.005833872286573734,441.3866666666666,296.2951653897399,780.1999999999999,230.81,0.6712825460436955,549.3899999999999,192.35500000000002,1.6142583426472938,24.666666666666668,13.316656236958785,206.0
17096,15,4,1022.13,247,0.016194331983805668,4.138178137651821,81.33333333333333,38.07011076071796,118.0,0.025595013183464643,255.5325,84.58163093524897,314.58,133.49,0.33100146140020925,181.08999999999997,67.12500000000003,1.3024057305041223,12.0,3.559026084010437,84.75
17097,2,8,954.42,364,0.02197802197802198,2.622032967032967,51.57142857142857,76.31482412318319,209.0,0.01293413017931377,119.3025,63.91800545565053,174.72,13.25,0.5357641747293689,161.47,-5.335000000000008,0.9562597360006558,26.25,17.934404287370604,57.375
17100,18,2,971.74,1,2.0,971.74,0.0,0.0,0.0,1.0,485.87,642.0812415886326,939.89,31.85,1.321508307960221,908.04,-908.04,0.03388694421687644,32.5,43.1335136523794,400.0
17101,10,4,1621.73,168,0.023809523809523808,9.653154761904762,55.333333333333336,61.2072980398035,126.0,0.016075284275490435,405.4325,206.77589372313204,669.15,230.58,0.5100131186402965,438.56999999999994,-88.86500000000001,0.8024629611105554,10.5,6.855654600401044,203.75
17102,262,1,25.5,1,1.0,25.5,0.0,0.0,0.0,1.0,25.5,0.0,25.5,25.5,0.0,0.0,0.0,0.0,1.0,0.0,2.0
17105,159,2,665.78,148,0.013513513513513514,4.4985135135135135,147.0,0.0,147.0,1.0,332.89,19.077740956413066,346.38,319.4,0.05730944443033154,26.980000000000018,26.980000000000018,1.0844708829054477,45.0,9.899494936611665,346.5
17107,33,6,10797.48,245,0.024489795918367346,44.071346938775505,48.4,30.737599125501003,79.0,0.03150836949088896,1799.58,880.6576695175033,2422.15,70.8,0.4893684468139807,2351.35,-622.5800000000004,0.7050599989577756,67.33333333333333,36.48926782859128,804.3333333333334
17109,29,6,881.29,204,0.029411764705882353,4.320049019607843,40.2,82.21435397787906,187.0,0.012017157523879003,146.88166666666666,135.18777391712118,400.64,19.59,0.9203856205139365,381.05,-88.74333333333333,0.5359906581148913,19.0,20.91889098398861,98.0
17110,165,1,163.29999999999998,1,1.0,163.29999999999998,0.0,0.0,0.0,1.0,163.29999999999998,0.0,163.29999999999998,163.29999999999998,0.0,0.0,0.0,0.0,12.0,0.0,50.0
17111,47,1,231.61,1,1.0,231.61,0.0,0.0,0.0,1.0,231.61,0.0,231.61,231.61,0.0,0.0,0.0,0.0,29.0,0.0,282.0
17114,6,8,801.12,330,0.024242424242424242,2.427636363636364,46.57142857142857,26.88777381919859,105.0,0.035858007400776354,100.14,37.46830088793154,140.59,45.5,0.374159186018889,95.09,-21.939999999999998,0.8025380253802539,15.0,7.289914755527471,26.875
17115,8,3,837.5,225,0.013333333333333334,3.7222222222222223,112.0,87.68124086713189,174.0,0.011276341988699349,279.1666666666667,47.32472644752773,310.02,224.68,0.16952140817024858,85.33999999999997,-46.27999999999997,0.8507193084317142,13.0,5.5677643628300215,124.0
17117,288,1,116.2,1,1.0,116.2,0.0,0.0,0.0,1.0,116.2,0.0,116.2,116.2,0.0,0.0,0.0,0.0,9.0,0.0,68.0
17118,318,1,157.02,1,1.0,157.02,0.0,0.0,0.0,1.0,157.02,0.0,157.02,157.02,0.0,0.0,0.0,0.0,10.0,0.0,154.0
17119,3,2,606.91,57,0.03508771929824561,10.647543859649122,56.0,0.0,56.0,1.0,303.455,344.77819543874875,547.25,59.660000000000004,1.1361756947117325,487.59,-487.59,0.10901781635449978,17.5,19.091883092036785,167.0
17120,233,1,307.46,1,1.0,307.46,0.0,0.0,0.0,1.0,307.46,0.0,307.46,307.46,0.0,0.0,0.0,0.0,18.0,0.0,120.0
17122,119,1,138.32,1,1.0,138.32,0.0,0.0,0.0,1.0,138.32,0.0,138.32,138.32,0.0,0.0,0.0,0.0,7.0,0.0,80.0
17123,162,1,345.3,1,1.0,345.3,0.0,0.0,0.0,1.0,345.3,0.0,345.3,345.3,0.0,0.0,0.0,0.0,9.0,0.0,246.0
17124,185,1,294.24,1,1.0,294.24,0.0,0.0,0.0,1.0,294.24,0.0,294.24,294.24,0.0,0.0,0.0,0.0,31.0,0.0,129.0
17125,50,1,230.5,1,1.0,230.5,0.0,0.0,0.0,1.0,230.5,0.0,230.5,230.5,0.0,0.0,0.0,0.0,34.0,0.0,281.0
17126,152,5,989.45,211,0.023696682464454975,4.6893364928909955,52.5,69.6491205974634,147.0,0.014154457855147093,197.89000000000001,163.75195769822113,411.77,37.03,0.8274898059438128,374.74,-88.2416666666667,0.6482083175527072,48.0,21.38924963620744,156.0
17128,335,1,157.09,1,1.0,157.09,0.0,0.0,0.0,1.0,157.09,0.0,157.09,157.09,0.0,0.0,0.0,0.0,14.0,0.0,76.0
17131,5,5,2463.17,71,0.07042253521126761,34.692535211267604,17.25,13.149778198382917,28.0,0.07067248588492245,492.634,436.85766014801663,1067.33,46.75,0.8867793537352611,1020.5799999999999,-208.685,0.6622372925248242,24.6,20.37891066764855,196.6
17133,16,7,4892.240000000001,251,0.027888446215139442,19.490996015936254,41.333333333333336,36.83295625749672,102.0,0.026431981502948156,698.8914285714285,610.9382679242525,1658.9,69.6,0.8741533276106176,1589.3000000000002,-222.90083333333337,0.7302302736415751,3.857142857142857,2.609506430251477,390.0
17134,107,2,413.2,158,0.012658227848101266,2.6151898734177212,157.0,0.0,157.0,1.0,206.6,158.53334034202393,318.7,94.5,0.767344338538354,224.2,-224.2,0.29651710072168186,11.5,10.606601717798213,49.0
17135,16,7,1139.73,356,0.019662921348314606,3.201488764044944,59.0,92.35150242416199,237.0,0.010712200382767186,162.81857142857143,77.05350617775751,284.97,85.0,0.4732476492189401,199.97000000000003,-126.67333333333336,0.4614305352815294,7.428571428571429,5.061526214398936,174.85714285714286
17138,276,1,380.5,1,1.0,380.5,0.0,0.0,0.0,1.0,380.5,0.0,380.5,380.5,0.0,0.0,0.0,0.0,24.0,0.0,126.0
17139,16,12,10650.77,274,0.043795620437956206,38.871423357664234,24.545454545454547,18.35409292971808,53.0,0.05166865756154899,887.5641666666667,696.0457312360803,2639.38,86.84,0.7842201807787572,2552.54,-89.82833333333338,0.9036671093340863,39.75,36.39211952657283,431.3333333333333
17140,247,1,454.12,1,1.0,454.12,0.0,0.0,0.0,1.0,454.12,0.0,454.12,454.12,0.0,0.0,0.0,0.0,16.0,0.0,296.0
17142,239,1,579.0,1,1.0,579.0,0.0,0.0,0.0,1.0,579.0,0.0,579.0,579.0,0.0,0.0,0.0,0.0,15.0,0.0,81.0
17144,1,2,984.57,84,0.023809523809523808,11.721071428571427,83.0,0.0,83.0,1.0,492.28499999999997,146.51959612966448,595.89,388.68,0.2976316485971835,207.20999999999998,-207.20999999999998,0.6522680360469214,24.0,1.4142135623730951,241.5
17146,106,3,749.78,254,0.011811023622047244,2.9518897637795276,126.0,43.840620433565945,157.0,0.02230120793001871,249.92666666666665,57.79772169673588,298.25,185.9,0.23125872267892936,112.35,-72.48500000000001,0.7569656328583403,11.666666666666666,8.386497083606084,70.66666666666667
17147,23,4,1714.59,290,0.013793103448275862,5.912379310344828,96.0,34.39476704383968,125.0,0.028252763996480267,428.64750000000004,91.91928574388872,563.61,365.29,0.21444027025443685,198.32,-115.815,0.7619693559823658,20.25,5.315072906367325,220.5
17148,52,1,124.88,1,1.0,124.88,0.0,0.0,0.0,1.0,124.88,0.0,124.88,124.88,0.0,0.0,0.0,0.0,9.0,0.0,82.0
17152,195,3,1689.5,69,0.043478260869565216,24.485507246376812,34.0,48.08326112068523,68.0,0.020373544405315983,563.1666666666666,515.3921257967891,1155.6,218.0,0.9151680244985897,937.5999999999999,370.9,2.174105729661285,4.666666666666667,3.0550504633038935,172.33333333333334
17153,24,1,213.78,1,1.0,213.78,0.0,0.0,0.0,1.0,213.78,0.0,213.78,213.78,0.0,0.0,0.0,0.0,14.0,0.0,104.0
17154,75,1,329.34,1,1.0,329.34,0.0,0.0,0.0,1.0,329.34,0.0,329.34,329.34,0.0,0.0,0.0,0.0,23.0,0.0,490.0
17155,18,2,251.7,161,0.012422360248447204,1.5633540372670807,160.0,0.0,160.0,1.0,125.85,24.678026663410517,143.3,108.39999999999999,0.19609079589519682,34.90000000000002,-34.90000000000002,0.7564549895324493,10.0,1.4142135623730951,121.0
17157,8,2,319.0,169,0.011834319526627219,1.8875739644970415,168.0,0.0,168.0,1.0,159.5,2.7718585822512773,161.46,157.54,0.017378423713174152,3.920000000000016,-3.920000000000016,0.9757215409389322,6.5,2.1213203435596424,86.0
17158,32,3,1266.97,329,0.00911854103343465,3.8509726443769,163.5,51.61879502661797,200.0,0.019004616116620226,422.3233333333333,142.0224004632133,568.42,284.76,0.3362883110015548,283.65999999999997,12.799999999999955,1.0309335653350733,22.333333333333332,7.3711147958319945,259.3333333333333
17159,22,3,1538.88,151,0.019867549668874173,10.191258278145696,74.5,30.405591591021544,96.0,0.03184146355281163,512.96,107.83267176510095,612.21,398.22,0.21021653104550247,213.99,-23.235000000000014,0.9560317910871416,33.666666666666664,10.96965511460289,370.3333333333333
17160,31,6,3518.03,211,0.02843601895734597,16.673127962085307,41.6,28.29840984931839,78.0,0.03413154519794747,586.3383333333333,98.6370983791933,758.05,471.22,0.16822556665951113,286.8299999999999,55.14999999999998,1.0987001055903214,38.166666666666664,8.01040989379861,476.0
17162,29,10,1715.46,277,0.036101083032490974,6.192996389891697,30.444444444444443,35.71453174518431,102.0,0.027237171563032826,171.546,136.76857795398604,424.41,9.9,0.7972705743881294,414.51000000000005,15.368000000000023,1.0937862347585166,10.4,8.758487946621328,100.1
17163,22,2,293.1,57,0.03508771929824561,5.142105263157895,56.0,0.0,56.0,1.0,146.55,33.16330803764907,170.0,123.10000000000001,0.22629347006242964,46.89999999999999,46.89999999999999,1.380991064175467,2.5,0.7071067811865476,33.0
17164,33,7,2467.35,241,0.029045643153526972,10.237966804979253,39.666666666666664,31.740615410963077,71.0,0.03054310334268041,352.4785714285714,269.21584583307697,745.84,24.96,0.7637793263345447,720.88,-124.24083333333334,0.7066147415815243,20.571428571428573,16.4505029594553,214.42857142857142
17165,284,1,158.68,1,1.0,158.68,0.0,0.0,0.0,1.0,158.68,0.0,158.68,158.68,0.0,0.0,0.0,0.0,10.0,0.0,100.0
17166,39,2,206.34,166,0.012048192771084338,1.2430120481927711,165.0,0.0,165.0,1.0,103.17,34.53509519315099,127.59,78.75,0.3347397033357661,48.84,-48.84,0.6172113802022102,6.0,5.656854249492381,39.0
17169,58,2,835.78,126,0.015873015873015872,6.633174603174603,125.0,0.0,125.0,1.0,417.89,154.44626314676574,527.1,308.68,0.36958592726977374,218.42000000000002,218.42000000000002,1.707593624465466,27.0,12.727922061357855,263.0
17171,289,1,224.91,1,1.0,224.91,0.0,0.0,0.0,1.0,224.91,0.0,224.91,224.91,0.0,0.0,0.0,0.0,16.0,0.0,185.0
17172,79,1,317.76,1,1.0,317.76,0.0,0.0,0.0,1.0,317.76,0.0,317.76,317.76,0.0,0.0,0.0,0.0,15.0,0.0,480.0
17173,5,8,3766.6,126,0.06349206349206349,29.893650793650796,17.714285714285715,20.05587433242678,58.0,0.047492684664249024,470.82500000000005,221.3951115088136,963.1800000000001,281.1,0.4702280284794002,682.08,120.04000000000002,1.2922067647667386,10.75,5.444525428617001,140.25
17174,218,1,59.9,1,1.0,59.9,0.0,0.0,0.0,1.0,59.9,0.0,59.9,59.9,0.0,0.0,0.0,0.0,4.0,0.0,41.0
17175,44,4,1443.69,253,0.015810276679841896,5.706284584980238,83.33333333333333,39.551653989856526,115.0,0.024659906603319733,360.9225,105.51223511201597,519.08,302.62,0.2923404196524627,216.46000000000004,-99.85500000000002,0.7569550930996714,15.75,8.381527307120106,216.5
17176,202,1,306.13,1,1.0,306.13,0.0,0.0,0.0,1.0,306.13,0.0,306.13,306.13,0.0,0.0,0.0,0.0,15.0,0.0,170.0
17179,178,3,711.79,184,0.016304347826086956,3.868423913043478,91.5,53.033008588991066,129.0,0.01850720561586024,237.26333333333332,11.992465690312947,245.31,223.48000000000002,0.05054495998951776,21.829999999999984,-8.60499999999999,0.9645884773662552,26.666666666666668,10.692676621563628,96.66666666666667
17180,56,4,783.97,260,0.015384615384615385,3.015269230769231,86.0,92.58509599282165,184.0,0.01068546213893614,195.9925,98.61511864313708,258.35,49.01,0.5031576139042927,209.34000000000003,-111.805,0.5561444252565553,31.25,18.874586088176873,167.5
17181,57,2,239.92,317,0.006309148264984227,0.7568454258675079,316.0,0.0,316.0,1.0,119.96000000000001,50.289434277987276,155.52,84.39999999999999,0.4192183584360393,71.12000000000002,-71.12000000000002,0.5426954732510287,11.5,13.435028842544403,120.5
17183,8,6,3347.31,98,0.061224489795918366,34.15622448979592,19.0,18.096961070853855,51.0,0.052364352437530966,557.885,162.30668091609783,739.37,329.67,0.2909321471559512,409.7,78.74333333333334,1.1518636614937579,12.166666666666666,6.968978882638881,216.0
17186,47,2,144.0,14,0.14285714285714285,10.285714285714286,13.0,0.0,13.0,1.0,72.0,0.0,72.0,72.0,0.0,0.0,0.0,1.0,1.0,0.0,100.0
17187,227,1,203.95,1,1.0,203.95,0.0,0.0,0.0,1.0,203.95,0.0,203.95,203.95,0.0,0.0,0.0,0.0,10.0,0.0,144.0
17188,11,7,2474.23,352,0.019886363636363636,7.0290625,58.166666666666664,66.08908129688797,151.0,0.01490555513161255,353.4614285714286,148.72325220899066,522.08,82.66,0.42076232422326726,439.4200000000001,-212.36583333333334,0.5527382690741625,12.0,6.0553007081949835,189.71428571428572
17189,106,2,383.75,254,0.007874015748031496,1.5108267716535433,253.0,0.0,253.0,1.0,191.875,49.06613954653452,226.57,157.18,0.2557192940536001,69.38999999999999,-69.38999999999999,0.6937370349119478,29.5,9.192388155425117,113.0
17190,59,2,444.74,149,0.013422818791946308,2.9848322147651007,148.0,0.0,148.0,1.0,222.37,38.70702520215162,249.74,195.0,0.1740658596130396,54.74000000000001,54.74000000000001,1.2807179487179488,9.5,12.020815280171307,80.5
17191,28,7,2093.68,341,0.020527859237536656,6.139824046920821,56.333333333333336,44.80476165171138,97.0,0.02183179136710206,299.09714285714284,187.635819849186,532.17,30.45,0.6273407296933161,501.71999999999997,225.85583333333327,2.328277234322009,33.0,16.391054470858997,166.57142857142858
17193,36,7,1699.3,142,0.04929577464788732,11.966901408450704,23.333333333333332,34.15064665078345,90.0,0.02844897876089889,242.75714285714284,255.16792521228615,760.74,16.54,1.051124272633439,744.2,-11.274999999999977,0.954755216693419,4.571428571428571,3.9096949095440023,179.14285714285714
17194,274,2,262.62,87,0.022988505747126436,3.0186206896551724,86.0,0.0,86.0,1.0,131.31,171.55824725148017,252.62,10.0,1.3065131920758524,242.62,-242.62,0.039585147652600745,13.5,17.67766952966369,59.5
17197,30,1,1013.01,1,1.0,1013.01,0.0,0.0,0.0,1.0,1013.01,0.0,1013.01,1013.01,0.0,0.0,0.0,0.0,29.0,0.0,191.0
17198,24,3,692.22,348,0.008620689655172414,1.9891379310344828,173.0,237.58787847867995,341.0,0.004191327767262742,230.74,53.30306463984972,272.01,170.56,0.23100920793902108,101.44999999999999,-61.90499999999997,0.7724164552773796,31.0,18.520259177452136,119.0
17201,54,1,289.78000000000003,1,1.0,289.78000000000003,0.0,0.0,0.0,1.0,289.78000000000003,0.0,289.78000000000003,289.78000000000003,0.0,0.0,0.0,0.0,38.0,0.0,231.0
17203,36,6,3560.08,25,0.24,142.4032,4.6,7.05691150575094,16.0,0.12411703905227338,593.3466666666667,546.821781887542,1283.27,16.0,0.9215890348883317,1267.27,-522.1333333333333,0.3888984254303147,24.5,17.762319668331614,474.3333333333333
17204,175,4,1564.56,89,0.0449438202247191,17.57932584269663,29.0,33.06055050963308,65.0,0.029359478488674977,391.14000000000004,309.9387101777813,788.9100000000001,68.9,0.792398400004554,720.0100000000001,-467.88000000000005,0.25148780956037625,14.25,12.419742348374221,161.5
17205,54,1,384.08,1,1.0,384.08,0.0,0.0,0.0,1.0,384.08,0.0,384.08,384.08,0.0,0.0,0.0,0.0,13.0,0.0,884.0
17206,53,1,204.24,1,1.0,204.24,0.0,0.0,0.0,1.0,204.24,0.0,204.24,204.24,0.0,0.0,0.0,0.0,7.0,0.0,76.0
17211,27,8,2317.2200000000003,343,0.023323615160349854,6.755743440233237,48.57142857142857,46.643531680384655,132.0,0.020989208077782165,289.65250000000003,110.66247289457641,433.0,128.41,0.3820525384541007,304.59000000000003,16.539999999999964,1.0587811964141336,26.0,7.559289460184544,165.375
17212,253,1,226.85,1,1.0,226.85,0.0,0.0,0.0,1.0,226.85,0.0,226.85,226.85,0.0,0.0,0.0,0.0,4.0,0.0,147.0
17213,40,7,2781.23,327,0.021406727828746176,8.505290519877676,54.0,68.71681017043792,172.0,0.014343742887192949,397.31857142857143,106.52673004596411,530.47,302.95,0.26811414745337453,227.52000000000004,148.7533333333334,1.4762900901862428,22.428571428571427,6.924765768773767,168.0
17214,60,6,1059.12,299,0.020066889632107024,3.542207357859532,59.2,59.533184023702276,163.0,0.016519864535928616,176.52,42.141338374569926,250.45000000000002,132.5,0.23873407191575982,117.95000000000002,50.97333333333333,1.3374972412271022,16.5,2.8809720581775866,45.333333333333336
17217,234,1,113.5,1,1.0,113.5,0.0,0.0,0.0,1.0,113.5,0.0,113.5,113.5,0.0,0.0,0.0,0.0,9.0,0.0,24.0
17218,4,10,1951.97,364,0.027472527472527472,5.362554945054945,39.888888888888886,48.00376142669563,124.0,0.020406596777186026,195.197,69.48343656344774,287.54,99.5,0.3559656990806608,188.04000000000002,12.962000000000046,1.068685220119121,26.8,13.011106366827107,95.5
17219,32,1,114.23,1,1.0,114.23,0.0,0.0,0.0,1.0,114.23,0.0,114.23,114.23,0.0,0.0,0.0,0.0,24.0,0.0,89.0
17220,24,14,3187.55,340,0.041176470588235294,9.37514705882353,25.76923076923077,21.23736426738594,58.0,0.044969358237596235,227.68214285714288,109.3431221978686,415.8,11.55,0.48024461130653956,404.25,-68.61571428571423,0.738097964480651,32.57142857142857,18.764591392031164,135.5
17221,7,2,334.48,29,0.06896551724137931,11.533793103448277,28.0,0.0,28.0,1.0,167.24,49.440906140563385,202.2,132.28,0.2956284748897595,69.91999999999999,69.91999999999999,1.5285757484124582,31.0,1.4142135623730951,143.5
17222,65,1,328.65,1,1.0,328.65,0.0,0.0,0.0,1.0,328.65,0.0,328.65,328.65,0.0,0.0,0.0,0.0,27.0,0.0,122.0
17223,310,2,416.89,59,0.03389830508474576,7.065932203389831,58.0,0.0,58.0,1.0,208.44500000000002,119.35255359647738,292.84000000000003,124.05,0.5725853515146795,168.79000000000002,-168.79000000000002,0.4236101625461002,23.5,7.7781745930520225,55.0
17226,309,1,393.49,1,1.0,393.49,0.0,0.0,0.0,1.0,393.49,0.0,393.49,393.49,0.0,0.0,0.0,0.0,21.0,0.0,406.0
17227,19,6,939.32,350,0.017142857142857144,2.6837714285714283,69.6,43.02673587433748,111.0,0.022713471261059007,156.5533333333333,52.48731300673209,223.9,107.11,0.3352679364225105,116.79,-2.7266666666666595,0.9827335092348285,7.333333333333333,1.8618986725025255,123.5
17228,16,8,1906.09,357,0.022408963585434174,5.339187675070027,50.42857142857143,45.48573821487765,120.0,0.02151197417533863,238.26125,105.98697971752405,432.26,123.42999999999999,0.4448351535028212,308.83,132.7325,1.772171965444021,25.875,12.988318927845459,191.5
17229,96,2,318.76,47,0.0425531914893617,6.782127659574468,46.0,0.0,46.0,1.0,159.38,2.361736649163081,161.05,157.71,0.014818274872399806,3.3400000000000034,3.3400000000000034,1.0211781117240506,23.5,12.020815280171307,92.5
17230,264,8,3638.41,96,0.08333333333333333,37.900104166666665,13.428571428571429,21.321797476269385,46.0,0.04479925960546475,454.80125,601.8330065115952,1761.26,0.95,1.323287934040628,1760.31,-455.6775000000001,0.33247758701511776,8.625,7.998883850709601,206.375
17231,12,10,3124.72,350,0.02857142857142857,8.927771428571427,38.22222222222222,17.17394667641787,63.0,0.05502382161699522,312.472,98.65756780118008,448.07,150.98,0.3157325065963673,297.09000000000003,97.12,1.3680014550304647,51.6,13.184165586878155,172.4
17232,3,2,417.77,12,0.16666666666666666,34.814166666666665,11.0,0.0,11.0,1.0,208.885,1.1950104602052536,209.73,208.04000000000002,0.005720901262442271,1.6899999999999693,1.6899999999999693,1.008123437800423,17.5,0.7071067811865476,101.0
17233,35,1,190.88,1,1.0,190.88,0.0,0.0,0.0,1.0,190.88,0.0,190.88,190.88,0.0,0.0,0.0,0.0,25.0,0.0,131.0
17234,183,1,149.89,1,1.0,149.89,0.0,0.0,0.0,1.0,149.89,0.0,149.89,149.89,0.0,0.0,0.0,0.0,14.0,0.0,55.0
17235,25,2,550.0600000000001,348,0.005747126436781609,1.5806321839080462,347.0,0.0,347.0,1.0,275.03000000000003,94.5684609158889,341.90000000000003,208.16,0.34384780175213214,133.74000000000004,-133.74000000000004,0.608832992102954,14.5,6.363961030678928,112.0
17236,13,6,916.13,351,0.017094017094017096,2.61005698005698,69.4,56.62861467491501,166.0,0.017352490696523493,152.68833333333333,44.27196106642065,218.4,118.45,0.28994986126261985,99.95,8.46333333333331,1.0570087792172798,17.166666666666668,9.368386556214825,79.0
17237,11,2,314.69,12,0.16666666666666666,26.224166666666665,11.0,0.0,11.0,1.0,157.345,121.9829908224913,243.6,71.09,0.7752581322729754,172.51,-172.51,0.29183087027914617,9.5,3.5355339059327378,52.5
17238,3,17,3719.1,369,0.04607046070460705,10.078861788617887,22.5625,17.68603498055269,51.0,0.05351590110158416,218.77058823529413,108.67186201304527,495.95,4.95,0.49673890302002355,491.0,95.13263888888895,1.5648996927898398,31.352941176470587,12.55458669406618,106.29411764705883
17239,313,1,382.5,1,1.0,382.5,0.0,0.0,0.0,1.0,382.5,0.0,382.5,382.5,0.0,0.0,0.0,0.0,15.0,0.0,150.0
17242,108,2,1135.04,73,0.0273972602739726,15.548493150684932,72.0,0.0,72.0,1.0,567.52,200.7051887719896,709.4399999999999,425.6,0.3536530673315295,283.8399999999999,-283.8399999999999,0.5999097880018043,20.0,12.727922061357855,305.5
17243,1,26,8540.05,369,0.07046070460704607,23.143766937669376,14.36,11.679326464598319,58.0,0.07886854264633686,328.4634615384615,122.81850857072993,616.8,142.5,0.37391832867945485,474.29999999999995,123.00076923076915,1.4607407535470185,14.615384615384615,5.636147074567328,127.6923076923077
17244,53,1,954.9,1,1.0,954.9,0.0,0.0,0.0,1.0,954.9,0.0,954.9,954.9,0.0,0.0,0.0,0.0,31.0,0.0,616.0
17245,205,1,171.45000000000002,1,1.0,171.45000000000002,0.0,0.0,0.0,1.0,171.45000000000002,0.0,171.45000000000002,171.45000000000002,0.0,0.0,0.0,0.0,9.0,0.0,75.0
17247,15,1,280.09000000000003,1,1.0,280.09000000000003,0.0,0.0,0.0,1.0,280.09000000000003,0.0,280.09000000000003,280.09000000000003,0.0,0.0,0.0,0.0,53.0,0.0,105.0
17248,120,1,318.65,1,1.0,318.65,0.0,0.0,0.0,1.0,318.65,0.0,318.65,318.65,0.0,0.0,0.0,0.0,68.0,0.0,213.0
17250,4,2,381.97,258,0.007751937984496124,1.4805038759689924,257.0,0.0,257.0,1.0,190.985,40.07174128984163,219.32,162.65,0.2098161703266834,56.66999999999999,56.66999999999999,1.3484168459883183,27.5,6.363961030678928,83.5
17251,363,1,269.83,1,1.0,269.83,0.0,0.0,0.0,1.0,269.83,0.0,269.83,269.83,0.0,0.0,0.0,0.0,37.0,0.0,108.0
17252,117,2,348.91,70,0.02857142857142857,4.9844285714285705,69.0,0.0,69.0,1.0,174.45499999999998,229.88748563155846,337.01,11.9,1.3177466144940442,325.11,-325.11,0.03531052491024005,43.0,59.39696961966999,96.0
17253,18,1,178.26,1,1.0,178.26,0.0,0.0,0.0,1.0,178.26,0.0,178.26,178.26,0.0,0.0,0.0,0.0,18.0,0.0,43.0
17254,5,2,271.19,11,0.18181818181818182,24.653636363636362,10.0,0.0,10.0,1.0,135.595,47.32665686481563,169.06,102.13,0.34902951336565236,66.93,-66.93,0.6041050514610197,55.5,2.1213203435596424,125.5
17255,41,2,291.48,259,0.007722007722007722,1.1254054054054055,258.0,0.0,258.0,1.0,145.74,53.004724317743594,183.22,108.25999999999999,0.36369373073791406,74.96000000000001,74.96000000000001,1.6924071679290598,34.5,2.1213203435596424,113.5
17256,107,2,240.0,205,0.00975609756097561,1.170731707317073,204.0,0.0,204.0,1.0,120.0,11.172287142747443,127.9,112.10000000000001,0.09310239285622869,15.799999999999997,-15.799999999999997,0.8764659890539485,6.5,3.5355339059327378,70.5
17259,148,2,581.23,221,0.00904977375565611,2.63,220.0,0.0,220.0,1.0,290.615,109.3682058461233,367.95,213.28,0.37633365740282954,154.67,-154.67,0.5796439733659465,54.0,28.284271247461902,194.0
17262,52,5,1253.36,314,0.01592356687898089,3.9915923566878986,78.25,77.38378383098102,174.0,0.012757740837777115,250.67200000000003,221.14611215212446,584.5,20.4,0.8822130599034772,564.1,-293.3466666666667,0.31249023468016623,2.4,1.51657508881031,73.4
17263,208,1,63.440000000000005,1,1.0,63.440000000000005,0.0,0.0,0.0,1.0,63.440000000000005,0.0,63.440000000000005,63.440000000000005,0.0,0.0,0.0,0.0,23.0,0.0,36.0
17265,139,2,550.01,42,0.047619047619047616,13.095476190476191,41.0,0.0,41.0,1.0,275.005,145.43065168663722,377.84000000000003,172.17000000000002,0.5288291183310748,205.67000000000002,-205.67000000000002,0.45566906627143766,59.0,18.384776310850235,194.5
17266,2,3,296.58,146,0.02054794520547945,2.031369863013699,72.0,101.82337649086284,144.0,0.009725414921468395,98.86000000000001,71.4167522364326,162.11,21.41,0.7224029156021908,140.70000000000002,-21.299999999999997,0.8116044578100124,21.0,15.394804318340652,51.0
17267,127,2,317.2,1,2.0,317.20000000000005,0.0,0.0,0.0,1.0,158.60000000000002,214.96046148071048,310.6,6.6,1.3553623044180987,304.0,-304.0,0.021249195106245972,18.5,24.748737341529164,79.0
17268,108,4,763.64,138,0.028985507246376812,5.533623188405797,45.333333333333336,46.090490703976386,93.0,0.021235709907681182,190.91,180.83855451755855,452.15999999999997,35.0,0.9472450605916848,417.15999999999997,105.33999999999997,1.7620081018518516,1.5,0.5773502691896257,211.0
17272,42,4,2148.63,221,0.01809954751131222,9.722307692307693,73.33333333333333,75.03554713156514,153.0,0.013151743332229715,537.1575,333.1399069835375,751.76,40.8,0.6201903668542978,710.96,-335.12500000000006,0.5244565217391304,28.5,18.556220879622373,444.5
17274,35,1,107.82,1,1.0,107.82,0.0,0.0,0.0,1.0,107.82,0.0,107.82,107.82,0.0,0.0,0.0,0.0,24.0,0.0,77.0
17277,228,2,1065.35,96,0.020833333333333332,11.097395833333332,95.0,0.0,95.0,1.0,532.675,260.70319915566813,717.02,348.33000000000004,0.48942262947513615,368.68999999999994,-368.68999999999994,0.4858023486095228,34.5,24.748737341529164,215.0
17278,241,1,246.04,1,1.0,246.04000000000002,0.0,0.0,0.0,1.0,246.04000000000002,0.0,246.04000000000002,246.04000000000002,0.0,0.0,0.0,0.0,15.0,0.0,179.0
17279,58,1,187.83,1,1.0,187.82999999999998,0.0,0.0,0.0,1.0,187.82999999999998,0.0,187.82999999999998,187.82999999999998,0.0,0.0,0.0,0.0,8.0,0.0,48.0
17282,130,3,1685.46,170,0.01764705882352941,9.914470588235295,84.0,57.982756057296896,125.0,0.016954107723087444,561.82,249.45767817407423,723.9,274.56,0.4440170840733228,449.34,-243.12,0.664152507252383,29.333333333333332,42.146569650842686,622.0
17284,60,6,1647.48,277,0.021660649819494584,5.947581227436824,54.8,31.901410627118043,100.0,0.030393833605899524,274.58,223.0324921620166,716.11,108.53,0.8122677986816834,607.58,-189.2,0.48751286635245683,48.0,42.32729615744431,227.0
17286,22,1,151.37,1,1.0,151.37,0.0,0.0,0.0,1.0,151.37,0.0,151.37,151.37,0.0,0.0,0.0,0.0,44.0,0.0,117.0
17287,26,7,1049.06,347,0.020172910662824207,3.0232276657060515,57.333333333333336,35.81991997013208,115.0,0.027159211666163023,149.8657142857143,34.5789453555883,202.07,108.78,0.2307328632195662,93.28999999999999,47.63333333333334,1.3883785399793445,17.428571428571427,7.9970232557109,79.42857142857143
17288,9,7,1417.63,350,0.02,4.050371428571428,57.666666666666664,68.41539787698868,194.0,0.014406025616565711,202.51857142857142,167.22764070059026,553.89,53.4,0.8257397804110606,500.49,184.9375,2.9097222222222223,19.0,35.74446344074375,171.57142857142858
17289,32,3,931.02,149,0.020134228187919462,6.248456375838926,73.5,102.5304832720494,146.0,0.009658990940593578,310.34,134.9274438355667,430.64,164.45,0.434772971049709,266.19,218.83499999999998,2.3307084220127696,32.666666666666664,15.17673658377628,171.0
17290,4,2,513.01,13,0.15384615384615385,39.46230769230769,12.0,0.0,12.0,1.0,256.505,130.567267146096,348.83,164.18,0.5090242574066626,184.64999999999998,-184.64999999999998,0.47065906028724597,47.0,4.242640687119285,198.5
17291,308,1,550.8000000000001,1,1.0,550.8000000000001,0.0,0.0,0.0,1.0,550.8000000000001,0.0,550.8000000000001,550.8000000000001,0.0,0.0,0.0,0.0,1.0,0.0,72.0
17293,8,9,1854.06,353,0.025495750708215296,5.252294617563739,43.75,46.20064934608604,152.0,0.021186149213070556,206.00666666666666,95.03345884476688,346.14,65.0,0.46131254091178386,281.14,9.898500000000041,1.0493672306522202,14.444444444444445,10.27267140415665,126.11111111111111
17295,29,3,547.0,36,0.08333333333333333,15.194444444444445,17.5,24.748737341529164,35.0,0.03883685583242708,182.33333333333334,85.0704939055448,279.36,120.54,0.46656578010353633,158.82,-145.54000000000002,0.4790234822451317,22.666666666666668,6.027713773341708,97.66666666666667
17297,17,1,128.18,1,1.0,128.18,0.0,0.0,0.0,1.0,128.18,0.0,128.18,128.18,0.0,0.0,0.0,0.0,49.0,0.0,65.0
17298,101,2,498.42,24,0.08333333333333333,20.767500000000002,23.0,0.0,23.0,1.0,249.21,200.21021402515908,390.78000000000003,107.64,0.8033795354326033,283.14000000000004,283.14000000000004,3.630434782608696,15.0,15.556349186104045,193.5
17299,12,4,656.61,162,0.024691358024691357,4.053148148148148,53.0,37.322915213043046,77.0,0.026094048285232072,164.1525,92.2110092396781,297.36,91.06,0.5617399018575904,206.3,60.11500000000001,1.4483015772400165,13.75,10.1447851956888,167.0
17301,21,1,163.24,1,1.0,163.24,0.0,0.0,0.0,1.0,163.24,0.0,163.24,163.24,0.0,0.0,0.0,0.0,59.0,0.0,137.0
17302,15,5,1135.63,291,0.01718213058419244,3.9025085910652924,72.25,37.16068711241312,97.0,0.02620497888453152,227.12600000000003,112.04820337693951,358.49,120.27,0.49333058908684824,238.22000000000003,125.94333333333333,1.8309800299111463,15.8,6.058052492344384,115.0
17303,361,1,250.04,1,1.0,250.04,0.0,0.0,0.0,1.0,250.04,0.0,250.04,250.04,0.0,0.0,0.0,0.0,53.0,0.0,144.0
17306,11,19,8631.31,343,0.05539358600583091,25.16416909620991,18.61111111111111,13.971142059886027,50.0,0.06679517140375146,454.2794736842105,164.54928084767002,748.94,152.64,0.3622203739763409,596.3000000000001,124.0436666666667,1.3188837854976092,3.473684210526316,1.9255135260966845,604.7894736842105
17309,95,1,82.75,1,1.0,82.75,0.0,0.0,0.0,1.0,82.75,0.0,82.75,82.75,0.0,0.0,0.0,0.0,11.0,0.0,41.0
17311,78,2,1384.85,239,0.008368200836820083,5.794351464435146,238.0,0.0,238.0,1.0,692.425,192.28354700805787,828.39,556.46,0.27769584721530544,271.92999999999995,271.92999999999995,1.488678431513496,27.5,4.949747468305833,502.5
17312,139,3,644.3,21,0.14285714285714285,30.68095238095238,10.0,8.48528137423857,16.0,0.10542649822871226,214.76666666666665,59.892431352662015,253.7,145.8,0.2788721000434364,107.89999999999998,103.44999999999999,1.7095336076817558,4.666666666666667,4.725815626252609,124.0
17313,31,1,2328.84,1,1.0,2328.84,0.0,0.0,0.0,1.0,2328.84,0.0,2328.84,2328.84,0.0,0.0,0.0,0.0,24.0,0.0,1402.0
17314,25,8,2527.92,288,0.027777777777777776,8.7775,40.57142857142857,37.35352345208835,90.0,0.026073223787358445,315.99,200.69332553497065,670.63,34.65,0.6351255594638142,635.98,-20.04499999999996,0.9385146275066142,16.375,15.136875503220603,237.0
17315,2,38,6281.2300000000005,356,0.10674157303370786,17.64390449438202,9.135135135135135,6.39948853061348,34.0,0.13514447598138132,165.29552631578946,87.13370634919612,420.75,15.0,0.5271389268136102,405.75,52.81842105263161,1.3802996771308607,12.289473684210526,9.833500091006727,101.65789473684211
17317,46,3,2600.34,44,0.06818181818181818,59.098636363636366,21.0,21.213203435596427,36.0,0.045018270457898496,866.7800000000001,1035.7331947948758,2027.94,38.16,1.1949205043896671,1989.78,-1741.74,0.14112843575253706,3.0,3.4641016151377544,382.0
17320,100,3,1200.62,268,0.011194029850746268,4.479925373134328,133.0,2.8284271247461903,135.0,0.2612038749637414,400.20666666666665,95.08117864926442,459.18,290.52,0.23758019685478607,168.66000000000003,-76.07,0.8313004524084094,24.333333333333332,2.081665999466133,211.33333333333334
17321,8,2,657.16,60,0.03333333333333333,10.952666666666666,59.0,0.0,59.0,1.0,328.58,406.34598287666137,615.91,41.25,1.2366729042445108,574.66,-574.66,0.06697407088698025,47.5,65.76093065034893,182.0
17323,15,7,906.52,278,0.025179856115107913,3.260863309352518,45.833333333333336,24.733917333626447,77.0,0.03885922174364423,129.50285714285715,63.702985726543396,211.8,4.949999999999999,0.4919040948746897,206.85000000000002,-22.12666666666668,0.8443391801894756,27.428571428571427,14.033972386761382,108.57142857142857
17324,18,4,986.48,349,0.011461318051575931,2.826590257879656,115.66666666666667,169.00986164521092,310.0,0.00588201172757186,246.61999999999998,234.29716102989096,575.18,40.64,0.950033091516872,534.54,-208.99,0.4047819090611338,12.25,12.39287429668087,210.75
17325,280,1,96.8,1,1.0,96.8,0.0,0.0,0.0,1.0,96.8,0.0,96.8,96.8,0.0,0.0,0.0,0.0,6.0,0.0,60.0
17329,14,2,523.11,301,0.006644518272425249,1.7379069767441861,300.0,0.0,300.0,1.0,261.555,25.731615767378454,279.75,243.36,0.09837936865048824,36.389999999999986,36.389999999999986,1.1495315581854042,16.5,0.7071067811865476,71.0
17330,23,2,363.9,45,0.044444444444444446,8.086666666666666,44.0,0.0,44.0,1.0,181.95,117.30901499884823,264.9,99.0,0.6447321516836946,165.89999999999998,-165.89999999999998,0.3737259343148358,3.0,2.8284271247461903,60.0
17331,124,1,175.2,1,1.0,175.2,0.0,0.0,0.0,1.0,175.2,0.0,175.2,175.2,0.0,0.0,0.0,0.0,1.0,0.0,16.0
17333,86,1,494.25,1,1.0,494.25,0.0,0.0,0.0,1.0,494.25,0.0,494.25,494.25,0.0,0.0,0.0,0.0,28.0,0.0,375.0
17334,302,2,307.02000000000004,7,0.2857142857142857,43.86000000000001,6.0,0.0,6.0,1.0,153.51000000000002,202.24668155497636,296.52000000000004,10.5,1.3174821285582459,286.02000000000004,-286.02000000000004,0.03541076487252124,5.5,6.363961030678928,157.5
17337,151,4,1981.06,159,0.025157232704402517,12.459496855345911,52.333333333333336,11.547005383792515,59.0,0.07970029257273942,495.265,391.2286837217673,989.38,32.95,0.7899380810712796,956.43,-458.35,0.36730440064049474,126.0,94.48809448814174,311.75
17338,17,8,6493.54,345,0.02318840579710145,18.82185507246377,48.857142857142854,23.03206874069697,97.0,0.04161106606301253,811.6925,315.84353087067836,1329.6200000000001,300.05,0.38911722218780925,1029.5700000000002,-37.014999999999986,0.9554143579860275,85.125,34.836095812082206,382.375
17339,94,2,243.36,271,0.007380073800738007,0.8980073800738008,270.0,0.0,270.0,1.0,121.68,87.22869252717251,183.36,60.0,0.7168695967058885,123.36000000000001,123.36000000000001,3.056,4.5,0.7071067811865476,76.0
17340,30,11,12353.29,337,0.032640949554896145,36.656646884273,33.4,34.14088458139302,111.0,0.028456881831867623,1123.0263636363636,1213.241531017404,3893.79,15.0,1.0803321901446048,3878.79,-501.52599999999995,0.640891430960929,37.0,36.4417343165772,542.4545454545455
17341,157,3,682.29,210,0.014285714285714285,3.2489999999999997,104.5,147.78531726798843,209.0,0.006721093306531214,227.42999999999998,202.10432924606044,416.61,14.5,0.8886441069606493,402.11,-283.77,0.3188593648736228,49.333333333333336,67.92888438163351,147.66666666666666
17343,355,1,193.64,1,1.0,193.64,0.0,0.0,0.0,1.0,193.64,0.0,193.64,193.64,0.0,0.0,0.0,0.0,17.0,0.0,56.0
17344,46,1,157.62,1,1.0,157.62,0.0,0.0,0.0,1.0,157.62,0.0,157.62,157.62,0.0,0.0,0.0,0.0,31.0,0.0,65.0
17345,15,4,519.6899999999999,182,0.02197802197802198,2.8554395604395606,60.333333333333336,53.724606404638585,103.0,0.018273315528409863,129.9225,86.23481175449582,238.51,42.59,0.6637403971944491,195.92,134.465,3.1449194448875417,18.25,13.889444433333777,85.25
17346,4,15,2622.88,370,0.04054054054054054,7.088864864864865,26.071428571428573,24.414574101782495,75.0,0.039347501791496216,174.85866666666666,48.15635069625761,250.04,101.23,0.27540156638651564,148.81,39.308214285714286,1.2554234817964094,31.466666666666665,7.836422896291637,107.8
17347,86,1,228.96,1,1.0,228.96,0.0,0.0,0.0,1.0,228.96,0.0,228.96,228.96,0.0,0.0,0.0,0.0,1.0,0.0,216.0
17348,15,5,1156.6,284,0.017605633802816902,4.072535211267605,70.5,104.34717693034793,226.0,0.00949242332958924,231.32,154.70288167968945,500.46,109.49,0.6687829918713879,390.96999999999997,-164.975,0.5005373821165287,41.8,9.17605579756357,279.6
17349,179,1,98.25,1,1.0,98.25,0.0,0.0,0.0,1.0,98.25,0.0,98.25,98.25,0.0,0.0,0.0,0.0,8.0,0.0,102.0
17350,8,4,1281.32,43,0.09302325581395349,29.79813953488372,14.0,20.074859899884732,37.0,0.04744990024846948,320.33,295.45909598453727,734.85,72.24,0.9223584927560243,662.61,-245.68,0.4456303450143286,17.0,15.340577998671801,192.5
17351,36,3,587.15,238,0.012605042016806723,2.467016806722689,118.0,19.79898987322333,132.0,0.04807925798778345,195.71666666666667,34.51544340340035,228.7,159.85,0.17635413473592956,68.85,-4.325000000000017,0.9782225579053373,9.0,6.557438524302,37.666666666666664
17353,129,2,1740.0,26,0.07692307692307693,66.92307692307692,25.0,0.0,25.0,1.0,870.0,0.0,870.0,870.0,0.0,0.0,0.0,1.0,4.0,0.0,600.0
17354,51,1,1393.06,1,1.0,1393.06,0.0,0.0,0.0,1.0,1393.06,0.0,1393.06,1393.06,0.0,0.0,0.0,0.0,15.0,0.0,1006.0
17356,312,1,178.22,1,1.0,178.22,0.0,0.0,0.0,1.0,178.22,0.0,178.22,178.22,0.0,0.0,0.0,0.0,19.0,0.0,166.0
17357,24,2,384.39,1,2.0,384.39,0.0,0.0,0.0,1.0,192.195,263.46091560229576,378.49,5.9,1.3708000499612152,372.59000000000003,-372.59000000000003,0.015588258606568206,20.5,27.577164466275352,76.0
17358,303,2,360.81,53,0.03773584905660377,6.807735849056605,52.0,0.0,52.0,1.0,180.40500000000003,86.62765176316397,241.66000000000003,119.15,0.4801843173036443,122.51000000000002,-122.51000000000002,0.49304808408507816,28.5,16.263455967290593,95.0
17359,11,1,127.86,1,1.0,127.86,0.0,0.0,0.0,1.0,127.86,0.0,127.86,127.86,0.0,0.0,0.0,0.0,13.0,0.0,161.0
17360,17,3,568.24,167,0.017964071856287425,3.402634730538922,83.0,117.37972567696688,166.0,0.008447392442256434,189.41333333333333,114.47643964298211,320.9,111.91,0.6043737134466887,208.98999999999998,-197.22999999999996,0.3853848550950452,40.0,11.357816691600547,109.33333333333333
17361,49,3,488.2,243,0.012345679012345678,2.0090534979423866,121.0,22.627416997969522,137.0,0.04232371232479358,162.73333333333332,101.9952730930867,224.28,45.0,0.6267632512889392,179.28,176.6,4.924444444444444,9.333333333333334,7.371114795831994,52.333333333333336
17362,239,2,312.23,71,0.028169014084507043,4.397605633802817,70.0,0.0,70.0,1.0,156.115,8.64791593391149,162.23000000000002,150.0,0.055394522844771414,12.230000000000018,12.230000000000018,1.0815333333333335,17.5,7.7781745930520225,95.5
17364,1,11,4462.68,331,0.03323262839879154,13.482416918429005,32.6,33.6986646619714,108.0,0.02881955284855579,405.69818181818187,234.2478133865152,904.6,29.5,0.5773942893623712,875.1,-20.88499999999999,0.9499268742957155,36.54545454545455,25.378587968457335,244.72727272727272
17365,13,8,4767.36,321,0.024922118380062305,14.851588785046728,45.285714285714285,28.721155302403172,82.0,0.03364606758469926,595.92,331.73909360907624,1126.47,15.299999999999997,0.5566839401414221,1111.17,245.34499999999997,1.5184285178474264,55.875,28.01243346393577,593.625
17367,238,1,167.55,1,1.0,167.55,0.0,0.0,0.0,1.0,167.55,0.0,167.55,167.55,0.0,0.0,0.0,0.0,33.0,0.0,149.0
17368,23,8,1878.87,315,0.025396825396825397,5.964666666666666,44.42857142857143,37.04437493447168,83.0,0.026285094753755792,234.85875,200.94056515991417,563.15,20.8,0.8555804932109797,542.35,-54.91750000000002,0.7906449245666034,13.25,8.614771367499298,172.125
17370,73,4,446.18,97,0.041237113402061855,4.5997938144329895,32.0,39.0,77.0,0.025,111.545,4.0466405820136755,117.36,108.0,0.03627809926051079,9.36,-4.969999999999999,0.956414978514426,8.25,0.5000000000000001,135.0
17371,17,3,418.4,344,0.00872093023255814,1.2162790697674417,171.5,242.5376259469858,343.0,0.004106141694169606,139.46666666666667,114.88012201130938,270.45,55.81,0.823710243866941,214.64,70.99,1.7704579986976339,28.666666666666668,29.297326385411576,50.333333333333336
17372,41,8,1337.18,322,0.024844720496894408,4.1527329192546585,45.57142857142857,36.331148907685,105.0,0.026787281647100335,167.1475,30.97870824107607,212.12,124.94,0.18533755061293808,87.18,-36.22999999999999,0.8044396464476081,31.125,10.855380496062113,93.375
17373,40,4,646.92,273,0.014652014652014652,2.36967032967033,90.33333333333333,77.48763342194245,178.0,0.012740860647741666,161.73000000000002,34.492713240142,213.4,142.05,0.21327343869499782,71.35,36.16,1.2517229376957884,14.25,3.774917217635375,102.0
17374,219,2,495.77,63,0.031746031746031744,7.869365079365079,62.0,0.0,62.0,1.0,247.885,79.10403561133907,303.82,191.95,0.31911586264331876,111.87,111.87,1.5828080229226362,14.0,2.8284271247461903,42.5
17375,199,3,400.1,163,0.018404907975460124,2.4546012269938653,80.5,44.54772721475249,112.0,0.0219549922938001,133.36666666666667,37.546965700750484,176.66,109.71000000000001,0.28153185979068096,66.94999999999999,35.484999999999985,1.3234436240998997,23.0,2.6457513110645907,122.33333333333333
17376,71,2,203.2,241,0.008298755186721992,0.8431535269709544,240.0,0.0,240.0,1.0,101.6,6.010407640085654,105.85,97.35,0.05915755551265407,8.5,-8.5,0.9196976854038734,12.0,1.4142135623730951,43.0
17377,24,20,4058.32,350,0.05714285714285714,11.5952,17.94736842105263,21.642226431499154,82.0,0.04416526806784475,202.916,81.81949171965783,364.4,102.79,0.4032185323959561,261.60999999999996,-31.890000000000015,0.8542910797264016,19.85,9.477258097816666,101.9
17379,11,1,389.72,1,1.0,389.71999999999997,0.0,0.0,0.0,1.0,389.71999999999997,0.0,389.71999999999997,389.71999999999997,0.0,0.0,0.0,0.0,71.0,0.0,623.0
17381,9,29,20275.61,364,0.07967032967032966,55.70222527472528,12.571428571428571,12.56812125807481,42.0,0.07370217150770737,699.1589655172414,619.3499678253969,2567.6400000000003,50.88,0.885849997456871,2516.76,-243.12833333333356,0.7052686236359704,3.7586206896551726,2.861757357361695,884.448275862069
17382,65,1,65.4,1,1.0,65.4,0.0,0.0,0.0,1.0,65.4,0.0,65.4,65.4,0.0,0.0,0.0,0.0,2.0,0.0,25.0
17383,4,1,193.39,1,1.0,193.39000000000001,0.0,0.0,0.0,1.0,193.39000000000001,0.0,193.39000000000001,193.39000000000001,0.0,0.0,0.0,0.0,49.0,0.0,148.0
17384,19,2,336.4,200,0.01,1.682,199.0,0.0,199.0,1.0,168.2,84.07499628308048,227.64999999999998,108.75,0.49985134532152486,118.89999999999998,-118.89999999999998,0.4777070063694268,7.5,6.363961030678928,44.0
17385,15,1,256.11,1,1.0,256.11,0.0,0.0,0.0,1.0,256.11,0.0,256.11,256.11,0.0,0.0,0.0,0.0,42.0,0.0,197.0
17386,8,6,2686.42,158,0.0379746835443038,17.0026582278481,31.2,39.40431448458405,91.0,0.024749832109675865,447.7366666666667,419.6772322471957,989.08,3.3,0.9373304969004006,985.7800000000001,-132.12666666666672,0.7428441676398079,4.666666666666667,6.21825270205921,317.0
17387,20,2,746.81,14,0.14285714285714285,53.34357142857142,13.0,0.0,13.0,1.0,373.405,90.884434585907,437.67,309.14,0.24339372688075148,128.53000000000003,128.53000000000003,1.4157663194669083,37.5,27.577164466275352,261.0
17388,78,4,1259.56,210,0.01904761904761905,5.997904761904762,69.33333333333333,14.22439219556791,79.0,0.06568406719652937,314.89,90.57288299117643,381.6,189.82999999999998,0.28763340528812104,191.77000000000004,-133.42000000000002,0.6503668763102726,3.75,4.856267428111155,267.0
17389,1,34,31833.68,331,0.1027190332326284,96.17425981873112,9.545454545454545,9.513447420266843,35.0,0.09511627918282002,936.2847058823529,1639.1286878764606,7427.32,52.5,1.7506733556346505,7374.82,1185.6517647058824,4.452092895800507,6.264705882352941,6.126489051054579,223.88235294117646
17391,164,2,508.8,1,2.0,508.8,0.0,0.0,0.0,1.0,254.4,215.86555816062923,407.04,101.76,0.848528137423857,305.28000000000003,-305.28000000000003,0.25,1.5,0.7071067811865476,240.0
17392,307,2,417.27,52,0.038461538461538464,8.024423076923076,51.0,0.0,51.0,1.0,208.635,89.28637326042534,271.77,145.5,0.42795491293611015,126.26999999999998,-126.26999999999998,0.535379180925047,27.0,19.79898987322333,138.5
17394,219,1,203.87,1,1.0,203.86999999999998,0.0,0.0,0.0,1.0,203.86999999999998,0.0,203.86999999999998,203.86999999999998,0.0,0.0,0.0,0.0,4.0,0.0,241.0
17396,39,8,7330.8,333,0.024024024024024024,22.014414414414414,47.42857142857143,82.99368880193471,223.0,0.011905656416139757,916.35,729.5875057670798,2034.0,18.0,0.7961886896568776,2016.0,-260.85000000000014,0.7508060471448018,3.375,1.5059406173077154,250.625
17397,22,2,681.41,1,2.0,681.41,0.0,0.0,0.0,1.0,340.705,59.29090360249202,382.63,298.78,0.1740241663682424,83.85000000000002,83.85000000000002,1.2806412745163667,44.5,4.949747468305833,125.0
17398,115,3,653.38,141,0.02127659574468085,4.6339007092198585,69.5,36.062445840513924,95.0,0.02698148968104188,217.79333333333332,90.47771014638542,305.68,124.92999999999999,0.41542919960689995,180.75,-131.83,0.5687320073279246,12.666666666666666,6.027713773341707,103.33333333333333
17400,126,5,2097.84,227,0.022026431718061675,9.2415859030837,56.25,44.282238726905696,99.0,0.022083713794075786,419.56800000000004,307.53847591805487,791.22,11.8,0.7329883973945935,779.4200000000001,-176.61166666666662,0.6639392872659925,39.8,36.00972090977657,217.6
17402,5,13,2633.85,365,0.03561643835616438,7.216027397260274,29.916666666666668,26.834368510053174,96.0,0.03592680752354132,202.60384615384615,85.46517531900167,312.9,35.0,0.4218339233999741,277.9,16.501666666666665,1.0851838149891164,4.538461538461538,5.7389805223486725,53.92307692307692
17403,36,1,263.92,1,1.0,263.92,0.0,0.0,0.0,1.0,263.92,0.0,263.92,263.92,0.0,0.0,0.0,0.0,32.0,0.0,111.0
17404,4,15,31906.82,357,0.04201680672268908,89.37484593837534,24.857142857142858,19.708870095456014,58.0,0.04828848678805621,2127.1213333333335,1757.4383810448446,5296.96,15.0,0.8262050469358171,5281.96,-479.1617857142853,0.7988974873371579,13.2,11.123976678457085,2183.2
17405,1,3,1031.41,150,0.02,6.876066666666667,74.0,4.242640687119285,77.0,0.1907435698305462,343.80333333333334,175.95341722550697,489.70000000000005,148.4,0.5117850822432601,341.30000000000007,-74.25999999999999,0.8111921893671659,27.333333333333332,13.503086067019394,242.0
17406,333,3,2184.42,34,0.08823529411764706,64.24764705882353,16.5,23.33452377915607,33.0,0.04109387999844723,728.14,491.6774418254309,1232.32,250.0,0.6752512453998282,982.3199999999999,39.059999999999945,1.0556331006979063,35.333333333333336,44.792112400882964,260.0
17408,163,1,32.65,1,1.0,32.65,0.0,0.0,0.0,1.0,32.65,0.0,32.65,32.65,0.0,0.0,0.0,0.0,2.0,0.0,3.0
17409,185,2,771.85,64,0.03125,12.060156249999999,63.0,0.0,63.0,1.0,385.92499999999995,177.30702538252677,511.29999999999995,260.55,0.45943389358690623,250.74999999999994,250.74999999999994,1.962387257724045,6.5,2.1213203435596424,52.5
17410,16,5,1214.72,200,0.025,6.0736,49.25,47.14781719938545,119.0,0.020769373528583636,242.94400000000002,141.1408581169889,449.15,109.68,0.580960460505256,339.46999999999997,55.281666666666695,1.263528383585588,12.8,6.496152707564686,123.2
17411,12,3,778.94,250,0.012,3.1157600000000003,124.0,86.2670273047588,185.0,0.011459081750404354,259.6466666666667,43.436801601100136,285.58,209.5,0.1672919670363576,76.07999999999998,-38.89999999999998,0.8637859794103229,13.666666666666666,4.041451884327381,102.0
17412,3,7,1258.06,370,0.01891891891891892,3.400162162162162,61.0,49.71116574774725,136.0,0.019719523013418856,179.72285714285712,43.123267391005875,250.46,120.7,0.23994314399713937,129.76,-29.13833333333332,0.8516176670287887,9.428571428571429,2.439750182371333,105.42857142857143
17414,44,2,778.0,142,0.014084507042253521,5.47887323943662,141.0,0.0,141.0,1.0,389.0,295.57063453597686,598.0,180.0,0.7598216826117657,418.0,-418.0,0.3010033444816054,3.0,2.8284271247461903,1050.0
17415,80,1,507.84,1,1.0,507.84,0.0,0.0,0.0,1.0,507.84,0.0,507.84,507.84,0.0,0.0,0.0,0.0,14.0,0.0,114.0
17416,30,7,6893.42,252,0.027777777777777776,27.35484126984127,41.666666666666664,27.10473513367483,77.0,0.03558119282191026,984.7742857142857,559.5113771812313,2114.71,327.59999999999997,0.5681620502259573,1787.1100000000001,-287.9841666666665,0.7494344563965883,38.42857142857143,30.57699103823626,614.5714285714286
17418,42,2,463.46,282,0.0070921985815602835,1.6434751773049647,281.0,0.0,281.0,1.0,231.73000000000002,90.99050060308491,296.07,167.39000000000001,0.3926574056146589,128.67999999999998,128.67999999999998,1.7687436525479416,15.0,4.242640687119285,144.5
17419,11,12,4226.57,356,0.033707865168539325,11.872387640449437,31.90909090909091,32.25974130539346,106.0,0.03006637937493032,352.21416666666664,139.82636261113498,614.2,17.4,0.3969924433603655,596.8000000000001,141.6616666666667,1.5034472546348399,17.166666666666668,6.671967589485992,156.33333333333334
17420,50,3,598.83,324,0.009259259259259259,1.8482407407407409,161.0,57.982756057296896,202.0,0.016954107723087444,199.61,65.24754478139391,260.66,130.85,0.32687513041127153,129.81000000000003,103.14000000000001,1.7882307986243793,10.0,3.605551275463989,88.33333333333333
17422,16,6,1979.37,280,0.02142857142857143,7.069178571428571,55.4,18.87591057406238,76.0,0.050312160354805464,329.895,48.50727646446461,402.79,280.4,0.14703853184942062,122.39000000000004,-8.949999999999932,0.9732332446092654,19.5,6.220932405998316,375.5
17423,46,2,698.41,172,0.011627906976744186,4.060523255813954,171.0,0.0,171.0,1.0,349.20500000000004,141.72541215321974,449.42,248.99,0.4058516119563572,200.43,-200.43,0.5540251880201148,13.0,2.8284271247461903,229.5
17425,19,2,759.1700000000001,42,0.047619047619047616,18.07547619047619,41.0,0.0,41.0,1.0,379.58500000000004,437.53646299480005,688.97,70.2,1.152670582332811,618.77,-618.77,0.10189122893594786,21.5,28.991378028648448,203.5
17426,8,6,5037.26,275,0.02181818181818182,18.31730909090909,54.6,50.683330593006616,106.0,0.01934859825259234,839.5433333333334,717.614312863579,1987.19,98.16,0.8547674484107379,1889.03,-507.0666666666665,0.5361106113325386,45.166666666666664,35.852010636318106,515.6666666666666
17427,72,1,100.8,1,1.0,100.8,0.0,0.0,0.0,1.0,100.8,0.0,100.8,100.8,0.0,0.0,0.0,0.0,2.0,0.0,34.0
17428,1,28,17256.85,369,0.07588075880758807,46.76653116531165,13.333333333333334,10.784604411275005,34.0,0.0848564758816378,616.3160714285714,728.6944339699662,4090.28,124.30000000000001,1.1823388481188082,3965.98,164.45214285714292,1.3079109192404705,11.714285714285714,10.186618465771444,338.35714285714283
17429,128,3,524.9200000000001,91,0.03296703296703297,5.768351648351649,44.5,16.263455967290593,56.0,0.05792582909787702,174.97333333333336,22.716340667751336,189.28,148.78,0.12982744418816963,40.5,-17.830000000000013,0.9045809697099432,13.0,3.4641016151377544,208.0
17430,33,2,265.76,333,0.006006006006006006,0.7980780780780781,332.0,0.0,332.0,1.0,132.88,28.68025104492637,153.16,112.6,0.2158357242995663,40.56,40.56,1.3602131438721137,7.0,2.8284271247461903,95.0
17431,313,1,403.3,1,1.0,403.3,0.0,0.0,0.0,1.0,403.3,0.0,403.3,403.3,0.0,0.0,0.0,0.0,41.0,0.0,292.0
17432,18,2,365.76,20,0.1,18.288,19.0,0.0,19.0,1.0,182.88,9.885352800987938,189.87,175.89000000000001,0.05405376640960159,13.97999999999999,13.97999999999999,1.0794814941156403,24.0,12.727922061357855,103.5
17433,88,1,303.16,1,1.0,303.16,0.0,0.0,0.0,1.0,303.16,0.0,303.16,303.16,0.0,0.0,0.0,0.0,53.0,0.0,185.0
17434,2,7,2373.82,83,0.08433734939759036,28.600240963855423,13.333333333333334,10.726913193769523,34.0,0.08527393214876847,339.1171428571429,82.95771869136827,499.56,226.17,0.24462850209349396,273.39,-72.26249999999999,0.8100404826371547,19.142857142857142,2.5448360411214077,241.85714285714286
17436,2,2,216.3,226,0.008849557522123894,0.9570796460176991,225.0,0.0,225.0,1.0,108.15,20.152543263816604,122.4,93.9,0.1863388188979806,28.5,-28.5,0.7671568627450981,4.5,0.7071067811865476,45.0
17438,254,1,388.4500000000001,1,1.0,388.45000000000005,0.0,0.0,0.0,1.0,388.45000000000005,0.0,388.45000000000005,388.45000000000005,0.0,0.0,0.0,0.0,17.0,0.0,103.0
17440,157,3,186.42,91,0.03296703296703297,2.048571428571429,45.0,63.63961030678928,90.0,0.015470390295576507,62.14000000000001,55.29078404218916,117.6,7.0200000000000005,0.8897776640197804,110.58,-83.19,0.29260204081632657,1.6666666666666667,0.5773502691896257,82.0
17442,37,6,2248.56,254,0.023622047244094488,8.85259842519685,50.0,16.015617378046965,69.0,0.058769539640105554,374.76,94.45403517055263,521.4399999999999,254.18,0.252038731909896,267.25999999999993,36.84666666666669,1.1034040841526274,22.5,5.958187643906492,249.33333333333334
17443,220,1,534.24,1,1.0,534.24,0.0,0.0,0.0,1.0,534.24,0.0,534.24,534.24,0.0,0.0,0.0,0.0,1.0,0.0,504.0
17444,148,3,2940.04,26,0.11538461538461539,113.07846153846154,12.5,12.020815280171307,21.0,0.07680010648203002,980.0133333333333,372.30510624128345,1217.64,550.94,0.37989800095367765,666.7,-287.16999999999996,0.7548614549365749,45.0,39.395431207184416,706.3333333333334
17446,177,2,120.9,134,0.014925373134328358,0.9022388059701492,133.0,0.0,133.0,1.0,60.449999999999996,10.818733752154175,68.1,52.8,0.1789699545434934,15.299999999999997,-15.299999999999997,0.775330396475771,4.5,0.7071067811865476,99.0
17447,40,2,541.53,32,0.0625,16.9228125,31.0,0.0,31.0,1.0,270.765,143.84673249677937,372.48,169.05,0.5312604380063132,203.43,-203.43,0.45384987113402064,18.0,14.142135623730951,221.5
17449,2,7,2519.21,358,0.019553072625698324,7.036899441340783,59.0,46.216880033165374,139.0,0.021178866526072773,359.88714285714286,169.3454003621283,684.26,174.86,0.47055140402542783,509.4,-141.7666666666667,0.6784582933264786,39.285714285714285,23.781745700671944,160.14285714285714
17450,8,46,194390.79,360,0.12777777777777777,539.9744166666667,7.711111111111111,11.796806621482206,57.0,0.07814449569951959,4225.886739130435,5880.283803049742,31698.16,34.56,1.3914911037723965,31663.6,947.291739130434,1.2524602689592792,7.304347826086956,7.583225831376895,1521.1521739130435
17451,1,7,1721.4,105,0.06666666666666667,16.394285714285715,17.0,15.594870951694341,40.0,0.06025958278981976,245.91428571428574,167.19802300038745,470.55,18.72,0.6799036603942791,451.83000000000004,-171.3758333333333,0.5015874477717566,14.285714285714286,9.92831448793946,171.85714285714286
17453,18,2,486.72,47,0.0425531914893617,10.355744680851064,46.0,0.0,46.0,1.0,243.36,139.4980257924821,342.0,144.72,0.5732167397784439,197.28,-197.28,0.4231578947368421,9.5,0.7071067811865476,109.5
17454,192,4,517.53,168,0.023809523809523808,3.080535714285714,55.333333333333336,12.662279942148388,65.0,0.07319422557833714,129.3825,26.93847728312299,165.85,104.0,0.20820804423413514,61.849999999999994,-39.33500000000001,0.7360952700436095,15.25,10.65754818583211,60.75
17455,204,1,131.7,1,1.0,131.7,0.0,0.0,0.0,1.0,131.7,0.0,131.7,131.7,0.0,0.0,0.0,0.0,8.0,0.0,66.0
17456,365,1,249.86,1,1.0,249.86,0.0,0.0,0.0,1.0,249.86,0.0,249.86,249.86,0.0,0.0,0.0,0.0,17.0,0.0,222.0
17457,127,5,1737.7,213,0.023474178403755867,8.158215962441314,52.75,19.98958061924595,78.0,0.04764268606124847,347.54,28.88874175176204,385.8,313.38,0.08312350161639535,72.42000000000002,-18.316666666666663,0.9489117600572708,3.8,2.6832815729997477,165.2
17458,15,1,316.5,1,1.0,316.5,0.0,0.0,0.0,1.0,316.5,0.0,316.5,316.5,0.0,0.0,0.0,0.0,52.0,0.0,170.0
17459,43,2,657.3,17,0.11764705882352941,38.66470588235294,16.0,0.0,16.0,1.0,328.65,39.96567527266365,356.90999999999997,300.39,0.121605584277084,56.51999999999998,56.51999999999998,1.1881553979826225,55.0,29.698484809834994,268.5
17460,94,6,622.4300000000001,279,0.021505376344086023,2.2309318996415772,55.2,47.43100251944924,131.0,0.020647931035464598,103.73833333333334,55.50541610209464,159.85000000000002,19.9,0.5350521289342863,139.95000000000002,71.60999999999999,2.0541216879293422,4.833333333333333,3.0605010483034745,39.333333333333336
17461,23,3,735.82,7,0.42857142857142855,105.11714285714287,3.0,4.242640687119285,6.0,0.1907435698305462,245.27333333333334,192.1342929654499,382.56,25.7,0.7833476650489926,356.86,-205.93,0.4617053534086156,35.333333333333336,28.36077102854105,256.6666666666667
17462,60,2,675.69,224,0.008928571428571428,3.016473214285714,223.0,0.0,223.0,1.0,337.84499999999997,177.57572595937765,463.40999999999997,212.28,0.525613005844034,251.12999999999997,-251.12999999999997,0.45808247556159776,13.5,0.7071067811865476,113.5
17463,16,5,1875.86,297,0.016835016835016835,6.316026936026937,73.75,39.57587649060978,126.0,0.02464518542763762,375.172,201.33444705265913,691.46,198.31,0.5366457173047539,493.15000000000003,-146.13833333333338,0.6842675711976032,40.8,35.77289476684827,217.2
17464,158,1,289.96000000000004,1,1.0,289.96000000000004,0.0,0.0,0.0,1.0,289.96000000000004,0.0,289.96000000000004,289.96000000000004,0.0,0.0,0.0,0.0,9.0,0.0,220.0
17466,10,2,763.28,69,0.028985507246376812,11.062028985507245,68.0,0.0,68.0,1.0,381.64,111.3976023081287,460.41,302.87,0.29189184128531787,157.54000000000002,-157.54000000000002,0.6578267196629091,20.5,3.5355339059327378,153.0
17468,10,2,137.0,5,0.4,27.4,4.0,0.0,4.0,1.0,68.5,54.44722215136416,107.0,30.0,0.7948499584140754,77.0,-77.0,0.2803738317757009,2.5,2.1213203435596424,58.0
17469,16,5,1870.97,189,0.026455026455026454,9.89931216931217,46.75,8.220908303425682,56.0,0.10844918603392764,374.194,68.290510907446,441.8,304.2,0.18250028302817792,137.60000000000002,1.9316666666667288,1.0051782451155167,17.6,3.3615472627943226,157.4
17470,45,5,1125.07,324,0.015432098765432098,3.472438271604938,80.25,37.07986875201511,119.0,0.026260594712451103,225.01399999999998,76.7298864849936,308.6,140.57999999999998,0.3410004999021999,168.02000000000004,-27.085000000000008,0.8877375499968914,15.6,4.505552130427524,335.0
17472,191,3,697.54,109,0.027522935779816515,6.399449541284404,53.5,60.10407640085654,96.0,0.016365520254978966,232.51333333333332,37.5715322196651,259.27,189.56,0.16158872130486468,69.70999999999998,-24.295000000000016,0.9023159503035664,56.333333333333336,5.507570547286101,151.66666666666666
17475,79,1,194.37,1,1.0,194.37,0.0,0.0,0.0,1.0,194.37,0.0,194.37,194.37,0.0,0.0,0.0,0.0,14.0,0.0,178.0
17480,78,1,511.82,1,1.0,511.82,0.0,0.0,0.0,1.0,511.82,0.0,511.82,511.82,0.0,0.0,0.0,0.0,29.0,0.0,338.0
17481,4,4,1255.59,91,0.04395604395604396,13.797692307692307,29.666666666666668,24.006943440041116,57.0,0.0399888935806045,313.8975,118.18706708011668,417.56,172.4,0.37651484029059384,245.16,-37.83499999999998,0.8863182248396256,20.5,5.196152422706632,265.25
17483,65,3,414.04,118,0.025423728813559324,3.508813559322034,58.0,14.142135623730951,68.0,0.06604088253131131,138.01333333333335,17.76498053287235,155.10000000000002,119.64,0.12871930634387269,35.46000000000002,-25.630000000000024,0.8347517730496452,7.0,1.0,63.666666666666664
17486,261,1,396.87,1,1.0,396.87,0.0,0.0,0.0,1.0,396.87,0.0,396.87,396.87,0.0,0.0,0.0,0.0,24.0,0.0,191.0
17489,59,2,376.64,154,0.012987012987012988,2.4457142857142857,153.0,0.0,153.0,1.0,188.32,28.623682502431457,208.56,168.07999999999998,0.15199491558215514,40.48000000000002,-40.48000000000002,0.8059071729957805,14.5,2.1213203435596424,214.0
17490,1,7,2092.32,176,0.03977272727272727,11.888181818181819,28.833333333333332,39.72111109557066,95.0,0.024557286702051026,298.90285714285716,138.86794227061978,488.4,40.4,0.4645922210246704,448.0,-68.71166666666664,0.7968112370625925,10.857142857142858,5.756983337031396,162.0
17491,1,10,3558.87,367,0.027247956403269755,9.697193460490462,40.111111111111114,20.630344425411593,76.0,0.04623134890192446,355.887,112.59215396484983,556.94,135.0,0.31637051638539715,421.94000000000005,47.64999999999998,1.1434972986972312,10.9,5.300943312279429,201.3
17492,248,1,374.57,1,1.0,374.57,0.0,0.0,0.0,1.0,374.57,0.0,374.57,374.57,0.0,0.0,0.0,0.0,12.0,0.0,155.0
17495,8,2,497.56,32,0.0625,15.548750000000002,31.0,0.0,31.0,1.0,248.78000000000003,132.66737428622008,342.59000000000003,154.97,0.5332718638404215,187.62000000000003,-187.62000000000003,0.45234828804109867,13.5,9.192388155425117,114.5
17496,359,1,271.05,1,1.0,271.05,0.0,0.0,0.0,1.0,271.05,0.0,271.05,271.05,0.0,0.0,0.0,0.0,10.0,0.0,79.0
17498,76,1,272.22,1,1.0,272.21999999999997,0.0,0.0,0.0,1.0,272.21999999999997,0.0,272.21999999999997,272.21999999999997,0.0,0.0,0.0,0.0,17.0,0.0,394.0
17499,290,1,622.88,1,1.0,622.88,0.0,0.0,0.0,1.0,622.88,0.0,622.88,622.88,0.0,0.0,0.0,0.0,40.0,0.0,711.0
17500,17,3,1138.0,13,0.23076923076923078,87.53846153846153,6.0,0.0,6.0,1.0,379.3333333333333,116.10914405563989,510.0,288.0,0.30608737448762713,222.0,137.0,1.4756944444444444,1.6666666666666667,1.1547005383792517,5.666666666666667
17501,221,2,288.6,1,2.0,288.6,0.0,0.0,0.0,1.0,144.3,147.00749980868324,248.25,40.35,1.0187629924371673,207.9,-207.9,0.16253776435045317,9.0,8.48528137423857,80.0
17502,9,4,689.1,20,0.2,34.455,6.0,4.58257569495584,10.0,0.179128784747792,172.275,117.27049572107498,300.5,30.0,0.6807168522482947,270.5,-14.050000000000011,0.9216397099832682,7.0,5.354126134736337,94.0
17503,3,2,558.96,36,0.05555555555555555,15.526666666666667,35.0,0.0,35.0,1.0,279.48,86.19631662664015,340.43,218.53,0.3084167619387439,121.9,-121.9,0.6419234497547219,19.0,5.656854249492381,243.0
17504,206,9,2997.03,117,0.07692307692307693,25.61564102564103,14.375,18.753571088500145,50.0,0.050623757877489094,333.00333333333333,260.72122707980645,859.01,9.9,0.7829387906421551,849.11,-254.77949999999998,0.4631106475115769,14.11111111111111,14.26047373375482,184.88888888888889
17505,162,2,1145.84,45,0.044444444444444446,25.463111111111115,44.0,0.0,44.0,1.0,572.9200000000001,121.52337141472003,658.85,486.99,0.21211228690693293,171.86,171.86,1.3529025236657837,26.0,0.0,278.0
17506,76,1,302.2,1,1.0,302.2,0.0,0.0,0.0,1.0,302.2,0.0,302.2,302.2,0.0,0.0,0.0,0.0,14.0,0.0,139.0
17507,262,2,605.58,48,0.041666666666666664,12.616249999999999,47.0,0.0,47.0,1.0,302.78999999999996,53.41484625083179,340.56,265.02,0.17640888487344958,75.54000000000002,-75.54000000000002,0.7781888653981677,43.5,0.7071067811865476,179.5
17508,281,1,387.31,1,1.0,387.31,0.0,0.0,0.0,1.0,387.31,0.0,387.31,387.31,0.0,0.0,0.0,0.0,22.0,0.0,289.0
17509,58,8,6083.64,6,1.3333333333333333,1013.9399999999999,0.7142857142857143,1.2535663410560174,3.0,0.44374109684803054,760.4549999999999,212.5914282642378,898.14,313.56,0.2795581964274518,584.5799999999999,138.64499999999998,1.2006055278835823,45.5,11.58817130895614,439.0
17510,25,1,308.48,1,1.0,308.48,0.0,0.0,0.0,1.0,308.48,0.0,308.48,308.48,0.0,0.0,0.0,0.0,20.0,0.0,214.0
17511,3,31,91062.38,371,0.08355795148247978,245.4511590296496,11.866666666666667,8.016075802059747,28.0,0.11091299828818511,2937.496129032258,1697.9275395388686,7059.54,31.0,0.5780186474997131,7028.54,1073.6387499999996,1.450472756948174,31.06451612903226,17.947953428122787,2082.2258064516127
17512,29,10,2924.99,273,0.03663003663003663,10.714249084249085,30.0,20.73041244162788,70.0,0.04601845467435074,292.499,194.49838990764596,581.41,77.5,0.6649540337151442,503.90999999999997,107.95000000000007,1.4525750029347155,10.5,8.488554385497896,275.3
17513,72,1,513.2,1,1.0,513.2,0.0,0.0,0.0,1.0,513.2,0.0,513.2,513.2,0.0,0.0,0.0,0.0,6.0,0.0,254.0
17514,128,1,208.65,1,1.0,208.65,0.0,0.0,0.0,1.0,208.65,0.0,208.65,208.65,0.0,0.0,0.0,0.0,40.0,0.0,135.0
17515,31,4,639.02,287,0.013937282229965157,2.2265505226480835,95.33333333333333,69.21223398600375,175.0,0.014242532151866041,159.755,72.4044632602162,231.48,67.65,0.4532218913975538,163.82999999999998,-112.66999999999997,0.4785968809292425,21.5,9.110433579144297,60.75
17516,15,5,764.88,271,0.01845018450184502,2.8224354243542433,67.5,47.67598976424087,104.0,0.02054400957933137,152.97599999999997,111.08945147942714,318.03,6.6,0.7261887582328415,311.42999999999995,-15.564999999999998,0.9041062132273665,26.6,21.1730961363708,82.8
17517,309,1,153.94,1,1.0,153.94,0.0,0.0,0.0,1.0,153.94,0.0,153.94,153.94,0.0,0.0,0.0,0.0,11.0,0.0,102.0
17519,17,6,1844.02,352,0.017045454545454544,5.238693181818181,69.6,38.72079544637481,116.0,0.02517572945763519,307.33666666666664,55.14898971573883,356.02,200.5,0.17944162118330223,155.51999999999998,-22.393333333333317,0.9296986186688991,13.666666666666666,3.6696957185394363,206.0
17520,54,1,546.81,1,1.0,546.81,0.0,0.0,0.0,1.0,546.81,0.0,546.81,546.81,0.0,0.0,0.0,0.0,30.0,0.0,365.0
17521,30,3,723.21,170,0.01764705882352941,4.254176470588235,84.0,69.29646455628166,133.0,0.014225466477042627,241.07000000000002,90.33229378245633,338.19,159.56,0.3747139576988274,178.63,122.26499999999999,1.7662634745550263,15.0,7.54983443527075,173.0
17522,2,5,1070.71,217,0.02304147465437788,4.934147465437788,53.75,57.151115474678186,137.0,0.01719657468024751,214.142,183.00550762203852,539.12,100.97999999999999,0.8545988532003929,438.14,149.88666666666666,2.2067198024850385,14.0,16.416455159382004,206.8
17523,11,4,652.74,8,0.5,81.5925,2.3333333333333335,2.0816659994661326,4.0,0.32449979983983984,163.185,92.72746680460975,277.98,60.48,0.5682352348843934,217.50000000000003,77.16000000000003,1.619236788250873,8.0,9.201449161228174,218.0
17524,361,1,145.0,1,1.0,145.0,0.0,0.0,0.0,1.0,145.0,0.0,145.0,145.0,0.0,0.0,0.0,0.0,6.0,0.0,90.0
17525,360,1,422.7,1,1.0,422.7,0.0,0.0,0.0,1.0,422.7,0.0,422.7,422.7,0.0,0.0,0.0,0.0,9.0,0.0,82.0
17526,5,4,1195.9,361,0.0110803324099723,3.3127423822714683,119.66666666666667,147.669676417785,286.0,0.006726321224980969,298.975,258.6094400829173,634.1999999999999,11.8,0.8649868386417502,622.4,359.34999999999997,4.012154233025985,4.75,3.304037933599835,77.5
17527,54,4,939.37,165,0.024242424242424242,5.6931515151515155,54.333333333333336,46.47938611183815,108.0,0.021061771894954378,234.8425,80.55158900770776,314.51,151.15,0.34300260390562937,163.35999999999999,-136.935,0.5485312056971415,11.75,5.188127472091127,122.0
17528,1,8,3628.5,71,0.11267605633802817,51.105633802816904,9.571428571428571,5.349677337844557,16.0,0.1574883174047167,453.5625,174.64044963867906,779.36,200.5,0.38504164175538996,578.86,-153.76500000000004,0.7101207476741226,31.25,21.802686597232526,267.25
17530,1,10,2367.12,364,0.027472527472527472,6.5030769230769225,40.111111111111114,38.48195825463033,121.0,0.025328024348506648,236.712,139.2785550853636,428.15999999999997,15.0,0.588388231628999,413.15999999999997,26.076000000000022,1.11658038037501,38.0,25.914388967435745,151.4
17531,190,1,296.7,1,1.0,296.7,0.0,0.0,0.0,1.0,296.7,0.0,296.7,296.7,0.0,0.0,0.0,0.0,14.0,0.0,136.0
17534,54,1,223.36,1,1.0,223.36,0.0,0.0,0.0,1.0,223.36,0.0,223.36,223.36,0.0,0.0,0.0,0.0,9.0,0.0,103.0
17535,280,1,164.4,1,1.0,164.4,0.0,0.0,0.0,1.0,164.4,0.0,164.4,164.4,0.0,0.0,0.0,0.0,13.0,0.0,136.0
17536,177,1,76.5,1,1.0,76.5,0.0,0.0,0.0,1.0,76.5,0.0,76.5,76.5,0.0,0.0,0.0,0.0,3.0,0.0,6.0
17537,30,2,887.6700000000001,274,0.0072992700729927005,3.2396715328467156,273.0,0.0,273.0,1.0,443.83500000000004,250.1955923872361,620.75,266.92,0.5637130744245858,353.83,-353.83,0.4299959726137737,37.0,32.526911934581186,349.5
17538,26,1,98.42,1,1.0,98.42,0.0,0.0,0.0,1.0,98.42,0.0,98.42,98.42,0.0,0.0,0.0,0.0,9.0,0.0,134.0
17540,25,2,578.9,292,0.00684931506849315,1.9825342465753428,291.0,0.0,291.0,1.0,289.45000000000005,29.2035100630044,310.1,268.8,0.10089310783556538,41.30000000000001,41.30000000000001,1.1536458333333333,12.5,6.363961030678928,97.0
17542,270,1,170.75,1,1.0,170.75,0.0,0.0,0.0,1.0,170.75,0.0,170.75,170.75,0.0,0.0,0.0,0.0,24.0,0.0,134.0
17545,43,3,642.32,1,3.0,642.3199999999999,0.0,0.0,0.0,1.0,214.10666666666665,113.3202163487757,340.89,122.68,0.5292699107085675,218.20999999999998,-190.17499999999998,0.4421220921704949,46.666666666666664,34.19551627528576,112.33333333333333
17548,234,1,103.3,1,1.0,103.3,0.0,0.0,0.0,1.0,103.3,0.0,103.3,103.3,0.0,0.0,0.0,0.0,5.0,0.0,58.0
17549,24,2,148.86,28,0.07142857142857142,5.316428571428571,27.0,0.0,27.0,1.0,74.42999999999999,65.37909298850819,120.66,28.2,0.8783970574836517,92.46,92.46,4.278723404255319,3.0,1.4142135623730951,105.0
17550,197,3,267.16,46,0.06521739130434782,5.8078260869565215,22.5,31.81980515339464,45.0,0.030469406973202804,89.05333333333333,73.52429349088185,156.22,10.5,0.8256209031016827,145.72,-100.75,0.3550761746255281,14.0,12.288205727444508,28.666666666666668
17551,359,1,290.34,1,1.0,290.34,0.0,0.0,0.0,1.0,290.34,0.0,290.34,290.34,0.0,0.0,0.0,0.0,39.0,0.0,142.0
17552,60,4,930.41,312,0.01282051282051282,2.982083333333333,103.66666666666667,170.968808071336,301.0,0.00581500803090512,232.6025,278.85176735737815,615.39,16.5,1.198833922066092,598.89,166.685,2.116742596810934,12.25,15.819292019556375,179.75
17553,130,1,1487.6,1,1.0,1487.6,0.0,0.0,0.0,1.0,1487.6,0.0,1487.6,1487.6,0.0,0.0,0.0,0.0,2.0,0.0,1048.0
17554,1,5,1952.45,147,0.034013605442176874,13.281972789115647,36.25,21.02974084481309,63.0,0.04539318038484553,390.49,238.60356242101662,772.43,210.14000000000001,0.6110362939409886,562.29,-390.7583333333333,0.37473164305125517,17.4,17.84096409950987,352.6
17555,20,2,480.31,315,0.006349206349206349,1.5247936507936508,314.0,0.0,314.0,1.0,240.155,63.22241730588923,284.86,195.45,0.2632567188103068,89.41000000000003,89.41000000000003,1.4574571501662832,51.5,4.949747468305833,174.0
17556,206,1,157.9,1,1.0,157.9,0.0,0.0,0.0,1.0,157.9,0.0,157.9,157.9,0.0,0.0,0.0,0.0,6.0,0.0,101.0
17557,14,3,541.46,67,0.04477611940298507,8.081492537313434,33.0,5.656854249492381,37.0,0.15022110482233483,180.48666666666668,96.51712041567204,288.36,102.3,0.5347603908820894,186.06,-161.81,0.43886114578998475,11.333333333333334,7.571877794400365,102.0
17560,95,4,854.95,216,0.018518518518518517,3.9581018518518523,71.33333333333333,30.615900008546756,106.0,0.03162965469050918,213.7375,79.63491628467168,323.95,149.12,0.3725828003259684,174.82999999999998,-58.57499999999999,0.7589754140520523,6.5,4.509249752822894,158.75
17561,19,1,165.12,1,1.0,165.12,0.0,0.0,0.0,1.0,165.12,0.0,165.12,165.12,0.0,0.0,0.0,0.0,44.0,0.0,144.0
17562,14,7,1122.38,160,0.04375,7.014875000000001,26.0,11.15347479487895,36.0,0.08228099509626376,160.34,69.21136611857911,300.1,103.8,0.4316537739714301,196.3,-31.721666666666692,0.8222543892416884,9.0,5.507570547286102,116.71428571428571
17564,24,3,454.01,56,0.05357142857142857,8.107321428571428,27.5,10.606601717798213,35.0,0.08615786293989429,151.33666666666667,51.34662825671549,210.55,119.12,0.3392874270834265,91.43,48.32499999999999,1.4056833445265278,16.333333333333332,4.509249752822894,48.666666666666664
17566,8,2,869.77,18,0.1111111111111111,48.32055555555556,17.0,0.0,17.0,1.0,434.885,56.66046637647805,474.95,394.82,0.13028838975011336,80.13,80.13,1.2029532445164886,64.0,8.48528137423857,248.5
17567,7,8,4331.48,366,0.02185792349726776,11.834644808743167,51.714285714285715,23.528098702858006,84.0,0.04076956849017736,541.435,192.32804082014218,988.03,395.78999999999996,0.35521907675001096,592.24,145.88500000000005,1.3113923915537602,20.625,9.545941546018392,329.0
17569,332,1,344.14,1,1.0,344.14,0.0,0.0,0.0,1.0,344.14,0.0,344.14,344.14,0.0,0.0,0.0,0.0,29.0,0.0,159.0
17571,50,4,1425.67,249,0.01606425702811245,5.72558232931727,82.33333333333333,57.06429122781894,132.0,0.01722228892929109,356.4175,350.3171561480634,866.12,75.6,0.9828842751774629,790.52,354.53499999999997,2.9789840915433996,63.25,80.23039739815992,219.0
17572,71,4,226.75000000000003,303,0.013201320132013201,0.7483498349834985,100.0,62.385895841928885,138.0,0.015776380324319942,56.68750000000001,23.442922706010872,81.4,30.750000000000004,0.4135465967984277,50.650000000000006,-38.825,0.48981603153745074,3.0,1.1547005383792515,23.75
17573,29,3,380.6,65,0.046153846153846156,5.855384615384616,31.5,33.23401871576773,55.0,0.02921071020912346,126.86666666666667,104.05040333094983,198.39000000000001,7.5,0.8201555701336035,190.89000000000001,-71.765,0.589233587087173,8.333333333333334,6.429100507328636,102.66666666666667
17574,243,1,185.65,1,1.0,185.65,0.0,0.0,0.0,1.0,185.65,0.0,185.65,185.65,0.0,0.0,0.0,0.0,8.0,0.0,77.0
17576,8,19,3564.83,358,0.05307262569832402,9.957625698324023,19.5,11.653073313382132,37.0,0.07903218255618427,187.62263157894736,97.21505489503986,385.75,15.0,0.518141410110933,370.75,60.38277777777779,1.3874609647934522,20.894736842105264,10.354251605779604,103.52631578947368
17578,218,1,143.45999999999998,1,1.0,143.45999999999998,0.0,0.0,0.0,1.0,143.45999999999998,0.0,143.45999999999998,143.45999999999998,0.0,0.0,0.0,0.0,5.0,0.0,138.0
17579,5,3,448.9,175,0.017142857142857144,2.565142857142857,87.0,65.05382386916237,133.0,0.01513916895985875,149.63333333333333,38.01374005979065,178.04,106.45000000000002,0.25404593490615274,71.58999999999997,-22.164999999999992,0.8651845994769175,16.0,13.228756555322953,86.0
17580,253,3,215.72,106,0.02830188679245283,2.0350943396226415,52.0,9.899494936611665,59.0,0.09174737048053264,71.90666666666667,42.665414955597626,121.17,46.85,0.5933443578100912,74.32,37.585,1.8022411953041622,15.0,22.538855339169288,29.333333333333332
17581,1,25,11025.24,372,0.06720430107526881,29.63774193548387,15.291666666666666,21.714509608467605,67.0,0.044024723282038894,441.0096,425.02322992867107,1351.22,29.88,0.9637505168338084,1321.34,107.30211538461532,1.2785530463954708,17.56,15.994999218505765,236.6
17582,236,1,175.27,1,1.0,175.27,0.0,0.0,0.0,1.0,175.27,0.0,175.27,175.27,0.0,0.0,0.0,0.0,28.0,0.0,123.0
17584,7,2,1242.3,121,0.01652892561983471,10.266942148760332,120.0,0.0,120.0,1.0,621.1500000000001,181.44360005246816,749.45,492.85,0.29210915246312186,256.6,-256.6,0.6576155847621589,17.5,2.1213203435596424,229.0
17585,109,4,1116.68,229,0.017467248908296942,4.876331877729257,76.0,15.524174696260024,92.0,0.06051739456775009,279.16999999999996,130.70077097451772,417.81,103.72,0.4681762760128873,314.09000000000003,36.81,1.141161582267559,50.75,20.02290355234891,412.5
17588,100,3,1240.2,133,0.022556390977443608,9.324812030075188,65.5,7.7781745930520225,71.0,0.11391890072356342,413.40000000000003,117.30201021295416,537.96,305.04,0.28374941996360464,232.92000000000002,24.299999999999955,1.061178247734139,7.666666666666667,4.932882862316247,225.33333333333334
17589,60,4,2404.17,181,0.022099447513812154,13.282707182320442,59.666666666666664,27.610384519838426,90.0,0.034952343940243116,601.0425,31.739568758885156,631.65,561.1,0.05280752818458787,70.54999999999995,-9.335000000000036,0.9845883343514222,62.75,8.958236433584458,407.75
17590,2,3,1468.02,38,0.07894736842105263,38.6321052631579,18.5,6.363961030678928,23.0,0.13579648178933995,489.34,267.4348393534395,797.71,320.93,0.5465215174591072,476.78000000000003,209.94000000000005,1.6008930104757,63.333333333333336,52.624455658309024,274.0
17591,73,7,2203.67,294,0.023809523809523808,7.49547619047619,48.5,21.295539439046856,80.0,0.04485202085977205,314.81,103.30024088387533,455.82000000000005,151.68,0.3281351954635346,304.14000000000004,57.76166666666671,1.2049715522645819,21.428571428571427,20.85551200408134,142.85714285714286
17593,4,5,3923.86,350,0.014285714285714285,11.211028571428573,86.75,71.60714582591135,186.0,0.013772749067945452,784.772,134.24819596553243,985.62,662.9,0.1710664957026148,322.72,47.73666666666679,1.0631328827935234,41.4,15.533834040570925,617.8
17594,85,2,993.18,170,0.011764705882352941,5.842235294117647,169.0,0.0,169.0,1.0,496.59000000000003,256.8070407913304,678.1800000000001,315.0,0.5171409830873163,363.18000000000006,363.18000000000006,2.152952380952381,25.0,15.556349186104045,275.0
17595,12,2,386.69,25,0.08,15.4676,24.0,0.0,24.0,1.0,193.345,53.09664819929784,230.89,155.8,0.2746212635408096,75.08999999999997,75.08999999999997,1.48196405648267,41.0,11.313708498984761,114.0
17596,23,7,2806.69,346,0.02023121387283237,8.111820809248554,57.0,37.239763694201926,119.0,0.026150789215039636,400.9557142857143,150.38853877619164,610.36,164.07999999999998,0.3750751851587961,446.28000000000003,-49.19999999999999,0.8853333954832545,36.857142857142854,16.915757657960732,625.1428571428571
17597,214,1,2044.37,1,1.0,2044.3700000000001,0.0,0.0,0.0,1.0,2044.3700000000001,0.0,2044.3700000000001,2044.3700000000001,0.0,0.0,0.0,0.0,55.0,0.0,1176.0
17600,18,1,161.67000000000002,1,1.0,161.67000000000002,0.0,0.0,0.0,1.0,161.67000000000002,0.0,161.67000000000002,161.67000000000002,0.0,0.0,0.0,0.0,13.0,0.0,144.0
17601,239,1,116.01,1,1.0,116.00999999999999,0.0,0.0,0.0,1.0,116.00999999999999,0.0,116.00999999999999,116.00999999999999,0.0,0.0,0.0,0.0,9.0,0.0,103.0
17602,2,6,5054.42,322,0.018633540372670808,15.69695652173913,63.6,76.39568050616475,199.0,0.012920617707086994,842.4033333333333,388.82950097268423,1224.64,142.5,0.4615716552712488,1082.14,262.0133333333333,1.36830835117773,88.83333333333333,41.96863908523443,686.0
17603,78,1,394.72,1,1.0,394.72,0.0,0.0,0.0,1.0,394.72,0.0,394.72,394.72,0.0,0.0,0.0,0.0,11.0,0.0,74.0
17604,217,2,309.36,95,0.021052631578947368,3.256421052631579,94.0,0.0,94.0,1.0,154.68,26.07809809015987,173.12,136.24,0.16859385887095854,36.879999999999995,36.879999999999995,1.270698766881973,31.5,6.363961030678928,84.5
17608,33,2,191.99,1,2.0,191.99,0.0,0.0,0.0,1.0,95.995,127.55499225824131,186.19,5.8,1.3287670426401512,180.39,-180.39,0.031150974810677266,27.0,36.76955262170047,114.5
17609,41,5,1105.78,287,0.017421602787456445,3.8528919860627178,71.25,105.39884566097803,228.0,0.009398598206472384,221.156,160.1499986887293,423.6,29.97,0.7241494632238298,393.63,-74.11500000000001,0.7209788235294118,44.4,36.184250717681024,143.8
17611,7,15,3961.12,354,0.0423728813559322,11.189604519774011,24.785714285714285,17.12927575562049,51.0,0.055159401482984066,264.07466666666664,99.63040477303149,487.58,114.88,0.37728119107612806,372.7,-71.03500000000003,0.7647536097496357,37.53333333333333,30.061524214437934,170.0
17612,53,6,2048.45,245,0.024489795918367346,8.361020408163265,48.6,26.04419321077157,83.0,0.036976514411297165,341.4083333333333,28.474242688202743,366.31,305.46,0.08340230717333422,60.85000000000002,-5.223333333333301,0.9848167742185533,22.5,6.090976933136424,301.3333333333333
17613,23,14,4544.55,283,0.04946996466431095,16.058480565371024,21.384615384615383,16.080725841508013,52.0,0.058545521383517075,324.6107142857143,214.02229396685564,789.84,7.800000000000001,0.6593198700720596,782.0400000000001,-68.61000000000001,0.8088409137043715,21.714285714285715,17.15283592353697,177.85714285714286
17614,57,1,386.32,1,1.0,386.32,0.0,0.0,0.0,1.0,386.32,0.0,386.32,386.32,0.0,0.0,0.0,0.0,97.0,0.0,235.0
17615,130,3,329.6,92,0.03260869565217391,3.582608695652174,45.5,38.890872965260115,73.0,0.025068390979331865,109.86666666666667,48.807794800967336,153.75,57.3,0.444245705105892,96.45,-65.825,0.571869918699187,4.666666666666667,1.5275252316519468,46.666666666666664
17616,174,3,571.1999999999999,195,0.015384615384615385,2.929230769230769,96.5,21.920310216782973,112.0,0.04362942693802497,190.39999999999998,124.64605890279886,326.4,81.6,0.6546536707079773,244.79999999999998,-204.0,0.375,1.0,0.0,74.66666666666667
17618,6,3,930.28,357,0.008403361344537815,2.6058263305322127,177.5,91.21677477306463,242.0,0.010844014036067629,310.0933333333333,34.06981264012664,346.5,278.98,0.10986954241774513,67.51999999999998,46.66999999999996,1.1672879776328051,22.0,16.46207763315433,106.33333333333333
17619,312,1,214.37,1,1.0,214.37,0.0,0.0,0.0,1.0,214.37,0.0,214.37,214.37,0.0,0.0,0.0,0.0,71.0,0.0,124.0
17620,60,1,81.44,1,1.0,81.44,0.0,0.0,0.0,1.0,81.44,0.0,81.44,81.44,0.0,0.0,0.0,0.0,4.0,0.0,60.0
17621,21,3,1379.9,334,0.008982035928143712,4.131437125748503,166.0,176.7766952966369,291.0,0.005625034250588399,459.9666666666667,212.0735196419707,662.38,239.4,0.46106280087391266,422.98,330.85,2.3819966583124477,8.666666666666666,4.041451884327381,171.33333333333334
17623,33,1,527.05,1,1.0,527.05,0.0,0.0,0.0,1.0,527.05,0.0,527.05,527.05,0.0,0.0,0.0,0.0,33.0,0.0,265.0
17624,15,2,843.48,204,0.00980392156862745,4.134705882352941,203.0,0.0,203.0,1.0,421.74,30.320738777279153,443.18,400.3,0.0718943870092454,42.879999999999995,42.879999999999995,1.1071196602548088,25.0,0.0,277.0
17625,18,4,2020.4,240,0.016666666666666666,8.418333333333333,79.33333333333333,42.665364563464514,117.0,0.022901446260607097,505.1,138.71577631978275,685.1,381.92,0.27463032334148235,303.18,-216.93000000000006,0.6464433271128568,73.5,23.55843797877949,295.0
17628,81,1,75.75,1,1.0,75.75,0.0,0.0,0.0,1.0,75.75,0.0,75.75,75.75,0.0,0.0,0.0,0.0,5.0,0.0,79.0
17629,6,8,1814.12,355,0.022535211267605635,5.110197183098591,50.142857142857146,29.435967632748042,109.0,0.03285586356466074,226.765,177.3525727390016,593.79,82.5,0.7820985281635244,511.28999999999996,95.96500000000003,1.5367695384056048,15.375,10.239105708717227,203.625
17630,170,2,503.6,63,0.031746031746031744,7.993650793650794,62.0,0.0,62.0,1.0,251.8,118.36967517062807,335.5,168.1,0.4700940237117874,167.4,-167.4,0.5010432190760059,13.0,8.48528137423857,79.0
17631,2,3,528.33,231,0.012987012987012988,2.2871428571428574,115.0,28.284271247461902,135.0,0.03414802408943918,176.11,109.50538251611196,302.55,111.83,0.6218010477321672,190.72000000000003,-189.66000000000003,0.3731284085275161,13.0,7.0,111.33333333333333
17633,31,4,1324.84,89,0.0449438202247191,14.885842696629215,29.333333333333332,11.590225767142474,40.0,0.07942669325356855,331.21000000000004,17.981674004385667,355.89,315.72,0.05429085475796523,40.16999999999996,13.810000000000002,1.0425833705924978,17.5,3.3166247903554,161.0
17634,36,9,2358.59,302,0.029801324503311258,7.809900662251656,37.125,28.627846084338433,90.0,0.03375203169185524,262.0655555555556,221.53244576760707,785.65,105.99000000000001,0.8453321738447391,679.66,-236.69,0.39859233661957516,32.888888888888886,19.630616676791156,93.11111111111111
17636,19,1,285.56,1,1.0,285.56,0.0,0.0,0.0,1.0,285.56,0.0,285.56,285.56,0.0,0.0,0.0,0.0,20.0,0.0,182.0
17637,31,2,547.0600000000001,84,0.023809523809523808,6.512619047619047,83.0,0.0,83.0,1.0,273.53,92.51785125044783,338.95,208.11,0.3382365782563077,130.83999999999997,-130.83999999999997,0.6139843634754389,17.5,9.192388155425117,140.0
17639,276,1,108.5,1,1.0,108.5,0.0,0.0,0.0,1.0,108.5,0.0,108.5,108.5,0.0,0.0,0.0,0.0,7.0,0.0,49.0
17640,87,1,621.66,1,1.0,621.66,0.0,0.0,0.0,1.0,621.66,0.0,621.66,621.66,0.0,0.0,0.0,0.0,5.0,0.0,250.0
17642,120,2,712.29,57,0.03508771929824561,12.496315789473684,56.0,0.0,56.0,1.0,356.145,55.373532034718515,395.3,316.99,0.15548030166005003,78.31,-78.31,0.8018972931950418,20.0,8.48528137423857,237.0
17643,373,1,101.55,1,1.0,101.55,0.0,0.0,0.0,1.0,101.55,0.0,101.55,101.55,0.0,0.0,0.0,0.0,8.0,0.0,71.0
17644,1,11,2895.64,260,0.04230769230769231,11.137076923076924,25.5,19.85642912957357,57.0,0.04794684621165761,263.24,167.75175563909906,507.04,32.55,0.6372578469803185,474.49,16.510999999999996,1.0649441066104455,14.272727272727273,10.179301637056534,163.0
17646,219,3,1008.39,146,0.02054794520547945,6.906780821917809,72.5,14.849242404917497,83.0,0.06309449842787015,336.13000000000005,80.71017098234896,411.54,251.0,0.24011594020869587,160.54000000000002,127.69500000000005,1.508745019920319,17.0,7.54983443527075,107.66666666666667
17647,65,1,133.06,1,1.0,133.06,0.0,0.0,0.0,1.0,133.06,0.0,133.06,133.06,0.0,0.0,0.0,0.0,7.0,0.0,30.0
17648,61,4,1797.5,189,0.021164021164021163,9.510582010582011,62.666666666666664,65.68358496103372,131.0,0.014996194349544134,449.375,280.8022061285606,690.11,49.5,0.6248727813709276,640.61,-159.13999999999993,0.6991369613097771,22.75,13.985111130532118,121.75
17649,138,1,868.49,1,1.0,868.49,0.0,0.0,0.0,1.0,868.49,0.0,868.49,868.49,0.0,0.0,0.0,0.0,52.0,0.0,399.0
17650,21,1,166.07999999999998,1,1.0,166.07999999999998,0.0,0.0,0.0,1.0,166.07999999999998,0.0,166.07999999999998,166.07999999999998,0.0,0.0,0.0,0.0,8.0,0.0,150.0
17651,12,10,3945.0,166,0.060240963855421686,23.765060240963855,17.88888888888889,22.44685080609552,76.0,0.04264965083242771,394.5,231.39865643516603,915.49,65.4,0.5865618667558075,850.09,68.65599999999995,1.1906200370933886,23.2,15.281070352272812,311.2
17652,25,12,4867.72,256,0.046875,19.01453125,22.818181818181817,18.610847276887647,60.0,0.05099218742978787,405.6433333333334,197.89541394536172,811.36,165.32000000000002,0.4878557039731826,646.04,-93.23666666666657,0.7938435345320005,21.583333333333332,12.47148262188096,209.08333333333334
17653,37,4,1207.56,84,0.047619047619047616,14.375714285714285,27.333333333333332,30.6648550189518,61.0,0.03158075410108424,301.89,187.88224290762554,569.82,163.24,0.6223533171275152,406.58000000000004,260.44,2.5170967554028074,11.0,14.719601443879744,352.25
17654,277,1,117.55,1,1.0,117.55,0.0,0.0,0.0,1.0,117.55,0.0,117.55,117.55,0.0,0.0,0.0,0.0,22.0,0.0,41.0
17655,11,7,2638.94,356,0.019662921348314606,7.412752808988764,58.666666666666664,28.890598240027266,93.0,0.03345533575373123,376.99142857142857,142.71544583874717,676.1,287.87,0.37856416624524625,388.23,-96.67333333333335,0.7763399398473046,13.0,2.160246899469287,159.42857142857142
17656,73,5,1674.69,56,0.08928571428571429,29.90517857142857,13.5,4.123105625617661,18.0,0.1951941016011038,334.938,176.1751654462115,614.64,132.4,0.5259933642829763,482.24,50.954999999999984,1.1674141244886895,16.4,11.92895636675732,279.8
17658,26,2,595.42,186,0.010752688172043012,3.201182795698925,185.0,0.0,185.0,1.0,297.71000000000004,28.1287077556009,317.6,277.82,0.09448358387558663,39.78000000000003,-39.78000000000003,0.8747481108312342,9.5,0.7071067811865476,308.0
17659,17,12,2999.46,355,0.03380281690140845,8.449183098591549,31.727272727272727,27.561171633625843,98.0,0.035012569261082864,249.955,204.93361827674832,599.78,14.85,0.819882051876331,584.93,118.95333333333335,1.624497974397788,13.166666666666666,11.027513799858092,127.08333333333333
17660,141,1,178.75,1,1.0,178.75,0.0,0.0,0.0,1.0,178.75,0.0,178.75,178.75,0.0,0.0,0.0,0.0,37.0,0.0,121.0
17663,26,7,1802.91,262,0.026717557251908396,6.881335877862596,43.0,19.452506265260524,70.0,0.048893763288978605,257.55857142857144,63.05273201286138,371.39,188.87,0.24480929391374479,182.51999999999998,-10.57833333333329,0.9598702596072383,12.285714285714286,3.903600291794133,113.85714285714286
17664,19,2,604.64,194,0.010309278350515464,3.116701030927835,193.0,0.0,193.0,1.0,302.32,33.75727773384578,326.19,278.45,0.1116607493180927,47.74000000000001,-47.74000000000001,0.8536435819614335,21.5,2.1213203435596424,302.0
17666,4,2,728.16,62,0.03225806451612903,11.74451612903226,61.0,0.0,61.0,1.0,364.08000000000004,63.63961030678926,409.08,319.08000000000004,0.17479567761697773,89.99999999999994,-89.99999999999994,0.7799941331768848,9.0,4.242640687119285,298.0
17667,66,5,2055.51,233,0.02145922746781116,8.821931330472104,57.75,43.41562698691183,95.0,0.022514598303310564,411.10200000000003,317.27667755446504,928.05,62.120000000000005,0.7717711846560343,865.93,-393.62166666666667,0.3918787738338934,23.2,18.253766734567414,206.6
17668,1,2,347.75,37,0.05405405405405406,9.39864864864865,36.0,0.0,36.0,1.0,173.875,17.005918087536443,185.89999999999998,161.85,0.09780542393982139,24.049999999999983,24.049999999999983,1.14859437751004,7.5,0.7071067811865476,46.5
17669,43,7,3406.7200000000003,207,0.033816425120772944,16.457584541062804,33.833333333333336,13.58553151947566,47.0,0.06856109416819862,486.67428571428576,175.42986051953858,761.5,212.0,0.3604666728221779,549.5,-88.07,0.8359962756052142,9.714285714285714,6.369570517030843,273.7142857142857
17670,228,1,205.7,1,1.0,205.7,0.0,0.0,0.0,1.0,205.7,0.0,205.7,205.7,0.0,0.0,0.0,0.0,11.0,0.0,110.0
17671,16,4,1572.71,350,0.011428571428571429,4.493457142857143,116.33333333333333,55.175477644813675,154.0,0.017801361767189595,393.1775,66.2787217614623,474.16,311.82,0.1685720107622188,162.34000000000003,-0.375,0.9990466869192735,13.25,3.8622100754188224,193.0
17672,50,2,3178.17,260,0.007692307692307693,12.22373076923077,259.0,0.0,259.0,1.0,1589.085,581.5882564581234,2000.33,1177.84,0.36598939418478144,822.49,822.49,1.6983036745228555,55.0,19.79898987322333,845.0
17673,2,6,1594.97,319,0.018808777429467086,4.999905956112853,63.4,27.09797040370367,95.0,0.03558975917592209,265.8283333333333,114.50231568255145,402.41999999999996,112.47,0.430737815818046,289.94999999999993,-157.07666666666663,0.5438679701868164,35.666666666666664,11.826523862347157,243.66666666666666
17674,74,2,551.04,295,0.006779661016949152,1.8679322033898305,294.0,0.0,294.0,1.0,275.52,35.55332895805961,300.66,250.38,0.12904082809980985,50.28000000000003,-50.28000000000003,0.8327679105966872,13.5,3.5355339059327378,336.0
17675,1,31,20374.28,367,0.08446866485013624,55.515749318801085,11.733333333333333,8.262642698786879,31.0,0.10796054997684076,657.2348387096774,323.38145798082866,1532.76,25.200000000000003,0.49203334779956337,1507.56,138.73825,1.2369050830902895,22.741935483870968,14.468281957291923,269.6774193548387
17676,4,6,1371.18,363,0.01652892561983471,3.7773553719008266,71.8,93.72406307880597,235.0,0.010556979583614852,228.53,118.80730465758408,347.6,16.5,0.5198761854355406,331.1,123.82,1.743128075861241,12.833333333333334,6.493586579592719,153.66666666666666
17677,2,30,16345.38,368,0.08152173913043478,44.41679347826087,12.379310344827585,15.015263170481488,48.0,0.06244043506216923,544.846,545.5869508665526,1798.33,16.95,1.0013599271474005,1781.3799999999999,-110.71866666666654,0.8155320179316413,10.1,9.378441896914065,325.73333333333335
17678,264,1,298.11,1,1.0,298.11,0.0,0.0,0.0,1.0,298.11,0.0,298.11,298.11,0.0,0.0,0.0,0.0,16.0,0.0,207.0
17679,53,2,1992.11,33,0.06060606060606061,60.366969696969704,32.0,0.0,32.0,1.0,996.0550000000001,915.2012358219365,1643.2,348.91,0.9188260044093313,1294.29,-1294.29,0.2123356864654333,15.0,15.556349186104045,364.5
17680,24,1,184.4,1,1.0,184.4,0.0,0.0,0.0,1.0,184.4,0.0,184.4,184.4,0.0,0.0,0.0,0.0,11.0,0.0,96.0
17682,10,6,2474.33,359,0.016713091922005572,6.892284122562674,71.2,39.30267166491357,120.0,0.02481225086798832,412.3883333333333,84.4489086765878,574.98,350.12,0.20478006250561842,224.86,86.50333333333344,1.2343395851581622,19.666666666666668,4.718756898449703,227.83333333333334
17684,44,1,239.41,1,1.0,239.41,0.0,0.0,0.0,1.0,239.41,0.0,239.41,239.41,0.0,0.0,0.0,0.0,15.0,0.0,145.0
17685,17,7,3155.83,356,0.019662921348314606,8.864691011235955,58.833333333333336,61.9044963364267,178.0,0.015897114804827084,450.8328571428571,380.45967787727017,1250.71,10.5,0.8439040585649072,1240.21,307.9875,2.1206065347111047,17.857142857142858,16.737468659951453,272.42857142857144
17686,7,7,5739.46,296,0.02364864864864865,19.390067567567566,48.833333333333336,42.86451523890906,102.0,0.022797470678827245,819.9228571428572,598.5116676310297,1592.61,12.64,0.7299609498833004,1579.9699999999998,-110.84583333333319,0.8745042059936826,40.857142857142854,29.214314821268538,354.0
17690,30,15,4726.8,343,0.043731778425655975,13.780758017492712,24.0,25.693459209570165,84.0,0.03746236080340906,315.12,258.1080790233867,882.75,71.4,0.8190786970785311,811.35,61.3232142857143,1.2171392078506753,16.666666666666668,14.568393708233426,117.93333333333334
17691,358,2,290.40000000000003,11,0.18181818181818182,26.4,10.0,0.0,10.0,1.0,145.2,3.8183766184073704,147.9,142.5,0.02629735963090476,5.400000000000006,5.400000000000006,1.0378947368421052,9.5,0.7071067811865476,67.0
17692,127,4,740.94,233,0.017167381974248927,3.1799999999999997,76.66666666666667,23.028967265887832,99.0,0.041616436900291875,185.23499999999999,108.5751615241718,343.26,110.7,0.5861481983651675,232.56,-83.48999999999998,0.6321702352630189,11.5,9.0,168.0
17693,137,1,200.47,1,1.0,200.47,0.0,0.0,0.0,1.0,200.47,0.0,200.47,200.47,0.0,0.0,0.0,0.0,16.0,0.0,231.0
17694,142,1,283.12,1,1.0,283.12,0.0,0.0,0.0,1.0,283.12,0.0,283.12,283.12,0.0,0.0,0.0,0.0,15.0,0.0,184.0
17695,132,2,765.34,40,0.05,19.1335,39.0,0.0,39.0,1.0,382.67,41.11118825818586,411.74,353.6,0.10743248297014624,58.139999999999986,58.139999999999986,1.1644230769230768,17.5,0.7071067811865476,389.5
17696,38,8,2285.71,327,0.024464831804281346,6.989938837920489,46.142857142857146,35.90927722018629,91.0,0.02709345929573185,285.71375,134.39893058008843,402.08000000000004,17.700000000000003,0.4703971390249452,384.38000000000005,152.63249999999996,1.728912713857615,14.375,8.584662402880417,219.5
17697,236,1,338.95,1,1.0,338.95,0.0,0.0,0.0,1.0,338.95,0.0,338.95,338.95,0.0,0.0,0.0,0.0,19.0,0.0,93.0
17698,261,1,154.95,1,1.0,154.95,0.0,0.0,0.0,1.0,154.95,0.0,154.95,154.95,0.0,0.0,0.0,0.0,8.0,0.0,93.0
17700,17,4,2534.64,265,0.01509433962264151,9.56467924528302,87.66666666666667,26.839026311200886,118.0,0.03592079654013098,633.6600000000001,149.70646278634734,852.8100000000001,522.96,0.23625676669877746,329.85,141.75,1.2518723846584396,35.5,9.0,316.5
17701,253,1,417.95,1,1.0,417.95,0.0,0.0,0.0,1.0,417.95,0.0,417.95,417.95,0.0,0.0,0.0,0.0,24.0,0.0,109.0
17702,30,4,1824.37,176,0.022727272727272728,10.365738636363636,58.0,18.33030277982336,78.0,0.05173224710395033,456.0925,95.36977906199287,563.64,335.33,0.20910183583810932,228.31,137.055,1.3536310038316153,18.5,8.504900548115382,338.25
17703,35,3,798.74,104,0.028846153846153848,7.680192307692308,51.5,31.81980515339464,74.0,0.030469406973202804,266.24666666666667,39.50644166883845,307.78000000000003,229.14,0.148382859261481,78.64000000000004,55.660000000000025,1.2429082656890984,18.333333333333332,1.1547005383792517,196.66666666666666
17704,169,2,885.19,72,0.027777777777777776,12.294305555555557,71.0,0.0,71.0,1.0,442.595,78.21308106704397,497.9,387.29,0.17671478680745142,110.60999999999996,110.60999999999996,1.2855999380309329,15.5,0.7071067811865476,171.5
17705,3,9,1823.52,299,0.030100334448160536,6.098729096989967,36.75,12.498571346929445,58.0,0.0740819138780544,202.61333333333334,102.19518139325356,413.6,107.0,0.5043852727358527,306.6,128.54400000000004,1.979756097560976,11.444444444444445,4.27525177946022,107.0
17706,4,17,10504.49,363,0.046831955922865015,28.937988980716252,22.3125,30.070403500230363,102.0,0.032184969853789824,617.9111764705882,766.1978698489245,2662.17,20.04,1.2399805975760572,2642.13,148.47833333333335,1.2753142161361999,22.470588235294116,24.287645128384778,229.35294117647058
17707,185,2,152.4,152,0.013157894736842105,1.0026315789473685,151.0,0.0,151.0,1.0,76.2,10.606601717798213,83.7,68.7,0.1391942482650684,15.0,-15.0,0.8207885304659498,2.5,0.7071067811865476,72.0
17708,188,2,263.33,138,0.014492753623188406,1.9081884057971013,137.0,0.0,137.0,1.0,131.665,35.09370955028835,156.48,106.85,0.26653787681075725,49.629999999999995,49.629999999999995,1.464482919981282,17.0,11.313708498984761,45.0
17709,170,1,137.45,1,1.0,137.45,0.0,0.0,0.0,1.0,137.45,0.0,137.45,137.45,0.0,0.0,0.0,0.0,7.0,0.0,17.0
17711,11,2,385.1,280,0.007142857142857143,1.375357142857143,279.0,0.0,279.0,1.0,192.55,39.569695475199225,220.53000000000003,164.57,0.2055034820836106,55.960000000000036,-55.960000000000036,0.7462476760531446,11.5,2.1213203435596424,123.0
17712,45,1,522.91,1,1.0,522.91,0.0,0.0,0.0,1.0,522.91,0.0,522.91,522.91,0.0,0.0,0.0,0.0,29.0,0.0,215.0
17714,321,1,153.0,1,1.0,153.0,0.0,0.0,0.0,1.0,153.0,0.0,153.0,153.0,0.0,0.0,0.0,0.0,10.0,0.0,92.0
17715,201,1,326.4,1,1.0,326.4,0.0,0.0,0.0,1.0,326.4,0.0,326.4,326.4,0.0,0.0,0.0,0.0,1.0,0.0,384.0
17716,23,11,5655.99,246,0.044715447154471545,22.991829268292683,24.2,24.98355014360004,72.0,0.038485887974253896,514.180909090909,332.1752198600776,1175.32,25.200000000000003,0.6460279134971693,1150.12,-519.037,0.34900011539059717,22.272727272727273,16.70383733811431,279.27272727272725
17718,232,1,139.35,1,1.0,139.35,0.0,0.0,0.0,1.0,139.35,0.0,139.35,139.35,0.0,0.0,0.0,0.0,6.0,0.0,83.0
17719,38,15,5396.04,218,0.06880733944954129,24.752477064220184,14.928571428571429,10.239172785955873,37.0,0.08897451965945123,359.736,117.56595430407806,658.38,233.51,0.3268117572444183,424.87,-39.07446428571427,0.8973280143241631,18.266666666666666,7.1360920344267935,164.4
17720,26,4,1195.94,342,0.011695906432748537,3.4969005847953216,113.33333333333333,28.0237994093116,142.0,0.03445448288480018,298.985,140.61487296868705,430.38,102.0,0.47030745010180125,328.38,65.58999999999997,1.2464029452646606,12.5,8.18535277187245,144.0
17722,96,4,2424.04,271,0.014760147601476014,8.94479704797048,89.66666666666667,47.08856903042747,135.0,0.020794962714886813,606.01,308.8042791154293,910.14,323.16,0.5095696096028602,586.98,-531.56,0.39026600442767184,28.75,11.84271928232701,398.75
17723,127,6,3276.4000000000005,88,0.06818181818181818,37.23181818181819,17.0,7.106335201775948,28.0,0.1233603071065848,546.0666666666667,189.83733738826686,830.0000000000001,331.80000000000007,0.34764498361909446,498.20000000000005,317.6000000000001,1.8201067309347565,1.6666666666666667,1.2110601416389966,132.0
17724,71,3,1033.0,68,0.04411764705882353,15.191176470588236,33.5,34.64823227814083,58.0,0.028051881849221198,344.3333333333333,92.18027627064984,418.7,241.20000000000002,0.26770651385474303,177.49999999999997,-43.150000000000034,0.884347359957116,13.333333333333334,4.932882862316247,100.0
17725,16,11,3439.08,251,0.043824701195219126,13.701513944223107,24.5,8.59263250310016,33.0,0.10424667052311433,312.64363636363635,15.515946811411323,337.71000000000004,278.67,0.049628218862464546,59.04000000000002,-6.193666666666729,0.9804011535061903,17.454545454545453,1.916436086262016,196.54545454545453
17727,15,1,1060.25,1,1.0,1060.25,0.0,0.0,0.0,1.0,1060.25,0.0,1060.25,1060.25,0.0,0.0,0.0,0.0,66.0,0.0,645.0
17728,4,3,2876.01,83,0.03614457831325301,34.65072289156627,41.0,29.698484809834994,62.0,0.03257489762750851,958.6700000000001,861.1686866113979,1943.13,345.03000000000003,0.8982952284012202,1598.1000000000001,920.46,3.6677680201721587,55.0,50.586559479766954,489.6666666666667
17730,3,13,5298.4800000000005,324,0.040123456790123455,16.353333333333335,26.5,11.658005443003145,48.0,0.07900138805460549,407.5753846153847,109.20324587784198,662.7,311.48,0.267933859599724,351.22,22.236904761904725,1.0562103414509665,16.76923076923077,6.2603760024704345,275.0769230769231
17731,79,4,1240.11,105,0.0380952380952381,11.810571428571428,34.333333333333336,29.838453936712828,54.0,0.03242704715522432,310.0275,31.886917249346425,352.90999999999997,276.37,0.10285189942616842,76.53999999999996,-42.514999999999986,0.8716663899663432,16.75,1.258305739211792,123.25
17732,373,1,303.97,1,1.0,303.97,0.0,0.0,0.0,1.0,303.97,0.0,303.97,303.97,0.0,0.0,0.0,0.0,18.0,0.0,93.0
17733,39,2,692.19,223,0.008968609865470852,3.1039910313901347,222.0,0.0,222.0,1.0,346.095,182.63861051267332,475.24,216.95000000000002,0.5277123636939953,258.28999999999996,258.28999999999996,2.1905508181608666,17.5,7.7781745930520225,231.5
17734,54,3,700.63,181,0.016574585635359115,3.8708839779005526,89.5,9.192388155425117,96.0,0.09811243299910322,233.54333333333332,169.40641083894474,427.23,112.98,0.7253746378499839,314.25,180.84499999999997,2.6006815365551423,14.333333333333334,8.386497083606084,140.66666666666666
17735,2,19,13110.02,366,0.05191256830601093,35.81972677595628,19.72222222222222,12.951518446319701,50.0,0.07167678585292571,690.001052631579,195.2394363025035,954.0,228.3,0.2829552731229675,725.7,66.95377777777787,1.102256629208907,36.31578947368421,10.472464591483853,444.1578947368421
17736,9,3,377.44,105,0.02857142857142857,3.5946666666666665,51.5,26.16295090390226,70.0,0.036814851359037684,125.81333333333333,157.41524396745484,307.49,30.0,1.2511809344594227,277.49,-272.515,0.11374353637516667,8.333333333333334,12.701705922171767,79.33333333333333
17737,9,2,168.24,50,0.04,3.3648000000000002,49.0,0.0,49.0,1.0,84.12,4.624478348960015,87.39,80.85000000000001,0.05497477828055177,6.539999999999992,-6.539999999999992,0.9251630621352558,5.0,1.4142135623730951,54.0
17738,19,4,1879.05,263,0.015209125475285171,7.144676806083651,87.33333333333333,75.65932416651192,133.0,0.01304472757714244,469.76250000000005,261.74244419212306,779.9200000000001,205.95000000000002,0.557180371341099,573.97,-426.015,0.37604903554637725,24.25,12.579745625409124,257.25
17739,12,7,2791.35,349,0.02005730659025788,7.9981375358166185,57.666666666666664,56.72624319190076,136.0,0.017323143594771544,398.7642857142857,72.25186799364724,542.16,322.53000000000003,0.18118941585810833,219.62999999999994,73.22166666666664,1.2051467635439916,6.714285714285714,1.9760470401187074,123.0
17742,113,2,355.11,220,0.00909090909090909,1.6141363636363637,219.0,0.0,219.0,1.0,177.555,176.79790850007248,302.57,52.54,0.9957360170092223,250.03,-250.03,0.1736457679214727,7.5,7.7781745930520225,44.5
17744,4,6,2322.4,355,0.016901408450704224,6.541971830985916,70.6,89.09994388325954,224.0,0.011098786046922264,387.06666666666666,171.452706793059,730.38,280.56,0.4429539445221986,449.82,101.86666666666662,1.3030543435144781,22.666666666666668,13.633292583476184,568.6666666666666
17746,240,1,110.25,1,1.0,110.25,0.0,0.0,0.0,1.0,110.25,0.0,110.25,110.25,0.0,0.0,0.0,0.0,6.0,0.0,29.0
17747,113,1,71.4,1,1.0,71.4,0.0,0.0,0.0,1.0,71.4,0.0,71.4,71.4,0.0,0.0,0.0,0.0,1.0,0.0,12.0
17749,178,2,674.52,79,0.02531645569620253,8.538227848101265,78.0,0.0,78.0,1.0,337.26,44.90128060534577,369.01,305.51,0.13313550556053422,63.5,-63.5,0.8279179426031815,17.5,6.363961030678928,160.0
17750,5,9,1710.45,159,0.05660377358490566,10.757547169811321,19.25,6.041522986797285,30.0,0.1420147320224588,190.05,72.09859377962931,305.61,103.24,0.37936644977442413,202.37,-113.65200000000004,0.5511197124688968,19.77777777777778,9.99722183631255,416.3333333333333
17752,359,1,80.64,1,1.0,80.64,0.0,0.0,0.0,1.0,80.64,0.0,80.64,80.64,0.0,0.0,0.0,0.0,1.0,0.0,192.0
17754,1,5,1664.65,260,0.019230769230769232,6.402500000000001,64.25,41.68432958958718,118.0,0.02342780148159922,332.93,125.70064041205202,523.46,191.63,0.3775587673446431,331.83000000000004,75.66666666666674,1.2631609455245252,17.2,9.257429448826494,363.2
17757,1,30,5593.39,371,0.08086253369272237,15.076522911051214,12.206896551724139,7.446856049678317,26.0,0.11838724303086509,186.44633333333334,64.23377693927904,365.33,115.35,0.3445161714413569,249.98,48.927333333333365,1.302052894548388,24.566666666666666,11.574893559749922,110.6
17758,19,8,3408.2,231,0.03463203463203463,14.754112554112554,32.57142857142857,26.999118151383776,73.0,0.035715410556620614,426.025,272.01522047751035,673.21,10.5,0.6384959109852951,662.71,135.425,1.3779522065236351,49.5,29.582813543387942,256.75
17759,17,3,819.96,153,0.0196078431372549,5.359215686274509,76.0,107.48023074035522,152.0,0.009218269477998028,273.32,334.3757402982459,652.81,21.95,1.2233855564841427,630.8599999999999,192.18,2.3235537190082645,28.0,33.645207682521445,232.33333333333334
17760,22,2,287.59,352,0.005681818181818182,0.8170170454545453,351.0,0.0,351.0,1.0,143.795,40.65156885041461,172.54,115.05,0.28270502347379683,57.489999999999995,-57.489999999999995,0.6668019010084618,12.5,4.949747468305833,119.5
17761,33,1,712.78,1,1.0,712.78,0.0,0.0,0.0,1.0,712.78,0.0,712.78,712.78,0.0,0.0,0.0,0.0,19.0,0.0,398.0
17763,263,1,15.0,1,1.0,15.0,0.0,0.0,0.0,1.0,15.0,0.0,15.0,15.0,0.0,0.0,0.0,0.0,1.0,0.0,12.0
17764,51,2,772.55,161,0.012422360248447204,4.7984472049689435,160.0,0.0,160.0,1.0,386.275,220.05870137306547,541.88,230.67000000000002,0.5696943922673368,311.21,311.21,2.349156804092426,35.5,26.16295090390226,175.5
17765,159,3,367.63,99,0.030303030303030304,3.7134343434343435,49.0,4.242640687119285,52.0,0.1907435698305462,122.54333333333334,13.905183685709927,137.05,109.33,0.11347156395596056,27.720000000000013,1.9399999999999977,1.016,17.333333333333332,4.725815626252608,47.666666666666664
17767,15,1,271.2,1,1.0,271.2,0.0,0.0,0.0,1.0,271.2,0.0,271.2,271.2,0.0,0.0,0.0,0.0,21.0,0.0,128.0
17768,8,3,2081.9,158,0.0189873417721519,13.176582278481014,78.5,77.07463914933368,133.0,0.012808256444032946,693.9666666666667,270.7196820205973,893.62,385.83000000000004,0.39010473416676683,507.78999999999996,462.20500000000004,2.1979498742969703,31.666666666666668,17.616280348965084,374.0
17769,13,10,3957.43,309,0.032362459546925564,12.807216828478966,33.666666666666664,35.94440151122286,104.0,0.02706770062836782,395.74300000000005,222.60648298685683,707.8100000000001,6.24,0.5625026418328481,701.57,-86.42599999999999,0.8031101067077339,30.0,20.25942853203033,185.0
17770,199,5,1143.27,84,0.05952380952380952,13.610357142857143,20.5,28.827070610799147,63.0,0.033526591097348374,228.654,223.21622942788008,603.17,52.9,0.9762183448698911,550.27,-339.5516666666667,0.21470063330904943,7.6,7.733045971672482,73.0
17771,57,2,245.81,267,0.00749063670411985,0.9206367041198502,266.0,0.0,266.0,1.0,122.905,10.04798736066083,130.01,115.8,0.08175409756039892,14.209999999999994,14.209999999999994,1.1227115716753022,26.5,6.363961030678928,143.5
17772,11,2,173.45,1,2.0,173.45000000000002,0.0,0.0,0.0,1.0,86.72500000000001,85.45385450639426,147.15,26.3,0.9853428020339493,120.85000000000001,-120.85000000000001,0.17872918790349981,25.0,28.284271247461902,27.5
17774,97,4,1213.73,209,0.019138755980861243,5.80732057416268,69.0,29.597297173897484,103.0,0.032682625341597125,303.4325,87.66756046756025,383.2,219.99,0.2889194811615771,163.20999999999998,11.875,1.0399166372544075,37.75,12.919623317522328,127.0
17775,255,1,56.4,1,1.0,56.4,0.0,0.0,0.0,1.0,56.4,0.0,56.4,56.4,0.0,0.0,0.0,0.0,3.0,0.0,72.0
17777,25,3,647.56,76,0.039473684210526314,8.520526315789473,37.0,32.526911934581186,60.0,0.02982678517935779,215.85333333333332,26.53757775934596,242.85,189.8,0.12294263586082817,53.04999999999998,39.079999999999984,1.2059009483667016,61.333333333333336,2.0816659994661326,167.0
17779,21,3,650.32,123,0.024390243902439025,5.2871544715447145,60.5,7.7781745930520225,66.0,0.11391890072356342,216.7733333333333,92.2337965896088,323.09,158.17,0.42548497627141474,164.92,-159.47499999999997,0.5064068835309048,26.333333333333332,9.291573243177568,132.0
17781,159,2,188.02,94,0.02127659574468085,2.0002127659574467,93.0,0.0,93.0,1.0,94.00999999999999,11.299566363361027,102.0,86.02,0.12019536606064278,15.980000000000004,-15.980000000000004,0.8433333333333333,6.0,5.656854249492381,17.0
17783,72,2,283.47,176,0.011363636363636364,1.6106250000000002,175.0,0.0,175.0,1.0,141.735,41.471812716591,171.06,112.41,0.29260107042432004,58.650000000000006,58.650000000000006,1.5217507339204697,33.5,4.949747468305833,177.0
17785,53,1,131.94,1,1.0,131.94,0.0,0.0,0.0,1.0,131.94,0.0,131.94,131.94,0.0,0.0,0.0,0.0,13.0,0.0,67.0
17786,85,2,266.85,232,0.008620689655172414,1.1502155172413795,231.0,0.0,231.0,1.0,133.425,42.532472888370826,163.5,103.35,0.31877438927015794,60.150000000000006,60.150000000000006,1.58200290275762,31.0,9.899494936611665,97.5
17787,153,4,1817.54,219,0.0182648401826484,8.299269406392694,72.0,69.93568473962345,151.0,0.014097277042867779,454.385,240.49185287655794,736.28,149.02,0.5292689082530408,587.26,-309.77,0.4915718811036158,31.75,12.338962679253067,224.0
17788,74,2,1117.9,56,0.03571428571428571,19.962500000000002,55.0,0.0,55.0,1.0,558.95,766.8573041968108,1101.2,16.7,1.3719604690881309,1084.5,1084.5,65.94011976047905,2.5,0.7071067811865476,105.5
17789,281,1,225.9,1,1.0,225.9,0.0,0.0,0.0,1.0,225.9,0.0,225.9,225.9,0.0,0.0,0.0,0.0,14.0,0.0,74.0
17790,27,14,1964.3,339,0.04129793510324484,5.794395280235989,25.46153846153846,22.714222360360424,58.0,0.04216878735486401,140.30714285714288,84.45370178420212,327.28000000000003,0.95,0.6019201878424016,326.33000000000004,102.49428571428575,2.150845337011967,13.357142857142858,9.888665950759702,59.642857142857146
17791,30,1,106.1,1,1.0,106.1,0.0,0.0,0.0,1.0,106.1,0.0,106.1,106.1,0.0,0.0,0.0,0.0,10.0,0.0,46.0
17793,25,1,300.34,1,1.0,300.34,0.0,0.0,0.0,1.0,300.34,0.0,300.34,300.34,0.0,0.0,0.0,0.0,49.0,0.0,226.0
17795,180,2,342.83,86,0.023255813953488372,3.9863953488372097,85.0,0.0,85.0,1.0,171.41500000000002,22.23850826831692,187.14000000000001,155.69,0.12973490224494308,31.450000000000017,31.450000000000017,1.2020039822724646,22.0,9.899494936611665,152.5
17796,40,4,690.0,330,0.012121212121212121,2.090909090909091,109.33333333333333,141.8884538408018,273.0,0.006998466097996576,172.5,92.76918489814744,274.35,75.9,0.5377923762211446,198.45000000000002,-44.0,0.7737789203084833,20.0,12.138094304022083,44.0
17797,22,3,780.43,161,0.018633540372670808,4.847391304347826,80.0,113.13708498984761,160.0,0.008761394248757527,260.1433333333334,199.72272512994942,453.45,54.57,0.767741085542391,398.88,-18.400000000000034,0.9324547556991298,37.0,22.338307903688676,166.0
17799,22,10,3039.17,340,0.029411764705882353,8.938735294117647,37.22222222222222,30.453972556046683,77.0,0.03179248656805231,303.91700000000003,207.5262770001803,614.38,6.35,0.6828386598978677,608.03,97.64599999999996,1.3827843853638264,39.7,26.96108306429844,175.3
17800,37,9,1187.21,297,0.030303030303030304,3.9973400673400676,36.625,21.928047923020547,61.0,0.04361470297678355,131.91222222222223,20.79574101695933,169.8,103.65,0.1576483260355236,66.15,21.55450000000002,1.179714434601355,11.11111111111111,4.226240777701989,81.33333333333333
17802,82,3,1285.04,291,0.010309278350515464,4.41594501718213,144.5,67.17514421272202,192.0,0.01466810245211615,428.34666666666664,290.48961450167775,652.62,100.2,0.6781647602448432,552.42,492.2200000000001,5.9123752495009985,46.333333333333336,29.737742572921256,250.66666666666666
17805,74,1,512.31,1,1.0,512.31,0.0,0.0,0.0,1.0,512.31,0.0,512.31,512.31,0.0,0.0,0.0,0.0,10.0,0.0,478.0
17806,11,1,546.04,1,1.0,546.04,0.0,0.0,0.0,1.0,546.04,0.0,546.04,546.04,0.0,0.0,0.0,0.0,43.0,0.0,727.0
17809,16,12,5411.91,358,0.0335195530726257,15.117067039106145,32.09090909090909,27.086729390808873,69.0,0.03560400308934656,450.9925,494.79779795065593,1835.6,34.8,1.0971308790072027,1800.8,18.41833333333335,1.041690874108726,5.083333333333333,6.0821397749825055,171.41666666666666
17811,4,39,7761.82,330,0.11818181818181818,23.520666666666667,8.157894736842104,5.687949879038847,22.0,0.14952265164757997,199.02102564102566,188.5963857274224,1242.95,84.5,0.9476204090496136,1158.45,-38.90152631578951,0.8223435502014208,20.487179487179485,18.05091016056618,106.3076923076923
17812,13,4,699.81,356,0.011235955056179775,1.965758426966292,118.0,183.0327839486686,329.0,0.0054338144462289135,174.9525,93.7042970821865,265.56,43.47,0.5355985029204299,222.09,113.13499999999999,1.9556531655192804,31.0,14.7648230602334,82.25
17813,14,5,1698.07,58,0.08620689655172414,29.27706896551724,14.0,8.906926143924924,24.0,0.1009394826884033,339.614,371.7300522287645,974.38,2.49,1.0945663377504007,971.89,-501.46833333333336,0.21706128333034086,67.4,82.19063206959781,150.4
17816,37,4,36.56,329,0.0121580547112462,0.11112462006079028,109.0,88.22131261775694,203.0,0.01120808437647866,9.14,4.991105421981522,16.21,5.1,0.546072803280254,11.110000000000001,-3.030000000000001,0.715626466447677,4.25,4.031128874149275,7.5
17817,4,3,387.68,273,0.01098901098901099,1.4200732600732602,136.0,192.33304448274092,272.0,0.005172421520984589,129.22666666666666,60.93347301223962,195.0,74.7,0.4715239863720565,120.3,81.79,2.0949129852744313,10.666666666666666,9.504384952922168,22.333333333333332
17819,72,7,3704.87,300,0.023333333333333334,12.349566666666666,49.333333333333336,37.65988139475039,110.0,0.025866608068171402,529.2671428571429,269.1871330329074,856.0,189.83999999999997,0.5086035221830596,666.1600000000001,-144.85249999999996,0.7633283772302464,6.857142857142857,4.775931721614517,147.28571428571428
17824,51,1,298.4,1,1.0,298.4,0.0,0.0,0.0,1.0,298.4,0.0,298.4,298.4,0.0,0.0,0.0,0.0,13.0,0.0,408.0
17827,5,5,1987.33,360,0.013888888888888888,5.520361111111111,89.5,113.34166636031665,236.0,0.008745718265542607,397.466,310.9056520554105,919.8,114.24000000000001,0.7822194906115504,805.56,-199.25666666666666,0.6146054955965597,42.4,32.01249755954696,248.0
17828,23,4,1820.09,163,0.024539877300613498,11.166196319018406,53.666666666666664,36.555893277737496,86.0,0.026626979489069516,455.02250000000004,393.7613907241288,833.1600000000001,30.0,0.8653668570765813,803.1600000000001,46.884999999999934,1.108635710644608,16.75,18.786076404259266,166.75
17829,299,1,889.24,1,1.0,889.24,0.0,0.0,0.0,1.0,889.24,0.0,889.24,889.24,0.0,0.0,0.0,0.0,30.0,0.0,496.0
17830,2,3,398.7,288,0.010416666666666666,1.384375,143.5,164.75588001646557,260.0,0.006032968482932031,132.9,48.51723920422512,188.5,99.15,0.36506575774435757,89.35,-83.4,0.5575596816976127,7.666666666666667,3.0550504633038935,30.666666666666668
17831,33,1,35.400000000000006,1,1.0,35.400000000000006,0.0,0.0,0.0,1.0,35.400000000000006,0.0,35.400000000000006,35.400000000000006,0.0,0.0,0.0,0.0,2.0,0.0,12.0
17832,50,1,155.37,1,1.0,155.37,0.0,0.0,0.0,1.0,155.37,0.0,155.37,155.37,0.0,0.0,0.0,0.0,61.0,0.0,208.0
17835,3,3,342.24,21,0.14285714285714285,16.29714285714286,10.0,4.242640687119285,13.0,0.1907435698305462,114.08,4.210320652871934,118.25999999999999,109.84,0.036906737840742755,8.419999999999987,6.359999999999985,1.057902403495994,19.666666666666668,1.1547005383792517,114.66666666666667
17836,47,1,110.21,1,1.0,110.21000000000001,0.0,0.0,0.0,1.0,110.21000000000001,0.0,110.21000000000001,110.21000000000001,0.0,0.0,0.0,0.0,23.0,0.0,88.0
17837,42,8,1541.23,121,0.06611570247933884,12.737438016528925,16.857142857142858,24.531806370700135,72.0,0.039166833144543306,192.65375,116.90663490122611,462.33000000000004,119.8,0.6068225243538011,342.53000000000003,118.03250000000003,1.8832288841081286,20.0,10.66369006086944,63.75
17838,27,5,2720.8,346,0.014450867052023121,7.863583815028902,85.75,83.38814863836068,203.0,0.011850005197832077,544.1600000000001,213.2799939047261,752.14,218.4,0.3919435348146245,533.74,154.55,1.3423565115300269,22.8,9.391485505499118,366.2
17839,42,1,318.15,1,1.0,318.15,0.0,0.0,0.0,1.0,318.15,0.0,318.15,318.15,0.0,0.0,0.0,0.0,50.0,0.0,257.0
17841,2,124,40519.84,372,0.3333333333333333,108.9243010752688,2.5528455284552845,1.8739073407841162,15.0,0.34795833039180735,326.77290322580643,203.99893776534458,974.01,1.45,0.6242835184665766,972.56,127.40064516129036,1.4842794518868214,60.29838709677419,34.184810928106664,184.1451612903226
17843,303,1,205.48,1,1.0,205.48,0.0,0.0,0.0,1.0,205.48,0.0,205.48,205.48,0.0,0.0,0.0,0.0,36.0,0.0,113.0
17844,107,1,51.56,1,1.0,51.559999999999995,0.0,0.0,0.0,1.0,51.559999999999995,0.0,51.559999999999995,51.559999999999995,0.0,0.0,0.0,0.0,5.0,0.0,52.0
17846,85,1,2033.1,1,1.0,2033.1,0.0,0.0,0.0,1.0,2033.1,0.0,2033.1,2033.1,0.0,0.0,0.0,0.0,1.0,0.0,1.0
17848,81,9,901.2,277,0.032490974729241874,3.2534296028880867,34.125,25.709572980840093,80.0,0.03743975992118415,100.13333333333334,48.87841573741932,174.46,30.5,0.48813331295691725,143.96,5.473500000000001,1.056374076267477,5.666666666666667,5.315072906367325,44.22222222222222
17849,218,4,605.8000000000001,116,0.034482758620689655,5.222413793103448,38.0,9.643650760992955,45.0,0.0939527256629669,151.45,47.45994802637975,217.75,109.25,0.31337040624879337,108.5,-42.19999999999999,0.7554332077658651,6.5,1.7320508075688772,28.5
17850,372,34,5391.21,2,17.0,2695.605,0.0,0.0,0.0,1.0,158.565,155.46088195972953,532.01,22.2,0.9804236871928202,509.81,52.661764705882376,1.398246425679944,8.735294117647058,7.149099640405721,50.970588235294116
17852,12,2,114.34,1,2.0,114.34,0.0,0.0,0.0,1.0,57.17,18.13021786962307,69.99,44.35,0.31712817683440736,25.639999999999993,25.639999999999993,1.578128523111612,12.0,5.656854249492381,26.5
17854,185,2,311.26,42,0.047619047619047616,7.410952380952381,41.0,0.0,41.0,1.0,155.63,62.04154898130768,199.5,111.76,0.398647747743415,87.74,87.74,1.7850751610594129,7.5,6.363961030678928,42.0
17855,373,1,208.97,1,1.0,208.97,0.0,0.0,0.0,1.0,208.97,0.0,208.97,208.97,0.0,0.0,0.0,0.0,17.0,0.0,197.0
17856,2,4,1418.03,280,0.014285714285714285,5.064392857142857,92.66666666666667,120.03471720020559,231.0,0.008262092258586293,354.5075,226.71118945698294,585.12,74.7,0.6395102768121491,510.42,-358.9150000000001,0.3278304757802477,3.75,2.0615528128088303,210.5
17857,4,23,26879.04,362,0.06353591160220995,74.25149171270718,15.954545454545455,16.444646755902266,61.0,0.05732417594879974,1168.6539130434783,1440.6084409460125,5424.0,5.5,1.2327074978034291,5418.5,547.1060606060607,1.6194537539491056,2.347826086956522,1.495711920858301,837.2173913043479
17858,6,12,5140.66,364,0.03296703296703297,14.122692307692308,32.54545454545455,25.64902975304772,93.0,0.03752481832422566,428.3883333333333,326.6786895638458,1305.6,79.6,0.7625760650901149,1226.0,-11.489999999999895,0.9735334766584769,16.25,12.173928924326175,224.5
17859,305,1,141.92,1,1.0,141.92,0.0,0.0,0.0,1.0,141.92,0.0,141.92,141.92,0.0,0.0,0.0,0.0,23.0,0.0,102.0
17860,369,1,226.45,1,1.0,226.45000000000002,0.0,0.0,0.0,1.0,226.45000000000002,0.0,226.45000000000002,226.45000000000002,0.0,0.0,0.0,0.0,49.0,0.0,93.0
17861,3,8,2097.88,317,0.025236593059936908,6.617917981072556,44.857142857142854,43.948563008091526,106.0,0.022247652273555053,262.235,217.59693458975278,701.93,5.2,0.8297783842345712,696.7299999999999,-58.08499999999998,0.8005853524559914,27.25,29.692471388263677,248.125
17862,324,1,330.9,1,1.0,330.9,0.0,0.0,0.0,1.0,330.9,0.0,330.9,330.9,0.0,0.0,0.0,0.0,11.0,0.0,100.0
17863,59,6,3160.0,311,0.01929260450160772,10.160771704180064,61.6,31.405413546075145,109.0,0.030859041455470554,526.6666666666666,255.2026672796871,1032.7,342.02,0.4845620264804186,690.6800000000001,138.7333333333333,1.3033748815511335,24.666666666666668,8.594571930391105,439.6666666666667
17864,13,3,554.85,263,0.011406844106463879,2.1096958174904943,131.0,77.78174593052023,186.0,0.012693295739877703,184.95000000000002,61.7742333015959,237.22,116.78,0.33400504623733923,120.44,-23.849999999999994,0.8812546676624347,27.0,15.0996688705415,235.33333333333334
17865,31,20,10526.32,334,0.059880239520958084,31.515928143712575,17.263157894736842,17.50187959830841,61.0,0.054048562725023244,526.316,339.6580197384298,1142.88,25.200000000000003,0.6453499793630249,1117.68,-103.80000000000001,0.8204823111086514,18.45,12.045855369335438,287.85
17866,143,1,329.65000000000003,1,1.0,329.65000000000003,0.0,0.0,0.0,1.0,329.65000000000003,0.0,329.65000000000003,329.65000000000003,0.0,0.0,0.0,0.0,9.0,0.0,174.0
17867,30,6,1157.87,259,0.023166023166023165,4.470540540540541,51.4,50.65866164833019,113.0,0.01935783793253428,192.97833333333335,207.421470770667,578.5500000000001,14.95,1.074843311100557,563.6,-171.44333333333338,0.38484631024997,10.333333333333334,20.934819480154744,84.66666666666667
17869,107,5,428.18,261,0.019157088122605363,1.640536398467433,65.0,59.295868321494375,122.0,0.016584884301989865,85.636,82.26748890053713,214.32,5.55,0.9606647776698717,208.76999999999998,-111.78166666666665,0.2679894786243629,8.0,6.363961030678928,22.2
17870,2,12,1865.89,365,0.03287671232876712,5.112027397260274,32.81818181818182,66.52941932982459,231.0,0.01480836071040147,155.4908333333333,114.4226450456483,372.17,15.45,0.7358803255003133,356.72,110.45833333333334,2.1017005502269064,21.583333333333332,18.83159015799749,112.58333333333333
17871,205,1,155.9,1,1.0,155.9,0.0,0.0,0.0,1.0,155.9,0.0,155.9,155.9,0.0,0.0,0.0,0.0,10.0,0.0,182.0
17873,80,5,1848.96,294,0.017006802721088437,6.288979591836735,73.0,30.0,104.0,0.03225806451612903,369.79200000000003,127.80625794537606,490.05,204.95,0.34561661135280386,285.1,40.711666666666645,1.1178801171707227,8.4,1.6733200530681511,207.0
17874,185,6,683.46,71,0.08450704225352113,9.626197183098592,13.8,19.162463307205574,39.0,0.04959711443802724,113.91000000000001,133.298478010816,371.29,6.0,1.170208743840014,365.29,-67.14666666666669,0.5447169171657813,7.666666666666667,11.075498483890767,36.833333333333336
17877,170,1,237.61,1,1.0,237.61,0.0,0.0,0.0,1.0,237.61,0.0,237.61,237.61,0.0,0.0,0.0,0.0,12.0,0.0,98.0
17878,44,1,379.45,1,1.0,379.45,0.0,0.0,0.0,1.0,379.45,0.0,379.45,379.45,0.0,0.0,0.0,0.0,26.0,0.0,401.0
17879,174,1,178.52,1,1.0,178.52,0.0,0.0,0.0,1.0,178.52,0.0,178.52,178.52,0.0,0.0,0.0,0.0,6.0,0.0,45.0
17880,365,1,458.92,1,1.0,458.92,0.0,0.0,0.0,1.0,458.92,0.0,458.92,458.92,0.0,0.0,0.0,0.0,26.0,0.0,314.0
17881,304,1,133.35,1,1.0,133.35,0.0,0.0,0.0,1.0,133.35,0.0,133.35,133.35,0.0,0.0,0.0,0.0,8.0,0.0,32.0
17883,3,4,664.34,243,0.01646090534979424,2.7339094650205764,80.66666666666667,74.3796567169635,159.0,0.013266178748396439,166.085,90.03028138724585,285.35,78.45,0.5420735249254649,206.90000000000003,134.37,2.3586450960566228,34.5,17.897858344878397,93.5
17884,4,4,695.07,368,0.010869565217391304,1.8887771739130432,122.33333333333333,162.9611405622007,308.0,0.0060990061216403746,173.76749999999998,71.57365733983417,268.02,104.53,0.4118932328532906,163.48999999999998,25.014999999999986,1.1551221629666377,27.75,4.5,204.25
17885,12,1,156.34,1,1.0,156.34,0.0,0.0,0.0,1.0,156.34,0.0,156.34,156.34,0.0,0.0,0.0,0.0,50.0,0.0,110.0
17886,32,3,869.28,218,0.013761467889908258,3.9875229357798165,108.0,98.99494936611666,178.0,0.010000505088898526,289.76,177.5154480601618,491.57,157.77,0.612629238197687,333.79999999999995,104.73000000000002,1.476175320541966,33.666666666666664,20.744477176668816,156.33333333333334
17887,129,1,111.35,1,1.0,111.35,0.0,0.0,0.0,1.0,111.35,0.0,111.35,111.35,0.0,0.0,0.0,0.0,10.0,0.0,30.0
17888,21,8,716.0,336,0.023809523809523808,2.130952380952381,47.42857142857143,34.355286555138996,105.0,0.028284313250874982,89.5,71.96485531146436,250.9,29.43,0.8040765956588197,221.47,30.5,1.4107744107744107,7.875,6.812540956626557,121.625
17889,212,2,201.37,110,0.01818181818181818,1.8306363636363636,109.0,0.0,109.0,1.0,100.685,1.887975105768078,102.02,99.35,0.018751304621026747,2.6700000000000017,2.6700000000000017,1.0268746854554605,10.0,1.4142135623730951,38.5
17890,323,2,586.89,39,0.05128205128205128,15.048461538461538,38.0,0.0,38.0,1.0,293.445,239.80112270379385,463.01,123.88,0.8171927369823778,339.13,-339.13,0.26755361655255827,45.0,22.627416997969522,201.0
17891,162,1,203.86,1,1.0,203.85999999999999,0.0,0.0,0.0,1.0,203.85999999999999,0.0,203.85999999999999,203.85999999999999,0.0,0.0,0.0,0.0,34.0,0.0,393.0
17892,56,3,244.1,100,0.03,2.441,49.5,68.58935777509511,98.0,0.014370013346464358,81.36666666666666,66.56608245445524,142.1,10.2,0.8181001530658162,131.9,-91.1,0.3589021815622801,9.333333333333334,14.433756729740644,36.333333333333336
17893,225,1,107.21,1,1.0,107.21,0.0,0.0,0.0,1.0,107.21,0.0,107.21,107.21,0.0,0.0,0.0,0.0,15.0,0.0,149.0
17894,72,8,1118.96,295,0.02711864406779661,3.793084745762712,41.57142857142857,66.01478910783841,188.0,0.014922079339693611,139.87,52.916674930633015,258.4,93.60000000000001,0.3783275536614929,164.79999999999995,22.24000000000001,1.17273786407767,23.875,10.091545258992088,50.5
17895,44,1,95.45,1,1.0,95.45,0.0,0.0,0.0,1.0,95.45,0.0,95.45,95.45,0.0,0.0,0.0,0.0,15.0,0.0,127.0
17896,23,1,256.32,1,1.0,256.32,0.0,0.0,0.0,1.0,256.32,0.0,256.32,256.32,0.0,0.0,0.0,0.0,2.0,0.0,288.0
17897,173,3,541.81,201,0.014925373134328358,2.6955721393034824,100.0,132.93607486307093,194.0,0.007466248365291774,180.60333333333332,59.98788238747334,247.33,131.14,0.33215268666584236,116.19000000000003,25.89500000000001,1.1585343455369168,34.333333333333336,3.511884584284245,74.0
17898,85,2,152.06,122,0.01639344262295082,1.2463934426229508,121.0,0.0,121.0,1.0,76.03,33.672424920103396,99.84,52.22,0.44288340023810857,47.620000000000005,-47.620000000000005,0.5230368589743589,14.0,8.48528137423857,95.0
17899,159,1,154.55,1,1.0,154.55,0.0,0.0,0.0,1.0,154.55,0.0,154.55,154.55,0.0,0.0,0.0,0.0,29.0,0.0,170.0
17900,190,2,112.2,1,2.0,112.19999999999999,0.0,0.0,0.0,1.0,56.099999999999994,33.51686142824235,79.8,32.4,0.5974485103073504,47.4,-47.4,0.40601503759398494,3.0,1.4142135623730951,36.5
17901,29,1,110.38,1,1.0,110.38,0.0,0.0,0.0,1.0,110.38,0.0,110.38,110.38,0.0,0.0,0.0,0.0,19.0,0.0,24.0
17904,21,1,181.07,1,1.0,181.07,0.0,0.0,0.0,1.0,181.07,0.0,181.07,181.07,0.0,0.0,0.0,0.0,33.0,0.0,59.0
17905,71,4,798.99,303,0.013201320132013201,2.636930693069307,100.33333333333333,88.00757543151234,195.0,0.01123499876445302,199.7475,18.49633364570756,224.84,181.25,0.09259857392812204,43.59,6.595000000000027,1.0335708831763808,8.25,9.358596760910972,101.5
17906,247,1,72.9,1,1.0,72.9,0.0,0.0,0.0,1.0,72.9,0.0,72.9,72.9,0.0,0.0,0.0,0.0,12.0,0.0,26.0
17908,374,1,232.03,1,1.0,232.03,0.0,0.0,0.0,1.0,232.03,0.0,232.03,232.03,0.0,0.0,0.0,0.0,51.0,0.0,169.0
17911,9,1,366.23,1,1.0,366.23,0.0,0.0,0.0,1.0,366.23,0.0,366.23,366.23,0.0,0.0,0.0,0.0,39.0,0.0,223.0
17912,310,5,310.06,55,0.09090909090909091,5.6374545454545455,13.25,23.228933107943924,48.0,0.04127296879085983,62.012,48.58143390226353,125.56,9.9,0.783419884897496,115.66,16.51999999999999,1.3170825335892513,7.4,6.308724118235001,36.8
17913,59,2,408.65,297,0.006734006734006734,1.3759259259259258,296.0,0.0,296.0,1.0,204.325,19.410081143570732,218.05,190.6,0.0949961147366731,27.450000000000017,-27.450000000000017,0.8741114423297408,28.0,4.242640687119285,144.0
17914,4,1,329.36,1,1.0,329.36,0.0,0.0,0.0,1.0,329.36,0.0,329.36,329.36,0.0,0.0,0.0,0.0,72.0,0.0,457.0
17917,45,3,335.03,318,0.009433962264150943,1.0535534591194968,158.0,73.53910524340094,210.0,0.013415776815868493,111.67666666666666,6.843130375298529,119.55,107.16,0.06127627712710977,12.39,6.775000000000006,1.0632232176185143,29.333333333333332,2.309401076758503,61.333333333333336
17919,88,1,1304.04,1,1.0,1304.04,0.0,0.0,0.0,1.0,1304.04,0.0,1304.04,1304.04,0.0,0.0,0.0,0.0,23.0,0.0,756.0
17920,4,17,4119.5,370,0.04594594594594595,11.133783783783784,22.4375,21.099664294327845,78.0,0.045249556132699376,242.3235294117647,96.22481163538178,453.46,110.78,0.39709231649508203,342.67999999999995,-45.77763888888896,0.8282643548977892,37.05882352941177,23.362551734119535,145.47058823529412
17921,64,4,820.23,203,0.019704433497536946,4.0405418719211825,67.33333333333333,47.258156262526086,104.0,0.020721885738028707,205.0575,57.842894910841615,278.07,155.51,0.2820813426031314,122.56,-29.845000000000027,0.8643285753250294,35.25,8.341662504161466,106.25
17923,282,1,207.50000000000003,1,1.0,207.50000000000003,0.0,0.0,0.0,1.0,207.50000000000003,0.0,207.50000000000003,207.50000000000003,0.0,0.0,0.0,0.0,1.0,0.0,50.0
17924,12,7,2962.5,362,0.019337016574585635,8.183701657458563,60.0,88.75359147662702,233.0,0.011141615433410402,423.2142857142857,519.2576884636101,1574.52,128.88,1.2269379980574753,1445.6399999999999,-470.7949999999999,0.31989627874725535,4.428571428571429,5.798193478924933,165.71428571428572
17925,373,1,244.08,1,1.0,244.08,0.0,0.0,0.0,1.0,244.08,0.0,244.08,244.08,0.0,0.0,0.0,0.0,1.0,0.0,72.0
17926,133,2,397.29,71,0.028169014084507043,5.595633802816901,70.0,0.0,70.0,1.0,198.645,18.50498446365196,211.73000000000002,185.56,0.09315605458809414,26.170000000000016,-26.170000000000016,0.8763991876446416,10.5,0.7071067811865476,153.0
17928,45,2,212.54,201,0.009950248756218905,1.057412935323383,200.0,0.0,200.0,1.0,106.27,39.6121218820704,134.28,78.25999999999999,0.37274980598541824,56.02000000000001,56.02000000000001,1.715819064656274,11.5,7.7781745930520225,70.0
17929,11,4,843.0,298,0.013422818791946308,2.8288590604026846,98.66666666666667,43.54690957270485,141.0,0.022448246345078183,210.75,58.70158998414495,272.0,136.0,0.2785366072794541,136.0,-13.5,0.9379310344827586,1.25,0.5,27.0
17930,36,5,1740.48,204,0.024509803921568627,8.531764705882352,50.5,39.41657857636386,90.0,0.024742321968461056,348.096,57.63359332889109,426.84,296.46000000000004,0.1655680999749813,130.37999999999994,1.7099999999999227,1.0049269599792547,7.8,4.658325879540846,318.8
17931,134,2,408.36,122,0.01639344262295082,3.3472131147540987,121.0,0.0,121.0,1.0,204.18,131.55014557194528,297.2,111.16000000000001,0.6442851678516274,186.03999999999996,-186.03999999999996,0.37402422611036346,32.0,24.041630560342615,124.5
17932,29,3,1331.57,183,0.01639344262295082,7.276338797814208,90.5,75.66042558696059,144.0,0.0130445401567154,443.8566666666666,128.32274168413537,589.01,345.5,0.2891085148001278,243.51,-217.73000000000002,0.6303458345359162,30.0,10.583005244258363,263.0
17934,52,2,704.25,8,0.25,88.03125,7.0,0.0,7.0,1.0,352.125,404.92469824647645,638.45,65.8,1.1499458949136712,572.6500000000001,-572.6500000000001,0.10306210353199154,10.5,12.020815280171307,239.0
17935,138,2,145.79,4,0.5,36.4475,3.0,0.0,3.0,1.0,72.895,87.22162145936063,134.57,11.22,1.1965377798115184,123.35,-123.35,0.08337668128111764,14.0,16.97056274847714,41.0
17936,5,1,380.13,1,1.0,380.13,0.0,0.0,0.0,1.0,380.13,0.0,380.13,380.13,0.0,0.0,0.0,0.0,68.0,0.0,257.0
17937,9,7,4301.22,354,0.01977401129943503,12.150338983050847,58.666666666666664,50.39312122370142,143.0,0.019457856930838072,614.46,384.9160744889722,1393.56,287.04,0.6264298318669599,1106.52,-496.12500000000006,0.44749766136576236,6.142857142857143,3.236694374850748,250.57142857142858
17939,160,1,99.14,1,1.0,99.14,0.0,0.0,0.0,1.0,99.14,0.0,99.14,99.14,0.0,0.0,0.0,0.0,12.0,0.0,40.0
17940,49,10,4020.04,254,0.03937007874015748,15.826929133858268,27.666666666666668,19.53202498462461,58.0,0.048704402062088335,402.004,589.9313685732152,1867.86,75.0,1.4674763648451636,1792.86,-546.208,0.1909324137767587,1.8,1.3165611772087666,932.3
17941,131,1,304.56,1,1.0,304.56,0.0,0.0,0.0,1.0,304.56,0.0,304.56,304.56,0.0,0.0,0.0,0.0,2.0,0.0,252.0
17942,8,1,77.50000000000001,1,1.0,77.50000000000001,0.0,0.0,0.0,1.0,77.50000000000001,0.0,77.50000000000001,77.50000000000001,0.0,0.0,0.0,0.0,2.0,0.0,38.0
17946,233,2,149.57999999999998,27,0.07407407407407407,5.539999999999999,26.0,0.0,26.0,1.0,74.78999999999999,80.94958431023596,132.03,17.549999999999997,1.0823583943072064,114.48,114.48,7.523076923076925,9.0,8.48528137423857,37.5
17947,37,1,176.68,1,1.0,176.68,0.0,0.0,0.0,1.0,176.68,0.0,176.68,176.68,0.0,0.0,0.0,0.0,9.0,0.0,168.0
17948,147,1,358.56000000000006,1,1.0,358.56000000000006,0.0,0.0,0.0,1.0,358.56000000000006,0.0,358.56000000000006,358.56000000000006,0.0,0.0,0.0,0.0,1.0,0.0,144.0
17949,1,45,58510.48,371,0.12129380053908356,157.7101886792453,8.045454545454545,11.577754422296326,47.0,0.0795054479857963,1300.232888888889,2404.8433778689423,13355.4,23.2,1.8495481835750176,13332.199999999999,-154.85304347826082,0.8877372127490171,1.5333333333333334,1.5165750888103102,678.8
17950,72,3,482.2,294,0.01020408163265306,1.6401360544217687,146.0,206.47518010647187,292.0,0.00481985363013938,160.73333333333332,77.47387452124318,219.03,72.82000000000001,0.4820025374610733,146.20999999999998,-44.42499999999998,0.7666141318623589,23.0,8.888194417315589,122.0
17951,40,3,1008.54,334,0.008982035928143712,3.0195808383233533,166.5,214.2533546995239,318.0,0.004645688339658716,336.18,245.0654957353238,599.0400000000001,114.0,0.7289710742320298,485.0400000000001,61.02000000000004,1.2064974619289341,6.666666666666667,3.785938897200183,205.33333333333334
17954,5,12,2314.13,366,0.03278688524590164,6.32275956284153,32.81818181818182,18.307474876771956,62.0,0.051793411949641315,192.84416666666667,98.25072819145676,336.84000000000003,19.9,0.5094825002473851,316.94000000000005,68.5383333333333,1.4322139891744177,39.5,23.271129206496504,185.08333333333334
17955,199,4,557.3,21,0.19047619047619047,26.538095238095234,6.666666666666667,10.692676621563626,19.0,0.08552361724909083,139.325,104.86633158454624,261.95,8.4,0.7526741904507178,253.54999999999998,8.300000000000011,1.0614018864434993,4.75,4.5,68.25
17956,249,1,12.75,1,1.0,12.75,0.0,0.0,0.0,1.0,12.75,0.0,12.75,12.75,0.0,0.0,0.0,0.0,1.0,0.0,1.0
17957,66,1,111.68,1,1.0,111.68,0.0,0.0,0.0,1.0,111.68,0.0,111.68,111.68,0.0,0.0,0.0,0.0,31.0,0.0,287.0
17958,117,1,508.46,1,1.0,508.46000000000004,0.0,0.0,0.0,1.0,508.46000000000004,0.0,508.46000000000004,508.46000000000004,0.0,0.0,0.0,0.0,7.0,0.0,84.0
17960,171,1,73.78,1,1.0,73.78,0.0,0.0,0.0,1.0,73.78,0.0,73.78,73.78,0.0,0.0,0.0,0.0,26.0,0.0,41.0
17961,21,39,1296.44,351,0.1111111111111111,3.6935612535612536,8.763157894736842,9.192929746590409,39.0,0.0981072198927404,33.242051282051285,67.7355036415634,396.85,1.65,2.0376451220426492,395.20000000000005,-15.228578947368419,0.6290379240493347,6.358974358974359,8.346090100940048,14.35897435897436
17962,142,1,102.41,1,1.0,102.41,0.0,0.0,0.0,1.0,102.41,0.0,102.41,102.41,0.0,0.0,0.0,0.0,33.0,0.0,127.0
17964,32,2,463.21,341,0.005865102639296188,1.3583870967741936,340.0,0.0,340.0,1.0,231.605,42.645609973360685,261.76,201.45,0.18413078289916318,60.31,-60.31,0.7695981051344744,44.0,12.727922061357855,147.0
17965,38,14,2599.19,332,0.04216867469879518,7.828885542168675,25.0,22.978250586152118,88.0,0.04170446031527915,185.65642857142856,144.68253435643916,438.67,15.5,0.7793025831086409,423.17,-46.92714285714291,0.7755970597879548,23.071428571428573,17.0585610616636,109.42857142857143
17966,38,5,1098.43,224,0.022321428571428572,4.903705357142856,55.5,49.372732015421896,113.0,0.019852010403045926,219.68599999999998,159.41296992403096,504.0,136.5,0.7256400950630945,367.5,129.89333333333332,1.916355085243974,13.6,13.794926603646719,514.2
17967,372,1,112.27,1,1.0,112.27,0.0,0.0,0.0,1.0,112.27,0.0,112.27,112.27,0.0,0.0,0.0,0.0,41.0,0.0,73.0
17968,374,1,265.1,1,1.0,265.1,0.0,0.0,0.0,1.0,265.1,0.0,265.1,265.1,0.0,0.0,0.0,0.0,74.0,0.0,151.0
17969,166,2,228.2,195,0.010256410256410256,1.1702564102564101,194.0,0.0,194.0,1.0,114.1,15.697770542341352,125.2,103.0,0.13757905821508637,22.200000000000003,-22.200000000000003,0.8226837060702875,7.0,0.0,76.0
17970,211,1,562.79,1,1.0,562.79,0.0,0.0,0.0,1.0,562.79,0.0,562.79,562.79,0.0,0.0,0.0,0.0,27.0,0.0,513.0
17972,242,1,135.19,1,1.0,135.19,0.0,0.0,0.0,1.0,135.19,0.0,135.19,135.19,0.0,0.0,0.0,0.0,30.0,0.0,36.0
17973,52,1,337.04,1,1.0,337.04,0.0,0.0,0.0,1.0,337.04,0.0,337.04,337.04,0.0,0.0,0.0,0.0,15.0,0.0,176.0
17974,25,3,703.99,195,0.015384615384615385,3.6102051282051284,97.0,110.30865786510141,175.0,0.008984027111457337,234.66333333333333,147.6604623226317,404.37,135.55,0.6292438627933566,268.82,105.89000000000004,1.6453952581215339,48.666666666666664,40.06661120351125,166.66666666666666
17975,15,13,4483.26,352,0.036931818181818184,12.73653409090909,28.666666666666668,15.149757473806355,50.0,0.06192043450942975,344.86615384615385,174.3204973862063,765.85,131.66,0.5054729072194524,634.19,-174.41452380952376,0.6025027090705162,22.076923076923077,9.169346927503783,120.38461538461539
17976,372,1,321.79,1,1.0,321.79,0.0,0.0,0.0,1.0,321.79,0.0,321.79,321.79,0.0,0.0,0.0,0.0,56.0,0.0,93.0
17977,29,1,288.14,1,1.0,288.14,0.0,0.0,0.0,1.0,288.14,0.0,288.14,288.14,0.0,0.0,0.0,0.0,19.0,0.0,342.0
17978,365,1,300.92,1,1.0,300.91999999999996,0.0,0.0,0.0,1.0,300.91999999999996,0.0,300.91999999999996,300.91999999999996,0.0,0.0,0.0,0.0,12.0,0.0,499.0
17979,36,4,732.41,225,0.017777777777777778,3.255155555555556,74.33333333333333,67.86997372427172,133.0,0.014520115892647303,183.10250000000002,116.69992098683414,262.87,9.9,0.6373475020102627,252.97,134.535,2.1614365260931496,31.75,21.746647251166483,95.75
17980,166,3,811.45,194,0.015463917525773196,4.182731958762886,96.0,82.02438661763951,154.0,0.012044653875076486,270.48333333333335,23.38836961682737,295.2,248.7,0.08646880134386851,46.5,-37.07499999999999,0.8744071815718157,10.0,5.5677643628300215,227.33333333333334
17984,145,1,152.68,1,1.0,152.68,0.0,0.0,0.0,1.0,152.68,0.0,152.68,152.68,0.0,0.0,0.0,0.0,48.0,0.0,98.0
17985,22,1,631.35,1,1.0,631.35,0.0,0.0,0.0,1.0,631.35,0.0,631.35,631.35,0.0,0.0,0.0,0.0,20.0,0.0,171.0
17986,56,1,20.8,1,1.0,20.8,0.0,0.0,0.0,1.0,20.8,0.0,20.8,20.8,0.0,0.0,0.0,0.0,1.0,0.0,10.0
17987,185,1,198.57,1,1.0,198.57,0.0,0.0,0.0,1.0,198.57,0.0,198.57,198.57,0.0,0.0,0.0,0.0,13.0,0.0,261.0
17988,12,7,201.12,315,0.022222222222222223,0.6384761904761905,52.333333333333336,68.62263960725109,165.0,0.014363144023856453,28.731428571428573,24.025676839977844,64.99000000000001,2.95,0.8362158804686003,62.040000000000006,-26.37583333333334,0.39785784947873065,5.428571428571429,4.540820148282424,6.142857142857143
17990,237,3,630.84,125,0.024,5.0467200000000005,62.0,76.36753236814714,116.0,0.012925318533381431,210.28,91.10211413573235,314.84000000000003,148.0,0.4332419352089231,166.84000000000003,63.420000000000016,1.3775000000000002,9.666666666666666,6.429100507328637,138.0
17991,225,2,93.35,1,2.0,93.35000000000001,0.0,0.0,0.0,1.0,46.675000000000004,57.664558005762956,87.45,5.9,1.2354484843227198,81.55,81.55,14.822033898305085,2.5,0.7071067811865476,12.5
17994,122,4,674.89,170,0.023529411764705882,3.9699411764705883,56.0,34.597687784012386,83.0,0.02809171219399029,168.7225,123.70582912026956,305.3,21.9,0.7331910629600057,283.40000000000003,10.245000000000005,1.0626222493887532,19.5,19.070046320517072,123.75
17995,282,1,76.1,1,1.0,76.1,0.0,0.0,0.0,1.0,76.1,0.0,76.1,76.1,0.0,0.0,0.0,0.0,2.0,0.0,133.0
17997,74,8,1962.46,90,0.08888888888888889,21.80511111111111,12.142857142857142,11.201615529743489,34.0,0.08195636041492473,245.3075,141.3367444641141,532.21,117.11999999999999,0.5761615297702439,415.09000000000003,-143.64000000000001,0.5470591481344254,20.375,10.18314433617773,284.125
17999,37,2,380.39,330,0.006060606060606061,1.1526969696969696,329.0,0.0,329.0,1.0,190.195,0.2050609665440831,190.34,190.05,0.0010781617105816825,0.28999999999999204,-0.28999999999999204,0.998476410633603,44.0,9.899494936611665,109.5
18001,12,2,415.13,75,0.02666666666666667,5.535066666666666,74.0,0.0,74.0,1.0,207.565,60.196000282410786,250.13,165.0,0.29001035956163507,85.13,-85.13,0.6596569783712469,28.0,18.384776310850235,181.0
18004,362,1,157.92,1,1.0,157.92,0.0,0.0,0.0,1.0,157.92,0.0,157.92,157.92,0.0,0.0,0.0,0.0,32.0,0.0,75.0
18005,4,2,226.47,44,0.045454545454545456,5.147045454545455,43.0,0.0,43.0,1.0,113.235,26.63671244729724,132.07,94.4,0.2352339157265619,37.66999999999999,-37.66999999999999,0.7147724691451504,26.0,7.0710678118654755,43.0
18006,23,1,444.68,1,1.0,444.68,0.0,0.0,0.0,1.0,444.68,0.0,444.68,444.68,0.0,0.0,0.0,0.0,21.0,0.0,220.0
18008,70,9,2116.19,249,0.03614457831325301,8.498755020080322,30.75,43.67002895088837,129.0,0.022386374566701787,235.13222222222223,235.48005944122835,615.0,8.28,1.0014793260392758,606.72,-50.79649999999998,0.8071159377640236,3.0,3.708099243547832,175.66666666666666
18009,235,1,247.39,1,1.0,247.39,0.0,0.0,0.0,1.0,247.39,0.0,247.39,247.39,0.0,0.0,0.0,0.0,31.0,0.0,125.0
18010,257,1,174.8,1,1.0,174.8,0.0,0.0,0.0,1.0,174.8,0.0,174.8,174.8,0.0,0.0,0.0,0.0,14.0,0.0,60.0
18011,373,1,102.79,1,1.0,102.78999999999999,0.0,0.0,0.0,1.0,102.78999999999999,0.0,102.78999999999999,102.78999999999999,0.0,0.0,0.0,0.0,28.0,0.0,71.0
18013,155,2,187.29,1,2.0,187.29000000000002,0.0,0.0,0.0,1.0,93.64500000000001,118.1787563397077,177.21,10.08,1.2619868262022285,167.13,-167.13,0.056881665820213305,15.5,20.506096654409877,142.5
18014,28,1,162.22,1,1.0,162.22,0.0,0.0,0.0,1.0,162.22,0.0,162.22,162.22,0.0,0.0,0.0,0.0,29.0,0.0,66.0
18015,4,1,120.03,1,1.0,120.03,0.0,0.0,0.0,1.0,120.03,0.0,120.03,120.03,0.0,0.0,0.0,0.0,46.0,0.0,157.0
18016,32,5,1477.66,332,0.015060240963855422,4.45078313253012,82.25,44.16918231829368,128.0,0.02213898832512176,295.532,205.0605352572747,624.55,156.65,0.6938691419449491,467.9,226.84499999999997,2.4228947781088284,24.4,13.24009063413087,205.4
18017,81,3,523.0,230,0.013043478260869565,2.273913043478261,114.5,37.476659402887016,141.0,0.02598978226069613,174.33333333333334,8.08290376865476,179.0,165.0,0.04636464876857414,14.0,14.0,1.084848484848485,1.0,0.0,100.0
18018,108,2,122.14,92,0.021739130434782608,1.327608695652174,91.0,0.0,91.0,1.0,61.07,33.4037243432525,84.69,37.45,0.5469743629155477,47.239999999999995,47.239999999999995,2.2614152202937245,14.5,17.67766952966369,27.5
18019,52,1,38.45,1,1.0,38.45,0.0,0.0,0.0,1.0,38.45,0.0,38.45,38.45,0.0,0.0,0.0,0.0,5.0,0.0,7.0
18022,36,1,612.72,1,1.0,612.72,0.0,0.0,0.0,1.0,612.72,0.0,612.72,612.72,0.0,0.0,0.0,0.0,141.0,0.0,703.0
18024,153,2,389.78,1,2.0,389.78,0.0,0.0,0.0,1.0,194.89,201.79413321501693,337.58,52.2,1.0354257951409356,285.38,-285.38,0.1546300136263997,10.5,13.435028842544403,92.0
18027,99,1,115.31,1,1.0,115.31,0.0,0.0,0.0,1.0,115.31,0.0,115.31,115.31,0.0,0.0,0.0,0.0,21.0,0.0,78.0
18030,4,2,230.65,39,0.05128205128205128,5.9141025641025635,38.0,0.0,38.0,1.0,115.32499999999999,8.167083322704617,121.1,109.55,0.07081797808545083,11.549999999999997,-11.549999999999997,0.9046242774566474,4.5,0.7071067811865476,33.5
18032,334,1,73.5,1,1.0,73.5,0.0,0.0,0.0,1.0,73.5,0.0,73.5,73.5,0.0,0.0,0.0,0.0,5.0,0.0,42.0
18033,65,1,93.82,1,1.0,93.82000000000001,0.0,0.0,0.0,1.0,93.82000000000001,0.0,93.82000000000001,93.82000000000001,0.0,0.0,0.0,0.0,32.0,0.0,252.0
18034,22,2,418.68,1,2.0,418.67999999999995,0.0,0.0,0.0,1.0,209.33999999999997,71.85619110417696,260.15,158.53,0.3432511278502769,101.61999999999998,101.61999999999998,1.6410143190563298,53.5,13.435028842544403,279.5
18035,36,3,713.89,8,0.375,89.23625,3.5,4.949747468305833,7.0,0.1680743603534397,237.96333333333334,190.44834531529364,429.7,48.83,0.8003264311670998,380.87,-287.605,0.33068419827786827,15.0,6.082762530298219,194.66666666666666
18036,32,3,403.12,214,0.014018691588785047,1.8837383177570093,106.5,47.37615433949868,140.0,0.0206713413592595,134.37333333333333,21.341706429743,149.43,109.95,0.1588239712473432,39.480000000000004,36.635000000000005,1.3331969076853116,30.333333333333332,10.016652800877813,77.33333333333333
18037,154,6,70.02,208,0.028846153846153848,0.33663461538461537,41.0,27.613402542968153,70.0,0.034948657311842615,11.67,10.658817945719871,31.3,2.1,0.913352009059115,29.2,-5.626666666666665,0.6115074798619103,3.1666666666666665,2.228601953392904,3.3333333333333335
18040,19,2,357.20000000000005,227,0.00881057268722467,1.573568281938326,226.0,0.0,226.0,1.0,178.60000000000002,85.41849916733497,239.00000000000003,118.2,0.4782670726054589,120.80000000000003,-120.80000000000003,0.4945606694560669,9.5,3.5355339059327378,74.0
18041,12,21,4097.37,362,0.058011049723756904,11.318701657458563,17.6,11.85615540774629,39.0,0.07778375169589694,195.11285714285714,79.08688640620878,377.7,83.89,0.40533918453309914,293.81,-25.280454545454546,0.8786664368723834,21.095238095238095,17.20437375176662,178.95238095238096
18042,54,1,165.04999999999998,1,1.0,165.04999999999998,0.0,0.0,0.0,1.0,165.04999999999998,0.0,165.04999999999998,165.04999999999998,0.0,0.0,0.0,0.0,7.0,0.0,33.0
18043,25,3,529.29,343,0.008746355685131196,1.543119533527697,171.0,15.556349186104045,182.0,0.0603997891539587,176.43000000000004,97.41449019524765,287.91,107.7,0.5521424372002927,180.21000000000004,-167.22000000000003,0.419193497968115,36.666666666666664,19.655363983740756,88.33333333333333
18044,4,10,2088.6,357,0.028011204481792718,5.8504201680672265,39.0,27.1062723368596,78.0,0.035579246796401495,208.85999999999999,123.05972172531155,431.97,72.12,0.5891971738260632,359.85,95.44400000000002,1.5923121796224355,12.7,6.1472667819844045,103.3
18045,45,1,178.34,1,1.0,178.34,0.0,0.0,0.0,1.0,178.34,0.0,178.34,178.34,0.0,0.0,0.0,0.0,43.0,0.0,138.0
18048,203,2,172.29000000000002,1,2.0,172.29000000000002,0.0,0.0,0.0,1.0,86.14500000000001,116.45341579361252,168.49,3.8,1.3518302373162983,164.69,-164.69,0.022553267256216983,3.5,3.5355339059327378,63.5
18050,359,1,74.4,1,1.0,74.4,0.0,0.0,0.0,1.0,74.4,0.0,74.4,74.4,0.0,0.0,0.0,0.0,5.0,0.0,40.0
18053,71,1,300.02,1,1.0,300.02,0.0,0.0,0.0,1.0,300.02,0.0,300.02,300.02,0.0,0.0,0.0,0.0,20.0,0.0,302.0
18055,7,10,6761.34,363,0.027548209366391185,18.626280991735538,39.77777777777778,28.38916068580479,87.0,0.034026150344708836,676.134,332.190585096367,1233.01,306.0,0.491308801356487,927.01,394.65599999999995,1.8242503226776607,35.4,21.61892175335712,245.2
18056,288,1,363.65,1,1.0,363.65,0.0,0.0,0.0,1.0,363.65,0.0,363.65,363.65,0.0,0.0,0.0,0.0,19.0,0.0,211.0
18058,10,1,170.16,1,1.0,170.16,0.0,0.0,0.0,1.0,170.16,0.0,170.16,170.16,0.0,0.0,0.0,0.0,3.0,0.0,88.0
18059,23,3,306.46,45,0.06666666666666667,6.8102222222222215,22.0,1.4142135623730951,23.0,0.4142135623730951,102.15333333333332,19.53591905525137,124.08,86.6,0.19124113152044023,37.480000000000004,-32.89,0.7349290780141844,6.0,1.0,86.0
18061,22,10,2119.41,345,0.028985507246376812,6.143217391304347,37.77777777777778,7.47960189077229,44.0,0.11793006474610847,211.94099999999997,93.74188550956767,405.16,92.4,0.4423017986589083,312.76,-52.366000000000014,0.7800893652046832,4.6,1.776388345929897,95.5
18062,173,3,720.52,165,0.01818181818181818,4.366787878787878,81.5,48.79036790187178,116.0,0.020084205884375615,240.17333333333332,73.3190434562081,316.12,169.8,0.30527553762369447,146.32,105.56,1.6216725559481744,9.0,5.291502622129181,132.0
18064,133,2,814.0,103,0.019417475728155338,7.902912621359223,102.0,0.0,102.0,1.0,407.0,1.4142135623730951,408.0,406.0,0.003474726197476892,2.0,-2.0,0.9950980392156863,3.5,2.1213203435596424,192.0
18065,6,14,2392.83,359,0.03899721448467967,6.665264623955432,27.384615384615383,38.256891452256596,96.0,0.025473234456583983,170.91642857142855,130.0932290325284,466.09000000000003,17.4,0.7611511082924394,448.69000000000005,-3.8157142857142503,0.9779214230804204,9.785714285714286,7.875752188043536,73.35714285714286
18066,75,1,318.0,1,1.0,318.0,0.0,0.0,0.0,1.0,318.0,0.0,318.0,318.0,0.0,0.0,0.0,0.0,10.0,0.0,108.0
18067,40,1,396.33,1,1.0,396.33,0.0,0.0,0.0,1.0,396.33,0.0,396.33,396.33,0.0,0.0,0.0,0.0,36.0,0.0,189.0
18068,289,1,101.7,1,1.0,101.7,0.0,0.0,0.0,1.0,101.7,0.0,101.7,101.7,0.0,0.0,0.0,0.0,1.0,0.0,6.0
18069,26,5,2009.24,302,0.016556291390728478,6.653112582781457,74.75,20.12254125767088,92.0,0.047342788341665054,401.848,218.92470742243782,782.85,248.07,0.5447948165038468,534.78,108.07166666666666,1.3206826802767515,90.6,31.301757139176708,259.2
18071,258,2,453.0,109,0.01834862385321101,4.155963302752293,108.0,0.0,108.0,1.0,226.5,45.89123009900692,258.95,194.05,0.20261028741283407,64.89999999999998,-64.89999999999998,0.7493724657269744,12.5,2.1213203435596424,130.0
18072,186,1,247.44,1,1.0,247.44,0.0,0.0,0.0,1.0,247.44,0.0,247.44,247.44,0.0,0.0,0.0,0.0,18.0,0.0,288.0
18073,114,12,3859.82,83,0.14457831325301204,46.50385542168675,7.181818181818182,5.91300569622898,14.0,0.14465487863629223,321.6516666666667,271.0059739641221,832.5000000000001,17.700000000000003,0.8425449082002439,814.8000000000001,204.6766666666667,1.9332613916162569,5.916666666666667,4.640892025018336,258.5
18074,374,1,489.6,1,1.0,489.6,0.0,0.0,0.0,1.0,489.6,0.0,489.6,489.6,0.0,0.0,0.0,0.0,13.0,0.0,190.0
18075,23,10,2611.75,338,0.029585798816568046,7.72707100591716,37.0,15.612494995995995,57.0,0.0601956539484902,261.175,98.82265667458158,404.8,78.62,0.3783771673191599,326.18,70.678,1.3129616181653943,14.2,5.633234713140696,146.4
18077,8,11,2584.41,359,0.03064066852367688,7.198913649025069,35.4,27.06863703829787,92.0,0.03562695255332718,234.94636363636363,58.36825580274389,335.86,158.15,0.24843225874771527,177.71,25.28600000000003,1.1143366161136585,20.181818181818183,4.895266730591538,167.1818181818182
18078,217,2,336.13,42,0.047619047619047616,8.003095238095238,41.0,0.0,41.0,1.0,168.065,42.249630175896215,197.94,138.19,0.2513886304459359,59.75,-59.75,0.6981408507628575,14.5,9.192388155425117,72.5
18079,45,4,3613.15,194,0.020618556701030927,18.624484536082473,64.0,57.41950887982237,111.0,0.01711756944169368,903.2875,509.42160328323985,1612.83,480.8,0.5639639685960891,1132.03,-399.6049999999999,0.6377403475691014,30.0,18.421002506197464,1836.75
18080,19,2,1231.5,224,0.008928571428571428,5.497767857142857,223.0,0.0,223.0,1.0,615.75,319.25871170572617,841.4999999999999,390.0,0.5184875545362991,451.4999999999999,-451.4999999999999,0.4634581105169341,1.0,0.0,321.0
18081,36,3,343.45,98,0.030612244897959183,3.5045918367346944,48.5,38.890872965260115,76.0,0.025068390979331865,114.48333333333335,20.32807992244554,135.4,94.80000000000001,0.17756366215558775,40.599999999999994,1.8499999999999943,1.0163355408388521,5.666666666666667,2.309401076758503,65.0
18082,26,1,680.84,1,1.0,680.84,0.0,0.0,0.0,1.0,680.84,0.0,680.84,680.84,0.0,0.0,0.0,0.0,62.0,0.0,608.0
18084,16,1,90.48,1,1.0,90.48,0.0,0.0,0.0,1.0,90.48,0.0,90.48,90.48,0.0,0.0,0.0,0.0,1.0,0.0,312.0
18085,330,2,689.95,44,0.045454545454545456,15.680681818181819,43.0,0.0,43.0,1.0,344.975,58.08882207447488,386.05,303.9,0.16838559917233098,82.15000000000003,82.15000000000003,1.2703191839420864,14.5,7.7781745930520225,132.5
18086,274,1,101.34,1,1.0,101.34,0.0,0.0,0.0,1.0,101.34,0.0,101.34,101.34,0.0,0.0,0.0,0.0,7.0,0.0,106.0
18087,98,2,4055.72,193,0.010362694300518135,21.014093264248707,192.0,0.0,192.0,1.0,2027.8600000000001,1661.785788602129,3202.92,852.8,0.8194775717269086,2350.12,-2350.12,0.26625704045058884,1.0,0.0,1953.5
18088,61,1,166.03,1,1.0,166.03,0.0,0.0,0.0,1.0,166.03,0.0,166.03,166.03,0.0,0.0,0.0,0.0,35.0,0.0,107.0
18092,2,11,9068.26,364,0.03021978021978022,24.912802197802197,35.9,31.082149217838847,102.0,0.031169981574799343,824.3872727272727,449.037570122833,1485.72,221.4,0.5446925067599697,1264.32,46.088666666666654,1.0576650384694946,8.090909090909092,4.570657402486987,386.54545454545456
18093,93,4,2106.52,210,0.01904761904761905,10.03104761904762,69.33333333333333,93.94856748952235,177.0,0.010532017769624074,526.63,410.2896529688914,899.36,89.64,0.7790852267605176,809.72,-64.25999999999999,0.8849953468394302,9.0,7.702813338860896,348.0
18094,82,7,3017.3,211,0.03317535545023697,14.3,34.666666666666664,33.46440895439014,82.0,0.02901544028575654,431.04285714285714,226.51644014760353,639.48,45.0,0.5255079312740611,594.48,-282.375,0.5233372721134368,10.0,6.683312551921141,359.7142857142857
18095,313,2,580.05,21,0.09523809523809523,27.62142857142857,20.0,0.0,20.0,1.0,290.025,119.81924407206046,374.75,205.3,0.4131341921284733,169.45,-169.45,0.5478318879252836,10.5,7.7781745930520225,209.5
18096,12,3,849.06,53,0.05660377358490566,16.02,25.5,27.577164466275352,45.0,0.034992974939138055,283.02,144.41133369649347,431.21,142.71,0.5102513380555914,288.5,210.46499999999995,2.4747740172377544,57.666666666666664,28.884828774519907,262.6666666666667
18097,8,6,2662.4,347,0.01729106628242075,7.672622478386168,69.0,60.398675482166,134.0,0.016286996293437345,443.73333333333335,252.93880261175167,799.38,182.52,0.5700243448281663,616.86,-83.57333333333327,0.8278684022628661,17.666666666666668,12.452576707921404,277.0
18099,127,1,168.31,1,1.0,168.31,0.0,0.0,0.0,1.0,168.31,0.0,168.31,168.31,0.0,0.0,0.0,0.0,19.0,0.0,149.0
18101,11,2,222.4,133,0.015037593984962405,1.6721804511278195,132.0,0.0,132.0,1.0,111.2,1.3717871555019006,112.17,110.23,0.012336215427175364,1.9399999999999977,1.9399999999999977,1.0175995645468565,18.5,7.7781745930520225,43.5
18102,1,60,259657.3,367,0.16348773841961853,707.5130790190736,6.0,11.04067714065301,60.0,0.08305180749541852,4327.621666666667,4593.311623381185,22206.0,80.60000000000001,1.0613939889341493,22125.4,-1737.5093333333334,0.6656305814134965,7.183333333333334,4.999971751332629,1068.7333333333333
18104,37,1,754.64,1,1.0,754.64,0.0,0.0,0.0,1.0,754.64,0.0,754.64,754.64,0.0,0.0,0.0,0.0,38.0,0.0,362.0
18105,38,1,113.48000000000002,1,1.0,113.48000000000002,0.0,0.0,0.0,1.0,113.48000000000002,0.0,113.48000000000002,113.48000000000002,0.0,0.0,0.0,0.0,18.0,0.0,46.0
18106,330,1,421.9,1,1.0,421.9,0.0,0.0,0.0,1.0,421.9,0.0,421.9,421.9,0.0,0.0,0.0,0.0,33.0,0.0,126.0
18108,254,1,271.0,1,1.0,271.0,0.0,0.0,0.0,1.0,271.0,0.0,271.0,271.0,0.0,0.0,0.0,0.0,17.0,0.0,84.0
18109,2,26,8004.92,369,0.07046070460704607,21.693550135501354,14.16,10.073397308422484,43.0,0.09030652221241937,307.88153846153847,162.0759507809177,692.67,15.0,0.5264230898377323,677.67,118.90307692307692,1.4786180289138868,16.73076923076923,7.1641200007129555,162.69230769230768
18110,20,1,198.8,1,1.0,198.8,0.0,0.0,0.0,1.0,198.8,0.0,198.8,198.8,0.0,0.0,0.0,0.0,33.0,0.0,72.0
18112,12,2,352.69,155,0.012903225806451613,2.27541935483871,154.0,0.0,154.0,1.0,176.345,28.701464248361948,196.64,156.05,0.16275745979960843,40.589999999999975,-40.589999999999975,0.7935821806346625,13.0,1.4142135623730951,127.5
18113,369,1,76.32000000000001,1,1.0,76.32000000000001,0.0,0.0,0.0,1.0,76.32000000000001,0.0,76.32000000000001,76.32000000000001,0.0,0.0,0.0,0.0,1.0,0.0,72.0
18114,290,1,220.1,1,1.0,220.1,0.0,0.0,0.0,1.0,220.1,0.0,220.1,220.1,0.0,0.0,0.0,0.0,28.0,0.0,55.0
18116,68,8,1403.11,297,0.026936026936026935,4.724276094276095,42.0,58.50925852660699,166.0,0.016804107877648876,175.38875000000002,86.89327878618856,349.49,32.8,0.4954324538272184,316.69,-60.88249999999999,0.7042097847738426,46.0,28.680506072442807,104.625
18117,26,1,315.65,1,1.0,315.65,0.0,0.0,0.0,1.0,315.65,0.0,315.65,315.65,0.0,0.0,0.0,0.0,68.0,0.0,605.0
18118,11,26,5625.08,359,0.07242339832869081,15.668746518105849,13.84,12.41195660106281,56.0,0.07456033670141436,216.34923076923076,94.25427701374943,472.11,106.14,0.43565801772730084,365.97,-28.844615384615395,0.8750079165875008,48.15384615384615,24.950659001625276,110.1923076923077
18119,368,1,180.7,1,1.0,180.7,0.0,0.0,0.0,1.0,180.7,0.0,180.7,180.7,0.0,0.0,0.0,0.0,29.0,0.0,124.0
18120,214,1,111.15,1,1.0,111.15,0.0,0.0,0.0,1.0,111.15,0.0,111.15,111.15,0.0,0.0,0.0,0.0,17.0,0.0,31.0
18121,149,2,653.3000000000001,6,0.3333333333333333,108.88333333333334,5.0,0.0,5.0,1.0,326.65000000000003,429.0723948239971,630.0500000000001,23.25,1.313553940988817,606.8000000000001,-606.8000000000001,0.03690183318784223,15.0,18.384776310850235,219.0
18122,8,6,1793.06,143,0.04195804195804196,12.538881118881118,28.0,22.34949663862701,66.0,0.042827475704367124,298.8433333333333,141.25942498349153,442.88,119.19,0.4726872217889804,323.69,88.34666666666672,1.3469064541040041,56.666666666666664,28.661239796398664,204.16666666666666
18123,24,2,574.4399999999999,8,0.25,71.80499999999999,7.0,0.0,7.0,1.0,287.21999999999997,30.066180336051985,308.47999999999996,265.96,0.1046799677461597,42.51999999999998,-42.51999999999998,0.8621628630705395,17.0,5.656854249492381,291.0
18125,30,4,1131.75,287,0.013937282229965157,3.9433797909407664,95.0,76.01973427998811,172.0,0.01298368540671307,282.9375,175.52037172837424,545.22,175.75,0.6203503308270351,369.47,-155.09500000000003,0.569760184196291,46.75,21.12463017427761,200.0
18126,61,1,200.92,1,1.0,200.92,0.0,0.0,0.0,1.0,200.92,0.0,200.92,200.92,0.0,0.0,0.0,0.0,52.0,0.0,135.0
18127,19,3,347.08,115,0.02608695652173913,3.018086956521739,57.0,80.61017305526642,114.0,0.012253374335118734,115.69333333333333,82.58722076285976,183.69,23.79,0.7138459787039855,159.9,-35.86,0.7431232091690544,14.333333333333334,13.650396819628845,62.333333333333336
18129,243,1,112.55,1,1.0,112.55000000000001,0.0,0.0,0.0,1.0,112.55000000000001,0.0,112.55000000000001,112.55000000000001,0.0,0.0,0.0,0.0,13.0,0.0,48.0
18130,15,3,1059.39,42,0.07142857142857142,25.223571428571432,20.5,10.606601717798213,28.0,0.08615786293989429,353.13000000000005,89.83145718510862,455.91,289.62,0.2543863653190287,166.29000000000002,58.90499999999997,1.1876792200344102,23.333333333333332,6.8068592855540455,274.6666666666667
18133,212,1,931.5,1,1.0,931.5,0.0,0.0,0.0,1.0,931.5,0.0,931.5,931.5,0.0,0.0,0.0,0.0,1.0,0.0,1350.0
18135,29,5,681.91,162,0.030864197530864196,4.209320987654322,40.0,50.01333155602947,110.0,0.019602718926554914,136.382,23.893779943742675,171.84,109.82000000000001,0.17519745966287834,62.019999999999996,32.745000000000005,1.2805071315372425,3.8,3.1144823004794873,69.8
18136,63,3,784.33,257,0.011673151750972763,3.0518677042801556,127.5,28.991378028648448,148.0,0.03334291605556694,261.4433333333333,68.47970672639693,311.86,183.48000000000002,0.261929443192522,128.38,-41.31999999999999,0.8570192740233227,12.666666666666666,6.110100926607786,126.33333333333333
18138,295,1,152.65,1,1.0,152.65,0.0,0.0,0.0,1.0,152.65,0.0,152.65,152.65,0.0,0.0,0.0,0.0,8.0,0.0,38.0
18139,18,6,8438.34,1,6.0,8438.34,0.0,0.0,0.0,1.0,1406.39,1046.1305573397615,2786.4,461.4,0.7438410094922187,2325.0,261.98,1.205410067429826,26.5,6.97853852894716,926.1666666666666
18142,157,2,1019.52,59,0.03389830508474576,17.28,58.0,0.0,58.0,1.0,509.76,321.422458456157,737.04,282.48,0.6305368378377217,454.55999999999995,454.55999999999995,2.6091758708581136,7.5,2.1213203435596424,638.0
18143,117,2,1000.16,26,0.07692307692307693,38.46769230769231,25.0,0.0,25.0,1.0,500.08000000000004,28.14284989122458,519.98,480.18,0.05627669551116737,39.80000000000001,39.80000000000001,1.082885584572452,30.5,2.1213203435596424,285.0
18144,8,12,2888.75,366,0.03278688524590164,7.89275956284153,32.63636363636363,17.96258738195991,55.0,0.05273541947927168,240.72916666666666,86.51208653953644,363.4,134.4,0.35937517558613147,228.99999999999997,42.474999999999966,1.1935153194882113,3.5833333333333335,1.4433756729740643,111.91666666666667
18145,13,4,2861.55,300,0.013333333333333334,9.5385,99.33333333333333,22.501851775650227,117.0,0.042549838606168,715.3875,280.5260554000882,1079.47,414.77,0.39213161454468826,664.7,406.995,1.7950829279728067,54.25,25.064915718988562,656.25
18146,141,2,160.35,80,0.025,2.0043750000000005,79.0,0.0,79.0,1.0,80.17500000000001,4.985102807365153,83.7,76.65,0.062177771217526066,7.049999999999997,7.049999999999997,1.091976516634051,5.0,1.4142135623730951,76.5
18147,46,2,179.34,63,0.031746031746031744,2.8466666666666667,62.0,0.0,62.0,1.0,89.67,13.024906909456197,98.88,80.46000000000001,0.14525378509486112,18.419999999999987,-18.419999999999987,0.8137135922330099,3.5,0.7071067811865476,101.5
18149,51,3,612.0799999999999,223,0.013452914798206279,2.7447533632286993,111.0,74.95331880577403,164.0,0.013165981628231092,204.02666666666664,131.37057559945958,321.9,62.400000000000006,0.6438892412730016,259.5,-35.630000000000024,0.843577135832821,5.333333333333333,3.511884584284246,103.33333333333333
18150,32,3,566.58,170,0.01764705882352941,3.332823529411764,84.5,33.23401871576773,108.0,0.02921071020912346,188.85999999999999,37.240687426523145,227.57999999999998,153.3,0.1971867384651231,74.27999999999997,-58.079999999999984,0.7447930398101766,12.333333333333334,1.5275252316519468,110.66666666666667
18151,135,2,653.35,156,0.01282051282051282,4.188141025641026,155.0,0.0,155.0,1.0,326.675,19.97576656851997,340.8,312.55,0.06114874590501253,28.25,28.25,1.0903855383138699,19.0,2.8284271247461903,177.5
18154,3,2,399.19,41,0.04878048780487805,9.736341463414634,40.0,0.0,40.0,1.0,199.595,29.549992385785835,220.49,178.7,0.14804976269839343,41.79000000000002,-41.79000000000002,0.810467594902263,10.5,0.7071067811865476,127.5
18155,75,3,371.62,217,0.013824884792626729,1.7125345622119816,108.0,18.384776310850235,121.0,0.051586873325965094,123.87333333333333,25.295822448248902,152.63,105.06,0.20420716684986467,47.56999999999999,14.914999999999992,1.1309137189502325,8.333333333333334,2.5166114784235836,88.66666666666667
18156,13,2,675.64,357,0.0056022408963585435,1.8925490196078432,356.0,0.0,356.0,1.0,337.82,213.46139510459497,488.76,186.88,0.6318790927256971,301.88,301.88,2.6153681506849313,59.0,12.727922061357855,141.5
18158,9,2,453.4,80,0.025,5.6674999999999995,79.0,0.0,79.0,1.0,226.7,165.60440815388944,343.8,109.6,0.7305002565235529,234.20000000000002,-234.20000000000002,0.3187899941826643,17.0,9.899494936611665,177.0
18159,301,1,530.15,1,1.0,530.15,0.0,0.0,0.0,1.0,530.15,0.0,530.15,530.15,0.0,0.0,0.0,0.0,23.0,0.0,139.0
18160,57,2,638.0600000000001,144,0.013888888888888888,4.430972222222222,143.0,0.0,143.0,1.0,319.03,0.6788225099390912,319.51,318.55,0.0021277701468172,0.9599999999999795,0.9599999999999795,1.0030136556270601,19.5,0.7071067811865476,147.0
18161,15,5,1618.69,305,0.01639344262295082,5.307180327868853,75.5,26.614532371118855,112.0,0.036212816735794795,323.738,99.25889164200858,462.0,224.94,0.30660253551331196,237.06,84.29666666666668,1.3085981354029386,16.0,6.041522986797286,162.4
18164,37,1,399.65,1,1.0,399.65,0.0,0.0,0.0,1.0,399.65,0.0,399.65,399.65,0.0,0.0,0.0,0.0,24.0,0.0,184.0
18165,177,1,302.46,1,1.0,302.46,0.0,0.0,0.0,1.0,302.46,0.0,302.46,302.46,0.0,0.0,0.0,0.0,10.0,0.0,254.0
18167,23,3,1384.86,83,0.03614457831325301,16.685060240963857,41.0,41.012193308819754,70.0,0.02380261350911348,461.62000000000006,61.51993823143844,498.48,390.6,0.1332696551956987,107.88,-55.289999999999964,0.8890828117477131,12.333333333333334,3.055050463303893,127.33333333333333
18168,176,6,1160.04,197,0.030456852791878174,5.888527918781726,39.0,21.011901389450696,63.0,0.04542996910204471,193.34,48.547973799119575,263.3,115.15,0.2511015506316312,148.15,-36.24666666666667,0.82859124513312,21.333333333333332,8.238122763510306,98.66666666666667
18169,61,1,202.65,1,1.0,202.65,0.0,0.0,0.0,1.0,202.65,0.0,202.65,202.65,0.0,0.0,0.0,0.0,9.0,0.0,61.0
18170,33,3,980.31,184,0.016304347826086956,5.3277717391304344,91.5,19.091883092036785,105.0,0.04977134275663489,326.77,23.606729972615874,351.3,304.21,0.07224264765007765,47.09000000000003,33.84000000000003,1.1112389467801849,12.666666666666666,5.686240703077327,136.33333333333334
18171,59,5,1231.31,275,0.01818181818181818,4.477490909090909,68.25,22.998188334446407,95.0,0.04166981215680455,246.262,36.592758436608726,309.89,219.83,0.148592793190215,90.05999999999997,23.278333333333336,1.1002102211986196,10.8,2.7748873851023217,96.2
18172,15,20,7561.68,276,0.07246376811594203,27.397391304347828,14.157894736842104,17.30530797791609,62.0,0.054628963424511685,378.084,336.427931038964,1329.3600000000001,15.6,0.8898232430860973,1313.7600000000002,-309.696,0.41888270923870213,9.45,9.599753286303494,159.2
18173,87,4,2106.84,188,0.02127659574468085,11.206595744680852,62.0,43.40506882842141,112.0,0.02251995158174265,526.71,219.96674263776035,853.48,378.0,0.4176240106277844,475.48,-223.42000000000007,0.6500422919081482,7.75,4.193248541803042,305.0
18174,7,1,104.0,1,1.0,104.0,0.0,0.0,0.0,1.0,104.0,0.0,104.0,104.0,0.0,0.0,0.0,0.0,1.0,0.0,50.0
18176,358,1,476.35,1,1.0,476.35,0.0,0.0,0.0,1.0,476.35,0.0,476.35,476.35,0.0,0.0,0.0,0.0,30.0,0.0,283.0
18177,31,6,1340.87,225,0.02666666666666667,5.959422222222223,44.4,48.48504924200861,126.0,0.02020812377309074,223.47833333333335,121.2911052660774,324.17,8.25,0.5427421238423294,315.92,179.09000000000003,2.3371577899452465,12.166666666666666,6.6156380392723015,118.16666666666667
18178,129,4,1590.81,236,0.01694915254237288,6.740720338983051,78.0,19.924858845171276,90.0,0.04779004758881635,397.7025,94.71049831812027,490.87,300.65000000000003,0.23814408588862346,190.21999999999997,161.45499999999998,1.5093619370612823,24.25,8.05708797684788,245.75
18179,9,6,1793.17,328,0.018292682926829267,5.466981707317073,65.2,79.72891570816701,199.0,0.012387135281427224,298.8616666666667,95.32974780553376,469.43,210.0,0.31897616334937706,259.43,2.283333333333303,1.0076693985400151,15.0,8.532291603080617,226.66666666666666
18180,5,6,1843.75,138,0.043478260869565216,13.360507246376812,27.0,22.85825890132492,54.0,0.04191420690570455,307.2916666666667,10.211294563700857,326.65999999999997,300.65,0.0332299755293316,26.00999999999999,11.110000000000014,1.0368201853713503,19.833333333333332,4.070217029430577,286.8333333333333
18181,24,1,366.85,1,1.0,366.85,0.0,0.0,0.0,1.0,366.85,0.0,366.85,366.85,0.0,0.0,0.0,0.0,40.0,0.0,133.0
18183,227,2,632.07,48,0.041666666666666664,13.168125000000002,47.0,0.0,47.0,1.0,316.035,4.5749808742769815,319.27000000000004,312.8,0.01447618420199339,6.470000000000027,6.470000000000027,1.0206841432225064,18.5,0.7071067811865476,185.5
18184,15,1,49.8,1,1.0,49.8,0.0,0.0,0.0,1.0,49.8,0.0,49.8,49.8,0.0,0.0,0.0,0.0,1.0,0.0,60.0
18185,249,1,304.25,1,1.0,304.25,0.0,0.0,0.0,1.0,304.25,0.0,304.25,304.25,0.0,0.0,0.0,0.0,17.0,0.0,183.0
18188,15,3,2001.04,276,0.010869565217391304,7.2501449275362315,137.0,106.06601717798213,212.0,0.009340031751976365,667.0133333333333,446.0354467229408,1181.68,392.76,0.6687054432539191,788.9200000000001,360.62,1.845335208626348,23.666666666666668,15.947831618540915,389.3333333333333
18189,78,2,1090.24,191,0.010471204188481676,5.708062827225131,190.0,0.0,190.0,1.0,545.12,124.42250921758493,633.1,457.14,0.22824792562662335,175.96000000000004,-175.96000000000004,0.7220660243247512,34.0,8.48528137423857,283.0
18190,192,2,284.46000000000004,139,0.014388489208633094,2.046474820143885,138.0,0.0,138.0,1.0,142.23000000000002,41.33746242816558,171.46,113.0,0.2906381384248441,58.46000000000001,-58.46000000000001,0.6590458415957074,7.5,2.1213203435596424,70.0
18191,262,1,207.8,1,1.0,207.8,0.0,0.0,0.0,1.0,207.8,0.0,207.8,207.8,0.0,0.0,0.0,0.0,7.0,0.0,140.0
18192,72,1,957.97,1,1.0,957.97,0.0,0.0,0.0,1.0,957.97,0.0,957.97,957.97,0.0,0.0,0.0,0.0,45.0,0.0,339.0
18193,165,1,243.76,1,1.0,243.76,0.0,0.0,0.0,1.0,243.76,0.0,243.76,243.76,0.0,0.0,0.0,0.0,16.0,0.0,124.0
18194,82,1,973.84,1,1.0,973.84,0.0,0.0,0.0,1.0,973.84,0.0,973.84,973.84,0.0,0.0,0.0,0.0,7.0,0.0,632.0
18196,95,2,686.63,196,0.01020408163265306,3.503214285714286,195.0,0.0,195.0,1.0,343.315,151.97846048042464,450.78,235.85,0.4426793483547898,214.92999999999998,-214.92999999999998,0.5232042237898753,69.5,12.020815280171307,215.5
18198,4,17,5425.56,333,0.05105105105105105,16.292972972972976,20.25,13.243866504914644,56.0,0.07020565656487754,319.15058823529415,33.09212471846366,422.28000000000003,284.67,0.1036881207126789,137.61,24.51652777777781,1.0800745588548168,9.294117647058824,5.0715469272495275,239.64705882352942
18200,106,1,150.35,1,1.0,150.35,0.0,0.0,0.0,1.0,150.35,0.0,150.35,150.35,0.0,0.0,0.0,0.0,29.0,0.0,104.0
18202,200,3,1396.99,112,0.026785714285714284,12.473125,55.5,78.48885271170677,111.0,0.012580380341213861,465.66333333333336,292.1273616649651,747.24,164.02,0.6273359759160018,583.22,-30.100000000000023,0.9380314166306384,22.666666666666668,13.503086067019396,193.66666666666666
18203,157,1,160.42000000000002,1,1.0,160.42000000000002,0.0,0.0,0.0,1.0,160.42000000000002,0.0,160.42000000000002,160.42000000000002,0.0,0.0,0.0,0.0,19.0,0.0,43.0
18204,71,3,1975.35,122,0.02459016393442623,16.19139344262295,60.0,31.11269837220809,82.0,0.031140329237030088,658.4499999999999,143.146420493144,817.89,540.98,0.21739907433084368,276.90999999999997,176.20499999999993,1.3257144441569002,62.0,19.974984355438178,396.6666666666667
18205,36,2,517.36,39,0.05128205128205128,13.265641025641026,38.0,0.0,38.0,1.0,258.68,46.555910473322314,291.6,225.76,0.17997491291681736,65.84000000000003,65.84000000000003,1.291637136782424,16.0,1.4142135623730951,96.0
18209,29,1,139.10000000000002,1,1.0,139.10000000000002,0.0,0.0,0.0,1.0,139.10000000000002,0.0,139.10000000000002,139.10000000000002,0.0,0.0,0.0,0.0,8.0,0.0,58.0
18210,2,6,2621.38,266,0.022556390977443608,9.854812030075188,52.6,90.94118978768643,215.0,0.010876517938360733,436.8966666666667,416.29607044346056,1258.3700000000001,142.4,0.9528478979242854,1115.97,-274.30000000000007,0.522164283972267,22.333333333333332,23.77954302897065,233.0
18211,26,5,600.07,253,0.019762845849802372,2.371818181818182,62.75,54.67098560174918,142.0,0.01796267821004017,120.01400000000001,40.48391013723848,151.5,49.2,0.3373265630446321,102.3,-23.89333333333336,0.8221560600421782,8.4,5.176871642217915,71.8
18212,326,1,216.07,1,1.0,216.07,0.0,0.0,0.0,1.0,216.07,0.0,216.07,216.07,0.0,0.0,0.0,0.0,30.0,0.0,92.0
18213,237,1,232.48,1,1.0,232.48000000000002,0.0,0.0,0.0,1.0,232.48000000000002,0.0,232.48000000000002,232.48000000000002,0.0,0.0,0.0,0.0,15.0,0.0,232.0
18215,89,1,299.34000000000003,1,1.0,299.34000000000003,0.0,0.0,0.0,1.0,299.34000000000003,0.0,299.34000000000003,299.34000000000003,0.0,0.0,0.0,0.0,13.0,0.0,118.0
18216,31,1,481.75,1,1.0,481.75,0.0,0.0,0.0,1.0,481.75,0.0,481.75,481.75,0.0,0.0,0.0,0.0,26.0,0.0,200.0
18217,29,2,621.75,42,0.047619047619047616,14.803571428571429,41.0,0.0,41.0,1.0,310.875,9.93485027567096,317.9,303.85,0.03195770092696731,14.049999999999955,-14.049999999999955,0.9558037118590753,15.5,4.949747468305833,245.5
18218,211,2,641.92,71,0.028169014084507043,9.041126760563381,70.0,0.0,70.0,1.0,320.96000000000004,44.88713846972199,352.7,289.22,0.1398527494694728,63.47999999999996,63.47999999999996,1.2194868957886729,10.0,7.0710678118654755,268.0
18219,3,10,2069.77,367,0.027247956403269755,5.639700272479564,40.44444444444444,33.30206867114681,106.0,0.029152760715016296,206.977,104.87240597242175,460.27,68.5,0.5066862790185467,391.77,49.03,1.2687134855476756,11.4,4.742245131674331,88.5
18220,227,1,305.28,1,1.0,305.28,0.0,0.0,0.0,1.0,305.28,0.0,305.28,305.28,0.0,0.0,0.0,0.0,2.0,0.0,288.0
18221,22,5,1041.61,190,0.02631578947368421,5.482157894736843,46.5,17.635192088548397,68.0,0.05366190996305935,208.32200000000003,60.06937464299092,302.54,162.95,0.2883486844547907,139.59000000000003,-100.305,0.6264315375877544,12.8,2.04939015319192,158.2
18222,93,1,443.0,1,1.0,443.0,0.0,0.0,0.0,1.0,443.0,0.0,443.0,443.0,0.0,0.0,0.0,0.0,19.0,0.0,335.0
18223,5,14,6484.54,354,0.03954802259887006,18.317909604519773,26.692307692307693,14.772635825429708,47.0,0.06340094395559001,463.18142857142857,341.8112970824499,1389.05,15.0,0.7379641669500534,1374.05,138.51142857142867,1.3516181441025867,19.428571428571427,11.420051769479088,210.57142857142858
18224,264,1,158.95000000000002,1,1.0,158.95000000000002,0.0,0.0,0.0,1.0,158.95000000000002,0.0,158.95000000000002,158.95000000000002,0.0,0.0,0.0,0.0,10.0,0.0,69.0
18225,3,12,5504.96,362,0.03314917127071823,15.20707182320442,32.27272727272727,20.76097738109123,59.0,0.04595381827237825,458.74666666666667,301.66963059652267,1188.18,30.0,0.6575952535819102,1158.18,198.67000000000007,1.5527644715669593,22.25,9.066672237074938,270.1666666666667
18226,44,11,5228.05,294,0.03741496598639456,17.78248299319728,28.9,20.978560484456505,82.0,0.04549888518436918,475.27727272727276,126.84572323030122,720.92,317.6,0.26688783686715184,403.31999999999994,59.9376666666667,1.1354266459399045,22.0,6.276941930590086,315.09090909090907
18227,218,1,93.75,1,1.0,93.75,0.0,0.0,0.0,1.0,93.75,0.0,93.75,93.75,0.0,0.0,0.0,0.0,5.0,0.0,21.0
18228,57,2,779.9,23,0.08695652173913043,33.90869565217391,22.0,0.0,22.0,1.0,389.95,43.04866083863701,420.39,359.51,0.11039533488559305,60.879999999999995,-60.879999999999995,0.8551820928185733,15.0,7.0710678118654755,119.0
18229,12,20,7276.9,362,0.055248618784530384,20.101933701657458,18.42105263157895,9.26352338460243,36.0,0.09743242768854823,363.84499999999997,53.17198070016715,495.4,307.0,0.14613909961705437,188.39999999999998,3.641999999999996,1.0100601065122754,8.2,2.8022547312739734,124.4
18230,9,7,2810.2000000000003,294,0.023809523809523808,9.558503401360545,48.333333333333336,21.565404393766112,79.0,0.04431562504043839,401.4571428571429,64.14339917047472,503.08000000000004,320.04,0.15977645512537292,183.04000000000002,-29.124999999999943,0.9303396316670655,12.285714285714286,3.9460649476951812,188.0
18231,192,5,2071.77,97,0.05154639175257732,21.358453608247423,23.75,15.777093099385155,43.0,0.05960508140928466,414.354,165.8984111738265,659.52,233.75,0.40037844735136263,425.77,253.2983333333333,1.9654057487692551,23.4,12.720062892926277,163.8
18232,82,4,592.97,116,0.034482758620689655,5.111810344827586,38.333333333333336,36.11555528208494,76.0,0.026942881290602252,148.2425,78.10402523771313,263.13,92.35000000000001,0.5268666221745661,170.77999999999997,-74.495,0.5983880532643269,9.25,4.716990566028302,75.5
18233,326,1,440.0,1,1.0,440.0,0.0,0.0,0.0,1.0,440.0,0.0,440.0,440.0,0.0,0.0,0.0,0.0,1.0,0.0,4.0
18235,72,3,1796.48,146,0.02054794520547945,12.304657534246575,72.5,34.64823227814083,97.0,0.028051881849221198,598.8266666666667,391.81165083919257,1046.68,319.34,0.6542989359845797,727.3400000000001,252.54999999999995,1.5866979510291315,34.666666666666664,14.364307617610164,526.0
18236,30,6,882.24,211,0.02843601895734597,4.1812322274881515,41.6,12.660963628413123,54.0,0.07320127827001333,147.04,29.544789726786018,181.3,108.5,0.20093028921916498,72.80000000000001,-23.22,0.8536400882445635,8.166666666666666,1.4719601443879742,67.16666666666667
18237,3,5,987.1,132,0.03787878787878788,7.4780303030303035,32.25,20.69420208657488,62.0,0.04609526526992364,197.42000000000002,84.2250417037593,323.38,125.75,0.4266287189938167,197.63,-143.12499999999997,0.49478458850315044,12.2,4.3817804600413295,124.4
18239,219,5,1561.61,154,0.032467532467532464,10.140324675324676,37.75,19.72097022630141,52.0,0.048260288445889775,312.322,184.61395700217253,466.71000000000004,56.1,0.5911013537380413,410.61,-198.14666666666668,0.5404868470891986,17.6,11.326958991715296,159.0
18240,46,1,422.58,1,1.0,422.58,0.0,0.0,0.0,1.0,422.58,0.0,422.58,422.58,0.0,0.0,0.0,0.0,6.0,0.0,126.0
18241,10,17,2073.09,209,0.08133971291866028,9.91909090909091,12.625,12.87309856509561,41.0,0.07208195020800735,121.9464705882353,76.43015651079556,365.83,39.900000000000006,0.6267516898366807,325.92999999999995,-24.60472222222222,0.8177056643225677,6.117647058823529,5.337161616219529,61.8235294117647
18242,72,4,2232.49,142,0.028169014084507043,15.72176056338028,46.666666666666664,66.65083145267832,123.0,0.014781784325880738,558.1225,446.0061085063747,1225.49,312.92,0.7991186675082527,912.5699999999999,422.1650000000001,2.216473605348087,19.5,16.82260384126072,254.25
18245,7,7,2567.06,348,0.020114942528735632,7.376609195402299,57.666666666666664,56.248259232323505,142.0,0.017467780040993457,366.72285714285715,270.0190097452576,894.25,35.6,0.7363026451336562,858.65,-26.297500000000014,0.9311132940406025,25.0,17.068489485989478,255.42857142857142
18246,24,2,596.1,210,0.009523809523809525,2.8385714285714285,209.0,0.0,209.0,1.0,298.05,92.13601358860713,363.2,232.9,0.30912938630634834,130.29999999999998,130.29999999999998,1.5594675826534992,2.0,0.0,83.0
18248,123,2,804.02,64,0.03125,12.5628125,63.0,0.0,63.0,1.0,402.01,133.57247096613884,496.46000000000004,307.56,0.33226156306096577,188.90000000000003,-188.90000000000003,0.619506103210732,23.5,6.363961030678928,255.5
18249,17,1,95.34,1,1.0,95.34,0.0,0.0,0.0,1.0,95.34,0.0,95.34,95.34,0.0,0.0,0.0,0.0,8.0,0.0,128.0
18250,310,1,349.27,1,1.0,349.27,0.0,0.0,0.0,1.0,349.27,0.0,349.27,349.27,0.0,0.0,0.0,0.0,21.0,0.0,199.0
18251,87,1,4314.72,1,1.0,4314.72,0.0,0.0,0.0,1.0,4314.72,0.0,4314.72,4314.72,0.0,0.0,0.0,0.0,16.0,0.0,7824.0
18252,51,2,518.27,122,0.01639344262295082,4.248114754098361,121.0,0.0,121.0,1.0,259.135,267.61870347567265,448.37,69.89999999999999,1.0327385473813753,378.47,378.47,6.41444921316166,45.0,59.39696961966999,117.0
18255,89,1,103.3,1,1.0,103.30000000000001,0.0,0.0,0.0,1.0,103.30000000000001,0.0,103.30000000000001,103.30000000000001,0.0,0.0,0.0,0.0,6.0,0.0,74.0
18257,39,8,2337.63,257,0.0311284046692607,9.095836575875484,36.142857142857146,28.84688643758382,83.0,0.03350433225560102,292.20374999999996,213.8127112977617,627.27,14.85,0.7317247341889409,612.42,116.60749999999996,1.4985356990166736,14.75,12.032693559037988,130.125
18259,25,3,2338.6,342,0.008771929824561403,6.838011695906434,170.5,156.27059864222701,281.0,0.0063584675624901,779.5333333333334,360.43501957125835,1070.4,376.3,0.4623728122439814,694.1000000000001,604.8500000000001,2.607361148020197,14.0,7.0,238.0
18260,173,6,2628.35,186,0.03225806451612903,14.130913978494624,36.6,15.915401345866211,64.0,0.059117722337955654,438.05833333333334,115.54299518649613,557.07,230.70000000000002,0.2637616645876602,326.37,-4.9966666666667265,0.9886582883775827,22.166666666666668,7.678975626127918,245.83333333333334
18261,43,2,324.24,53,0.03773584905660377,6.117735849056604,52.0,0.0,52.0,1.0,162.12,88.6429060895456,224.8,99.44,0.5467734153068443,125.36000000000001,-125.36000000000001,0.44234875444839855,10.5,6.363961030678928,73.0
18262,140,1,149.48,1,1.0,149.48,0.0,0.0,0.0,1.0,149.48,0.0,149.48,149.48,0.0,0.0,0.0,0.0,13.0,0.0,182.0
18263,26,3,1213.16,227,0.013215859030837005,5.34431718061674,112.5,23.33452377915607,129.0,0.04109387999844723,404.3866666666667,98.12637022397868,503.8,307.6,0.24265481113120776,196.2,145.17999999999995,1.4719765929778932,20.333333333333332,8.386497083606082,489.3333333333333
18265,72,2,801.51,86,0.023255813953488372,9.319883720930232,85.0,0.0,85.0,1.0,400.755,124.1608797085459,488.55,312.96,0.30981741889320386,175.59000000000003,-175.59000000000003,0.6405894995394534,23.0,8.48528137423857,155.5
18268,134,1,25.5,1,1.0,25.5,0.0,0.0,0.0,1.0,25.5,0.0,25.5,25.5,0.0,0.0,0.0,0.0,1.0,0.0,2.0
18269,366,1,168.60000000000002,1,1.0,168.60000000000002,0.0,0.0,0.0,1.0,168.60000000000002,0.0,168.60000000000002,168.60000000000002,0.0,0.0,0.0,0.0,7.0,0.0,76.0
18270,38,2,283.15000000000003,229,0.008733624454148471,1.23646288209607,228.0,0.0,228.0,1.0,141.57500000000002,41.896076785302945,171.20000000000002,111.95,0.2959284957464449,59.250000000000014,59.250000000000014,1.52925413130862,5.5,0.7071067811865476,50.5
18272,3,6,3078.58,245,0.024489795918367346,12.565632653061224,48.2,21.993180761317813,74.0,0.04349115550304084,513.0966666666667,174.85870280505534,753.66,340.72,0.3407909545408377,412.93999999999994,-129.94,0.7752162380348288,27.666666666666668,6.377042156569664,341.6666666666667
18273,2,3,204.0,256,0.01171875,0.796875,127.5,48.79036790187178,162.0,0.020084205884375615,68.0,29.444863728670914,102.0,51.0,0.4330127018922193,51.0,25.5,1.5,1.0,0.0,26.666666666666668
18274,30,1,175.92,1,1.0,175.92,0.0,0.0,0.0,1.0,175.92,0.0,175.92,175.92,0.0,0.0,0.0,0.0,11.0,0.0,88.0
18276,44,1,335.86,1,1.0,335.86,0.0,0.0,0.0,1.0,335.86,0.0,335.86,335.86,0.0,0.0,0.0,0.0,14.0,0.0,186.0
18277,58,1,110.38,1,1.0,110.38,0.0,0.0,0.0,1.0,110.38,0.0,110.38,110.38,0.0,0.0,0.0,0.0,8.0,0.0,68.0
18278,74,1,173.9,1,1.0,173.9,0.0,0.0,0.0,1.0,173.9,0.0,173.9,173.9,0.0,0.0,0.0,0.0,9.0,0.0,66.0
18280,278,1,180.6,1,1.0,180.60000000000002,0.0,0.0,0.0,1.0,180.60000000000002,0.0,180.60000000000002,180.60000000000002,0.0,0.0,0.0,0.0,10.0,0.0,45.0
18281,181,1,80.82,1,1.0,80.82,0.0,0.0,0.0,1.0,80.82,0.0,80.82,80.82,0.0,0.0,0.0,0.0,7.0,0.0,54.0
18282,8,2,178.05,119,0.01680672268907563,1.496218487394958,118.0,0.0,118.0,1.0,89.025,15.817978695143072,100.21000000000001,77.84,0.17768018753319934,22.370000000000005,-22.370000000000005,0.7767687855503442,6.0,1.4142135623730951,51.5
18283,4,16,2045.53,334,0.04790419161676647,6.124341317365269,21.8,18.563404860100423,52.0,0.051115846507859206,127.845625,76.49200123487859,307.05,1.95,0.5983153606928558,305.1,18.33374999999998,1.1544821629819995,43.0625,23.336577155472764,84.8125
18287,43,3,1837.28,159,0.018867924528301886,11.555220125786164,78.5,89.80256121069154,142.0,0.01101290521618299,612.4266666666666,483.7828113248065,1001.32,70.67999999999999,0.7899440662144146,930.6400000000001,-229.27999999999997,0.7003972402257997,22.666666666666668,17.897858344878397,528.6666666666666
