CustomerID,Recency,Frequency,Monetary,Customer_Lifetime_Days,Purchase_Velocity,Purchase_Interval_Std,Purchase_Regularity_Index,Invoice_Value_CV
12346,326,1,77183.6,1,1.0,0.0,1.0,0.0
12347,2,7,4310.0,366,0.01912568306010929,18.47881670093263,0.05133782073898364,0.5539432775588239
12348,75,4,1797.24,283,0.014134275618374558,70.14983962918234,0.01405484545308584,0.6702720133445379
12349,19,1,1757.55,1,1.0,0.0,1.0,0.0
12350,310,1,334.40000000000003,1,1.0,0.0,1.0,0.0
12352,36,8,2506.04,261,0.03065134099616858,64.53791797960992,0.015258342511141701,0.7361196468623084
12353,204,1,89.0,1,1.0,0.0,1.0,0.0
12354,232,1,1079.4,1,1.0,0.0,1.0,0.0
12355,214,1,459.4,1,1.0,0.0,1.0,0.0
12356,23,3,2811.43,303,0.009900990099009901,100.40916292848975,0.009861041853832927,1.2536974954671352
12357,33,1,6207.67,1,1.0,0.0,1.0,0.0
12358,2,2,1168.06,150,0.013333333333333334,0.0,1.0,0.24013759392589407
12359,58,4,6310.03,275,0.014545454545454545,56.929781309961136,0.017262278182086768,0.6208990939084322
12360,52,3,2662.06,149,0.020134228187919462,19.79898987322333,0.04807925798778345,0.3449070165309344
12361,287,1,189.9,1,1.0,0.0,1.0,0.0
12362,3,10,5226.2300000000005,293,0.034129692832764506,25.90581230363393,0.037166690554253916,0.3177253736333017
12363,110,2,552.0,133,0.015037593984962405,0.0,1.0,0.11836352641600904
12364,8,4,1313.1,105,0.0380952380952381,2.516611478423584,0.2843646522044218,0.6818869631492375
12365,291,2,641.38,1,2.0,0.0,1.0,0.0
12367,4,1,168.9,1,1.0,0.0,1.0,0.0
12370,51,4,3541.94,310,0.012903225806451613,111.80488957703653,0.008864863958907399,0.6138676554696789
12371,45,2,1887.96,15,0.13333333333333333,0.0,1.0,0.8748834044732304
12372,72,3,1298.04,225,0.013333333333333334,41.012193308819754,0.02380261350911348,0.1672059831498657
12373,311,1,364.6,1,1.0,0.0,1.0,0.0
12374,25,1,742.9300000000001,1,1.0,0.0,1.0,0.0
12375,11,2,457.5,88,0.022727272727272728,0.0,1.0,0.00958264927509632
12377,315,2,1628.12,40,0.05,0.0,1.0,0.3256620819134466
12378,130,1,4008.62,1,1.0,0.0,1.0,0.0
12379,82,2,852.24,89,0.02247191011235955,0.0,1.0,0.11191045086647124
12380,22,4,2724.81,165,0.024242424242424242,46.357307945997036,0.02111606515176771,0.3699653413162198
12381,5,5,1845.31,116,0.04310344827586207,24.608602831801186,0.03904937753020182,1.4375720515321795
12383,185,5,1850.56,168,0.02976190476190476,18.5,0.05128205128205128,0.685605811395555
12384,29,2,585.27,93,0.021505376344086023,0.0,1.0,0.0002657978229894916
12386,338,2,401.9,30,0.06666666666666667,0.0,1.0,0.40783118158507525
12388,16,6,2780.6600000000003,312,0.019230769230769232,41.54756310543375,0.023503108686200876,0.7059169052644838
12390,80,1,549.84,1,1.0,0.0,1.0,0.0
12391,22,1,439.66,1,1.0,0.0,1.0,0.0
12393,72,4,1582.6,261,0.01532567049808429,85.04900548115383,0.011621284806353941,0.38272401312270804
12394,64,2,1272.48,154,0.012987012987012988,0.0,1.0,0.5671613425360226
12395,19,12,3018.63,352,0.03409090909090909,19.92166477161804,0.04779734361084794,0.29692852923902513
12397,36,2,2409.9,100,0.02,0.0,1.0,0.011572385347938634
12398,46,1,1635.66,1,1.0,0.0,1.0,0.0
12399,119,4,1108.65,143,0.027972027972027972,17.009801096230763,0.05552532172103156,0.5424911088883626
12401,303,1,84.3,1,1.0,0.0,1.0,0.0
12402,323,1,225.6,1,1.0,0.0,1.0,0.0
12403,50,1,427.7,1,1.0,0.0,1.0,0.0
12405,149,1,1710.39,1,1.0,0.0,1.0,0.0
12406,22,2,3415.3,162,0.012345679012345678,0.0,1.0,0.0715533345761926
12407,50,5,1708.12,215,0.023255813953488372,32.516662395352526,0.029835906338295234,0.6293331935867271
12408,33,5,2888.55,228,0.021929824561403508,38.379682124790975,0.02539380579129822,0.49611485350670836
12409,79,3,11072.67,104,0.028846153846153848,72.8319984622144,0.013544262932443554,0.8838888864252248
12410,309,2,693.33,1,2.0,0.0,1.0,1.136808799153934
12412,75,3,1226.88,95,0.031578947368421054,21.920310216782973,0.04362942693802497,0.22880871919547752
12413,67,3,758.1,271,0.01107011070110701,48.79036790187178,0.020084205884375615,0.8060969754389655
12414,217,3,562.4100000000001,94,0.031914893617021274,50.91168824543142,0.019263484463694105,0.25762513670405474
12415,24,21,124914.53,314,0.06687898089171974,14.99219094974728,0.06253051899782391,1.306984368950512
12417,3,9,3649.1,355,0.02535211267605634,15.508062419270823,0.06057646104079676,0.20171214012254154
12418,113,1,668.58,1,1.0,0.0,1.0,0.0
12420,64,1,600.39,1,1.0,0.0,1.0,0.0
12421,16,4,807.04,304,0.013157894736842105,43.54690957270485,0.022448246345078183,0.19863379572086245
12422,96,3,803.5600000000001,230,0.013043478260869565,59.39696961966999,0.01655712209233626,0.512241060761996
12423,1,8,1859.31,353,0.0226628895184136,35.55009878761976,0.027359707173725063,0.36034071281871205
12424,163,2,1760.96,1,2.0,0.0,1.0,0.9409672830508973
12425,78,1,777.2,1,1.0,0.0,1.0,0.0
12426,195,1,582.73,1,1.0,0.0,1.0,0.0
12427,22,3,825.8000000000001,350,0.008571428571428572,193.04015126392747,0.005153572564679311,0.11811402843406157
12428,26,9,7956.46,258,0.03488372093023256,37.50595190861617,0.02597001113940097,0.8690684012181287
12429,9,4,3750.4,357,0.011204481792717087,56.36783953047458,0.017431369355800582,0.3914822199235253
12430,43,1,256.4,1,1.0,0.0,1.0,0.0
12431,36,15,6419.95,339,0.04424778761061947,23.38450694017654,0.0410096461024756,0.38456183018214574
12432,43,5,5059.32,130,0.038461538461538464,63.33508769499995,0.015543617578339277,1.0746190285066664
12433,1,7,13375.87,373,0.01876675603217158,105.58156404726475,0.009382485694773058,0.5058024967223678
12434,85,2,806.14,176,0.011363636363636364,0.0,1.0,0.40987527813140384
12435,80,2,7829.89,189,0.010582010582010581,0.0,1.0,0.023135269487102577
12436,100,1,509.01,1,1.0,0.0,1.0,0.0
12437,2,18,4951.41,330,0.05454545454545454,19.356751368176734,0.04912375171822741,0.574896874430678
12438,14,2,2906.85,126,0.015873015873015872,0.0,1.0,0.5481564452453309
12441,367,1,173.55,1,1.0,0.0,1.0,0.0
12442,3,1,172.06,1,1.0,0.0,1.0,0.0
12444,21,5,5005.46,150,0.03333333333333333,9.03234926989282,0.09967755040197913,0.5059752097213192
12445,22,1,133.4,1,1.0,0.0,1.0,0.0
12446,58,1,1002.31,1,1.0,0.0,1.0,0.0
12447,243,1,476.49,1,1.0,0.0,1.0,0.0
12448,44,1,449.45,1,1.0,0.0,1.0,0.0
12449,22,4,4067.29,165,0.024242424242424242,16.165807537309522,0.05825534265291749,0.24958369671298392
12450,156,2,197.88,18,0.1111111111111111,0.0,1.0,0.04202332598925507
12451,11,5,9035.52,314,0.01592356687898089,63.53148825582476,0.01549631082481253,0.6354455065570607
12452,17,2,430.5700000000001,1,2.0,0.0,1.0,0.8886911851064596
12453,134,1,707.09,1,1.0,0.0,1.0,0.0
12454,56,1,3528.34,1,1.0,0.0,1.0,0.0
12455,73,6,2466.86,224,0.026785714285714284,38.880586415330725,0.02507485696387815,1.538311968994881
12456,44,3,3181.04,211,0.014218009478672985,26.16295090390226,0.036814851359037684,0.21664928333988853
12457,66,7,2363.23,173,0.04046242774566474,58.478771076918726,0.016812721276752454,0.750547264715286
12458,71,2,947.4,214,0.009345794392523364,0.0,1.0,0.09487799664812525
12461,94,2,826.88,61,0.03278688524590164,0.0,1.0,0.730093224537813
12462,19,2,1189.59,285,0.007017543859649123,0.0,1.0,0.3978162933253548
12463,53,4,1344.78,189,0.021164021164021163,51.11751167652823,0.01918740875824205,0.08119729647449389
12464,10,8,1212.05,300,0.02666666666666667,33.10445229730832,0.029321684784215832,0.5433389124242003
12465,17,2,742.19,153,0.013071895424836602,0.0,1.0,0.2661737459786546
12468,188,2,729.54,129,0.015503875968992248,0.0,1.0,0.5589859676589436
12471,2,30,19788.65,363,0.08264462809917356,14.616695360143192,0.06403403389376425,0.9334720200340552
12472,32,7,6572.11,337,0.020771513353115726,26.867576494106544,0.035883995876407865,0.5268746977458434
12473,29,5,3928.05,163,0.03067484662576687,34.7598906787694,0.027964291305669416,0.7869497954273235
12474,17,18,7324.09,313,0.05750798722044728,14.946719097002722,0.06270882392278145,0.6229878733634028
12475,54,1,723.38,1,1.0,0.0,1.0,0.0
12476,16,11,6816.42,346,0.031791907514450865,26.218949889980973,0.03673911021703634,0.8509876206251564
12477,23,6,13219.74,279,0.021505376344086023,50.122849081032896,0.01956072515471385,0.5140606302540253
12478,4,1,680.99,1,1.0,0.0,1.0,0.0
12479,11,1,527.2,1,1.0,0.0,1.0,0.0
12480,28,4,3281.63,308,0.012987012987012988,30.072135496724094,0.03218317582663184,0.2914439441498879
12481,23,10,5579.82,343,0.029154518950437316,38.40572873934304,0.025377020854371126,0.7014782637016909
12483,17,8,2484.98,323,0.02476780185758514,40.16928464102178,0.02428995326782003,0.5649161493046416
12484,33,6,4527.32,304,0.019736842105263157,64.65833279632254,0.015230359307204478,0.6726888546653841
12488,10,3,1298.66,66,0.045454545454545456,4.949747468305833,0.1680743603534397,0.4385297130132974
12489,336,1,334.93,1,1.0,0.0,1.0,0.0
12490,5,10,5417.93,325,0.03076923076923077,34.590461112855955,0.028097416238273488,0.43133015009937303
12491,39,1,460.4,1,1.0,0.0,1.0,0.0
12492,63,2,263.21000000000004,43,0.046511627906976744,0.0,1.0,0.05603984444189556
12493,166,2,433.74,32,0.0625,0.0,1.0,0.10192353935487374
12494,16,7,1246.1,350,0.02,44.94737663831635,0.021764028181014406,0.7342148749583097
12497,82,1,1043.1,1,1.0,0.0,1.0,0.0
12498,21,3,403.7000000000001,37,0.08108108108108109,25.45584412271571,0.0377988317198079,0.8074331070993286
12500,23,11,4257.82,311,0.03536977491961415,30.52521726194408,0.0317206378528962,0.7731098281430865
12501,337,1,2169.39,1,1.0,0.0,1.0,0.0
12502,96,5,3723.87,215,0.023255813953488372,25.578311124857326,0.03762466303078044,0.2927393522159283
12504,18,2,482.05,13,0.15384615384615385,0.0,1.0,1.22263977205474
12506,233,1,73.5,1,1.0,0.0,1.0,0.0
12507,134,3,1304.81,165,0.01818181818181818,86.2670273047588,0.011459081750404354,0.8798946571929457
12508,26,2,397.88,3,0.6666666666666666,0.0,1.0,0.5392693316659445
12509,284,1,176.5,1,1.0,0.0,1.0,0.0
12510,143,2,982.57,183,0.01092896174863388,0.0,1.0,0.5462577458374068
12512,66,2,132.18,1,2.0,0.0,1.0,1.0782602724766268
12513,113,1,612.29,1,1.0,0.0,1.0,0.0
12514,267,1,1017.68,1,1.0,0.0,1.0,0.0
12515,353,1,383.7,1,1.0,0.0,1.0,0.0
12516,78,2,1312.06,103,0.019417475728155338,0.0,1.0,0.15700070690003892
12517,28,5,2481.6,162,0.030864197530864196,27.676705006196094,0.03487150981202104,0.5891647599755295
12518,1,5,2056.89,110,0.045454545454545456,6.48074069840786,0.13367660240019172,0.2181952427953716
12519,64,1,330.84000000000003,1,1.0,0.0,1.0,0.0
12520,79,5,2634.26,195,0.02564102564102564,23.7679756535273,0.04037471669016221,0.5454854596346416
12521,143,1,599.68,1,1.0,0.0,1.0,0.0
12522,39,2,192.72,13,0.15384615384615385,0.0,1.0,0.10214743040801923
12523,19,11,1789.77,313,0.03514376996805112,31.83568926709631,0.030454667537680436,0.31290524724847696
12524,9,8,4485.72,325,0.024615384615384615,29.099991818031906,0.033222600392898885,0.5842270762359202
12526,1,3,1316.66,94,0.031914893617021274,9.192388155425117,0.09811243299910322,0.3192842766715465
12527,82,3,348.71000000000004,244,0.012295081967213115,129.4005409571382,0.007668679843350447,0.4000036271204423
12528,9,6,1933.48,304,0.019736842105263157,38.161498922343185,0.025535284080494183,0.2957982007372991
12530,60,4,1662.28,278,0.014388489208633094,24.576411454889016,0.03909852645918576,0.052478666606578614
12531,15,1,125.22,1,1.0,0.0,1.0,0.0
12532,30,1,349.83000000000004,1,1.0,0.0,1.0,0.0
12534,131,1,1089.18,1,1.0,0.0,1.0,0.0
12535,92,2,716.35,95,0.021052631578947368,0.0,1.0,0.05241483922803889
12536,43,3,12601.830000000002,16,0.1875,10.606601717798213,0.08615786293989429,0.016307776594196778
12538,29,1,363.95,1,1.0,0.0,1.0,0.0
12539,22,4,5568.35,312,0.01282051282051282,118.93835938557979,0.00833761613150955,0.26875240496279
12540,20,17,13400.24,343,0.04956268221574344,12.805597734324367,0.07243438634415195,0.5015966557360362
12541,30,3,981.18,252,0.011904761904761904,25.45584412271571,0.0377988317198079,0.3405368472228092
12544,36,1,372.7,1,1.0,0.0,1.0,0.0
12545,75,2,1000.39,185,0.010810810810810811,0.0,1.0,0.3617703023289904
12546,47,2,1161.5,32,0.0625,0.0,1.0,0.4369877292601841
12547,198,2,207.8,83,0.024096385542168676,0.0,1.0,0.7554268788422212
12548,166,1,95.2,1,1.0,0.0,1.0,0.0
12550,79,1,964.83,1,1.0,0.0,1.0,0.0
12551,358,1,168.0,1,1.0,0.0,1.0,0.0
12552,39,2,437.82,1,2.0,0.0,1.0,0.6389834336225975
12553,8,10,3692.28,322,0.031055900621118012,15.594692829435418,0.06026022959739363,0.4902809255802554
12556,50,2,599.56,101,0.019801980198019802,0.0,1.0,0.04231601726094683
12557,16,5,11990.96,356,0.014044943820224719,43.36184959154764,0.022541891494770594,0.6627576976387357
12558,8,1,269.96,1,1.0,0.0,1.0,0.0
12559,311,2,561.71,9,0.2222222222222222,0.0,1.0,1.0335383195773251
12560,5,3,2134.01,138,0.021739130434782608,53.74011537017761,0.018268138333972155,0.8073201761598797
12561,303,1,238.85,1,1.0,0.0,1.0,0.0
12562,8,7,3781.74,191,0.03664921465968586,13.633292583476182,0.06833732014141461,0.19278758845857924
12564,261,1,456.9,1,1.0,0.0,1.0,0.0
12565,289,1,145.92000000000002,1,1.0,0.0,1.0,0.0
12566,86,1,351.65,1,1.0,0.0,1.0,0.0
12567,23,10,9401.28,347,0.02881844380403458,39.73488531644594,0.02454898282471091,0.5612271087847649
12569,2,32,4124.6900000000005,251,0.12749003984063745,8.98720715645958,0.10012809230188188,0.590568497781938
12571,40,2,519.61,82,0.024390243902439025,0.0,1.0,0.06235375130187561
12572,9,2,1020.42,44,0.045454545454545456,0.0,1.0,0.06244924944682749
12573,227,1,160.54000000000002,1,1.0,0.0,1.0,0.0
12574,316,1,218.45,1,1.0,0.0,1.0,0.0
12576,36,5,1315.83,269,0.01858736059479554,13.904435743076137,0.06709411998133176,0.3061836494183723
12577,35,3,626.6,324,0.009259259259259259,228.39549032325485,0.004359283604881859,0.5414686224111183
12578,21,2,2794.51,309,0.006472491909385114,0.0,1.0,0.2139708343527018
12579,78,1,440.42,1,1.0,0.0,1.0,0.0
12580,247,1,415.7,1,1.0,0.0,1.0,0.0
12581,40,1,197.71,1,1.0,0.0,1.0,0.0
12582,239,2,511.36,50,0.04,0.0,1.0,0.2794355020771619
12583,3,15,7281.38,371,0.04043126684636118,17.57620769458181,0.053832300781804544,0.4345763574905691
12584,4,9,2338.15,277,0.032490974729241874,28.137417893514776,0.034320131030642,0.5503036484706433
12585,234,2,2040.1,118,0.01694915254237288,0.0,1.0,0.3366217861322361
12586,17,1,196.94000000000003,1,1.0,0.0,1.0,0.0
12587,8,1,144.0,1,1.0,0.0,1.0,0.0
12588,39,1,214.9,1,1.0,0.0,1.0,0.0
12589,29,2,646.68,116,0.017241379310344827,0.0,1.0,0.8390633073719754
12590,211,2,9864.26,1,2.0,0.0,1.0,1.2642512351187185
12591,317,1,452.85,1,1.0,0.0,1.0,0.0
12592,92,2,437.6,122,0.01639344262295082,0.0,1.0,0.0840254858813996
12593,109,3,418.1,111,0.02702702702702703,48.08326112068523,0.020373544405315983,0.6016606272463939
12594,38,10,3338.2200000000003,286,0.03496503496503497,25.267458210996303,0.03806991875526699,0.7857281944981759
12596,51,2,618.27,191,0.010471204188481676,0.0,1.0,0.17926135326504514
12597,19,4,3811.22,249,0.01606425702811245,60.53373714990124,0.01625124762963637,0.9083893436298718
12598,10,8,3023.08,276,0.028985507246376812,33.92849624051819,0.02862991848014251,0.5923407105533933
12599,29,7,1032.58,276,0.025362318840579712,34.42479726398787,0.028228813634357187,0.2917902663350776
12600,29,10,2599.04,343,0.029154518950437316,15.459624833740307,0.06075472619218616,0.42640383676369814
12601,190,5,577.0600000000001,143,0.03496503496503497,17.017148213885115,0.055502679343523355,0.26458572047070655
12602,59,1,153.12,1,1.0,0.0,1.0,0.0
12603,22,1,739.1999999999999,1,1.0,0.0,1.0,0.0
12604,79,2,254.18,183,0.01092896174863388,0.0,1.0,0.5720726984153027
12607,60,1,1579.51,1,1.0,0.0,1.0,0.0
12609,78,3,1126.85,241,0.012448132780082987,16.97056274847714,0.05564656009922349,0.3203505456540367
12610,23,5,2099.54,104,0.04807692307692308,25.38208029299411,0.03790451658452252,0.7407673645316837
12611,52,1,1193.32,1,1.0,0.0,1.0,0.0
12612,74,1,704.04,1,1.0,0.0,1.0,0.0
12613,57,5,3344.38,205,0.024390243902439025,66.56325312562981,0.014800945095709943,1.1142295852634037
12614,278,1,315.6,1,1.0,0.0,1.0,0.0
12615,2,4,2291.19,167,0.023952095808383235,35.510561809129406,0.027389334769150325,0.18425783287638123
12616,95,2,713.3,203,0.009852216748768473,0.0,1.0,0.40069053828067086
12617,29,1,352.98,1,1.0,0.0,1.0,0.0
12618,22,1,177.31,1,1.0,0.0,1.0,0.0
12619,16,9,3641.24,238,0.037815126050420166,22.315513501982043,0.04288989817509232,0.36433475824406686
12620,15,3,1339.41,190,0.015789473684210527,40.30508652763321,0.02421009333392868,0.224843543615123
12621,2,20,13689.67,365,0.0547945205479452,15.5856434163545,0.0602931086178988,0.4643827193152619
12622,232,1,180.1,1,1.0,0.0,1.0,0.0
12623,276,1,305.1,1,1.0,0.0,1.0,0.0
12624,106,2,641.13,72,0.027777777777777776,0.0,1.0,0.09098982959445069
12625,212,2,2683.82,108,0.018518518518518517,0.0,1.0,0.3948997801319183
12626,23,9,6620.4800000000005,304,0.029605263157894735,48.51509338045518,0.020195862144828845,0.6307971187050891
12627,11,7,4478.53,130,0.05384615384615385,18.91472089846072,0.05021411071230698,0.5387831984782777
12628,4,3,786.46,61,0.04918032786885246,2.1213203435596424,0.32037724101704074,0.23996299884254255
12630,10,2,1270.88,35,0.05714285714285714,0.0,1.0,0.1476662940064441
12631,57,1,640.5,1,1.0,0.0,1.0,0.0
12633,59,4,2163.98,230,0.017391304347826087,13.228756555322953,0.07028021008806296,0.726305561082596
12635,90,2,1689.18,66,0.030303030303030304,0.0,1.0,0.26950079075521816
12637,67,8,6002.9,257,0.0311284046692607,32.22170223992046,0.03010080557516893,0.7545577239191039
12638,33,1,671.69,1,1.0,0.0,1.0,0.0
12639,239,1,486.1,1,1.0,0.0,1.0,0.0
12640,24,3,1174.58,58,0.05172413793103448,38.890872965260115,0.025068390979331865,0.8868699998088793
12641,115,1,185.9,1,1.0,0.0,1.0,0.0
12642,25,3,1013.26,83,0.03614457831325301,22.627416997969522,0.04232371232479358,0.11866669051196971
12643,128,6,3344.64,205,0.02926829268292683,43.8782406210641,0.022282513444402696,0.7123631631782763
12644,130,1,477.91,1,1.0,0.0,1.0,0.0
12645,34,4,1775.18,283,0.014134275618374558,17.616280348965084,0.05371642354191298,0.13531483988847312
12646,5,2,1346.97,45,0.044444444444444446,0.0,1.0,0.12222143091223421
12647,22,12,3722.82,347,0.0345821325648415,27.020194468043883,0.03568854602848911,0.4264732137412033
12648,155,1,318.05,1,1.0,0.0,1.0,0.0
12649,107,3,623.51,106,0.02830188679245283,74.24621202458749,0.013289705529272881,0.871777879720749
12650,3,1,314.44,1,1.0,0.0,1.0,0.0
12651,335,1,114.0,1,1.0,0.0,1.0,0.0
12652,331,1,919.98,1,1.0,0.0,1.0,0.0
12653,149,2,2209.85,148,0.013513513513513514,0.0,1.0,0.4170293313665758
12654,11,5,601.98,285,0.017543859649122806,72.25591094621025,0.013650775576789589,0.4296499773037334
12656,17,5,4051.17,217,0.02304147465437788,24.404576073624664,0.039362987089487864,0.3744613796877056
12657,11,4,1643.18,68,0.058823529411764705,19.28730152198591,0.049291917849018624,0.6152931466913586
12658,19,1,686.05,1,1.0,0.0,1.0,0.0
12659,30,1,91.68,1,1.0,0.0,1.0,0.0
12660,11,1,245.1,1,1.0,0.0,1.0,0.0
12662,1,11,3849.78,373,0.029490616621983913,18.103406677565783,0.05234668438349045,0.34508628150249926
12664,8,9,4881.88,315,0.02857142857142857,34.48705761379395,0.028179287527385653,0.41504951280266544
12665,325,1,63.0,1,1.0,0.0,1.0,0.0
12667,58,1,620.13,1,1.0,0.0,1.0,0.0
12668,12,4,3807.15,344,0.011627906976744186,115.00144926623028,0.008620581952428371,0.42176822207405457
12669,151,3,2744.03,106,0.02830188679245283,64.34671708797582,0.015302987580136691,0.4196705649822776
12670,10,5,2996.05,223,0.02242152466367713,37.133767202731626,0.02622347786106921,0.19989286678328533
12672,330,1,225.9,1,1.0,0.0,1.0,0.0
12673,5,2,610.52,322,0.006211180124223602,0.0,1.0,0.39082439927207724
12674,39,4,1970.6,170,0.023529411764705882,21.197484127446195,0.04505015047014021,0.20195123243541124
12676,25,6,1331.39,287,0.020905923344947737,10.545141061171254,0.0866165250560005,0.6458647583438459
12678,42,12,17628.46,312,0.038461538461538464,25.139971794299647,0.03825558833303984,1.7230505024320597
12679,59,4,1113.02,226,0.017699115044247787,44.06056437828882,0.02219235408604474,1.236185063321508
12680,1,4,862.81,113,0.035398230088495575,30.512292604784715,0.0317336479621341,0.39472158266474267
12681,15,22,13787.54,354,0.062146892655367235,17.436005440303283,0.05424168501349441,0.4176210637208599
12682,4,31,12279.82,368,0.08423913043478261,11.084886677078758,0.08274798322243986,0.4913466819488021
12683,4,15,8476.57,362,0.04143646408839779,23.67650571931853,0.040524376156593704,0.6059171695659139
12684,8,7,2283.63,206,0.03398058252427184,37.30102768914908,0.026108960002744423,0.5431886576071654
12685,28,6,2863.08,66,0.09090909090909091,8.734987120768983,0.10272227252017241,0.6404552986962487
12686,372,1,89.14,1,1.0,0.0,1.0,0.0
12688,114,1,4873.81,1,1.0,0.0,1.0,0.0
12689,26,2,1247.61,102,0.0196078431372549,0.0,1.0,0.2556695353461831
12690,206,1,389.01,1,1.0,0.0,1.0,0.0
12691,28,6,1035.8,330,0.01818181818181818,66.9686493816323,0.0147126654582346,0.49543032741693427
12693,127,4,855.91,193,0.02072538860103627,17.672954855748753,0.053553388187629815,0.1643952465250673
12694,70,2,869.67,113,0.017699115044247787,0.0,1.0,0.015171976194350723
12695,7,4,582.1,204,0.0196078431372549,31.480152477394387,0.03078803280544888,0.5165605490962449
12697,29,3,957.59,141,0.02127659574468085,45.96194077712559,0.0212938388714779,0.2694435340583506
12700,8,4,4939.99,208,0.019230769230769232,18.475208614068027,0.05134733187287372,0.15968655629504555
12701,80,2,797.71,163,0.012269938650306749,0.0,1.0,0.21903459356306904
12702,20,1,219.0,1,1.0,0.0,1.0,0.0
12703,71,1,283.55,1,1.0,0.0,1.0,0.0
12704,7,8,2340.84,163,0.049079754601226995,15.349887544182453,0.06116250018831572,0.5313633336712524
12705,15,9,6868.29,342,0.02631578947368421,37.84838173555113,0.02574109796405946,0.5287315093472977
12707,292,1,603.42,1,1.0,0.0,1.0,0.0
12708,30,10,2712.91,339,0.029498525073746312,20.841331797922873,0.04578475384431918,0.39773553216330404
12709,15,15,9706.52,352,0.04261363636363636,11.112066503491688,0.08256229436254484,0.5016893160464221
12710,97,3,1149.02,105,0.02857142857142857,17.67766952966369,0.05353987007917717,0.8471544573860347
12712,29,13,4396.13,343,0.037900874635568516,17.034723895086127,0.05544858938885487,0.5686366191771708
12713,1,1,848.55,1,1.0,0.0,1.0,0.0
12714,9,5,4708.86,286,0.017482517482517484,30.923292192132454,0.031325089968209846,0.32664759424609313
12715,106,1,343.36,1,1.0,0.0,1.0,0.0
12716,4,2,1053.49,130,0.015384615384615385,0.0,1.0,0.4058234079497767
12717,151,2,1030.98,95,0.021052631578947368,0.0,1.0,0.25856879523106985
12718,71,1,238.25,1,1.0,0.0,1.0,0.0
12719,5,2,644.95,60,0.03333333333333333,0.0,1.0,0.17048624618111194
12720,3,25,5781.7300000000005,367,0.0681198910081744,11.802419304925381,0.0781102365250041,0.623194592891878
12721,32,6,2656.13,324,0.018518518518518517,22.67156809750927,0.0422447721199011,0.3060894974778858
12722,85,4,997.63,66,0.06060606060606061,16.522711641858304,0.05706879280094966,0.9989870357699699
12723,4,5,725.07,62,0.08064516129032258,22.715633383201094,0.04216627841398271,0.9822861478521409
12724,5,4,1031.41,328,0.012195121951219513,43.66157731156002,0.022390610905297426,0.7486311411003502
12725,371,1,427.8,1,1.0,0.0,1.0,0.0
12726,28,7,2609.1,330,0.021212121212121213,23.549239195070964,0.04073445991763287,0.5336369575600012
12727,11,7,3980.7,310,0.02258064516129032,42.9391041670255,0.022758770779638678,0.4897168876599579
12728,71,4,836.33,262,0.015267175572519083,86.72562097404281,0.011399178357436656,0.17649260993195678
12729,114,1,453.01,1,1.0,0.0,1.0,0.0
12731,24,12,18895.91,342,0.03508771929824561,20.752217844234035,0.04597232370330802,0.5351410401690248
12732,180,1,236.26,1,1.0,0.0,1.0,0.0
12733,234,1,383.95,1,1.0,0.0,1.0,0.0
12734,353,1,110.4,1,1.0,0.0,1.0,0.0
12735,315,2,779.5699999999999,22,0.09090909090909091,0.0,1.0,0.25402763720910837
12736,333,1,234.0,1,1.0,0.0,1.0,0.0
12738,372,1,155.35,1,1.0,0.0,1.0,0.0
12739,78,2,1013.04,21,0.09523809523809523,0.0,1.0,1.3095128425811993
12740,64,1,427.6,1,1.0,0.0,1.0,0.0
12743,134,2,540.13,1,2.0,0.0,1.0,0.39135486117769147
12744,52,7,21279.29,267,0.026217228464419477,48.133148660772235,0.020352858045069623,0.5690275202475863
12747,2,11,4196.01,367,0.02997275204359673,17.461385970191486,0.05416711408421021,0.2873741203025233
12748,1,209,33053.19,373,0.5603217158176944,3.1354739005765278,0.2418102553761951,1.5263205164787805
12749,4,5,4090.88,210,0.023809523809523808,50.940324563813554,0.01925286390483383,0.8166011584916583
12750,129,1,275.88,1,1.0,0.0,1.0,0.0
12752,81,1,4366.78,1,1.0,0.0,1.0,0.0
12753,23,6,21429.39,340,0.01764705882352941,43.28163582860518,0.02258272489911082,0.5439501124158492
12754,236,3,3010.74,73,0.0410958904109589,7.0710678118654755,0.12389934309929541,1.6789411041907358
12755,281,2,3811.95,86,0.023255813953488372,0.0,1.0,1.4011916454960909
12756,87,1,112.08,1,1.0,0.0,1.0,0.0
12757,16,13,7834.650000000001,196,0.0663265306122449,23.06840946297588,0.04154823780683501,0.7995092278060044
12758,117,2,2791.59,160,0.0125,0.0,1.0,0.17669627288395207
12759,52,3,1531.44,224,0.013392857142857142,10.606601717798213,0.08615786293989429,0.21589940054346546
12762,8,2,1898.52,18,0.1111111111111111,0.0,1.0,0.7265338558060883
12763,138,2,494.08,231,0.008658008658008658,0.0,1.0,0.4181272611549986
12764,317,1,1693.88,1,1.0,0.0,1.0,0.0
12766,4,7,6989.63,363,0.01928374655647383,25.13961017995307,0.0382561175593551,0.24150110370719916
12769,239,1,1143.6,1,1.0,0.0,1.0,0.0
12770,211,1,1351.45,1,1.0,0.0,1.0,0.0
12772,60,1,892.47,1,1.0,0.0,1.0,0.0
12775,17,5,1386.04,295,0.01694915254237288,68.85249934945475,0.014315880023093345,0.3093689398084614
12778,20,6,822.23,293,0.020477815699658702,41.13392760240627,0.023733842461505773,0.2352848985975692
12779,38,8,3981.36,334,0.023952095808383235,48.67384161069329,0.020131319977972673,0.6353201112505185
12781,64,2,826.74,222,0.009009009009009009,0.0,1.0,0.4649042770178771
12782,5,5,2330.92,353,0.014164305949008499,45.96012764705222,0.021294661026390375,0.336115194241213
12783,2,6,2225.91,74,0.08108108108108109,12.853015210447703,0.07218645073354264,0.39290186126192306
12784,9,2,532.82,7,0.2857142857142857,0.0,1.0,1.1169425909647646
12785,364,1,311.95,1,1.0,0.0,1.0,0.0
12787,10,3,463.66,183,0.01639344262295082,14.142135623730951,0.06604088253131131,0.21946698038006135
12789,65,1,91.85,1,1.0,0.0,1.0,0.0
12790,192,1,324.92,1,1.0,0.0,1.0,0.0
12791,374,1,192.6,1,1.0,0.0,1.0,0.0
12792,257,1,400.54,1,1.0,0.0,1.0,0.0
12793,335,2,545.48,37,0.05405405405405406,0.0,1.0,0.7308031806147394
12794,53,2,860.41,46,0.043478260869565216,0.0,1.0,0.37213897171917154
12795,19,1,430.48,1,1.0,0.0,1.0,0.0
12797,366,1,254.03,1,1.0,0.0,1.0,0.0
12798,10,3,6977.04,161,0.018633540372670808,65.05382386916237,0.01513916895985875,0.4943197557519011
12802,187,1,427.58,1,1.0,0.0,1.0,0.0
12808,37,3,483.65,332,0.009036144578313253,26.16295090390226,0.036814851359037684,0.23150828094553064
12809,178,1,489.31,1,1.0,0.0,1.0,0.0
12811,261,3,514.85,24,0.125,15.556349186104045,0.0603997891539587,0.7300900094200127
12812,45,1,229.64,1,1.0,0.0,1.0,0.0
12814,102,1,125.92,1,1.0,0.0,1.0,0.0
12815,148,2,1063.46,51,0.0392156862745098,0.0,1.0,0.22242619416106282
12816,96,2,572.2,81,0.024691358024691357,0.0,1.0,0.16089706905013723
12817,281,1,166.04000000000002,1,1.0,0.0,1.0,0.0
12818,262,1,1542.08,1,1.0,0.0,1.0,0.0
12820,3,4,942.34,324,0.012345679012345678,124.54048873090764,0.007965557646851851,0.318566484412429
12821,214,1,92.72,1,1.0,0.0,1.0,0.0
12822,71,2,948.88,17,0.11764705882352941,0.0,1.0,0.645225250213473
12823,75,5,1759.5,222,0.02252252252252252,51.43928459844674,0.019069672816047916,0.3949109157518468
12824,60,1,397.12,1,1.0,0.0,1.0,0.0
12826,3,7,1474.72,363,0.01928374655647383,50.64944882885367,0.01936129083029741,0.3628353874979505
12827,6,3,430.15,39,0.07692307692307693,11.313708498984761,0.08121030314161228,0.4506594309881089
12828,3,6,1018.71,128,0.046875,21.224985276791124,0.044994405510102614,0.5220041433114216
12829,337,2,293.0,24,0.08333333333333333,0.0,1.0,0.586440094977239
12830,38,6,6814.64,135,0.044444444444444446,21.33541656495134,0.044771943119663885,0.6395088664596638
12831,262,1,215.05,1,1.0,0.0,1.0,0.0
12832,32,2,383.03,66,0.030303030303030304,0.0,1.0,0.5633150489811846
12833,145,1,417.38,1,1.0,0.0,1.0,0.0
12834,283,1,312.38,1,1.0,0.0,1.0,0.0
12836,59,4,2610.36,253,0.015810276679841896,7.637626158259735,0.11577254927197207,0.31713283991135166
12837,173,1,134.1,1,1.0,0.0,1.0,0.0
12838,34,2,671.95,341,0.005865102639296188,0.0,1.0,0.23073179975141364
12839,3,14,5591.42,365,0.038356164383561646,23.80260705393639,0.04031834225431924,0.3248796368389407
12840,144,4,2726.77,83,0.04819277108433735,13.45362404707371,0.06918680026152062,0.19776277103661544
12841,5,25,3991.58,368,0.06793478260869565,9.281429175306563,0.09726274265466434,0.36408231847138717
12842,70,2,1118.99,239,0.008368200836820083,0.0,1.0,0.6287935313876675
12843,66,8,1702.26,199,0.04020100502512563,31.873260923613728,0.030419860150888583,0.7384345517268127
12844,29,2,325.96000000000004,102,0.0196078431372549,0.0,1.0,0.10325893601816068
12845,267,4,354.09000000000003,23,0.17391304347826086,10.115993936995679,0.08996046648350998,0.9659795794646504
12847,22,1,843.64,1,1.0,0.0,1.0,0.0
12849,31,2,1010.29,238,0.008403361344537815,0.0,1.0,0.4583116357249652
12851,97,1,131.81,1,1.0,0.0,1.0,0.0
12852,295,1,311.55,1,1.0,0.0,1.0,0.0
12853,135,6,1957.1,182,0.03296703296703297,50.27922035990614,0.01950107651757267,0.9627317143924486
12854,79,3,1316.25,240,0.0125,60.10407640085654,0.016365520254978966,0.1370075279041745
12855,373,1,38.1,1,1.0,0.0,1.0,0.0
12856,8,6,2170.78,56,0.10714285714285714,3.70135110466435,0.21270481139089364,0.36852320991320753
12857,211,2,1106.4,92,0.021739130434782608,0.0,1.0,0.6350156342976804
12863,52,1,521.2,1,1.0,0.0,1.0,0.0
12864,138,1,147.12,1,1.0,0.0,1.0,0.0
12865,26,2,1568.23,98,0.02040816326530612,0.0,1.0,0.3557830654706626
12866,283,1,559.12,1,1.0,0.0,1.0,0.0
12867,26,7,4009.34,334,0.020958083832335328,13.827508813954884,0.06744221248136112,0.3745824175407935
12868,186,6,1607.0600000000002,188,0.031914893617021274,14.560219778561036,0.06426644444815657,0.3397604650530392
12871,84,2,380.64,124,0.016129032258064516,0.0,1.0,0.4333592631231552
12872,327,2,599.97,39,0.05128205128205128,0.0,1.0,0.3702831950150666
12873,282,1,374.0,1,1.0,0.0,1.0,0.0
12875,143,2,343.2300000000001,220,0.00909090909090909,0.0,1.0,1.00655021749883
12876,58,2,2218.02,139,0.014388489208633094,0.0,1.0,0.4878673994758378
12877,4,12,1535.77,355,0.03380281690140845,15.538807723070178,0.0604638506441482,0.5589858843843792
12878,236,2,854.99,30,0.06666666666666667,0.0,1.0,0.37155381058944364
12879,45,3,573.22,48,0.0625,18.384776310850235,0.051586873325965094,0.8220398574405791
12881,276,1,298.0,1,1.0,0.0,1.0,0.0
12882,9,2,1463.04,25,0.08,0.0,1.0,0.5020272554093467
12883,25,4,703.47,65,0.06153846153846154,36.950417228136054,0.02635017143523287,0.6207982558581504
12884,88,1,309.05,1,1.0,0.0,1.0,0.0
12885,63,3,1175.22,61,0.04918032786885246,42.42640687119285,0.02302746351928452,0.8582076750879041
12886,68,2,1378.4,152,0.013157894736842105,0.0,1.0,0.17605850791005748
12888,214,2,354.12,42,0.047619047619047616,0.0,1.0,0.7643750023670236
12890,24,1,376.72,1,1.0,0.0,1.0,0.0
12891,186,3,331.0,108,0.027777777777777776,26.16295090390226,0.036814851359037684,0.7605916437863259
12893,31,1,176.55,1,1.0,0.0,1.0,0.0
12895,42,2,372.8,45,0.044444444444444446,0.0,1.0,0.6175803861436155
12897,205,2,216.5,98,0.02040816326530612,0.0,1.0,0.26847195110177463
12901,9,28,17654.54,262,0.10687022900763359,8.125616347431192,0.1095816394123882,1.048285400310565
12902,265,1,138.68,1,1.0,0.0,1.0,0.0
12904,18,2,496.06,155,0.012903225806451613,0.0,1.0,0.01904395959491248
12906,12,5,2919.81,67,0.07462686567164178,33.0,0.029411764705882353,0.9751366916595438
12908,176,2,750.0,137,0.014598540145985401,0.0,1.0,0.21496046148071044
12909,40,5,2178.67,214,0.02336448598130841,46.75735236302415,0.02093918424117339,0.3986590018271917
12910,23,8,3075.04,219,0.0365296803652968,26.076809620810597,0.036931972931974366,0.6211573293389278
12912,3,5,1662.3,38,0.13157894736842105,5.188127472091127,0.16159977384274446,0.5693557108212333
12913,5,5,2483.63,364,0.013736263736263736,119.6895289210102,0.008285722953268694,0.7222031667212991
12915,149,2,363.65,224,0.008928571428571428,0.0,1.0,0.1386407630925363
12916,139,4,2944.95,182,0.02197802197802198,4.358898943540674,0.18660549686337075,0.10447887885288265
12917,128,1,594.0,1,1.0,0.0,1.0,0.0
12919,8,6,1335.19,162,0.037037037037037035,30.57286378473564,0.031672768324660636,0.4495959187075606
12920,17,1,162.78,1,1.0,0.0,1.0,0.0
12921,9,37,16587.09,365,0.10136986301369863,13.524199357225118,0.06885061099788238,0.5660846370002943
12922,161,1,405.38,1,1.0,0.0,1.0,0.0
12923,64,1,172.82,1,1.0,0.0,1.0,0.0
12924,88,4,933.7,240,0.016666666666666666,29.569128044860125,0.03271274203609937,0.5567211242165868
12925,5,2,694.05,71,0.028169014084507043,0.0,1.0,0.08674169202539098
12928,35,5,2062.7,324,0.015432098765432098,48.03123983409131,0.020395160379050873,0.25070105403692344
12929,312,1,117.85,1,1.0,0.0,1.0,0.0
12930,78,2,415.8,94,0.02127659574468085,0.0,1.0,0.09292042935072858
12931,22,15,42055.96,337,0.04451038575667656,23.643878003258415,0.040578029150597966,1.8166942220229674
12933,24,3,607.53,260,0.011538461538461539,24.748737341529164,0.03883685583242708,0.39249231676004004
12935,2,7,2160.7,318,0.0220125786163522,41.302138766251154,0.023639466683367905,0.46192429982527916
12936,17,4,1063.9,62,0.06451612903225806,31.240998703626616,0.031016408926796534,1.3351759213588894
12937,15,4,1504.27,253,0.015810276679841896,37.233497463081996,0.026155075165843596,0.5826398702472743
12938,26,1,114.14,1,1.0,0.0,1.0,0.0
12939,64,8,11581.8,271,0.02952029520295203,46.995440508324094,0.02083531246737,0.6796795629551869
12940,55,2,899.69,34,0.058823529411764705,0.0,1.0,0.2784602836247972
12942,131,3,675.6,235,0.01276595744680851,72.12489168102785,0.01367523393213379,0.33923571377647405
12944,36,2,604.51,320,0.00625,0.0,1.0,0.071610191964137
12945,288,1,462.95,1,1.0,0.0,1.0,0.0
12947,144,6,1603.99,230,0.02608695652173913,36.569112649885284,0.02661761030448648,0.48291586742547027
12948,16,7,2064.95,249,0.028112449799196786,37.31710957009755,0.026098001942724672,0.4853299076025667
12949,31,8,4167.22,222,0.036036036036036036,36.450226989952306,0.026702107847525053,0.9750679203350414
12950,2,3,1843.0,22,0.13636363636363635,7.7781745930520225,0.11391890072356342,0.7862839949982091
12951,9,6,1064.07,323,0.018575851393188854,60.639920844275515,0.016223252501027016,0.3999660804335168
12952,6,4,1387.79,73,0.0547945205479452,20.808652046684813,0.0458533612191778,0.7953883505376175
12953,10,1,329.85,1,1.0,0.0,1.0,0.0
12955,1,11,4757.16,267,0.04119850187265917,16.234736421225527,0.058022355292213515,0.6429086228378265
12956,306,1,108.07,1,1.0,0.0,1.0,0.0
12957,10,8,4017.54,330,0.024242424242424242,40.5697518097506,0.0240559531020688,0.5942804690219688
12962,7,2,266.39,107,0.018691588785046728,0.0,1.0,0.3965149253862624
12963,8,8,1856.63,358,0.0223463687150838,102.04224148664635,0.009704757831084196,0.6191517959598938
12965,89,1,769.8100000000001,1,1.0,0.0,1.0,0.0
12966,10,1,160.18,1,1.0,0.0,1.0,0.0
12967,358,2,1660.9,14,0.14285714285714285,0.0,1.0,0.9161011329744194
12968,112,1,135.95,1,1.0,0.0,1.0,0.0
12970,7,4,405.47,316,0.012658227848101266,181.86533479473212,0.005468505012841873,1.584337754009858
12971,4,86,11189.91,369,0.23306233062330622,3.8674827690873643,0.20544500051460818,0.5695373706478133
12974,198,1,144.8,1,1.0,0.0,1.0,0.0
12976,212,1,738.6,1,1.0,0.0,1.0,0.0
12977,156,1,39.24,1,1.0,0.0,1.0,0.0
12980,158,9,7374.900000000001,201,0.04477611940298507,20.479519386101675,0.046555976510677895,0.21246369278732422
12981,30,2,372.22,104,0.019230769230769232,0.0,1.0,0.008130721142008662
12982,243,1,390.54,1,1.0,0.0,1.0,0.0
12984,19,1,97.5,1,1.0,0.0,1.0,0.0
12985,1,2,1239.38,28,0.07142857142857142,0.0,1.0,0.30738018156825536
12987,74,2,558.7,125,0.016,0.0,1.0,0.12630974899305075
12988,292,1,505.82,1,1.0,0.0,1.0,0.0
12989,3,15,6924.11,362,0.04143646408839779,18.79282654818933,0.05052335489149634,0.6671285344491035
12990,31,3,409.5,279,0.010752688172043012,20.506096654409877,0.04649844256116777,0.25890051845844175
12991,23,2,503.76,90,0.022222222222222223,0.0,1.0,0.29016419288328393
12993,23,4,414.76,276,0.014492753623188406,5.131601439446886,0.16308953050448222,0.6461444632148381
12994,4,3,974.42,265,0.011320754716981131,23.33452377915607,0.04109387999844723,0.09260828324758934
12995,85,1,211.32,1,1.0,0.0,1.0,0.0
12997,22,4,1226.89,295,0.013559322033898305,43.29357150124408,0.022576639591411426,0.010570750438866404
12999,196,3,455.88,50,0.06,22.627416997969522,0.04232371232479358,0.9609685941883508
13000,107,3,534.85,259,0.011583011583011582,34.64823227814083,0.028051881849221198,0.5187829719478559
13001,4,13,9785.97,323,0.04024767801857585,35.08776873999707,0.02771021969257059,0.526904049826468
13002,318,1,120.95,1,1.0,0.0,1.0,0.0
13003,106,3,149.05,110,0.02727272727272727,12.727922061357855,0.07284423640594942,0.34323146792982456
13004,12,18,5655.91,347,0.05187319884726225,11.329620210653447,0.08110549902712712,0.37905729419154804
13005,174,2,513.7,73,0.0273972602739726,0.0,1.0,0.3567881597888906
13006,56,1,81.57,1,1.0,0.0,1.0,0.0
13008,323,1,229.47,1,1.0,0.0,1.0,0.0
13011,372,1,50.55,1,1.0,0.0,1.0,0.0
13012,9,8,1646.84,286,0.027972027972027972,32.69775003181193,0.029675571783159493,0.6687558398022753
13013,1,13,4810.9400000000005,371,0.03504043126684636,32.23305286456275,0.030090524757848094,0.5702555005200107
13014,11,10,3466.28,271,0.03690036900369004,19.32614809008769,0.049197712993524,0.3791717628297258
13015,53,5,3339.64,196,0.025510204081632654,66.71581521648372,0.014767598925052519,0.850160772197588
13016,73,3,789.89,50,0.06,34.64823227814083,0.028051881849221198,0.8365711704165963
13017,7,1,204.0,1,1.0,0.0,1.0,0.0
13018,16,28,7277.7,280,0.1,9.730997260934137,0.0931879839015959,0.5324633273945893
13021,4,9,2616.38,355,0.02535211267605634,35.59469262203486,0.02732636697699347,0.4474742900442394
13023,64,2,689.9,66,0.030303030303030304,0.0,1.0,0.03505298147061887
13026,1,5,975.36,275,0.01818181818181818,41.572226305551645,0.023489492722855197,0.5222735191364872
13027,114,6,6912.0,241,0.024896265560165973,34.20964776199837,0.02840130656118906,0.5296749527356901
13028,23,2,661.3199999999999,23,0.08695652173913043,0.0,1.0,0.1081210876936788
13029,31,3,1247.5,323,0.009287925696594427,75.66042558696059,0.0130445401567154,0.12216275068805572
13030,11,2,752.44,357,0.0056022408963585435,0.0,1.0,0.09826043942489167
13032,52,2,1010.18,35,0.05714285714285714,0.0,1.0,0.0246113310761636
13033,357,1,190.55,1,1.0,0.0,1.0,0.0
13034,55,2,642.77,315,0.006349206349206349,0.0,1.0,0.6843678587615342
13035,74,2,921.88,187,0.0106951871657754,0.0,1.0,0.39253369889793416
13037,138,3,881.07,119,0.025210084033613446,31.81980515339464,0.030469406973202804,0.1335418187075592
13038,80,3,908.46,211,0.014218009478672985,2.1213203435596424,0.32037724101704074,0.3300491418613985
13040,9,2,676.99,25,0.08,0.0,1.0,0.14725167877173884
13043,273,1,516.42,1,1.0,0.0,1.0,0.0
13044,291,1,560.47,1,1.0,0.0,1.0,0.0
13045,99,1,305.28000000000003,1,1.0,0.0,1.0,0.0
13046,31,2,629.31,236,0.00847457627118644,0.0,1.0,0.5255631180693072
13047,32,10,3237.54,343,0.029154518950437316,25.415437128730336,0.03785665159076113,0.6699881108646112
13048,14,4,1819.41,313,0.012779552715654952,18.448125469362285,0.05141883733603815,0.04063264916529563
13049,64,2,656.6800000000001,254,0.007874015748031496,0.0,1.0,0.7518581940910259
13050,15,17,5836.86,352,0.048295454545454544,17.5836097924554,0.05381085866352949,0.2068553916280525
13052,212,1,348.15000000000003,1,1.0,0.0,1.0,0.0
13055,78,3,1214.41,136,0.022058823529411766,95.45941546018392,0.010367054322579587,0.900903419011922
13058,25,3,271.40000000000003,128,0.0234375,42.42640687119285,0.02302746351928452,0.47615187528366687
13059,250,1,183.4,1,1.0,0.0,1.0,0.0
13060,254,1,307.53000000000003,1,1.0,0.0,1.0,0.0
13061,72,1,248.61,1,1.0,0.0,1.0,0.0
13062,191,1,346.98,1,1.0,0.0,1.0,0.0
13064,13,4,1105.59,315,0.012698412698412698,60.58327602014712,0.016238174787467422,0.4502558119668158
13065,373,1,205.86,1,1.0,0.0,1.0,0.0
13066,24,2,470.8,8,0.25,0.0,1.0,0.5021839918384325
13067,82,1,115.46,1,1.0,0.0,1.0,0.0
13068,10,2,344.0,310,0.0064516129032258064,0.0,1.0,0.057555203119835266
13069,1,24,4431.44,369,0.06504065040650407,14.729712382713736,0.06357395327195914,0.6825048674011615
13070,192,1,228.8,1,1.0,0.0,1.0,0.0
13072,267,1,177.15,1,1.0,0.0,1.0,0.0
13075,130,1,919.61,1,1.0,0.0,1.0,0.0
13077,1,4,728.02,366,0.01092896174863388,149.81432953270303,0.006630669665796956,0.7303201122969704
13078,3,26,12627.94,364,0.07142857142857142,7.706490770772389,0.11485683799918459,0.4039830625752774
13079,4,5,220.1,137,0.0364963503649635,20.2895703913776,0.0469713564725104,0.8879847921323525
13080,179,1,58.08,1,1.0,0.0,1.0,0.0
13081,12,11,28337.38,360,0.030555555555555555,34.500241545048155,0.028168822421420613,0.8696665938914655
13082,126,9,3613.63,213,0.04225352112676056,25.068121475007143,0.03836103038566671,1.0294327081859178
13083,4,2,303.75,72,0.027777777777777776,0.0,1.0,0.37726329204639303
13085,158,2,416.08,138,0.014492753623188406,0.0,1.0,0.47625361555402357
13089,3,97,58762.08,367,0.26430517711171664,4.32849341724784,0.18767030785157632,0.9753858066433695
13090,9,14,8910.82,365,0.038356164383561646,21.372160180225833,0.04469841052201449,0.7073608171276149
13091,28,1,345.82,1,1.0,0.0,1.0,0.0
13092,71,5,477.83,289,0.01730103806228374,53.66174925711361,0.018294328549499562,0.6334173950627807
13093,276,8,7832.47,98,0.08163265306122448,8.383657572069263,0.10656825361749452,0.4986310817521767
13094,21,12,1927.32,348,0.034482758620689655,22.554177198268818,0.042455314468530785,0.41943347279914267
13095,71,1,74.39999999999999,1,1.0,0.0,1.0,0.0
13097,33,10,6003.22,328,0.03048780487804878,17.98610574860495,0.05267009534451147,0.3259436971632833
13098,1,28,28882.44,317,0.08832807570977919,9.039798046303284,0.09960359714289335,0.6605757856594545
13099,99,1,207.36,1,1.0,0.0,1.0,0.0
13101,234,1,101.19,1,1.0,0.0,1.0,0.0
13102,1,24,6424.09,364,0.06593406593406594,13.743845190935872,0.06782491182251246,0.3680475600261015
13103,40,1,243.94,1,1.0,0.0,1.0,0.0
13104,3,6,1098.48,352,0.017045454545454544,40.82523729263554,0.023909009601149996,0.46945692676226936
13106,133,1,76.5,1,1.0,0.0,1.0,0.0
13107,44,4,1531.62,290,0.013793103448275862,58.23229344616267,0.016882682432496365,0.49768190999678
13108,373,1,350.06,1,1.0,0.0,1.0,0.0
13109,60,2,786.54,98,0.02040816326530612,0.0,1.0,0.08421919198204258
13110,31,7,1488.67,280,0.025,45.49029200463178,0.02150986704708955,0.46353783451559216
13113,1,24,12245.96,366,0.06557377049180328,12.182732547832435,0.07585680710517217,0.713885071464632
13115,12,4,2294.78,173,0.023121387283236993,62.864934582006846,0.015658044692990848,0.7236622420204862
13116,138,1,501.14,1,1.0,0.0,1.0,0.0
13117,22,8,984.91,351,0.022792022792022793,35.33513023283526,0.02752157467420667,0.39982791719879673
13118,20,5,1197.81,270,0.018518518518518517,83.03162048280161,0.011900282230123904,0.6818156264452524
13120,239,1,30.6,1,1.0,0.0,1.0,0.0
13121,269,1,283.73,1,1.0,0.0,1.0,0.0
13122,94,2,922.39,147,0.013605442176870748,0.0,1.0,1.3568103427206175
13124,90,3,3756.33,270,0.011111111111111112,39.59797974644666,0.024631767547189955,0.00860967836311265
13126,5,8,2099.64,362,0.022099447513812154,59.943624308495856,0.016408607321054827,0.4378940361031572
13127,78,1,259.17,1,1.0,0.0,1.0,0.0
13130,94,1,64.0,1,1.0,0.0,1.0,0.0
13131,23,3,1073.3,165,0.01818181818181818,48.79036790187178,0.020084205884375615,0.2192657875124774
13132,262,1,77.3,1,1.0,0.0,1.0,0.0
13133,274,2,109.8,31,0.06451612903225806,0.0,1.0,0.06568751519219287
13134,86,4,1793.58,155,0.025806451612903226,45.50824101193101,0.021501565706246867,0.8147730008872198
13135,197,1,3096.0,1,1.0,0.0,1.0,0.0
13136,56,5,2607.61,157,0.03184713375796178,30.04995840263344,0.03220616230890625,0.5495465099076671
13137,11,8,3603.29,299,0.026755852842809364,36.615115275889366,0.02658505743410502,0.38946416763748964
13138,22,6,962.39,351,0.017094017094017096,47.07228483938293,0.02080200688070387,0.2513493936147326
13139,16,7,5064.9400000000005,244,0.028688524590163935,35.852010636318106,0.027135561472309135,0.7340384924138703
13140,108,3,422.47,259,0.011583011583011582,171.82694782833104,0.0057861347004362984,0.16708714764106133
13141,85,5,2388.75,231,0.021645021645021644,58.68205290660283,0.01675545580787766,0.6388387859095662
13142,19,1,307.09000000000003,1,1.0,0.0,1.0,0.0
13144,333,1,110.95,1,1.0,0.0,1.0,0.0
13145,40,4,618.52,333,0.012012012012012012,116.64618867898486,0.008500062868408334,0.61343167416725
13146,26,1,228.91,1,1.0,0.0,1.0,0.0
13147,10,4,712.8,90,0.044444444444444446,23.437861108329262,0.04092011144376157,0.3849001794597505
13148,29,12,3683.26,336,0.03571428571428571,35.68702336093102,0.02725759433143127,0.6031999019303145
13149,14,4,1676.06,275,0.014545454545454545,48.0,0.02040816326530612,0.3187742917247176
13151,296,1,1257.87,1,1.0,0.0,1.0,0.0
13153,6,1,486.22,1,1.0,0.0,1.0,0.0
13155,33,4,971.76,336,0.011904761904761904,116.940155635265,0.008478876381107576,0.532080181055472
13157,49,4,1741.22,249,0.01606425702811245,22.6789182575654,0.04223165894330923,0.683432763204524
13158,95,4,1201.06,225,0.017777777777777778,76.95020034628456,0.012828703397266692,0.10621271144424384
13159,9,4,1429.35,107,0.037383177570093455,23.57965224510319,0.040684058099285034,0.22429813582715458
13160,22,1,91.8,1,1.0,0.0,1.0,0.0
13161,313,1,112.75,1,1.0,0.0,1.0,0.0
13162,122,4,1688.29,213,0.018779342723004695,27.061657993059725,0.03563581311721931,0.7519477893257065
13165,46,2,1021.48,306,0.006535947712418301,0.0,1.0,0.4322331070337943
13166,283,1,417.2,1,1.0,0.0,1.0,0.0
13167,19,4,791.33,126,0.031746031746031744,26.210684844162312,0.036750269452131654,0.2754748387092553
13168,36,4,1299.59,282,0.014184397163120567,68.00980321492875,0.014490694849332247,0.6699599014785486
13169,64,2,712.88,189,0.010582010582010581,0.0,1.0,0.5902211018365549
13170,27,1,108.81,1,1.0,0.0,1.0,0.0
13171,22,3,468.41,278,0.01079136690647482,157.6848122046001,0.0063018003179198465,0.21987011199395806
13173,4,2,353.65000000000003,364,0.005494505494505495,0.0,1.0,0.08705621165803001
13174,16,3,2742.82,353,0.0084985835694051,174.65537495307723,0.005692965559790753,0.43145094132647216
13176,46,1,481.49,1,1.0,0.0,1.0,0.0
13177,65,1,282.45,1,1.0,0.0,1.0,0.0
13178,26,11,5725.47,335,0.03283582089552239,19.795903055374307,0.04808639458153124,0.39062426680572865
13182,45,1,121.18,1,1.0,0.0,1.0,0.0
13183,8,9,3957.78,327,0.027522935779816515,19.300259065618782,0.04926045508914881,0.344624505385409
13184,15,10,1668.95,276,0.036231884057971016,35.505085707699834,0.027393443423393334,0.5728299287017774
13185,268,1,71.4,1,1.0,0.0,1.0,0.0
13186,40,3,1575.89,90,0.03333333333333333,12.727922061357855,0.07284423640594942,0.7643243719977589
13187,337,1,236.02,1,1.0,0.0,1.0,0.0
13188,11,1,114.6,1,1.0,0.0,1.0,0.0
13189,19,2,260.68,97,0.020618556701030927,0.0,1.0,0.036239629417877416
13192,95,2,911.94,110,0.01818181818181818,0.0,1.0,0.02589793899996788
13193,61,1,112.08,1,1.0,0.0,1.0,0.0
13194,136,1,60.7,1,1.0,0.0,1.0,0.0
13196,11,4,1797.78,251,0.01593625498007968,88.95129753597378,0.011117127016428805,1.0245782013892886
13198,10,6,3401.24,352,0.017045454545454544,31.693847983480957,0.03058679420376777,0.39874374573399723
13199,4,38,9817.12,364,0.1043956043956044,9.286238971415404,0.09721726306173871,1.148737835276622
13200,19,4,870.09,108,0.037037037037037035,28.583211855912904,0.03380295570577562,0.5162350732350833
13203,10,4,869.46,233,0.017167381974248927,46.130250378683186,0.021217795194491386,0.5508304633677781
13207,15,2,250.26,136,0.014705882352941176,0.0,1.0,0.8181484838183357
13208,59,6,1217.65,251,0.02390438247011952,36.156603822815,0.026913116300095685,0.662459221987229
13209,30,8,5891.61,332,0.024096385542168676,44.87761134463375,0.021797124363951193,0.85391123319057
13210,94,1,353.48,1,1.0,0.0,1.0,0.0
13211,10,3,1095.42,351,0.008547008547008548,128.69343417595164,0.007710490560712014,0.7819678061795567
13212,20,3,786.83,42,0.07142857142857142,28.991378028648448,0.03334291605556694,0.8152016120406084
13213,57,5,1520.58,143,0.03496503496503497,32.877297131404625,0.029518293508515737,0.63201681025755
13216,268,1,333.74,1,1.0,0.0,1.0,0.0
13217,122,3,533.98,35,0.08571428571428572,10.606601717798213,0.08615786293989429,1.0694013918847283
13218,127,1,62.64,1,1.0,0.0,1.0,0.0
13220,78,4,819.2900000000001,159,0.025157232704402517,48.01388688008224,0.02040238111387917,0.9021550522882812
13221,240,2,847.41,120,0.016666666666666666,0.0,1.0,0.24851080536337503
13223,200,2,163.2,32,0.0625,0.0,1.0,0.33275613232308116
13224,60,2,2155.95,92,0.021739130434782608,0.0,1.0,0.17617075370325933
13225,3,7,6463.84,359,0.019498607242339833,20.77899580505917,0.04591579928435929,0.37598616697331466
13226,273,1,108.21,1,1.0,0.0,1.0,0.0
13227,202,1,257.7,1,1.0,0.0,1.0,0.0
13228,81,1,358.0,1,1.0,0.0,1.0,0.0
13229,226,1,160.95,1,1.0,0.0,1.0,0.0
13230,4,14,2755.63,361,0.038781163434903045,28.66808285112512,0.033706256147996314,0.5270201699868896
13232,13,7,1328.35,231,0.030303030303030304,31.426103799230347,0.03083935110402427,0.36157017683164394
13233,74,2,605.12,262,0.007633587786259542,0.0,1.0,0.007852587205138846
13235,212,1,1031.07,1,1.0,0.0,1.0,0.0
13236,25,2,744.85,83,0.024096385542168676,0.0,1.0,0.2536793637224532
13238,17,4,700.73,344,0.011627906976744186,98.1851991561525,0.01008214943870453,0.5255932572640357
13239,262,1,329.56,1,1.0,0.0,1.0,0.0
13240,96,4,663.65,270,0.014814814814814815,16.65332799572906,0.05664654280722218,0.3850877682415504
13242,112,3,270.40000000000003,102,0.029411764705882353,71.4177848998413,0.01380876260414576,0.7418192893071506
13243,203,1,585.12,1,1.0,0.0,1.0,0.0
13244,93,1,121.74,1,1.0,0.0,1.0,0.0
13245,51,1,430.5,1,1.0,0.0,1.0,0.0
13246,18,6,1961.52,313,0.019169329073482427,61.27968668327213,0.016056599723848524,0.46195761547388653
13247,18,4,501.12,65,0.06153846153846154,14.798648586948742,0.06329655315114102,0.9661357961244353
13248,125,2,465.68,65,0.03076923076923077,0.0,1.0,0.9391850332835926
13249,92,3,711.41,169,0.01775147928994083,118.79393923933998,0.008347667723006165,0.39955420647745804
13253,157,2,1030.4,183,0.01092896174863388,0.0,1.0,0.10628561555723244
13255,9,2,399.51,365,0.005479452054794521,0.0,1.0,0.18368386711606688
13258,12,3,672.83,194,0.015463917525773196,120.91525958289962,0.008202418658839196,0.6027494987653922
13259,62,1,283.18,1,1.0,0.0,1.0,0.0
13260,61,1,557.62,1,1.0,0.0,1.0,0.0
13261,269,2,944.1,18,0.1111111111111111,0.0,1.0,1.1176196789392716
13262,263,1,200.29,1,1.0,0.0,1.0,0.0
13263,1,35,7436.93,324,0.10802469135802469,8.99831634083271,0.10001683942685843,0.5120095429129269
13265,53,5,2092.66,221,0.02262443438914027,30.357591033106257,0.03189020479743596,0.5337114824671478
13266,11,12,3834.26,246,0.04878048780487805,11.545168214058602,0.07971196423491246,0.09561662243292388
13267,3,19,4521.49,365,0.052054794520547946,19.58056926676182,0.048589520874674115,0.5340205844083012
13268,18,11,3174.75,250,0.044,24.4367664709461,0.03931317296725592,0.6324762869815693
13269,1,15,5343.28,369,0.04065040650406504,27.956009399384268,0.03453514557918552,0.4487179249272122
13270,366,1,590.0,1,1.0,0.0,1.0,0.0
13271,37,1,211.49,1,1.0,0.0,1.0,0.0
13272,31,2,276.56,59,0.03389830508474576,0.0,1.0,0.02740882518918068
13273,113,1,138.98,1,1.0,0.0,1.0,0.0
13276,64,2,590.9300000000001,37,0.05405405405405406,0.0,1.0,0.756657983205289
13277,16,4,258.4,118,0.03389830508474576,44.63556130859489,0.021912735842950233,0.2692222987811795
13278,41,1,542.73,1,1.0,0.0,1.0,0.0
13279,78,1,137.75,1,1.0,0.0,1.0,0.0
13280,122,3,798.46,215,0.013953488372093023,122.32947314527271,0.00810836189028454,0.5256850701265439
13282,18,3,1132.14,203,0.014778325123152709,60.81118318204309,0.01617830218610849,0.11861409469660124
13283,60,2,93.66,126,0.015873015873015872,0.0,1.0,0.6441421158534725
13284,331,1,201.19,1,1.0,0.0,1.0,0.0
13285,23,4,2709.12,267,0.0149812734082397,42.15843134336634,0.023170443616081633,0.18562923096787323
13291,156,1,361.11,1,1.0,0.0,1.0,0.0
13292,39,2,578.94,246,0.008130081300813009,0.0,1.0,0.19493253580228168
13294,190,2,873.74,60,0.03333333333333333,0.0,1.0,0.15143386006778525
13295,360,1,201.2,1,1.0,0.0,1.0,0.0
13296,137,1,87.4,1,1.0,0.0,1.0,0.0
13297,8,4,2089.85,60,0.06666666666666667,21.73323108360405,0.043988467645553156,1.0360315486514449
13298,1,1,360.0,1,1.0,0.0,1.0,0.0
13299,268,1,142.5,1,1.0,0.0,1.0,0.0
13300,169,1,371.89,1,1.0,0.0,1.0,0.0
13301,104,4,618.09,189,0.021164021164021163,7.637626158259734,0.11577254927197207,0.09733668441817411
13302,155,1,63.75,1,1.0,0.0,1.0,0.0
13304,351,1,300.42,1,1.0,0.0,1.0,0.0
13305,4,10,2000.86,369,0.02710027100271003,32.73419890233726,0.02964350814717925,0.38088849505472877
13307,120,1,15.0,1,1.0,0.0,1.0,0.0
13308,23,3,1385.51,181,0.016574585635359115,86.2670273047588,0.011459081750404354,0.6621512057464752
13309,7,5,1456.79,302,0.016556291390728478,40.97153483415854,0.023825671468801036,0.34120975222582944
13310,28,3,1132.03,297,0.010101010101010102,43.1335136523794,0.0226585176942078,0.14454920604429067
13311,4,2,598.57,146,0.0136986301369863,0.0,1.0,0.9017067445406414
13313,22,5,1555.3200000000002,318,0.015723270440251572,48.586692279539534,0.020166701064927052,0.026529934347030038
13314,2,3,775.94,73,0.0410958904109589,36.062445840513924,0.02698148968104188,0.8281868383243376
13316,37,4,5732.93,218,0.01834862385321101,43.58898943540674,0.02242706131406358,0.36793112184496735
13317,66,6,2273.68,293,0.020477815699658702,63.73539048283928,0.015447500857588713,0.8536806781898323
13318,1,3,640.76,37,0.08108108108108109,19.091883092036785,0.04977134275663489,0.3721143547148564
13319,5,26,10845.55,361,0.07202216066481995,13.200126262022394,0.07042190904136222,0.8954256184932043
13320,78,4,1532.2,136,0.029411764705882353,55.48873759602033,0.017702643793378926,0.4208557322072379
13321,72,2,567.36,15,0.13333333333333333,0.0,1.0,0.12283637259191005
13322,17,1,199.48,1,1.0,0.0,1.0,0.0
13323,3,5,787.85,82,0.06097560975609756,21.587033144922902,0.04427318955897399,0.4388566804649487
13324,36,10,7121.95,325,0.03076923076923077,39.75480404233486,0.024536984620542653,0.6024506749741235
13325,82,1,675.3,1,1.0,0.0,1.0,0.0
13327,39,8,3627.77,327,0.024464831804281346,27.24229904290123,0.0354078822861042,0.5698000135360319
13328,316,1,1308.48,1,1.0,0.0,1.0,0.0
13329,32,2,789.0,336,0.005952380952380952,0.0,1.0,0.3237097203606855
13330,93,3,1140.93,224,0.013392857142857142,26.16295090390226,0.036814851359037684,0.10477045545178695
13332,14,1,350.90000000000003,1,1.0,0.0,1.0,0.0
13334,82,3,3502.32,224,0.013392857142857142,4.242640687119285,0.1907435698305462,0.3682017148746211
13336,77,1,795.12,1,1.0,0.0,1.0,0.0
13338,158,1,487.02,1,1.0,0.0,1.0,0.0
13339,201,1,860.12,1,1.0,0.0,1.0,0.0
13340,45,7,10736.48,232,0.03017241379310345,50.693852355750856,0.019344660040387793,0.8807484836896019
13341,261,1,775.85,1,1.0,0.0,1.0,0.0
13343,178,1,353.43,1,1.0,0.0,1.0,0.0
13344,68,3,2511.69,210,0.014285714285714285,147.78531726798843,0.006721093306531214,0.8564403472707656
13345,288,1,389.5,1,1.0,0.0,1.0,0.0
13347,70,1,341.36,1,1.0,0.0,1.0,0.0
13348,64,1,233.76,1,1.0,0.0,1.0,0.0
13349,11,1,247.32,1,1.0,0.0,1.0,0.0
13350,16,2,979.12,64,0.03125,0.0,1.0,0.45356171139022733
13351,66,1,373.94,1,1.0,0.0,1.0,0.0
13352,60,1,397.98,1,1.0,0.0,1.0,0.0
13354,71,1,743.53,1,1.0,0.0,1.0,0.0
13355,122,1,674.7,1,1.0,0.0,1.0,0.0
13356,80,1,768.24,1,1.0,0.0,1.0,0.0
13357,257,1,609.4,1,1.0,0.0,1.0,0.0
13358,269,1,439.03,1,1.0,0.0,1.0,0.0
13359,64,1,439.56,1,1.0,0.0,1.0,0.0
13362,9,4,3090.74,279,0.014336917562724014,87.18562572656879,0.011339716555401358,0.035634189644645625
13363,18,2,992.5,27,0.07407407407407407,0.0,1.0,0.3065530537117861
13364,71,1,134.96,1,1.0,0.0,1.0,0.0
13365,34,2,2225.37,185,0.010810810810810811,0.0,1.0,0.5237566749354192
13366,50,1,56.16,1,1.0,0.0,1.0,0.0
13368,257,2,623.4,81,0.024691358024691357,0.0,1.0,1.2536002800246588
13369,366,1,308.28000000000003,1,1.0,0.0,1.0,0.0
13370,372,1,754.87,1,1.0,0.0,1.0,0.0
13372,90,1,378.64,1,1.0,0.0,1.0,0.0
13373,61,3,3312.25,216,0.013888888888888888,14.142135623730951,0.06604088253131131,0.12507332098899032
13375,89,1,778.65,1,1.0,0.0,1.0,0.0
13376,99,3,1019.76,136,0.022058823529411766,52.32590180780452,0.018752613009793393,0.23122449997402308
13379,26,3,572.56,111,0.02702702702702703,19.091883092036785,0.04977134275663489,0.49313795801012994
13381,32,6,3639.31,268,0.022388059701492536,25.971137826441105,0.037076670863312705,0.18740562985073145
13382,281,1,222.99,1,1.0,0.0,1.0,0.0
13384,31,7,4151.93,148,0.0472972972972973,18.584043334717734,0.05106197851529688,0.6842509340850674
13385,330,1,534.57,1,1.0,0.0,1.0,0.0
13388,131,2,677.1,1,2.0,0.0,1.0,1.1811220935193993
13389,11,3,797.96,222,0.013513513513513514,66.46803743153546,0.014821833242367098,0.19810624751920777
13390,75,1,544.08,1,1.0,0.0,1.0,0.0
13391,204,1,59.8,1,1.0,0.0,1.0,0.0
13394,2,8,2520.02,309,0.025889967637540454,13.04935685333627,0.0711776354205518,0.07600819517581502
13395,185,1,307.72,1,1.0,0.0,1.0,0.0
13396,29,2,1360.99,291,0.006872852233676976,0.0,1.0,0.609384009914622
13397,73,5,1544.13,267,0.018726591760299626,33.595634637057636,0.02890538099650396,0.1518349797653032
13398,192,1,457.34,1,1.0,0.0,1.0,0.0
13402,127,2,621.23,245,0.00816326530612245,0.0,1.0,0.010631130718545942
13403,18,1,75.0,1,1.0,0.0,1.0,0.0
13404,1,2,252.49,212,0.009433962264150943,0.0,1.0,1.0257235125247928
13405,74,3,572.451,244,0.012295081967213115,12.020815280171307,0.07680010648203002,1.011687415142575
13408,2,62,28117.04,372,0.16666666666666666,6.242635004809962,0.13807129578335542,0.6225353675348446
13410,24,5,1003.06,268,0.018656716417910446,36.124783736376884,0.02693618384691479,0.2944522527094918
13411,107,1,213.55,1,1.0,0.0,1.0,0.0
13414,134,3,1390.5,163,0.018404907975460124,82.02438661763951,0.012044653875076486,0.15424506370724186
13416,44,2,712.5,38,0.05263157894736842,0.0,1.0,0.32253993527807434
13417,5,2,640.83,201,0.009950248756218905,0.0,1.0,0.37258192615116287
13418,12,18,6127.43,361,0.04986149584487535,27.386664852893382,0.03522780873280619,0.7156610299808857
13419,64,1,221.06,1,1.0,0.0,1.0,0.0
13420,150,2,159.85,21,0.09523809523809523,0.0,1.0,0.42687397175165365
13421,40,2,1833.71,250,0.008,0.0,1.0,0.14162110500491973
13422,64,1,2626.3,1,1.0,0.0,1.0,0.0
13425,108,3,1624.21,187,0.016042780748663103,46.66904755831214,0.020977973154943562,0.3732293396241861
13426,1,10,3641.32,359,0.027855153203342618,30.64718584144391,0.031598386188589296,0.34918112023280284
13427,19,3,582.6,196,0.015306122448979591,4.949747468305833,0.1680743603534397,0.3532487171406816
13428,10,1,201.78,1,1.0,0.0,1.0,0.0
13429,11,4,1006.8,65,0.06153846153846154,15.143755588800731,0.061943455133433856,0.3284337003001033
13430,19,2,679.45,68,0.029411764705882353,0.0,1.0,0.014216025654585586
13431,67,2,1269.1,22,0.09090909090909091,0.0,1.0,0.4883722605355234
13434,74,2,534.24,23,0.08695652173913043,0.0,1.0,1.0285767104591381
13435,5,7,3809.89,184,0.03804347826086957,17.255916859635906,0.05477676129271898,0.4312340309074305
13436,2,1,196.89,1,1.0,0.0,1.0,0.0
13437,14,7,3408.06,176,0.03977272727272727,22.49814807193398,0.042556545177038566,0.8926617182117876
13439,255,1,283.71,1,1.0,0.0,1.0,0.0
13441,92,1,296.64,1,1.0,0.0,1.0,0.0
13447,23,3,1129.14,13,0.23076923076923078,5.656854249492381,0.15022110482233483,0.35629597862679424
13448,17,6,3534.69,358,0.01675977653631285,68.76408946535975,0.014334022097379114,0.691689693171673
13449,24,1,291.88,1,1.0,0.0,1.0,0.0
13450,27,6,2043.72,192,0.03125,17.59829537199555,0.05376836855197781,0.23758354809641624
13451,26,5,2898.26,309,0.016181229773462782,18.59211302317912,0.051040946875761474,0.27621783534236427
13452,259,2,590.0,12,0.16666666666666666,0.0,1.0,0.0
13453,166,2,356.98,124,0.016129032258064516,0.0,1.0,0.05158009015098249
13455,25,2,1058.34,342,0.005847953216374269,0.0,1.0,0.4376774101136532
13456,18,6,1766.72,190,0.031578947368421054,33.61993456269658,0.02888509214796474,0.3955348876982457
13458,7,14,9646.57,353,0.039660056657223795,8.836840136029597,0.1016586613354912,0.5002068915755806
13460,29,2,183.44,21,0.09523809523809523,0.0,1.0,0.24269212245696156
13461,39,3,1445.0,125,0.024,52.32590180780452,0.018752613009793393,0.3130273560650048
13462,253,1,151.5,1,1.0,0.0,1.0,0.0
13464,58,1,674.68,1,1.0,0.0,1.0,0.0
13466,184,1,307.90000000000003,1,1.0,0.0,1.0,0.0
13467,11,2,1071.91,26,0.07692307692307693,0.0,1.0,0.6193113118765143
13468,2,37,5704.97,372,0.09946236559139784,5.962315519092089,0.14363037659781377,0.4708274008761204
13470,99,2,165.0,16,0.125,0.0,1.0,0.565685424949238
13471,1,4,2501.84,47,0.0851063829787234,10.535653752852738,0.08668776138957036,0.6131804223352287
13473,61,2,422.64,273,0.007326007326007326,0.0,1.0,0.20036699818971448
13474,236,1,226.84,1,1.0,0.0,1.0,0.0
13475,191,4,1431.78,108,0.037037037037037035,9.018499505645789,0.09981534654330858,0.5031656023055018
13476,179,2,1238.47,103,0.019417475728155338,0.0,1.0,0.24748480413180854
13477,38,6,1454.58,254,0.023622047244094488,27.94279871451677,0.03455090884139109,0.5684648077455489
13479,201,2,300.95,34,0.058823529411764705,0.0,1.0,0.05756476537321953
13481,46,5,1804.56,212,0.02358490566037736,36.09593698280551,0.02695713011544941,0.6517772777121981
13482,232,1,184.64,1,1.0,0.0,1.0,0.0
13483,66,1,140.34,1,1.0,0.0,1.0,0.0
13484,241,1,313.8,1,1.0,0.0,1.0,0.0
13485,233,1,454.24,1,1.0,0.0,1.0,0.0
13486,78,3,1122.41,77,0.03896103896103896,16.97056274847714,0.05564656009922349,0.5790412650321075
13487,58,3,575.4,296,0.010135135135135136,10.606601717798213,0.08615786293989429,0.1280127797615576
13488,17,13,8968.31,351,0.037037037037037035,16.781122149786665,0.056239420188224615,0.5481630659966599
13489,105,4,449.52,190,0.021052631578947368,63.67364708679199,0.015462248458912494,0.5029304199181024
13491,52,10,1215.82,321,0.03115264797507788,35.83992187491485,0.027144465816061433,0.3115592281329129
13492,136,3,1269.84,79,0.0379746835443038,19.091883092036785,0.04977134275663489,0.3528760983777019
13493,275,2,618.63,12,0.16666666666666666,0.0,1.0,0.5942106449212593
13494,312,1,316.26000000000005,1,1.0,0.0,1.0,0.0
13495,8,5,2044.87,361,0.013850415512465374,87.8877124517415,0.011250148894797076,0.4345827106695504
13496,11,2,653.33,350,0.005714285714285714,0.0,1.0,0.7547826168458123
13497,283,2,348.05,86,0.023255813953488372,0.0,1.0,0.16679634171933794
13499,18,5,1159.11,253,0.019762845849802372,61.0163912403872,0.01612476927468759,0.3482367416996644
13500,23,3,1166.77,100,0.03,52.32590180780452,0.018752613009793393,0.2436866581354047
13501,288,1,1340.32,1,1.0,0.0,1.0,0.0
13502,17,3,292.0,308,0.00974025974025974,148.49242404917499,0.006689302192805795,0.21143998694739666
13503,71,1,216.85,1,1.0,0.0,1.0,0.0
13504,64,1,295.93,1,1.0,0.0,1.0,0.0
13505,73,4,4393.63,160,0.025,35.72580766523457,0.027228808937716602,0.45152189500740997
13506,316,2,458.52,54,0.037037037037037035,0.0,1.0,0.4432756982994443
13507,3,4,2479.16,143,0.027972027972027972,43.2087954009366,0.022619933226654128,0.671586136371397
13508,244,1,110.97,1,1.0,0.0,1.0,0.0
13509,9,7,979.72,276,0.025362318840579712,32.830879772961715,0.029558793821236037,0.7367190268303558
13510,1,4,1791.56,183,0.02185792349726776,24.43358344574123,0.03931809302976717,0.3138460765707709
13512,261,1,251.21,1,1.0,0.0,1.0,0.0
13513,127,1,205.1,1,1.0,0.0,1.0,0.0
13514,74,1,152.20000000000002,1,1.0,0.0,1.0,0.0
13515,73,4,891.12,176,0.022727272727272728,36.47373484212075,0.02668535720320017,0.4534519573451152
13516,21,3,1389.41,218,0.013761467889908258,81.31727983645297,0.012148117649013532,0.6729179097981973
13517,60,3,2128.42,121,0.024793388429752067,18.384776310850235,0.051586873325965094,0.478988704550556
13518,86,1,627.16,1,1.0,0.0,1.0,0.0
13519,78,1,122.75,1,1.0,0.0,1.0,0.0
13520,59,6,3624.35,313,0.019169329073482427,14.652644812456213,0.06388696683414233,0.3128585688661268
13521,1,3,1071.73,9,0.3333333333333333,0.7071067811865476,0.585786437626905,0.2123142726127113
13522,30,1,125.8,1,1.0,0.0,1.0,0.0
13523,33,5,3964.88,334,0.014970059880239521,88.65288113385449,0.011154131215336732,0.7466460927956684
13524,41,5,680.1800000000001,180,0.027777777777777776,21.344398172198094,0.04475394648329553,0.38173916757636284
13525,15,2,628.78,234,0.008547008547008548,0.0,1.0,0.1417407339622005
13527,34,7,2242.36,294,0.023809523809523808,48.911143924467765,0.02003560570587871,0.5794612269420881
13529,79,2,307.76,126,0.015873015873015872,0.0,1.0,0.2501617700012713
13531,205,2,483.8,162,0.012345679012345678,0.0,1.0,0.3715306816403894
13532,34,1,210.31,1,1.0,0.0,1.0,0.0
13533,183,3,269.09,85,0.03529411764705882,59.39696961966999,0.01655712209233626,0.690943064024722
13534,2,25,5870.08,356,0.0702247191011236,14.846985250026105,0.0631034852511365,0.536896352409085
13536,1,7,3444.39,75,0.09333333333333334,9.806460455570434,0.09253723771177337,0.25989207625073757
13538,43,7,1280.85,273,0.02564102564102564,24.33926868252208,0.03946443808339885,0.5230909555157207
13539,86,3,631.34,224,0.013392857142857142,60.81118318204309,0.01617830218610849,0.43412022400854383
13544,40,2,276.06,201,0.009950248756218905,0.0,1.0,0.2563473399302677
13546,12,3,621.09,189,0.015873015873015872,75.66042558696059,0.0130445401567154,0.11580055162608717
13548,96,2,678.16,148,0.013513513513513514,0.0,1.0,0.24219470793619685
13549,26,7,918.2,217,0.03225806451612903,26.028189846139256,0.03699840816912278,0.4169539833148413
13551,319,1,91.8,1,1.0,0.0,1.0,0.0
13552,66,12,3740.07,250,0.048,23.963988133712785,0.040057702104478385,0.5714334578329109
13555,74,4,4098.88,129,0.031007751937984496,73.90083445627211,0.01335098610395069,0.45861778622374516
13557,28,2,584.0600000000001,253,0.007905138339920948,0.0,1.0,0.24867262414087063
13558,6,4,594.52,63,0.06349206349206349,16.258331197676263,0.05794302986459342,0.23127901255711247
13560,7,1,171.42000000000002,1,1.0,0.0,1.0,0.0
13561,216,1,141.86,1,1.0,0.0,1.0,0.0
13562,82,3,1799.3300000000002,164,0.018292682926829267,31.81980515339464,0.030469406973202804,0.014932922624068357
13563,84,2,777.53,56,0.03571428571428571,0.0,1.0,0.2833228899346096
13564,144,3,1724.67,224,0.013392857142857142,138.59292911256333,0.007163686630528625,0.09588337247438473
13565,19,2,240.22,316,0.006329113924050633,0.0,1.0,0.11691899653954575
13566,41,2,856.84,42,0.047619047619047616,0.0,1.0,0.45847561196489217
13568,173,1,187.05,1,1.0,0.0,1.0,0.0
13569,17,2,338.62,351,0.005698005698005698,0.0,1.0,0.49690842139020397
13570,243,1,239.49,1,1.0,0.0,1.0,0.0
13571,13,12,2088.94,241,0.04979253112033195,12.102591758492363,0.07632077824235471,0.3158670207942535
13572,206,1,1384.25,1,1.0,0.0,1.0,0.0
13573,50,2,290.25,203,0.009852216748768473,0.0,1.0,1.1046213840675432
13575,23,5,732.07,153,0.032679738562091505,20.62967118820204,0.04623278788192826,0.4541354031762819
13576,10,18,6717.34,363,0.049586776859504134,7.915453983487358,0.11216478732907344,0.2592327000951581
13577,25,4,1687.6,217,0.018433179723502304,18.448125469362285,0.05141883733603815,0.16088533896182527
13579,15,2,467.04,355,0.005633802816901409,0.0,1.0,0.41677876568395184
13581,309,1,118.0,1,1.0,0.0,1.0,0.0
13583,156,1,781.03,1,1.0,0.0,1.0,0.0
13584,307,1,142.4,1,1.0,0.0,1.0,0.0
13587,64,1,712.4,1,1.0,0.0,1.0,0.0
13588,16,9,2478.95,240,0.0375,37.1098754665501,0.026239917810220153,0.6094212815269494
13589,15,2,379.65,165,0.012121212121212121,0.0,1.0,0.31905015571514717
13590,11,6,1981.92,292,0.02054794520547945,24.913851568956577,0.038589400627653016,0.35200363507552407
13591,65,3,1117.13,203,0.014778325123152709,54.44722215136416,0.01803516860177633,0.21199218701557757
13592,36,4,247.96,229,0.017467248908296942,84.32674546073743,0.011719654776475024,0.4749505407686633
13593,108,5,2011.88,228,0.021929824561403508,41.93944046678099,0.023288612732940122,0.6026659433027062
13594,53,1,396.97,1,1.0,0.0,1.0,0.0
13596,6,2,664.11,8,0.25,0.0,1.0,0.1985320661035727
13598,47,1,160.04,1,1.0,0.0,1.0,0.0
13599,1,21,5149.92,366,0.05737704918032787,22.90133298809436,0.041838670692472095,0.6753625626266236
13600,312,1,219.52,1,1.0,0.0,1.0,0.0
13601,45,2,693.32,167,0.011976047904191617,0.0,1.0,0.1082710089003113
13602,65,1,428.89,1,1.0,0.0,1.0,0.0
13603,26,1,164.34,1,1.0,0.0,1.0,0.0
13606,29,3,276.75,283,0.01060070671378092,103.23759005323593,0.009593468147999995,0.8209519550492427
13607,40,1,675.51,1,1.0,0.0,1.0,0.0
13610,12,7,1082.33,274,0.025547445255474453,8.750238091998792,0.10256159804144852,0.3213856560265693
13611,89,3,1154.4,271,0.01107011070110701,76.36753236814714,0.012925318533381431,0.30165870731903816
13614,24,4,1585.46,307,0.013029315960912053,55.89573627150226,0.017576009478602644,0.4324311128642373
13615,319,1,417.69,1,1.0,0.0,1.0,0.0
13617,40,3,544.18,141,0.02127659574468085,4.242640687119285,0.1907435698305462,0.285575429444924
13618,174,1,177.34,1,1.0,0.0,1.0,0.0
13621,117,1,213.85,1,1.0,0.0,1.0,0.0
13623,31,5,727.74,267,0.018726591760299626,75.80842081633588,0.013019405806964807,0.24794676351534367
13626,253,1,257.23,1,1.0,0.0,1.0,0.0
13627,59,5,1638.47,299,0.016722408026755852,62.1825270205921,0.01582716056409212,0.16038126731907895
13629,23,11,7792.36,316,0.03481012658227848,18.0,0.05263157894736842,0.22564359259723
13630,5,7,2031.78,281,0.02491103202846975,22.569152989571112,0.04242833844909405,0.49993584962430954
13631,100,11,3070.42,168,0.06547619047619048,20.89258241577618,0.04567757156320592,0.9966399562280471
13632,25,5,2118.93,219,0.0228310502283105,55.174722473248565,0.017801601075576625,0.6108250868061808
13634,33,5,1547.36,294,0.017006802721088437,49.34234151990222,0.019863994597960098,0.5473997592861538
13635,68,1,1071.03,1,1.0,0.0,1.0,0.0
13636,37,5,949.12,249,0.020080321285140562,56.310892966340596,0.017448689912881177,0.43651893976376
13637,52,3,804.3,175,0.017142857142857144,67.88225099390856,0.014517527891015534,0.5425708741998667
13638,16,1,122.64,1,1.0,0.0,1.0,0.0
13639,74,1,1033.34,1,1.0,0.0,1.0,0.0
13642,216,1,312.28,1,1.0,0.0,1.0,0.0
13643,31,3,519.44,155,0.01935483870967742,13.435028842544403,0.06927592669941171,0.4971612487854517
13644,16,4,2624.26,90,0.044444444444444446,1.5275252316519463,0.39564392373896007,0.2901814960063141
13645,120,1,252.1,1,1.0,0.0,1.0,0.0
13647,10,4,1648.12,226,0.017699115044247787,25.423086620891127,0.037845692077827155,0.11228720694246673
13649,257,2,346.6,110,0.01818181818181818,0.0,1.0,0.19993209623855066
13650,17,6,1836.34,251,0.02390438247011952,44.902115763068444,0.021785488171431347,0.4780085244455712
13651,35,2,94.2,5,0.4,0.0,1.0,0.9638270775408992
13652,46,3,1095.08,323,0.009287925696594427,69.29646455628166,0.014225466477042627,0.2196540939341042
13654,43,6,2707.33,231,0.025974025974025976,37.459311259018094,0.026001505676093353,0.5892836711389138
13655,114,2,932.97,128,0.015625,0.0,1.0,0.2511257177383525
13656,165,2,379.65,173,0.011560693641618497,0.0,1.0,0.2020837238475975
13657,11,2,382.14,191,0.010471204188481676,0.0,1.0,0.2866619106647301
13658,10,5,2639.17,195,0.02564102564102564,58.4144673860851,0.01683091751882304,0.8043621024627862
13659,206,2,1563.0,116,0.017241379310344827,0.0,1.0,0.4590991436648166
13662,86,3,881.26,174,0.017241379310344827,55.86143571373726,0.017586611865278812,0.23386061180134202
13663,179,1,189.47,1,1.0,0.0,1.0,0.0
13666,60,3,84.65,228,0.013157894736842105,160.51323932934628,0.006191442906800175,0.47369283471535895
13667,149,1,299.05,1,1.0,0.0,1.0,0.0
13668,3,21,6309.83,360,0.058333333333333334,11.861037497888445,0.07775422473997003,0.7206104656199054
13669,51,2,218.55,99,0.020202020202020204,0.0,1.0,0.79106661175983
13670,75,1,349.7,1,1.0,0.0,1.0,0.0
13672,301,2,186.39,31,0.06451612903225806,0.0,1.0,0.4714045207910316
13673,19,2,387.44,14,0.14285714285714285,0.0,1.0,0.0759230902781344
13675,151,2,486.8200000000001,134,0.014925373134328358,0.0,1.0,0.377824690691107
13678,152,1,232.6,1,1.0,0.0,1.0,0.0
13680,1,4,3719.12,338,0.011834319526627219,161.8528137949209,0.006140514104099491,0.436906973312378
13681,18,4,827.83,138,0.028985507246376812,39.1066916694999,0.024933495094547377,0.42669024232389935
13682,187,1,59.5,1,1.0,0.0,1.0,0.0
13684,286,1,65.13,1,1.0,0.0,1.0,0.0
13685,3,7,3119.44,58,0.1206896551724138,15.980196077228422,0.058892135017278566,1.33139328704255
13686,183,1,72.0,1,1.0,0.0,1.0,0.0
13689,63,1,910.0,1,1.0,0.0,1.0,0.0
13690,59,1,172.25,1,1.0,0.0,1.0,0.0
13692,25,3,1488.32,212,0.014150943396226415,118.08683245815344,0.008397234012848528,0.8740326604220061
13694,4,50,65039.62,370,0.13513513513513514,7.505553499465135,0.11757024396623737,0.729296936505339
13695,31,15,2504.13,229,0.06550218340611354,8.07145288336317,0.11023592503401261,0.682531379962687
13697,39,1,151.3,1,1.0,0.0,1.0,0.0
13699,155,1,308.58000000000004,1,1.0,0.0,1.0,0.0
13700,26,10,2248.63,301,0.03322259136212625,30.226000580809746,0.032024594293210897,0.5906898952420017
13703,318,1,99.5,1,1.0,0.0,1.0,0.0
13704,5,9,2308.06,84,0.10714285714285714,8.078852464481397,0.11014607891385336,0.5132817810502605
13705,8,3,711.86,367,0.008174386920980926,64.34671708797582,0.015302987580136691,0.2968601597896639
13706,303,1,330.79,1,1.0,0.0,1.0,0.0
13707,267,2,806.41,49,0.04081632653061224,0.0,1.0,0.632056534535642
13708,271,1,285.33,1,1.0,0.0,1.0,0.0
13709,4,13,6307.650000000001,312,0.041666666666666664,40.93971917417859,0.023843745730555085,0.6684118613464617
13710,32,1,180.48,1,1.0,0.0,1.0,0.0
13711,219,2,252.06,1,2.0,0.0,1.0,0.5041705574658665
13712,247,1,228.84,1,1.0,0.0,1.0,0.0
13715,281,5,1077.39,92,0.05434782608695652,24.85290056847825,0.038680379300235004,0.7468904620949409
13716,269,1,138.28,1,1.0,0.0,1.0,0.0
13717,32,6,1445.01,267,0.02247191011235955,20.0074985942771,0.04760205007332105,0.2319980649705972
13718,246,2,306.55,50,0.04,0.0,1.0,0.36191503496385347
13719,15,5,1041.68,220,0.022727272727272728,62.63319141371184,0.01571506909811406,0.4155586202130281
13720,117,4,799.9,139,0.02877697841726619,25.423086620891123,0.03784569207782716,0.34301362982999756
13721,36,1,524.14,1,1.0,0.0,1.0,0.0
13722,132,3,2375.41,152,0.019736842105263157,106.77312395916867,0.009278751169715223,0.8164560505410731
13723,217,1,199.85,1,1.0,0.0,1.0,0.0
13725,50,8,1980.56,259,0.03088803088803089,41.13740043179338,0.023731886394336824,1.1504746242790924
13726,39,2,1079.66,62,0.03225806451612903,0.0,1.0,0.647468428839654
13727,29,2,333.48,5,0.4,0.0,1.0,0.47785049840530275
13728,37,6,1016.14,274,0.021897810218978103,16.34013463836819,0.05766967909160975,0.16530025375191526
13730,136,2,752.6,26,0.07692307692307693,0.0,1.0,0.26138334643382616
13731,219,2,610.59,28,0.07142857142857142,0.0,1.0,0.013086206173386322
13732,28,1,491.86,1,1.0,0.0,1.0,0.0
13735,25,4,2883.54,210,0.01904761904761905,57.83885660465059,0.016995571595131244,0.3882976188767353
13736,5,2,729.8,256,0.0078125,0.0,1.0,0.028563315852808215
13737,200,1,339.6,1,1.0,0.0,1.0,0.0
13739,18,1,216.9,1,1.0,0.0,1.0,0.0
13740,241,1,350.75,1,1.0,0.0,1.0,0.0
13741,72,3,668.4300000000001,146,0.02054794520547945,55.86143571373726,0.017586611865278812,0.33131986757552684
13742,17,12,3107.87,304,0.039473684210526314,26.032497173550393,0.036992512884767355,0.5429121781727237
13743,3,7,1341.6,257,0.027237354085603113,28.329607598176626,0.034095239653399535,0.3348013647783731
13744,95,2,1080.52,198,0.010101010101010102,0.0,1.0,0.7252471209993147
13745,162,1,300.04,1,1.0,0.0,1.0,0.0
13747,374,1,79.6,1,1.0,0.0,1.0,0.0
13748,96,5,948.25,279,0.017921146953405017,72.20053093064251,0.013661103099750735,0.5889731496260251
13750,54,5,1647.26,284,0.017605633802816902,44.128599947577456,0.022158897044482342,0.06642626346804485
13751,288,1,296.25,1,1.0,0.0,1.0,0.0
13752,124,6,1175.38,123,0.04878048780487805,10.606601717798213,0.08615786293989429,0.4053531726529057
13753,288,1,741.26,1,1.0,0.0,1.0,0.0
13754,152,2,282.6,166,0.012048192771084338,0.0,1.0,0.14712625171185073
13755,4,9,2108.06,60,0.15,4.7207747548166585,0.17480149854843366,0.6857404109192653
13756,2,14,5189.52,366,0.03825136612021858,39.64974860074858,0.024600398143214706,0.43493438713315313
13758,12,7,3190.55,362,0.019337016574585635,55.97291011432822,0.01755220152864384,0.4483024414579053
13759,33,2,659.4100000000001,38,0.05263157894736842,0.0,1.0,0.9895698879522147
13760,54,2,286.79,203,0.009852216748768473,0.0,1.0,0.08190692587264942
13761,50,2,1070.65,130,0.015384615384615385,0.0,1.0,0.11522145336553041
13762,219,1,306.72,1,1.0,0.0,1.0,0.0
13763,63,1,1714.96,1,1.0,0.0,1.0,0.0
13764,71,3,1519.42,267,0.011235955056179775,84.8528137423857,0.0116478418867045,0.13151619768269507
13767,2,37,17220.36,372,0.09946236559139784,11.42716757250714,0.08046885938935266,0.716475833220845
13769,2,10,2796.51,366,0.0273224043715847,26.018156053887534,0.03701214834963225,0.3711809608710582
13771,64,4,2634.45,183,0.02185792349726776,68.5297988712453,0.01438232263337611,0.39361838102655444
13772,34,3,1122.63,206,0.014563106796116505,55.86143571373726,0.017586611865278812,0.3379844377100043
13774,82,1,345.0,1,1.0,0.0,1.0,0.0
13777,1,33,25977.16,373,0.08847184986595175,11.892622747167742,0.07756373699988084,1.6396064887685455
13778,103,1,178.7,1,1.0,0.0,1.0,0.0
13780,7,2,360.01,164,0.012195121951219513,0.0,1.0,0.5006569776518733
13781,251,1,127.84,1,1.0,0.0,1.0,0.0
13782,13,6,908.86,316,0.0189873417721519,37.69350076604719,0.025844133516021404,0.20378177103663733
13784,10,11,2462.79,323,0.034055727554179564,19.124155754786493,0.04969152555689954,0.7443996128708609
13786,367,1,230.4,1,1.0,0.0,1.0,0.0
13787,76,2,309.04,289,0.006920415224913495,0.0,1.0,0.44040872781124346
13790,4,1,348.79999999999995,1,1.0,0.0,1.0,0.0
13791,128,2,1516.0,41,0.04878048780487805,0.0,1.0,0.3339633610353351
13792,66,2,195.55,222,0.009009009009009009,0.0,1.0,0.33520224298641244
13798,1,57,37153.85,371,0.15363881401617252,4.804455453825356,0.17228144964760858,0.85629221490755
13799,117,2,688.86,178,0.011235955056179775,0.0,1.0,0.011209253042065312
13800,310,1,558.32,1,1.0,0.0,1.0,0.0
13801,67,1,324.8,1,1.0,0.0,1.0,0.0
13802,139,3,4599.42,173,0.017341040462427744,42.42640687119285,0.02302746351928452,0.3903267049436014
13803,255,1,277.07,1,1.0,0.0,1.0,0.0
13804,31,7,2588.39,260,0.026923076923076925,47.71582546702928,0.020527210417009084,0.6925530755494802
13805,52,2,924.6,77,0.025974025974025976,0.0,1.0,0.116061567286254
13806,64,1,256.38,1,1.0,0.0,1.0,0.0
13807,367,1,112.6,1,1.0,0.0,1.0,0.0
13808,6,5,1747.66,92,0.05434782608695652,15.478479684172259,0.06068520999303776,0.680001407621772
13809,305,1,155.05,1,1.0,0.0,1.0,0.0
13810,29,3,1499.01,28,0.10714285714285714,19.091883092036785,0.04977134275663489,0.44295043972726106
13811,184,3,814.5,56,0.05357142857142857,33.94112549695428,0.028619570370942038,0.20707179372276424
13812,42,3,539.0,64,0.046875,14.142135623730951,0.06604088253131131,0.48062462155856867
13813,40,4,1366.86,96,0.041666666666666664,13.503086067019396,0.06895084228135696,0.18692050517799552
13814,92,2,1579.12,45,0.044444444444444446,0.0,1.0,0.3081121346058815
13815,22,4,4027.36,297,0.013468013468013467,84.59511412211306,0.011682909827929713,0.7563454681581478
13816,24,2,571.6700000000001,41,0.04878048780487805,0.0,1.0,0.4247810988771216
13817,29,2,382.98,323,0.006191950464396285,0.0,1.0,0.46372379540136105
13819,302,3,1140.35,19,0.15789473684210525,2.1213203435596424,0.32037724101704074,0.168033516360593
13821,145,2,385.64,117,0.017094017094017096,0.0,1.0,0.5671669680443493
13822,6,2,632.0,35,0.05714285714285714,0.0,1.0,0.6819552615013045
13823,19,2,957.66,73,0.0273972602739726,0.0,1.0,0.5067871795159019
13824,33,5,1698.94,278,0.017985611510791366,26.595739007091595,0.03623747853764737,0.6274502456569535
13826,176,1,189.5,1,1.0,0.0,1.0,0.0
13827,58,3,409.8,86,0.03488372093023256,47.37615433949868,0.0206713413592595,0.3262769982372727
13828,22,1,209.49,1,1.0,0.0,1.0,0.0
13831,16,6,2198.45,354,0.01694915254237288,48.95406009719725,0.020018392860445523,0.10410421311275514
13832,19,1,52.2,1,1.0,0.0,1.0,0.0
13833,159,1,383.85,1,1.0,0.0,1.0,0.0
13835,25,4,834.57,191,0.020942408376963352,37.634204300520736,0.025883799552887943,0.46343564268845266
13837,212,2,266.59000000000003,106,0.018867924528301886,0.0,1.0,0.25723101256412995
13838,6,4,674.82,365,0.010958904109589041,126.25899307904105,0.007857990824891222,0.3695036947907511
13841,253,1,85.0,1,1.0,0.0,1.0,0.0
13842,59,9,3385.62,309,0.02912621359223301,20.931435688934478,0.04559665013196335,0.3560547336412827
13844,11,1,361.62,1,1.0,0.0,1.0,0.0
13845,65,1,312.98,1,1.0,0.0,1.0,0.0
13846,25,3,865.0600000000001,336,0.008928571428571428,70.71067811865476,0.013944924608652681,0.38014764328208067
13848,92,3,1255.0,274,0.010948905109489052,96.87362902255701,0.010217256782922898,0.40713544879109065
13849,52,2,1537.95,120,0.016666666666666666,0.0,1.0,0.3225670376441744
13850,129,1,1595.48,1,1.0,0.0,1.0,0.0
13851,96,3,2651.46,193,0.015544041450777202,89.80256121069154,0.01101290521618299,0.6339625798865975
13853,57,1,1090.14,1,1.0,0.0,1.0,0.0
13854,9,25,8109.519999999999,357,0.0700280112044818,9.82860362795053,0.09234801035830918,0.14055026856968178
13856,169,3,388.5,35,0.08571428571428572,2.8284271247461903,0.2612038749637414,0.29180710092032225
13858,57,1,216.17,1,1.0,0.0,1.0,0.0
13859,326,1,201.16,1,1.0,0.0,1.0,0.0
13860,1,5,1245.9,86,0.05813953488372093,17.764665303161028,0.05329165129481652,0.5899105462230507
13862,18,8,2209.36,315,0.025396825396825397,9.428932172031036,0.0958870940480237,0.342510682605235
13863,248,1,305.78,1,1.0,0.0,1.0,0.0
13865,58,4,501.56,232,0.017241379310344827,26.025628394590846,0.03700191482689628,0.19556287222601154
13866,74,1,145.67,1,1.0,0.0,1.0,0.0
13867,31,3,1005.09,187,0.016042780748663103,70.71067811865476,0.013944924608652681,0.508108488682124
13868,7,2,3192.54,32,0.0625,0.0,1.0,0.9645590857201223
13869,123,4,3083.65,234,0.017094017094017096,53.200877185750734,0.01844988590448306,0.6688233186847812
13870,2,8,2770.94,286,0.027972027972027972,40.79974322981761,0.02392359193457092,0.7408170121873503
13871,23,13,6403.25,287,0.04529616724738676,12.391040262539656,0.07467679735064486,0.3845841018263446
13873,120,3,389.6,191,0.015706806282722512,6.363961030678928,0.13579648178933995,0.20144476462737929
13874,358,1,540.45,1,1.0,0.0,1.0,0.0
13875,54,5,1786.79,248,0.020161290322580645,17.7857620959388,0.05323180368690951,0.049002252343030385
13876,64,1,122.7,1,1.0,0.0,1.0,0.0
13877,86,1,117.24,1,1.0,0.0,1.0,0.0
13878,55,1,1271.57,1,1.0,0.0,1.0,0.0
13880,21,13,3219.77,346,0.03757225433526012,22.889060507349157,0.04186016439166216,0.3841301025925779
13881,4,20,17159.52,309,0.06472491909385113,14.006264262696574,0.06663883712123189,0.6797045082991383
13882,3,5,1191.13,62,0.08064516129032258,5.377421934967226,0.15680317378987077,0.6772482336555785
13883,11,5,2674.48,243,0.0205761316872428,99.13753073382452,0.009986265815342493,0.7419807979105468
13884,7,5,787.6,277,0.018050541516245487,87.91425747093963,0.011246790204898644,0.8780872133483902
13885,189,2,506.8,12,0.16666666666666666,0.0,1.0,0.8134239412623464
13886,71,1,243.56,1,1.0,0.0,1.0,0.0
13887,204,1,349.55,1,1.0,0.0,1.0,0.0
13888,120,2,595.67,99,0.020202020202020204,0.0,1.0,0.32419101506210835
13889,93,1,416.9,1,1.0,0.0,1.0,0.0
13890,1,10,1883.81,358,0.027932960893854747,81.15571452461003,0.012172007824245098,0.36167401503081614
13892,27,4,632.97,220,0.01818181818181818,94.69424480928078,0.010449949231461163,0.8475986903116255
13893,298,1,821.1,1,1.0,0.0,1.0,0.0
13894,24,3,564.62,287,0.010452961672473868,202.2325394193526,0.004920471903057745,0.44619165699963736
13895,28,4,2593.07,137,0.029197080291970802,28.160255680657446,0.034293252122042234,0.3846088016720966
13897,50,1,311.16,1,1.0,0.0,1.0,0.0
13898,326,1,155.93,1,1.0,0.0,1.0,0.0
13899,16,2,388.52,259,0.007722007722007722,0.0,1.0,0.7588676090897325
13900,183,3,740.95,80,0.0375,43.1335136523794,0.0226585176942078,0.8369531392565204
13901,72,5,2867.2000000000003,247,0.020242914979757085,26.28529373369578,0.03664977953911697,0.9823892135010454
13904,37,2,332.64,258,0.007751937984496124,0.0,1.0,0.2959032706264051
13908,80,4,2369.55,197,0.02030456852791878,20.840665376454112,0.04578615086874027,0.40946419929438743
13911,57,9,2580.91,252,0.03571428571428571,26.4436732914105,0.036438270831368136,0.36524757952497755
13914,12,2,626.45,25,0.08,0.0,1.0,0.035420242307660464
13917,50,2,272.04,142,0.014084507042253521,0.0,1.0,0.7344511545804695
13918,50,2,1212.84,204,0.00980392156862745,0.0,1.0,0.9519973952573214
13919,59,2,384.81,63,0.031746031746031744,0.0,1.0,0.15247971908957597
13922,352,1,172.25,1,1.0,0.0,1.0,0.0
13923,54,1,351.13,1,1.0,0.0,1.0,0.0
13924,2,6,1838.85,71,0.08450704225352113,8.502940667792526,0.10523058440101718,0.7132376670145046
13925,93,4,678.25,43,0.09302325581395349,14.52583904633395,0.06440875736349501,0.8545299312125685
13926,23,1,223.85,1,1.0,0.0,1.0,0.0
13927,75,1,348.99,1,1.0,0.0,1.0,0.0
13928,11,4,464.57,123,0.032520325203252036,30.171730698343,0.032080349008441714,0.10707736631762366
13929,169,2,842.65,158,0.012658227848101266,0.0,1.0,0.028447065664539133
13930,58,2,337.34,79,0.02531645569620253,0.0,1.0,0.346531372104583
13931,96,2,1237.53,186,0.010752688172043012,0.0,1.0,0.5497986206341016
13932,295,1,307.4,1,1.0,0.0,1.0,0.0
13933,109,2,608.79,40,0.05,0.0,1.0,0.015819567272394128
13934,264,1,922.1,1,1.0,0.0,1.0,0.0
13936,180,1,376.58,1,1.0,0.0,1.0,0.0
13937,169,1,158.85,1,1.0,0.0,1.0,0.0
13938,35,1,71.66,1,1.0,0.0,1.0,0.0
13939,23,3,568.55,289,0.010380622837370242,83.43860018001261,0.011842924892976957,0.07576156376698774
13940,17,4,839.14,127,0.031496062992125984,13.051181300301263,0.0711683935057161,0.11939175141913272
13941,22,5,5112.96,351,0.014245014245014245,25.90205912020638,0.03717187578585354,0.19247953321456132
13946,79,3,561.57,189,0.015873015873015872,39.59797974644666,0.024631767547189955,0.5457689496857052
13947,65,1,90.6,1,1.0,0.0,1.0,0.0
13948,361,1,102.0,1,1.0,0.0,1.0,0.0
13949,3,6,2427.32,92,0.06521739130434782,5.167204273105526,0.16214802619087645,0.252650934792388
13950,11,4,745.0600000000001,236,0.01694915254237288,84.1130192063036,0.011749083857266555,0.34975298224528695
13951,176,3,674.45,119,0.025210084033613446,2.1213203435596424,0.32037724101704074,0.32612099968828473
13952,218,2,3251.071,21,0.09523809523809523,0.0,1.0,0.3629855888523479
13953,7,7,3515.68,346,0.02023121387283237,12.890565025113007,0.07199131195830274,0.24593401437091342
13954,2,2,439.92,70,0.02857142857142857,0.0,1.0,0.04789912274813399
13955,154,2,322.96,152,0.013157894736842105,0.0,1.0,0.38201632146838244
13956,5,5,1019.27,267,0.018726591760299626,34.53500639447844,0.028141264107254635,0.5155504246933567
13959,79,3,594.04,284,0.01056338028169014,84.8528137423857,0.0116478418867045,0.34593219161940514
13960,21,2,230.22,51,0.0392156862745098,0.0,1.0,0.15959199179242897
13962,22,2,169.54999999999998,224,0.008928571428571428,0.0,1.0,0.5475854931866333
13963,308,4,664.54,60,0.06666666666666667,8.504900548115382,0.10520888618853341,0.25655946794767304
13967,146,1,80.7,1,1.0,0.0,1.0,0.0
13969,7,18,9024.17,358,0.05027932960893855,16.681268113736223,0.05655702936958012,0.7344527986323753
13971,19,8,2758.26,267,0.0299625468164794,22.388347309216353,0.04275633445916645,0.09737192417969327
13972,71,2,190.25,132,0.015151515151515152,0.0,1.0,0.7548666873008558
13973,287,1,264.7,1,1.0,0.0,1.0,0.0
13974,49,1,413.59,1,1.0,0.0,1.0,0.0
13975,31,6,2461.24,246,0.024390243902439025,44.28092139962763,0.022084356260652936,0.566244926294033
13976,207,1,357.98,1,1.0,0.0,1.0,0.0
13978,15,2,196.79,31,0.06451612903225806,0.0,1.0,0.8709209900096316
13979,73,1,869.87,1,1.0,0.0,1.0,0.0
13980,60,1,200.14,1,1.0,0.0,1.0,0.0
13982,39,4,1871.81,327,0.012232415902140673,63.95571384429489,0.015395104461435008,0.2808929495820423
13983,30,12,2603.43,338,0.03550295857988166,27.3439373370206,0.035280913449306825,0.6902499460461914
13984,27,5,920.51,340,0.014705882352941176,35.415392133929565,0.02746091532729269,0.7637535457918169
13985,4,15,7060.13,261,0.05747126436781609,13.635159787020553,0.06832860143330088,0.4381331800518836
13986,17,1,320.46,1,1.0,0.0,1.0,0.0
13988,20,6,4147.96,235,0.02553191489361702,26.527344382730814,0.03632751441971085,0.4264023888059318
13989,66,2,1266.08,174,0.011494252873563218,0.0,1.0,0.5889503371799871
13990,213,1,311.3,1,1.0,0.0,1.0,0.0
13991,12,6,852.88,132,0.045454545454545456,27.48090245970827,0.035111246963283306,0.4658540858412688
13992,30,1,76.8,1,1.0,0.0,1.0,0.0
13993,43,9,3466.36,288,0.03125,16.58743069745454,0.05685878837007908,0.2668031673457723
13994,4,6,2274.14,145,0.041379310344827586,11.945710527214361,0.0772456635653801,0.6919234160995102
13995,15,5,1393.69,231,0.021645021645021644,33.80828300875393,0.028728794228330943,0.35082365175483504
13999,10,12,3901.81,352,0.03409090909090909,14.486984754348546,0.06457034831904337,0.08690808108768171
14000,211,1,635.66,1,1.0,0.0,1.0,0.0
14001,46,3,2043.08,328,0.009146341463414634,33.23401871576773,0.02921071020912346,0.5231647481687329
14002,134,2,529.73,23,0.08695652173913043,0.0,1.0,0.21397545357862222
14004,43,7,4582.64,246,0.028455284552845527,38.7543545940324,0.025154477043129054,0.33344598861444413
14005,10,5,2874.72,207,0.024154589371980676,12.893796958227625,0.07197456555659684,1.2940366070130682
14006,116,3,962.19,197,0.015228426395939087,38.18376618407357,0.02552077294720217,0.09991959120453307
14009,198,2,695.61,8,0.25,0.0,1.0,0.1346085880949421
14012,278,1,328.8,1,1.0,0.0,1.0,0.0
14013,110,3,473.02,166,0.018072289156626505,67.17514421272202,0.01466810245211615,0.25630397292351453
14014,77,1,505.18,1,1.0,0.0,1.0,0.0
14015,53,1,917.34,1,1.0,0.0,1.0,0.0
14016,162,4,4341.21,196,0.02040816326530612,20.744477176668816,0.04598868907609195,0.2804489575285162
14019,47,3,1421.61,92,0.03260869565217391,8.48528137423857,0.10542649822871226,0.27113888926662943
14020,17,2,642.8,72,0.027777777777777776,0.0,1.0,0.04285762320321686
14021,155,3,631.9,102,0.029411764705882353,8.48528137423857,0.10542649822871226,0.41254706799517776
14022,225,1,440.0,1,1.0,0.0,1.0,0.0
14023,7,2,584.07,243,0.00823045267489712,0.0,1.0,0.09150124218343578
14024,122,2,327.7,3,0.6666666666666666,0.0,1.0,0.8510311702776148
14027,61,1,104.82,1,1.0,0.0,1.0,0.0
14029,63,2,467.66,81,0.024691358024691357,0.0,1.0,0.4150770935537164
14030,18,8,2358.84,349,0.022922636103151862,42.75400287580991,0.022855051750084922,0.7519988638043744
14031,7,19,17286.86,366,0.05191256830601093,14.780308397995938,0.06337011766683835,0.6076560935261769
14032,2,11,2975.59,365,0.030136986301369864,26.970972050212307,0.0357513495850213,0.2578622491724664
14034,22,3,648.89,136,0.022058823529411766,95.45941546018392,0.010367054322579587,1.0223417702946695
14035,29,5,1428.02,269,0.01858736059479554,64.66000824827249,0.015229970672845749,0.32998401326510324
14036,285,1,626.65,1,1.0,0.0,1.0,0.0
14037,176,2,147.20000000000002,189,0.010582010582010581,0.0,1.0,0.7340075826447313
14038,78,3,1560.38,129,0.023255813953488372,1.4142135623730951,0.4142135623730951,0.3415842638697383
14039,33,1,152.2,1,1.0,0.0,1.0,0.0
14040,41,12,3560.32,291,0.041237113402061855,20.839647527991186,0.04578828475680899,0.6027324845174341
14041,266,1,141.41,1,1.0,0.0,1.0,0.0
14044,27,4,646.42,284,0.014084507042253521,62.960304954788775,0.015634697187683264,0.22261831848346098
14045,109,4,1659.75,265,0.01509433962264151,122.78572121111368,0.008078476178157278,0.4601247409050629
14046,284,1,154.99,1,1.0,0.0,1.0,0.0
14047,9,5,1308.61,365,0.0136986301369863,49.00680224893955,0.019997279470538552,0.5470886559690048
14048,305,1,409.93,1,1.0,0.0,1.0,0.0
14049,17,4,5578.72,302,0.013245033112582781,51.884487084291386,0.0189091367834602,0.6845358360245531
14050,32,2,746.36,75,0.02666666666666667,0.0,1.0,0.42747009442007916
14051,1,23,15610.39,366,0.06284153005464481,10.015680347028495,0.09077968572951124,0.3448614995069937
14052,20,1,225.36,1,1.0,0.0,1.0,0.0
14053,124,2,260.25,36,0.05555555555555555,0.0,1.0,0.26219329254371504
14054,65,1,92.46,1,1.0,0.0,1.0,0.0
14055,106,1,725.6400000000001,1,1.0,0.0,1.0,0.0
14056,1,23,8152.71,283,0.0812720848056537,6.556613263658113,0.13233441557864056,0.46860809865344005
14057,24,17,6211.66,337,0.050445103857566766,19.4662100403066,0.04886102497876149,0.506822888081234
14059,267,1,183.6,1,1.0,0.0,1.0,0.0
14060,5,19,6140.42,369,0.051490514905149054,9.333508401719437,0.09677255401791765,0.41913985894113903
14062,10,12,10464.85,355,0.03380281690140845,27.00673316718696,0.03570569955554875,0.6321303824170142
14064,29,5,1334.34,246,0.02032520325203252,35.83643397437865,0.02714703602133539,0.26285413190015244
14066,267,1,152.55,1,1.0,0.0,1.0,0.0
14067,64,2,374.7,33,0.06060606060606061,0.0,1.0,0.2817104358033835
14068,320,1,265.85,1,1.0,0.0,1.0,0.0
14071,4,8,1437.57,262,0.030534351145038167,77.77746031681244,0.012693986274479874,0.5338444808717189
14073,32,1,151.04,1,1.0,0.0,1.0,0.0
14075,5,3,942.26,257,0.011673151750972763,160.51323932934628,0.006191442906800175,0.017048515233146717
14076,129,1,118.67,1,1.0,0.0,1.0,0.0
14077,41,5,499.42,234,0.021367521367521368,30.5,0.031746031746031744,0.3043121819562557
14078,102,6,1049.37,272,0.022058823529411766,33.07113545072198,0.029350357326550724,0.2866803282670548
14079,125,1,375.1,1,1.0,0.0,1.0,0.0
14080,33,1,45.6,1,1.0,0.0,1.0,0.0
14081,302,2,921.62,68,0.029411764705882353,0.0,1.0,0.11444201241486239
14082,365,1,182.25,1,1.0,0.0,1.0,0.0
14083,4,9,1002.9,368,0.024456521739130436,44.606213532581826,0.02192683677380021,1.3874850952441025
14085,2,18,4421.29,367,0.04904632152588556,25.525650305710368,0.03769935848791322,0.4812106423854146
14087,3,1,191.47,1,1.0,0.0,1.0,0.0
14088,10,13,50491.81,313,0.04153354632587859,39.05124837953327,0.024968010747725245,0.9865386567997417
14089,57,1,158.75,1,1.0,0.0,1.0,0.0
14090,325,1,76.32000000000001,1,1.0,0.0,1.0,0.0
14092,8,14,4076.91,351,0.039886039886039885,16.72630355964015,0.05641334058369811,0.48900864302828617
14093,12,1,433.86,1,1.0,0.0,1.0,0.0
14096,4,17,65164.79,98,0.17346938775510204,2.1252450839060106,0.31997490537611684,0.7848657236302261
14098,37,1,147.35,1,1.0,0.0,1.0,0.0
14099,16,11,3104.17,339,0.032448377581120944,12.473972903610141,0.0742171597904925,0.27003914828655934
14100,138,1,191.95,1,1.0,0.0,1.0,0.0
14101,74,6,5976.79,253,0.023715415019762844,19.0,0.05,0.18840586829893147
14102,5,5,1105.88,40,0.125,3.593976442141304,0.21767634479507444,0.41699425024816417
14104,155,2,216.21,12,0.16666666666666666,0.0,1.0,0.041273241656603454
14105,239,1,1266.23,1,1.0,0.0,1.0,0.0
14107,52,7,2703.23,313,0.022364217252396165,17.534727447743997,0.05395277609661952,0.38313852006611915
14108,31,2,597.91,71,0.028169014084507043,0.0,1.0,0.03607023937748106
14109,73,1,144.2,1,1.0,0.0,1.0,0.0
14110,4,12,5683.15,264,0.045454545454545456,14.500783677881941,0.06451286727050448,0.5496902702977874
14111,14,4,692.85,228,0.017543859649122806,62.69237061503843,0.01570046758102437,0.8974411887767307
14112,23,7,2915.15,254,0.027559055118110236,40.641932368757594,0.024014255417941728,0.730497357860286
14113,4,4,1840.42,352,0.011363636363636364,139.15578799796052,0.0071349176104989085,0.059440600975159005
14114,274,2,386.53,57,0.03508771929824561,0.0,1.0,0.013647107825140793
14116,20,5,1382.74,102,0.049019607843137254,9.626352718795768,0.09410566602322655,0.21043422346451998
14117,144,1,90.0,1,1.0,0.0,1.0,0.0
14121,4,4,2780.15,57,0.07017543859649122,11.532562594670797,0.07979214086871815,0.6171851840920655
14124,84,1,419.58,1,1.0,0.0,1.0,0.0
14125,11,3,2720.63,68,0.04411764705882353,21.920310216782973,0.04362942693802497,0.5586045628709171
14126,8,3,706.1300000000001,3,1.0,1.4142135623730951,0.4142135623730951,0.6653705385571356
14127,123,3,709.71,188,0.015957446808510637,56.568542494923804,0.017370597841489154,0.3819096284574009
14128,61,2,637.5,196,0.01020408163265306,0.0,1.0,0.058609446773171946
14129,2,5,1123.86,260,0.019230769230769232,75.03998933901843,0.013150975015811445,0.5534500750326884
14130,319,1,480.91,1,1.0,0.0,1.0,0.0
14132,2,11,3586.03,182,0.06043956043956044,7.149980574954188,0.122699678950538,0.10793897722901233
14133,130,3,605.64,187,0.016042780748663103,131.52186130069785,0.007545924802029128,0.7904435797617613
14135,2,15,4690.31,372,0.04032258064516129,31.692894478724416,0.03058768628304756,0.5760373195737482
14138,2,2,965.88,63,0.031746031746031744,0.0,1.0,0.40636604143478366
14139,46,1,415.82,1,1.0,0.0,1.0,0.0
14140,4,2,935.05,28,0.07142857142857142,0.0,1.0,0.22222383692794911
14141,3,4,915.13,103,0.038834951456310676,21.1266025033211,0.04519446669907433,0.1720909756877624
14142,373,1,311.81,1,1.0,0.0,1.0,0.0
14143,134,1,115.8,1,1.0,0.0,1.0,0.0
14145,47,4,3742.2,171,0.023391812865497075,54.51910979953115,0.018011816176642746,0.27123821413706445
14146,9,5,4191.0,349,0.014326647564469915,71.68158759402584,0.013758642774641268,0.4730347564345684
14147,78,2,483.4,208,0.009615384615384616,0.0,1.0,0.3446304461058142
14148,234,1,157.2,1,1.0,0.0,1.0,0.0
14149,221,1,446.62,1,1.0,0.0,1.0,0.0
14150,36,2,658.64,325,0.006153846153846154,0.0,1.0,0.09937113395273107
14152,75,2,621.29,159,0.012578616352201259,0.0,1.0,0.01759543987050159
14154,239,2,1345.62,1,2.0,0.0,1.0,0.5319407057412334
14155,266,1,118.75,1,1.0,0.0,1.0,0.0
14156,10,55,117210.08,362,0.15193370165745856,8.125952075595245,0.10957760809134803,1.5230533040346537
14157,20,2,424.89,266,0.007518796992481203,0.0,1.0,0.37767613481718815
14158,40,1,507.66,1,1.0,0.0,1.0,0.0
14159,20,11,4630.35,344,0.03197674418604651,31.942483031571328,0.030355938835625193,0.4292934811102975
14161,216,3,1097.62,154,0.01948051948051948,19.79898987322333,0.04807925798778345,0.4400732226090224
14162,174,2,289.36,119,0.01680672268907563,0.0,1.0,0.32256737322582346
14163,87,4,2445.91,152,0.02631578947368421,13.45362404707371,0.06918680026152062,0.4569267170582455
14164,71,2,1631.77,11,0.18181818181818182,0.0,1.0,0.7936745705671812
14165,276,1,120.44,1,1.0,0.0,1.0,0.0
14167,39,4,562.59,292,0.0136986301369863,29.022979401386987,0.033307820207670744,0.18744359251630133
14171,98,1,363.79,1,1.0,0.0,1.0,0.0
14173,11,4,450.84,209,0.019138755980861243,91.65696918401787,0.010792496331430698,0.6686041013135523
14174,33,1,134.46,1,1.0,0.0,1.0,0.0
14175,60,3,3222.3,270,0.011111111111111112,33.23401871576773,0.02921071020912346,0.803292536181663
14176,297,4,576.9000000000001,71,0.056338028169014086,20.663978319771825,0.046159573520591135,0.47815549480407266
14177,86,4,549.46,94,0.0425531914893617,46.119410230400824,0.02122267649595523,0.7584735547322741
14178,9,7,1600.26,174,0.040229885057471264,12.581732790041283,0.07362830762899734,0.43068901858094033
14179,41,2,701.57,12,0.16666666666666666,0.0,1.0,0.756060094985927
14180,11,25,4748.52,362,0.06906077348066299,7.02054438617554,0.124679816213427,0.3726903693882181
14184,67,1,452.89,1,1.0,0.0,1.0,0.0
14185,331,1,197.65,1,1.0,0.0,1.0,0.0
14188,31,6,2054.36,280,0.02142857142857143,23.797058641773354,0.04032736359768859,0.10291150265857724
14189,2,15,4654.08,367,0.04087193460490463,14.292086490912943,0.0653933000309822,0.3012074947548737
14191,2,13,4684.76,219,0.0593607305936073,7.171069824248152,0.1223829953126136,0.373757352245128
14193,68,2,853.39,202,0.009900990099009901,0.0,1.0,0.013771094931180797
14194,5,21,11349.52,304,0.06907894736842106,15.276056256011959,0.06143994492711498,0.5330733506126556
14195,202,2,1012.0,51,0.0392156862745098,0.0,1.0,0.9010720405317901
14196,107,1,335.52,1,1.0,0.0,1.0,0.0
14198,18,4,701.4,222,0.018018018018018018,18.583146486355137,0.051064316998127225,0.030517069271630302
14199,218,1,185.4,1,1.0,0.0,1.0,0.0
14201,60,7,747.44,300,0.023333333333333334,41.18616272487642,0.023704455096370217,0.4179487921636317
14204,2,1,150.61,1,1.0,0.0,1.0,0.0
14205,17,2,466.7,248,0.008064516129032258,0.0,1.0,0.06333204082622171
14206,239,1,328.16,1,1.0,0.0,1.0,0.0
14208,95,1,151.74,1,1.0,0.0,1.0,0.0
14209,11,6,2073.43,322,0.018633540372670808,34.083720454199245,0.02850324843129081,0.2501270616761033
14210,106,6,1905.84,266,0.022556390977443608,26.632686683847727,0.036189025390156324,0.07230678602091943
14211,53,9,2241.1,242,0.0371900826446281,35.65208869858018,0.027283574702217116,0.5472639192027857
14212,90,1,1070.48,1,1.0,0.0,1.0,0.0
14214,31,5,1004.38,247,0.020242914979757085,51.71959654392778,0.018968278696267445,1.2477432126811556
14215,12,6,1789.72,357,0.01680672268907563,47.460509900337144,0.020635358605523936,0.6085056823448806
14216,3,4,1839.3,35,0.11428571428571428,8.888194417315589,0.10113069765789216,0.5815261221710076
14217,2,17,2004.98,365,0.04657534246575343,14.870552556422822,0.06300977842106067,0.2867930358821661
14218,43,1,169.48000000000002,1,1.0,0.0,1.0,0.0
14219,4,1,89.94,1,1.0,0.0,1.0,0.0
14220,247,2,632.4000000000001,111,0.018018018018018018,0.0,1.0,0.014401542286025757
14221,42,9,3432.8,297,0.030303030303030304,41.81506905411015,0.023356262691908523,0.6458649323299677
14222,177,1,683.17,1,1.0,0.0,1.0,0.0
14223,92,3,991.13,172,0.01744186046511628,28.991378028648448,0.03334291605556694,0.0716491484714582
14224,110,4,1009.73,210,0.01904761904761905,35.50117368951811,0.02739637931936325,0.35494709007326997
14226,29,5,2214.79,241,0.02074688796680498,58.32380874622873,0.016856638525650478,0.8861910929420785
14227,26,10,3350.96,259,0.03861003861003861,37.785946829182116,0.025782534184459076,0.8618504154152756
14229,52,3,1547.2,282,0.010638297872340425,140.71424945612296,0.007056453418324855,0.4756182214728266
14231,184,3,925.71,105,0.02857142857142857,5.656854249492381,0.15022110482233483,0.002274770463808621
14232,43,5,2048.07,222,0.02252252252252252,25.591339680967597,0.03760622864427312,0.4351806274691541
14233,49,4,1462.72,269,0.01486988847583643,78.47929663293371,0.012581892925127265,0.5414404603768109
14234,22,4,754.12,36,0.1111111111111111,3.511884584284246,0.2216368750839041,0.6339069578291798
14235,75,5,3144.86,186,0.026881720430107527,36.80919269240589,0.026448594344117102,0.5156254928568683
14236,81,2,490.86,292,0.00684931506849315,0.0,1.0,0.32343155790246436
14237,373,1,161.0,1,1.0,0.0,1.0,0.0
14238,326,1,146.85,1,1.0,0.0,1.0,0.0
14239,43,11,2380.85,273,0.040293040293040296,20.10417314334956,0.047383993355604385,0.5448026264452986
14240,30,2,890.34,196,0.01020408163265306,0.0,1.0,0.6935577530770134
14241,184,1,213.7,1,1.0,0.0,1.0,0.0
14242,235,2,280.55,92,0.021739130434782608,0.0,1.0,0.01940731497107977
14243,9,10,2588.77,358,0.027932960893854747,17.524585904126553,0.05398231329841706,0.31940433260509066
14245,220,2,1693.45,44,0.045454545454545456,0.0,1.0,0.26452044399402275
14246,111,3,1474.06,136,0.022058823529411766,57.27564927611035,0.017159825972285516,0.07531108274950254
14247,278,1,136.77,1,1.0,0.0,1.0,0.0
14248,318,1,302.58,1,1.0,0.0,1.0,0.0
14250,7,3,1904.05,83,0.03614457831325301,57.982756057296896,0.016954107723087444,0.825107039178119
14251,2,5,2879.7000000000003,56,0.08928571428571429,17.841898254763514,0.053073208786019475,0.6789124391851199
14256,260,2,969.06,105,0.01904761904761905,0.0,1.0,0.11479375767885126
14257,64,5,3099.7200000000003,255,0.0196078431372549,48.609841253255155,0.020157290866847612,0.7187183319930308
14258,9,9,12669.98,329,0.02735562310030395,24.807832864411424,0.038747926075535906,0.6059520412095041
14259,142,1,120.0,1,1.0,0.0,1.0,0.0
14261,51,2,1163.45,28,0.07142857142857142,0.0,1.0,0.8801077225804629
14262,8,8,2618.23,233,0.034334763948497854,26.01098668969381,0.037021972262181575,0.3833593837289925
14264,155,2,333.97,91,0.02197802197802198,0.0,1.0,0.43433806956495596
14265,109,2,530.18,40,0.05,0.0,1.0,0.06956635426966361
14267,163,3,1516.24,98,0.030612244897959183,68.58935777509511,0.014370013346464358,0.2989485149717559
14270,332,1,492.65,1,1.0,0.0,1.0,0.0
14271,226,1,112.32,1,1.0,0.0,1.0,0.0
14272,74,2,437.96,181,0.011049723756906077,0.0,1.0,0.5611517784025857
14273,51,4,559.97,191,0.020942408376963352,33.80828300875393,0.028728794228330943,0.4355283299131016
14276,99,3,1119.74,192,0.015625,19.79898987322333,0.04807925798778345,0.07909959607046448
14277,15,3,4188.0,198,0.015151515151515152,130.10764773832474,0.00762732012396318,0.5771967178614301
14280,197,1,134.04,1,1.0,0.0,1.0,0.0
14282,3,15,3701.44,365,0.0410958904109589,26.81192124557882,0.0359558043894205,0.6583052447177606
14284,31,2,595.25,56,0.03571428571428571,0.0,1.0,0.2163194369660987
14285,21,4,1910.01,156,0.02564102564102564,43.55838993045236,0.022442462610539123,1.1221981671949897
14286,24,3,4628.75,220,0.013636363636363636,123.74368670764582,0.008016437756434432,0.5065973961285695
14287,8,3,176.63,191,0.015706806282722512,134.35028842544403,0.00738823693420378,0.6544533860491686
14288,213,1,426.6,1,1.0,0.0,1.0,0.0
14289,9,6,911.26,281,0.021352313167259787,40.525300739167875,0.02408170397804659,0.5701951453595453
14290,11,5,2314.65,351,0.014245014245014245,129.5505049520585,0.007659870793814437,0.5742648139525001
14291,2,11,3883.25,274,0.040145985401459854,27.812067724480883,0.03470767907262433,0.8975974683542085
14292,8,9,4871.93,276,0.03260869565217391,30.95820915824613,0.03129086473676737,0.9237169729883071
14293,3,4,1046.56,366,0.01092896174863388,50.714889332423866,0.019336790872199094,0.3672924970793471
14295,40,1,166.20000000000002,1,1.0,0.0,1.0,0.0
14297,18,4,1305.33,258,0.015503875968992248,112.07289294621306,0.008843852615283167,0.7776449227121472
14298,8,44,51527.3,353,0.12464589235127478,9.569180410672818,0.09461471572480629,1.143831572796621
14299,8,9,3965.62,358,0.025139664804469275,67.71315550593864,0.014553253924040404,0.47341171807290694
14300,19,1,43.2,1,1.0,0.0,1.0,0.0
14301,117,1,640.14,1,1.0,0.0,1.0,0.0
14304,223,1,383.45,1,1.0,0.0,1.0,0.0
14305,71,3,1858.96,65,0.046153846153846156,14.849242404917497,0.06309449842787015,0.8805135273770606
14306,51,2,2093.32,35,0.05714285714285714,0.0,1.0,0.8867445748516374
14307,89,6,2995.7200000000003,285,0.021052631578947368,39.9787443524681,0.024402895105783574,0.524253885028094
14309,8,9,2352.53,351,0.02564102564102564,24.156853508447067,0.039750599162340555,0.33194277234541436
14311,243,1,310.26,1,1.0,0.0,1.0,0.0
14312,47,6,1611.59,291,0.020618556701030927,30.875556675143525,0.03137200112899667,0.5943490212464148
14314,107,1,120.0,1,1.0,0.0,1.0,0.0
14315,45,6,2481.13,222,0.02702702702702703,34.64390278245221,0.028055289178162284,0.7311695020848461
14317,65,1,508.58,1,1.0,0.0,1.0,0.0
14320,207,2,477.79,127,0.015748031496062992,0.0,1.0,0.6725794758744185
14321,11,5,1530.75,323,0.015479876160990712,51.97034410764149,0.018878487894431865,0.07514928400057258
14323,115,2,605.0600000000001,124,0.016129032258064516,0.0,1.0,0.012668227131296464
14326,242,1,183.85,1,1.0,0.0,1.0,0.0
14327,163,1,311.65000000000003,1,1.0,0.0,1.0,0.0
14329,17,7,4975.24,313,0.022364217252396165,35.831085200795506,0.027150978434336254,0.739313420187622
14331,124,2,462.66,11,0.18181818181818182,0.0,1.0,0.9312547095331067
14332,23,3,840.21,126,0.023809523809523808,26.870057685088806,0.03588080122758503,0.5733634147512396
14333,68,1,415.2,1,1.0,0.0,1.0,0.0
14334,17,8,2552.21,342,0.023391812865497075,21.598059877595265,0.044251586437800576,0.15875680624540098
14335,16,2,454.86,81,0.024691358024691357,0.0,1.0,0.7466236751270171
14336,17,4,1614.91,260,0.015384615384615385,84.50049309520823,0.01169583898055956,0.3488653339091281
14338,161,2,588.22,36,0.05555555555555555,0.0,1.0,1.3745438405357622
14339,243,1,309.52000000000004,1,1.0,0.0,1.0,0.0
14340,219,1,134.7,1,1.0,0.0,1.0,0.0
14341,45,8,2166.98,274,0.029197080291970802,48.57100840154399,0.02017308165086375,0.813194464778196
14342,21,4,668.5600000000001,189,0.021164021164021163,49.31869152089635,0.019873330759897043,0.5925159205532322
14344,127,8,889.9300000000001,242,0.03305785123966942,32.49615361854384,0.029854174046013118,0.8829887045876211
14345,39,1,108.98,1,1.0,0.0,1.0,0.0
14346,121,2,1021.58,177,0.011299435028248588,0.0,1.0,0.6876014374113789
14348,260,1,409.57,1,1.0,0.0,1.0,0.0
14349,10,1,133.5,1,1.0,0.0,1.0,0.0
14350,274,1,282.93,1,1.0,0.0,1.0,0.0
14351,165,1,51.0,1,1.0,0.0,1.0,0.0
14352,157,4,1078.96,117,0.03418803418803419,38.501082235871415,0.025315762085421745,0.893967050259543
14353,215,1,90.6,1,1.0,0.0,1.0,0.0
14354,6,2,163.62,25,0.08,0.0,1.0,0.10320076967812462
14355,366,1,174.4,1,1.0,0.0,1.0,0.0
14356,80,2,701.23,2,1.0,0.0,1.0,0.022527224294036842
14357,43,1,225.12,1,1.0,0.0,1.0,0.0
14359,19,3,912.18,69,0.043478260869565216,14.849242404917497,0.06309449842787015,0.5865722556419853
14360,32,4,2118.03,63,0.06349206349206349,18.33939293797189,0.05170793122655635,0.8465808206129918
14362,22,1,151.5,1,1.0,0.0,1.0,0.0
14364,109,8,3717.35,103,0.07766990291262135,10.605479266689953,0.08616619589939728,0.3333552790464614
14367,8,16,9227.82,268,0.05970149253731343,14.065493067720565,0.06637685175685402,0.5470696299843769
14368,320,1,155.0,1,1.0,0.0,1.0,0.0
14371,295,1,100.5,1,1.0,0.0,1.0,0.0
14373,358,1,76.55,1,1.0,0.0,1.0,0.0
14375,185,1,235.56,1,1.0,0.0,1.0,0.0
14377,191,2,617.05,71,0.028169014084507043,0.0,1.0,0.0278465193790343
14379,44,2,348.1,252,0.007936507936507936,0.0,1.0,0.5124645181204889
14381,52,1,202.68,1,1.0,0.0,1.0,0.0
14382,26,1,615.49,1,1.0,0.0,1.0,0.0
14383,38,3,1247.69,126,0.023809523809523808,51.61879502661797,0.019004616116620226,0.5512308809448007
14385,9,3,202.11,15,0.2,0.0,1.0,0.15940507756695715
14386,297,1,142.4,1,1.0,0.0,1.0,0.0
14387,33,3,1727.6,77,0.03896103896103896,4.949747468305833,0.1680743603534397,0.33646289645756994
14388,10,8,3212.84,363,0.02203856749311295,24.88449507701724,0.03863316618788893,0.16732297605149002
14389,65,2,1043.46,126,0.015873015873015872,0.0,1.0,0.5708301882202482
14390,10,9,4642.57,363,0.024793388429752067,46.273835556855,0.021153350224720528,0.5933121974546903
14393,218,1,67.95,1,1.0,0.0,1.0,0.0
14395,2,9,3479.91,370,0.024324324324324326,26.99173153816871,0.03572483533705048,0.36462647472772775
14396,65,2,487.99,307,0.006514657980456026,0.0,1.0,0.7746165763370243
14397,3,19,2612.96,211,0.09004739336492891,6.08571669669385,0.14112898423762746,0.5038816187906621
14400,149,1,574.7,1,1.0,0.0,1.0,0.0
14401,4,13,4051.48,356,0.03651685393258427,34.88683002353336,0.027865375664115052,0.15238770314742048
14403,130,4,1475.81,117,0.03418803418803419,33.291640592396966,0.029161626061767275,0.7732193926253564
14404,34,6,1449.32,336,0.017857142857142856,18.14662503056698,0.05222852583176051,0.372485914597542
14406,119,1,156.75,1,1.0,0.0,1.0,0.0
14407,107,6,2157.73,170,0.03529411764705882,31.34166555880526,0.030919867073071705,0.5784554289407009
14408,11,7,2599.03,254,0.027559055118110236,23.258690132220835,0.04122234113010833,0.5249960023134994
14409,71,6,2059.4500000000003,298,0.020134228187919462,64.32340165134303,0.015308449571217948,1.0840669172562662
14410,92,9,1100.27,214,0.04205607476635514,27.254095367223517,0.03539309919510151,0.5131455446792011
14411,311,1,1063.0,1,1.0,0.0,1.0,0.0
14412,43,2,770.03,31,0.06451612903225806,0.0,1.0,0.28442950846684056
14413,362,1,121.05,1,1.0,0.0,1.0,0.0
14414,92,7,1496.98,268,0.026119402985074626,87.30864791073104,0.011323919272446279,0.31136050303067675
14415,1,13,5855.57,360,0.03611111111111111,15.222590867762055,0.0616424348090554,0.5967585380543433
14416,22,2,490.22,21,0.09523809523809523,0.0,1.0,0.6686516655518665
14418,4,3,1937.25,105,0.02857142857142857,43.1335136523794,0.0226585176942078,0.6642960637381089
14419,11,6,1051.79,355,0.016901408450704224,72.33049149563412,0.01363689209773723,0.251882636023196
14420,99,1,387.52,1,1.0,0.0,1.0,0.0
14421,57,2,813.11,155,0.012903225806451613,0.0,1.0,0.16914349711697493
14422,1,6,4263.64,267,0.02247191011235955,41.692925059295135,0.0234230847057475,0.6160929115405742
14423,218,1,265.2,1,1.0,0.0,1.0,0.0
14424,18,1,322.08,1,1.0,0.0,1.0,0.0
14426,24,10,4481.67,290,0.034482758620689655,41.063298022010414,0.023773694575178844,0.50035532858707
14427,50,2,363.34,14,0.14285714285714285,0.0,1.0,1.090377572970768
14428,7,5,1224.06,318,0.015723270440251572,59.14389233048498,0.016626792202026015,0.571490180544239
14431,303,1,470.36,1,1.0,0.0,1.0,0.0
14432,10,6,2248.5,80,0.075,5.458937625582472,0.1548242231105025,0.6069819357751383
14434,22,6,1372.8,51,0.11764705882352941,4.61519230368573,0.17808829082195718,0.4535384218593773
14436,99,1,89.06,1,1.0,0.0,1.0,0.0
14437,366,1,63.0,1,1.0,0.0,1.0,0.0
14438,306,1,131.9,1,1.0,0.0,1.0,0.0
14439,320,1,2661.24,1,1.0,0.0,1.0,0.0
14440,8,5,2357.68,358,0.013966480446927373,103.79908477438518,0.009542068064361744,0.41412878015396265
14441,1,4,1712.89,255,0.01568627450980392,65.6835849610337,0.014996194349544138,0.44117230719205336
14442,205,2,1589.82,113,0.017699115044247787,0.0,1.0,0.2122983789334407
14443,54,4,1420.2,315,0.012698412698412698,59.180514811323945,0.01661667407025627,0.17348180577739192
14446,1,4,1010.35,246,0.016260162601626018,74.29894570808749,0.013280398425187976,0.40730580197023725
14447,19,5,1163.23,262,0.019083969465648856,63.61865554484262,0.015475407087447712,0.5224261271355007
14448,9,2,375.35,355,0.005633802816901409,0.0,1.0,0.6429613545196979
14449,19,4,885.8,354,0.011299435028248588,68.8210239195359,0.014322333644840752,0.2367440139671758
14450,181,3,483.25,140,0.02142857142857143,10.606601717798213,0.08615786293989429,0.3270979011538027
14451,60,2,643.9,135,0.014814814814814815,0.0,1.0,0.16714032007546603
14452,11,2,259.05,84,0.023809523809523808,0.0,1.0,0.02352928181365776
14453,190,1,119.93,1,1.0,0.0,1.0,0.0
14456,5,9,3017.28,138,0.06521739130434782,13.936078563006372,0.06695197777526402,0.673607057285006
14457,311,1,113.64,1,1.0,0.0,1.0,0.0
14459,155,1,1837.92,1,1.0,0.0,1.0,0.0
14460,110,3,434.34,201,0.014925373134328358,55.154328932550705,0.017808066074498752,0.751868774560438
14461,148,3,2103.06,114,0.02631578947368421,37.476659402887016,0.02598978226069613,0.44708806384634914
14462,66,11,1980.57,274,0.040145985401459854,17.33621770872887,0.054536874282636524,0.5736106097385014
14463,98,3,529.62,108,0.027777777777777776,26.870057685088806,0.03588080122758503,0.30683855849375863
14465,247,3,1038.44,57,0.05263157894736842,39.59797974644666,0.024631767547189955,0.6360412317602231
14466,29,7,2272.4,344,0.020348837209302327,23.506736623076087,0.040805106586830404,0.2866006764338836
14467,18,4,596.26,296,0.013513513513513514,145.6605643267937,0.006818465513140727,0.20999544921627072
14470,12,2,461.19,276,0.007246376811594203,0.0,1.0,0.4111795498137607
14472,104,8,1852.67,252,0.031746031746031744,18.25481019452394,0.05193507439945576,0.43267563762824107
14473,74,2,234.34,209,0.009569377990430622,0.0,1.0,0.38828411966836623
14474,46,1,547.66,1,1.0,0.0,1.0,0.0
14475,72,3,925.85,234,0.01282051282051282,2.8284271247461903,0.2612038749637414,0.020195002018993942
14476,257,1,193.0,1,1.0,0.0,1.0,0.0
14477,20,4,1309.6,278,0.014388489208633094,54.42732157045148,0.018041643934191182,0.3552557521054159
14479,254,2,316.25,112,0.017857142857142856,0.0,1.0,0.14555779116282772
14480,11,1,279.05,1,1.0,0.0,1.0,0.0
14481,165,2,636.51,123,0.016260162601626018,0.0,1.0,0.06840997876776099
14482,18,6,2022.81,221,0.027149321266968326,57.34806012412277,0.0171385303619815,0.44722401775434373
14483,282,1,137.1,1,1.0,0.0,1.0,0.0
14484,50,1,321.92,1,1.0,0.0,1.0,0.0
14485,39,1,162.8,1,1.0,0.0,1.0,0.0
14487,27,6,1165.48,342,0.017543859649122806,119.10373629739749,0.008326135645970482,0.6871024702286107
14488,68,1,1064.28,1,1.0,0.0,1.0,0.0
14489,207,1,463.38,1,1.0,0.0,1.0,0.0
14491,175,2,340.93,198,0.010101010101010102,0.0,1.0,0.35893555730544063
14493,7,5,2383.24,148,0.033783783783783786,47.752835866923476,0.02051162731804189,0.1953995942487236
14494,26,1,139.56,1,1.0,0.0,1.0,0.0
14495,51,2,123.8,71,0.028169014084507043,0.0,1.0,0.48663568462919093
14496,312,2,538.8100000000001,62,0.03225806451612903,0.0,1.0,0.18338765353836825
14497,309,1,475.37,1,1.0,0.0,1.0,0.0
14498,43,5,1957.32,320,0.015625,66.37456842295347,0.014842395630979886,0.6247506277310121
14499,26,3,808.44,253,0.011857707509881422,26.16295090390226,0.036814851359037684,0.5948310870357505
14500,88,3,356.85,102,0.029411764705882353,38.18376618407357,0.02552077294720217,1.2144137626173213
14501,184,2,251.21,137,0.014598540145985401,0.0,1.0,0.6606343757990633
14502,20,11,2429.83,294,0.03741496598639456,31.366826071150037,0.030895831361461283,0.5952456944009012
14503,3,6,3543.26,176,0.03409090909090909,45.48955924165456,0.021510206083089765,0.4381532428274584
14504,47,4,673.26,232,0.017241379310344827,102.77321311184804,0.009636398161076382,0.36921612609166427
14505,17,8,5859.43,345,0.02318840579710145,31.609221077762374,0.030666172541052906,0.35725380208886004
14506,17,5,1960.65,352,0.014204545454545454,30.247589435633817,0.03200246860833463,0.45148352796841856
14507,24,6,1367.88,253,0.023715415019762844,44.58699361921591,0.021936081338306948,0.46098724383902295
14508,22,2,268.05,68,0.029411764705882353,0.0,1.0,0.03730083897025843
14511,11,5,1314.81,123,0.04065040650406504,8.261355820929152,0.10797555124058221,0.3589755116246473
14512,188,2,275.28,45,0.044444444444444446,0.0,1.0,0.1163099209972643
14513,101,3,455.59,189,0.015873015873015872,16.263455967290593,0.05792582909787702,0.9246571406142704
14514,61,3,990.2,271,0.01107011070110701,7.7781745930520225,0.11391890072356342,0.6937191754418001
14515,18,6,2076.89,201,0.029850746268656716,50.32196339571818,0.019484835221316388,0.6018137982407858
14517,33,2,330.45,109,0.01834862385321101,0.0,1.0,0.7465866423240625
14518,64,1,174.37,1,1.0,0.0,1.0,0.0
14520,2,2,270.6,290,0.006896551724137931,0.0,1.0,0.3104371234477525
14522,24,4,974.54,174,0.022988505747126436,43.431939092485074,0.022506332616240316,0.7420985128566709
14523,108,1,241.09,1,1.0,0.0,1.0,0.0
14524,32,9,1843.83,330,0.02727272727272727,39.6049690244617,0.024627527714590022,0.4898480209035706
14525,20,9,4215.9,342,0.02631578947368421,21.85299914035992,0.043757932771017936,0.5873328881804207
14527,3,55,8507.13,367,0.14986376021798364,2.6904728775220987,0.27096798518444387,0.4678484507619845
14528,37,1,364.22,1,1.0,0.0,1.0,0.0
14529,60,3,578.61,51,0.058823529411764705,10.606601717798213,0.08615786293989429,0.276492908435901
14530,26,6,2862.11,271,0.02214022140221402,19.123284236762263,0.049693677643987556,0.21736749347142645
14532,236,4,932.85,116,0.034482758620689655,11.0,0.08333333333333333,0.46222420467911113
14533,25,7,1949.72,329,0.02127659574468085,91.7314922295864,0.010783823013698313,0.5188131331610425
14534,3,18,4397.3,316,0.056962025316455694,9.554025945364911,0.0947505724523235,0.5785271550145106
14535,60,3,2854.84,189,0.015873015873015872,38.18376618407357,0.02552077294720217,0.2295848787115488
14536,260,1,170.95,1,1.0,0.0,1.0,0.0
14537,58,1,355.56,1,1.0,0.0,1.0,0.0
14538,65,2,388.25,192,0.010416666666666666,0.0,1.0,0.6383539647286154
14539,16,2,537.48,29,0.06896551724137931,0.0,1.0,1.0346376739531675
14540,10,3,952.66,300,0.01,118.79393923933998,0.008347667723006165,0.3876176828259826
14541,59,8,1453.35,261,0.03065134099616858,36.476998623398664,0.026683033239904452,0.587422626040949
14542,186,1,103.25,1,1.0,0.0,1.0,0.0
14543,29,16,3599.73,337,0.04747774480712166,16.263309567712167,0.057926320331433745,0.5852061901128613
14544,24,2,2004.3,338,0.005917159763313609,0.0,1.0,0.14058170441910667
14546,5,5,2573.93,244,0.020491803278688523,42.78921203605725,0.022836674913825173,0.2907906851190814
14547,4,8,3974.75,51,0.1568627450980392,6.824326235712107,0.127806531818134,0.5556491249063921
14548,151,2,652.8,168,0.011904761904761904,0.0,1.0,0.0
14549,311,1,289.24,1,1.0,0.0,1.0,0.0
14550,11,2,757.37,34,0.058823529411764705,0.0,1.0,0.14152032149709765
14551,18,2,186.23,186,0.010752688172043012,0.0,1.0,0.49079430025330584
14552,152,1,164.22,1,1.0,0.0,1.0,0.0
14553,19,5,859.27,320,0.015625,88.53059734728251,0.011169365888636647,0.25452279889689666
14554,10,4,2279.49,43,0.09302325581395349,13.279056191361391,0.07003263987468475,0.8079304339474608
14555,57,2,312.54,245,0.00816326530612245,0.0,1.0,0.2721277393009469
14557,85,1,788.38,1,1.0,0.0,1.0,0.0
14560,7,22,2237.77,351,0.06267806267806268,16.01353594098859,0.058776729509285884,0.9618602631900978
14561,76,3,1080.76,109,0.027522935779816515,45.254833995939045,0.021619361991176863,0.40652852096322495
14562,4,18,5006.77,301,0.059800664451827246,16.975111539094694,0.05563247815319895,0.45781743454761087
14565,96,4,3099.12,266,0.015037593984962405,69.0869017976635,0.014268001214933676,0.35149187394679626
14566,111,1,1432.0,1,1.0,0.0,1.0,0.0
14567,57,2,1530.36,74,0.02702702702702703,0.0,1.0,0.06575932270738223
14569,1,1,227.39,1,1.0,0.0,1.0,0.0
14570,281,2,218.06,1,2.0,0.0,1.0,0.7637246129737488
14572,3,7,2804.54,321,0.021806853582554516,32.39392947245929,0.029945562435972743,0.543673533775949
14573,180,9,1639.82,193,0.046632124352331605,28.374724668267707,0.034042872275165816,0.6273672095986356
14576,372,1,35.400000000000006,1,1.0,0.0,1.0,0.0
14577,13,4,859.71,351,0.011396011396011397,42.59499188089291,0.0229384146401983,0.4457843347870873
14578,3,1,168.63,1,1.0,0.0,1.0,0.0
14581,17,1,138.6,1,1.0,0.0,1.0,0.0
14582,41,1,114.11,1,1.0,0.0,1.0,0.0
14583,6,5,986.96,201,0.024875621890547265,59.00564944703741,0.016665097523569455,0.3740568849002498
14584,169,4,1033.06,30,0.13333333333333333,7.810249675906654,0.11350416126511091,0.23391103084413092
14585,50,1,157.05,1,1.0,0.0,1.0,0.0
14586,277,1,237.36,1,1.0,0.0,1.0,0.0
14587,19,9,1580.29,313,0.02875399361022364,51.980593906352624,0.018874835600514006,0.15462104786658212
14589,372,1,39.75,1,1.0,0.0,1.0,0.0
14591,15,4,1320.21,198,0.020202020202020204,113.73800303035627,0.008715508145417432,0.5348732901578152
14592,35,3,557.94,29,0.10344827586206896,9.899494936611665,0.09174737048053264,0.36478465985054026
14593,22,3,617.15,178,0.016853932584269662,125.15790027001891,0.007926574537620513,0.3879292034590504
14594,7,2,363.33,366,0.00546448087431694,0.0,1.0,0.5708934114806425
14595,20,6,1740.6,294,0.02040816326530612,95.18403227432636,0.010396736093865365,1.356217614510456
14597,11,2,866.24,181,0.011049723756906077,0.0,1.0,0.8751328015035946
14598,44,1,221.97,1,1.0,0.0,1.0,0.0
14600,306,1,393.33,1,1.0,0.0,1.0,0.0
14601,11,1,213.96,1,1.0,0.0,1.0,0.0
14603,275,1,660.0,1,1.0,0.0,1.0,0.0
14606,1,93,12076.15,373,0.24932975871313673,2.0122356254016798,0.33197934171124166,0.43400026892121496
14607,16,14,16209.5,246,0.056910569105691054,58.89876146884672,0.016694836011260414,0.6643556785776815
14608,4,4,1785.15,359,0.011142061281337047,137.19086461325816,0.007236368357623396,0.3746550473941422
14609,72,4,601.56,225,0.017777777777777778,42.14261501141095,0.023178938034597724,0.20822986474187657
14616,243,3,406.08,75,0.04,6.363961030678928,0.13579648178933995,0.8532551575968323
14618,9,3,553.44,329,0.00911854103343465,229.80970388562795,0.004332573471414899,0.4865273852363023
14619,246,1,394.44,1,1.0,0.0,1.0,0.0
14620,206,2,412.78,79,0.02531645569620253,0.0,1.0,0.19843802881110914
14621,1,5,1788.36,358,0.013966480446927373,71.11961754677819,0.013865852787577257,0.20792052916047657
14622,185,1,320.58000000000004,1,1.0,0.0,1.0,0.0
14623,32,5,886.7,204,0.024509803921568627,28.335784207723396,0.0340880609469688,0.21270341991247085
14624,57,2,225.85,2,1.0,0.0,1.0,1.21884733192793
14625,196,2,899.63,165,0.012121212121212121,0.0,1.0,0.4266865124939465
14626,24,4,2791.27,210,0.01904761904761905,36.35014901390823,0.026773654895663895,0.2742258945434498
14628,91,2,671.96,152,0.013157894736842105,0.0,1.0,0.018520565731417304
14629,4,2,955.26,44,0.045454545454545456,0.0,1.0,0.3717407046373597
14631,51,3,1006.98,249,0.012048192771084338,85.55992052357225,0.011552690829096558,0.10767445867433298
14632,263,1,114.56,1,1.0,0.0,1.0,0.0
14633,266,1,344.90000000000003,1,1.0,0.0,1.0,0.0
14636,36,2,609.85,233,0.008583690987124463,0.0,1.0,0.021960486079647863
14638,51,1,443.6,1,1.0,0.0,1.0,0.0
14639,52,6,2984.49,310,0.01935483870967742,70.0949356230534,0.014065699493730715,0.648481196308385
14640,24,6,2107.38,204,0.029411764705882353,21.40560674215987,0.044631685787751244,0.3034539818107589
14641,22,1,110.46,1,1.0,0.0,1.0,0.0
14642,59,1,96.12,1,1.0,0.0,1.0,0.0
14643,170,2,693.8100000000001,188,0.010638297872340425,0.0,1.0,0.04498593753559932
14644,68,2,830.76,231,0.008658008658008658,0.0,1.0,0.7758461808310003
14645,157,2,597.09,119,0.01680672268907563,0.0,1.0,0.2768551195059221
14646,2,73,280206.02,354,0.2062146892655367,7.026762500348701,0.12458323015743368,1.2531205323793952
14647,201,1,236.04,1,1.0,0.0,1.0,0.0
14649,5,4,1402.59,208,0.019230769230769232,70.02142529254886,0.014080258117615024,0.39200085818838787
14651,67,2,653.75,144,0.013888888888888888,0.0,1.0,0.38330325218644545
14652,77,1,114.18,1,1.0,0.0,1.0,0.0
14653,1,7,1926.65,338,0.020710059171597635,105.94463963158621,0.009350632284562385,0.5370284581711685
14655,8,4,1932.23,215,0.018604651162790697,71.33722730804723,0.013824140587273435,0.4536925606428905
14656,169,2,291.05,115,0.017391304347826087,0.0,1.0,0.12064910755445432
14657,18,4,848.22,309,0.012944983818770227,51.05226080530942,0.019211461414525115,0.6774079753507545
14658,5,2,247.15,112,0.017857142857142856,0.0,1.0,0.004978214846306288
14659,9,9,2529.93,307,0.029315960912052116,15.027950150113146,0.062391010118841725,0.5159307771835033
14660,87,2,285.74,15,0.13333333333333333,0.0,1.0,0.13778856854646515
14661,27,1,107.95,1,1.0,0.0,1.0,0.0
14662,29,4,741.37,288,0.013888888888888888,94.97543542060406,0.010419332776325384,0.39657660518929916
14664,20,2,636.24,14,0.14285714285714285,0.0,1.0,0.3079422025197545
14665,61,5,1835.7,251,0.0199203187250996,97.17467091102839,0.010185926682721029,0.5501343070814456
14666,24,1,195.25,1,1.0,0.0,1.0,0.0
14667,11,25,9175.04,358,0.06983240223463687,12.548962079604923,0.07380639152465317,0.6037641440784036
14669,242,3,1259.24,91,0.03296703296703297,63.63961030678928,0.015470390295576507,0.008662216201234965
14670,280,2,392.86,1,2.0,0.0,1.0,0.7213259523197088
14672,235,2,765.5500000000001,102,0.0196078431372549,0.0,1.0,0.3602083502411728
14673,3,5,1736.4,365,0.0136986301369863,159.03982729702224,0.006248444633372873,0.1174398836665204
14675,16,1,596.36,1,1.0,0.0,1.0,0.0
14676,31,6,2548.24,252,0.023809523809523808,28.49034924320866,0.033909398351065316,0.29806085780978825
14680,25,16,28754.11,347,0.04610951008645533,11.463399313010246,0.08023493229139532,0.5137087165565744
14681,71,3,498.95,141,0.02127659574468085,98.99494936611666,0.010000505088898526,1.1861641386090624
14682,188,2,52.0,14,0.14285714285714285,0.0,1.0,0.2828427124746191
14684,26,5,1201.51,337,0.01483679525222552,66.12803238163575,0.014896906173486631,0.3641082460169583
14687,107,1,628.38,1,1.0,0.0,1.0,0.0
14688,8,21,5579.1,367,0.05722070844686648,11.694690653184642,0.07877308926382826,0.4382886880146408
14689,209,1,112.8,1,1.0,0.0,1.0,0.0
14690,44,2,355.05,108,0.018518518518518517,0.0,1.0,0.27909856165464797
14691,31,5,2114.33,183,0.0273224043715847,49.96915715385508,0.019619708385237924,0.6478192362043698
14692,137,4,591.55,186,0.021505376344086023,37.589892258425,0.025913521429479464,0.5071833772148704
14693,265,1,172.9,1,1.0,0.0,1.0,0.0
14696,4,7,2078.95,369,0.018970189701897018,13.847984209503805,0.06734920955532309,0.03919047386655426
14697,218,2,188.61,1,2.0,0.0,1.0,0.073556200874185
14698,2,5,1217.27,50,0.1,7.52772652709081,0.11726454839085287,0.6709940324697006
14699,214,1,109.13,1,1.0,0.0,1.0,0.0
14700,32,3,2195.1,207,0.014492753623188406,77.07463914933368,0.012808256444032946,0.11376304478501532
14701,11,9,2526.09,306,0.029411764705882353,55.35534559294419,0.017744545605718053,0.7129354088280337
14702,1,17,3251.79,365,0.04657534246575343,27.974914357926696,0.03451261279488231,0.3808081646273287
14703,15,1,318.17,1,1.0,0.0,1.0,0.0
14704,11,9,1493.96,169,0.05325443786982249,20.618559600515262,0.04625655078223462,1.0648827614917866
14705,199,1,179.0,1,1.0,0.0,1.0,0.0
14708,3,3,1126.37,366,0.00819672131147541,44.54772721475249,0.0219549922938001,0.21544433850323869
14709,15,13,4921.04,344,0.0377906976744186,16.16651046472493,0.05825295723640965,0.365024891212573
14710,14,4,599.48,46,0.08695652173913043,8.144527815247077,0.10935501758031242,0.4763629324035404
14711,10,11,2839.62,253,0.043478260869565216,18.75129625148915,0.0506295884212969,0.40217474443378154
14712,29,3,917.07,83,0.03614457831325301,5.656854249492381,0.15022110482233483,0.6213484481255767
14713,9,11,2662.2,356,0.03089887640449438,21.19748412744619,0.045050150470140216,0.3635538726914774
14714,24,1,160.19,1,1.0,0.0,1.0,0.0
14715,25,4,867.38,307,0.013029315960912053,89.79049689879956,0.01101436861959968,0.5181823085539611
14716,43,2,307.51,106,0.018867924528301886,0.0,1.0,0.2572175361566363
14719,2,5,1581.84,248,0.020161290322580645,45.61706552011721,0.02145137169924302,0.24856233506498726
14720,6,3,663.81,121,0.024793388429752067,32.526911934581186,0.02982678517935779,0.25922397679540315
14722,147,1,180.42,1,1.0,0.0,1.0,0.0
14723,10,6,1122.36,362,0.016574585635359115,137.44708072563782,0.007222976423617856,0.38266043974855635
14725,25,1,655.58,1,1.0,0.0,1.0,0.0
14727,274,1,268.58,1,1.0,0.0,1.0,0.0
14729,374,1,313.49,1,1.0,0.0,1.0,0.0
14730,1,8,1897.57,276,0.028985507246376812,25.88711759047069,0.03719253269284689,0.4608334567268843
14731,47,3,380.02,166,0.018072289156626505,107.48023074035522,0.009218269477998028,0.02326151683474716
14732,8,8,2702.49,331,0.02416918429003021,14.556948921555023,0.06427995650319608,0.26375293236331315
14733,16,12,9585.91,352,0.03409090909090909,26.669696797540222,0.0361406200912508,0.7051270837501736
14735,4,32,6065.6900000000005,355,0.09014084507042254,14.850219939720237,0.06309060718419598,0.7346243221439742
14737,4,3,1164.55,350,0.008571428571428572,70.0035713374682,0.014083798619750629,0.7348284033830261
14738,43,7,1314.45,274,0.025547445255474453,27.342274960214997,0.035282982802323865,0.5108665552546584
14739,4,7,3902.28,364,0.019230769230769232,48.69907596659304,0.02012109844199487,0.41500871560371455
14740,197,3,1448.21,87,0.034482758620689655,21.213203435596427,0.045018270457898496,0.2029283952492182
14741,12,6,1400.34,362,0.016574585635359115,72.2820863008256,0.01364589970726221,0.2589332123215597
14744,16,7,1099.98,351,0.019943019943019943,89.78956880766644,0.011014481213347917,0.6941639086273281
14745,113,5,1220.26,173,0.028901734104046242,42.1218470630147,0.023190101262097675,0.5396127634310804
14747,249,1,328.2,1,1.0,0.0,1.0,0.0
14748,29,5,1415.75,340,0.014705882352941176,64.17424197708402,0.015343484936144113,0.4735640549771343
14752,44,1,389.64,1,1.0,0.0,1.0,0.0
14753,87,1,563.15,1,1.0,0.0,1.0,0.0
14754,45,2,638.05,251,0.00796812749003984,0.0,1.0,0.4023100128615947
14755,10,11,5010.28,325,0.033846153846153845,10.498677165349081,0.08696652542028661,0.3300543961937657
14756,15,1,738.96,1,1.0,0.0,1.0,0.0
14757,75,1,420.5,1,1.0,0.0,1.0,0.0
14758,145,4,1484.06,115,0.034782608695652174,20.744477176668816,0.04598868907609195,0.5223424927779359
14759,5,3,1625.97,229,0.013100436681222707,7.7781745930520225,0.11391890072356342,0.4239181390635407
14760,297,1,89.2,1,1.0,0.0,1.0,0.0
14761,59,2,255.9,277,0.007220216606498195,0.0,1.0,0.33655961683673896
14762,264,1,300.52,1,1.0,0.0,1.0,0.0
14764,47,1,278.3,1,1.0,0.0,1.0,0.0
14765,29,3,254.11,148,0.02027027027027027,14.142135623730951,0.06604088253131131,0.8488120685820572
14766,8,6,2473.37,359,0.016713091922005572,28.36370920736567,0.034055643070772454,0.3718115179697678
14768,17,2,192.6,110,0.01818181818181818,0.0,1.0,0.5418949164233354
14769,3,8,10416.98,355,0.022535211267605635,20.016659728003237,0.04758130040367783,1.0417305717537608
14770,232,2,876.4200000000001,91,0.02197802197802198,0.0,1.0,0.515101496292576
14772,112,1,139.26,1,1.0,0.0,1.0,0.0
14775,58,3,1011.9,314,0.009554140127388535,109.60155108391487,0.009041464520161083,0.17931246136301532
14776,51,11,2538.3,262,0.04198473282442748,26.791582425995088,0.03598211806264913,0.7078698834004945
14778,127,2,730.86,182,0.01098901098901099,0.0,1.0,0.12144055383320394
14779,281,3,386.15,44,0.06818181818181818,28.991378028648448,0.03334291605556694,0.91923939002332
14780,55,2,447.68,25,0.08,0.0,1.0,0.6884056011265745
14782,320,1,200.1,1,1.0,0.0,1.0,0.0
14784,26,2,289.99,298,0.006711409395973154,0.0,1.0,0.2956783623113926
14785,10,2,77.4,5,0.4,0.0,1.0,0.028503529164108934
14788,7,2,679.44,20,0.1,0.0,1.0,0.11959953975915172
14789,29,1,197.64,1,1.0,0.0,1.0,0.0
14790,17,4,745.06,237,0.016877637130801686,62.32442004008809,0.015791696147662165,0.17619751820447013
14792,64,1,6.2,1,1.0,0.0,1.0,0.0
14793,21,1,228.99,1,1.0,0.0,1.0,0.0
14794,3,7,1319.91,332,0.02108433734939759,62.98465421566325,0.015628747427929416,0.48676833604476477
14795,166,1,131.45000000000002,1,1.0,0.0,1.0,0.0
14796,1,17,7975.49,366,0.04644808743169399,12.063719713808561,0.07654787624867548,0.326418253511769
14798,53,3,173.74,258,0.011627906976744186,52.32590180780452,0.018752613009793393,0.5412584877673398
14799,51,1,157.7,1,1.0,0.0,1.0,0.0
14800,48,12,4331.79,323,0.03715170278637771,19.45998224795976,0.04887589773445275,0.752774794629541
14801,61,1,189.34,1,1.0,0.0,1.0,0.0
14803,162,3,845.5500000000001,131,0.022900763358778626,68.58935777509511,0.014370013346464358,0.8104771701019842
14804,9,1,353.27,1,1.0,0.0,1.0,0.0
14805,15,4,546.4,299,0.013377926421404682,140.18202452525787,0.00708305468321923,0.27509214059051346
14806,75,1,193.39,1,1.0,0.0,1.0,0.0
14808,40,8,2718.6,133,0.06015037593984962,25.264317016015184,0.038074471892424626,0.679096476584127
14810,41,11,2085.33,329,0.03343465045592705,16.938122682280937,0.05574719371207044,0.339092936253149
14813,370,2,152.88,1,2.0,0.0,1.0,0.9063621457438242
14815,37,2,778.5,32,0.0625,0.0,1.0,0.5897733784971728
14816,197,1,271.85,1,1.0,0.0,1.0,0.0
14817,200,2,1110.34,77,0.025974025974025976,0.0,1.0,0.06526316527910128
14818,74,3,657.8,180,0.016666666666666666,7.7781745930520225,0.11391890072356342,0.4109668298281537
14819,64,2,272.07,128,0.015625,0.0,1.0,0.5334683644148591
14820,21,4,507.29,153,0.026143790849673203,43.2087954009366,0.022619933226654128,0.13767111142854063
14821,367,1,48.8,1,1.0,0.0,1.0,0.0
14823,180,3,321.43,15,0.2,9.192388155425117,0.09811243299910322,0.343558287134418
14824,10,4,1127.71,82,0.04878048780487805,11.150485789118488,0.08230123612798773,0.5758700840305694
14825,4,12,2221.01,365,0.03287671232876712,20.629193788503617,0.04623380833230694,0.2912150064998134
14828,197,3,2139.76,141,0.02127659574468085,17.67766952966369,0.05353987007917717,0.4301337916321056
14829,29,4,697.55,344,0.011627906976744186,89.81647955692763,0.011011217401057233,0.2445151229195986
14830,53,1,188.88,1,1.0,0.0,1.0,0.0
14834,18,6,1720.3,223,0.026905829596412557,45.50494478625372,0.021503089716506607,0.3102449761131454
14836,10,3,102.45,21,0.14285714285714285,11.313708498984761,0.08121030314161228,1.1037424407931404
14837,90,4,1649.5,112,0.03571428571428571,23.115651263447745,0.04146684611896452,0.20536773205349632
14840,268,1,62.85,1,1.0,0.0,1.0,0.0
14841,53,6,3295.76,306,0.0196078431372549,49.58528007382836,0.019768596685449145,0.275721826916967
14842,44,4,2824.69,265,0.01509433962264151,33.291640592396966,0.029161626061767275,0.775284267757688
14844,64,4,3189.81,178,0.02247191011235955,5.507570547286102,0.15366717774838984,0.1578618699637673
14847,149,1,309.40000000000003,1,1.0,0.0,1.0,0.0
14849,22,25,7930.54,352,0.07102272727272728,16.545008880039312,0.05699626639332652,0.7033354772034691
14850,312,1,325.75,1,1.0,0.0,1.0,0.0
14851,23,2,511.35,233,0.008583690987124463,0.0,1.0,0.2740479552078811
14852,58,6,2836.69,194,0.030927835051546393,26.349573051569543,0.03656364207640206,0.3669251556201593
14853,24,2,475.8,188,0.010638297872340425,0.0,1.0,0.13910297334817331
14854,78,7,2740.03,197,0.03553299492385787,20.235282717735046,0.04709143802285388,0.5821504342775109
14855,119,2,645.65,16,0.125,0.0,1.0,0.07217275130518612
14856,36,3,1290.53,21,0.14285714285714285,14.142135623730951,0.06604088253131131,1.1609729018936124
14857,60,2,1173.12,89,0.02247191011235955,0.0,1.0,0.15440233997267644
14859,13,4,1353.74,192,0.020833333333333332,61.58192375472963,0.01597905497311314,0.7228238212317621
14860,19,1,170.32,1,1.0,0.0,1.0,0.0
14861,52,1,125.79,1,1.0,0.0,1.0,0.0
14862,26,2,841.2,123,0.016260162601626018,0.0,1.0,0.39171631007243357
14863,29,1,266.76,1,1.0,0.0,1.0,0.0
14865,7,2,52.2,365,0.005479452054794521,0.0,1.0,0.6014471472161439
14866,11,12,14389.9,356,0.033707865168539325,64.51018242389053,0.015264802554347884,1.4680785797622622
14867,186,3,710.28,151,0.019867549668874173,59.39696961966999,0.01655712209233626,0.5150569948980138
14868,3,8,2953.59,231,0.03463203463203463,24.33692080534664,0.03946809510447608,0.4245032262538749
14869,9,2,721.45,95,0.021052631578947368,0.0,1.0,0.10324572504011502
14870,262,1,327.25,1,1.0,0.0,1.0,0.0
14871,3,4,501.28,358,0.0111731843575419,50.89531740085067,0.019269561303109167,0.22251972710319834
14873,210,1,519.68,1,1.0,0.0,1.0,0.0
14875,108,2,1465.32,156,0.01282051282051282,0.0,1.0,0.7154647435771181
14878,13,9,1476.09,346,0.02601156069364162,27.521095804595323,0.03506176645004221,0.4380532950425855
14880,77,3,690.59,212,0.014150943396226415,3.5355339059327378,0.2204812092115424,0.4663034104268731
14881,20,1,255.4,1,1.0,0.0,1.0,0.0
14882,27,2,589.7,8,0.25,0.0,1.0,0.22519018739500357
14883,19,6,761.59,194,0.030927835051546393,33.830459648074545,0.028710502534389632,0.8250822309586515
14885,132,1,765.3199999999999,1,1.0,0.0,1.0,0.0
14886,253,1,364.8,1,1.0,0.0,1.0,0.0
14887,79,1,1862.0,1,1.0,0.0,1.0,0.0
14888,207,1,369.2,1,1.0,0.0,1.0,0.0
14889,336,1,135.9,1,1.0,0.0,1.0,0.0
14890,254,1,125.65,1,1.0,0.0,1.0,0.0
14891,148,2,554.38,40,0.05,0.0,1.0,0.8785072813053257
14893,10,2,1237.85,3,0.6666666666666666,0.0,1.0,0.43458633678644554
14894,85,1,655.75,1,1.0,0.0,1.0,0.0
14895,8,20,11138.71,283,0.0706713780918728,17.34075414697887,0.0545233850247495,1.1266997794295588
14896,205,2,468.77,161,0.012422360248447204,0.0,1.0,0.13778000595938153
14897,8,4,1366.38,290,0.013793103448275862,97.12363255150623,0.010191224825223305,0.6281598835022859
14898,23,6,1269.31,348,0.017241379310344827,38.47986486462758,0.025329367347859417,0.4778769155758586
14901,11,9,1421.29,362,0.024861878453038673,78.93928498717044,0.012509493926052644,0.17046853605688747
14902,26,1,332.66,1,1.0,0.0,1.0,0.0
14903,21,5,2795.33,258,0.01937984496124031,31.57002798013753,0.03070307463689742,0.19123747479162692
14904,2,2,1025.44,24,0.08333333333333333,0.0,1.0,0.3192958378458213
14905,158,2,616.15,77,0.025974025974025976,0.0,1.0,0.002180480214646538
14907,3,7,3501.1,365,0.019178082191780823,78.71636847992079,0.012544475106789181,0.5986877714552206
14908,74,1,277.8,1,1.0,0.0,1.0,0.0
14910,3,4,434.35,52,0.07692307692307693,9.539392014169456,0.09488213349077174,0.7790728309876435
14911,1,201,143711.17,373,0.5388739946380697,2.7010327449787126,0.270194853411315,0.872420151487702
14912,17,2,867.85,230,0.008695652173913044,0.0,1.0,0.15925688938263824
14913,36,4,1227.43,324,0.012345679012345678,34.44318994131254,0.028214164742389657,0.022568356808966142
14915,91,2,307.48,187,0.0106951871657754,0.0,1.0,0.1054175063405469
14916,71,4,1268.98,254,0.015748031496062992,79.95206897468842,0.012352988782938626,0.19298391513252233
14918,116,2,1610.15,39,0.05128205128205128,0.0,1.0,0.06965889987380684
14920,213,2,977.77,1,2.0,0.0,1.0,0.24112372335336396
14921,30,2,1316.07,172,0.011627906976744186,0.0,1.0,0.5264871434533861
14923,51,1,749.1,1,1.0,0.0,1.0,0.0
14924,246,1,310.05,1,1.0,0.0,1.0,0.0
14929,32,1,223.88,1,1.0,0.0,1.0,0.0
14930,109,3,2362.96,166,0.018072289156626505,116.67261889578035,0.008498153685911202,0.6948554108345035
14931,5,5,1257.68,237,0.02109704641350211,50.176355653501446,0.019540273769603225,0.17731175041338817
14932,366,1,363.53,1,1.0,0.0,1.0,0.0
14934,82,2,1890.94,201,0.009950248756218905,0.0,1.0,0.17445262967579506
14935,297,1,1784.71,1,1.0,0.0,1.0,0.0
14936,34,8,8137.02,242,0.03305785123966942,38.54743521824457,0.025286089843284353,0.7089997430154682
14937,57,3,1621.88,74,0.04054054054054054,51.61879502661797,0.019004616116620226,0.5354722385255817
14944,30,12,5900.25,267,0.0449438202247191,27.18087562975115,0.03548505777954886,0.744136102482483
14946,14,1,100.9,1,1.0,0.0,1.0,0.0
14947,72,2,290.82,59,0.03389830508474576,0.0,1.0,0.32182330499226824
14948,23,6,1101.97,197,0.030456852791878174,27.0129598526337,0.035697762937606285,0.6070219846949705
14950,19,1,371.2,1,1.0,0.0,1.0,0.0
14951,79,1,311.69,1,1.0,0.0,1.0,0.0
14952,60,11,8099.49,305,0.036065573770491806,40.89498746790369,0.02386920394154822,0.8746152287012141
14953,25,1,285.67,1,1.0,0.0,1.0,0.0
14954,12,1,294.85,1,1.0,0.0,1.0,0.0
14957,253,1,58.49,1,1.0,0.0,1.0,0.0
14958,147,3,483.73,99,0.030303030303030304,16.263455967290593,0.05792582909787702,0.29201453646186787
14959,64,4,695.42,233,0.017167381974248927,30.138568866708543,0.03211451381341867,0.308383789735134
14960,8,2,221.27,163,0.012269938650306749,0.0,1.0,0.28550151322459516
14961,11,9,7044.68,350,0.025714285714285714,30.319430356503354,0.03192906092534834,0.40560477093367525
14962,271,1,126.7,1,1.0,0.0,1.0,0.0
14963,10,5,1472.34,174,0.028735632183908046,55.02120803229727,0.01785038265193213,0.09884862837592201
14964,247,1,206.21,1,1.0,0.0,1.0,0.0
14965,96,2,596.09,1,2.0,0.0,1.0,0.8234652239830857
14966,15,1,183.02,1,1.0,0.0,1.0,0.0
14967,50,1,463.8,1,1.0,0.0,1.0,0.0
14968,30,1,147.59,1,1.0,0.0,1.0,0.0
14970,68,4,1592.06,249,0.01606425702811245,28.36077102854105,0.03405905107287268,0.1778242849106822
14971,35,3,1097.98,9,0.3333333333333333,5.656854249492381,0.15022110482233483,0.8622277402215578
14972,128,1,114.77,1,1.0,0.0,1.0,0.0
14973,107,3,1314.45,119,0.025210084033613446,45.96194077712559,0.0212938388714779,0.4322280858626658
14974,37,1,89.94,1,1.0,0.0,1.0,0.0
14975,57,1,279.94,1,1.0,0.0,1.0,0.0
14976,57,7,790.86,270,0.025925925925925925,39.22074281125572,0.02486279292982504,0.6896227320472531
14978,72,5,1921.37,259,0.019305019305019305,68.04900195202474,0.014482468561888848,0.1387963577470899
14981,246,1,102.12,1,1.0,0.0,1.0,0.0
14984,19,2,202.37,162,0.012345679012345678,0.0,1.0,0.014605457060630397
14985,198,2,292.01,160,0.0125,0.0,1.0,0.25411385095618755
14987,16,2,326.4,350,0.005714285714285714,0.0,1.0,0.0
14988,212,1,334.54,1,1.0,0.0,1.0,0.0
14995,39,2,231.98,242,0.008264462809917356,0.0,1.0,0.04047925706594258
14997,46,3,546.1999999999999,132,0.022727272727272728,33.94112549695428,0.028619570370942038,0.47303055510194897
14998,170,2,414.87,72,0.027777777777777776,0.0,1.0,0.16222533187103327
15000,48,1,490.52,1,1.0,0.0,1.0,0.0
15002,116,4,1641.76,252,0.015873015873015872,84.83120495037974,0.011650774337586364,0.45027176235701516
15004,147,1,1220.77,1,1.0,0.0,1.0,0.0
15005,16,28,6295.37,351,0.07977207977207977,6.338953871289504,0.13625920227024035,0.24073066547639083
15006,51,1,480.38,1,1.0,0.0,1.0,0.0
15007,159,1,156.91,1,1.0,0.0,1.0,0.0
15009,12,3,1259.43,13,0.23076923076923078,1.4142135623730951,0.4142135623730951,0.3568374221029921
15010,36,1,308.94,1,1.0,0.0,1.0,0.0
15012,54,2,405.04,320,0.00625,0.0,1.0,0.09748381063958331
15014,43,2,257.67,134,0.014925373134328358,0.0,1.0,0.12189887538443155
15016,173,1,170.04,1,1.0,0.0,1.0,0.0
15017,34,1,125.58,1,1.0,0.0,1.0,0.0
15018,39,3,496.21,330,0.00909090909090909,70.71067811865476,0.013944924608652681,0.29326623733485035
15019,267,1,252.81,1,1.0,0.0,1.0,0.0
15021,9,9,1871.77,358,0.025139664804469275,33.74457628377379,0.028781470576373504,0.36833851281652463
15022,12,4,852.39,36,0.1111111111111111,10.263202878893768,0.08878469212997223,0.5773558122741818
15023,3,11,6720.41,367,0.02997275204359673,22.42419328413944,0.04269090456477328,0.3638923582613142
15024,10,10,1636.43,358,0.027932960893854747,53.749677001613485,0.018264947936962803,0.8449095150599369
15025,33,1,361.96,1,1.0,0.0,1.0,0.0
15026,80,3,469.0,198,0.015151515151515152,86.2670273047588,0.011459081750404354,0.4554693395551236
15027,31,4,1066.15,208,0.019230769230769232,61.17461347105786,0.016083734890696148,0.42164483097991473
15028,8,4,627.13,361,0.0110803324099723,178.63463643239328,0.005566855144755765,0.776428993157891
15030,72,2,518.28,197,0.01015228426395939,0.0,1.0,0.5805512030765217
15031,4,4,653.19,278,0.014388489208633094,74.27202254774899,0.013285148533980837,0.305399149573085
15032,256,3,4959.1,111,0.02702702702702703,77.78174593052023,0.012693295739877703,0.8700727125881212
15033,5,10,2557.18,325,0.03076923076923077,21.863846362837847,0.04373717283306135,0.5866398311203821
15034,16,8,4274.16,339,0.02359882005899705,54.55709111083719,0.017999502493839817,0.5221926642725135
15035,90,1,252.73,1,1.0,0.0,1.0,0.0
15036,72,3,429.56,108,0.027777777777777776,72.8319984622144,0.013544262932443554,0.5806775996695244
15038,59,6,685.74,312,0.019230769230769232,55.490539734264615,0.017702079050829905,0.4839135967484394
15039,10,47,19766.59,360,0.13055555555555556,4.202426260320334,0.19221800559234184,0.5983696508835102
15041,170,1,179.93,1,1.0,0.0,1.0,0.0
15042,199,1,135.93,1,1.0,0.0,1.0,0.0
15043,31,1,537.0,1,1.0,0.0,1.0,0.0
15044,19,17,7634.73,343,0.04956268221574344,16.77883090881682,0.05624666802495339,0.5834762954777526
15045,152,2,735.66,106,0.018867924528301886,0.0,1.0,0.0810088349487565
15046,9,15,5090.42,330,0.045454545454545456,13.138317419494195,0.07072977429557353,0.6510028807061354
15047,270,1,343.62,1,1.0,0.0,1.0,0.0
15048,65,4,381.0,304,0.013157894736842105,48.05552344250693,0.02038506430722322,0.4580182416615661
15049,274,1,121.17000000000002,1,1.0,0.0,1.0,0.0
15050,25,3,1737.69,47,0.06382978723404255,32.526911934581186,0.02982678517935779,1.06733846849574
15051,23,3,1383.36,128,0.0234375,52.32590180780452,0.018752613009793393,0.5791914853510105
15052,319,1,207.73,1,1.0,0.0,1.0,0.0
15053,5,3,693.95,278,0.01079136690647482,18.384776310850235,0.051586873325965094,0.09356476577402699
15054,12,2,302.1,29,0.06896551724137931,0.0,1.0,0.16262753775849492
15057,275,2,1489.5,41,0.04878048780487805,0.0,1.0,0.7334541637685237
15058,25,11,2102.54,287,0.03832752613240418,24.864968664099834,0.038662331781131605,0.27925955902008504
15059,41,9,1337.72,294,0.030612244897959183,31.63971283958545,0.030637524444982245,0.41164380355533653
15060,8,4,294.25,1,4.0,0.0,1.0,1.0050238897640442
15061,4,48,54534.14,369,0.13008130081300814,10.454341059747597,0.08730314513806137,1.1182969092562394
15062,71,4,987.86,289,0.01384083044982699,44.06056437828882,0.02219235408604474,0.31422054370173474
15063,213,1,370.8,1,1.0,0.0,1.0,0.0
15065,38,4,3158.13,254,0.015748031496062992,36.373066958946424,0.026757236731426947,0.6137377505447128
15066,53,1,893.59,1,1.0,0.0,1.0,0.0
15067,78,3,1744.76,205,0.014634146341463415,144.2497833620557,0.006884691851879449,0.42610217049349874
15068,46,2,553.36,211,0.009478672985781991,0.0,1.0,0.18768946801481887
15069,179,1,1109.53,1,1.0,0.0,1.0,0.0
15070,373,1,106.2,1,1.0,0.0,1.0,0.0
15071,94,2,982.07,183,0.01092896174863388,0.0,1.0,0.28119531431017575
15073,10,3,1043.41,178,0.016853932584269662,123.03657992645927,0.00806213780316174,0.41421745815418864
15074,105,1,735.67,1,1.0,0.0,1.0,0.0
15075,78,1,773.03,1,1.0,0.0,1.0,0.0
15076,173,1,880.85,1,1.0,0.0,1.0,0.0
15078,7,32,9743.11,362,0.08839779005524862,11.95376397283632,0.07719763939631538,0.6989394606914144
15079,213,4,895.61,154,0.025974025974025976,51.00326786916044,0.01922956077521873,0.6241195528443146
15081,22,5,504.8,346,0.014450867052023121,64.84083075758154,0.015188143717109014,0.2294605658349414
15083,257,1,88.2,1,1.0,0.0,1.0,0.0
15087,282,1,306.94,1,1.0,0.0,1.0,0.0
15088,21,2,1160.07,46,0.043478260869565216,0.0,1.0,0.692813114408832
15089,10,6,2420.84,119,0.05042016806722689,14.956603892595403,0.06266997706598745,1.0530266482747659
15090,308,1,381.32,1,1.0,0.0,1.0,0.0
15091,68,1,480.71,1,1.0,0.0,1.0,0.0
15092,215,2,457.81,69,0.028985507246376812,0.0,1.0,0.5823232315653921
15093,18,6,4597.02,354,0.01694915254237288,27.270863572685045,0.03537210660116472,0.31125604311265953
15095,104,4,1370.6,100,0.04,33.51119216023208,0.028976107094681,0.9133685678243708
15096,43,1,219.39,1,1.0,0.0,1.0,0.0
15097,4,1,248.08,1,1.0,0.0,1.0,0.0
15098,182,3,39916.5,1,3.0,0.0,1.0,1.6704977478200902
15099,84,1,410.48,1,1.0,0.0,1.0,0.0
15100,334,3,876.0,41,0.07317073170731707,17.67766952966369,0.05353987007917717,0.34641016151377546
15101,9,2,317.53000000000003,351,0.005698005698005698,0.0,1.0,0.5031452339662035
15103,31,2,703.36,56,0.03571428571428571,0.0,1.0,0.2412784740172478
15104,197,2,993.54,86,0.023255813953488372,0.0,1.0,0.3476818293629368
15105,18,7,2298.93,117,0.05982905982905983,21.264210934494294,0.04491513321276903,0.752170838092024
15106,18,5,1422.52,252,0.01984126984126984,12.685293322058685,0.07307114114888182,0.3969874158045611
15107,311,6,319.5,62,0.0967741935483871,10.639548862616309,0.08591398273276568,0.7626059629340373
15108,142,4,1300.25,86,0.046511627906976744,23.75570107012911,0.04039473562744812,0.8403555381460901
15109,246,1,484.95,1,1.0,0.0,1.0,0.0
15110,24,4,996.1,295,0.013559322033898305,86.12200647918046,0.011478156213481722,0.2888880692678413
15111,29,3,1567.48,344,0.00872093023255814,189.50461735799473,0.005249216600985624,0.7085228297639042
15113,10,3,3509.43,45,0.06666666666666667,9.192388155425117,0.09811243299910322,0.8869058903172745
15114,30,10,2760.56,272,0.03676470588235294,14.212670403551897,0.06573467862463629,0.3923702559546329
15115,18,1,340.11,1,1.0,0.0,1.0,0.0
15116,18,4,1352.75,188,0.02127659574468085,19.65536398374076,0.048413574352268396,0.42358917945121444
15117,15,5,1551.78,201,0.024875621890547265,40.92676385936225,0.023851113416584382,0.6159328861106635
15118,134,1,244.8,1,1.0,0.0,1.0,0.0
15119,246,1,266.4,1,1.0,0.0,1.0,0.0
15120,134,1,358.82,1,1.0,0.0,1.0,0.0
15121,50,2,457.72,239,0.008368200836820083,0.0,1.0,0.409631290088755
15122,114,3,1633.78,184,0.016304347826086956,2.8284271247461903,0.2612038749637414,0.2816090527125857
15123,7,2,2199.31,199,0.010050251256281407,0.0,1.0,0.038819481001070154
15124,23,2,184.19,170,0.011764705882352941,0.0,1.0,0.02065386005094534
15125,25,15,11528.48,246,0.06097560975609756,16.995959442250896,0.05556802921283546,1.2809486011579505
15127,66,1,406.53,1,1.0,0.0,1.0,0.0
15128,60,4,1471.0,160,0.025,12.662279942148386,0.07319422557833716,0.22787996830523832
15129,50,11,3447.4,242,0.045454545454545456,18.89855961589548,0.05025489378644143,0.5174937489542384
15130,170,1,330.11,1,1.0,0.0,1.0,0.0
15132,18,5,977.93,245,0.02040816326530612,24.240118261537695,0.03961946571081863,0.6977653527309825
15133,128,3,982.42,175,0.017142857142857144,60.10407640085654,0.016365520254978966,0.015147051270648386
15134,15,8,1387.99,226,0.035398230088495575,15.70259305246839,0.0598709432037689,0.3030057227035968
15135,239,1,139.05,1,1.0,0.0,1.0,0.0
15136,3,4,1286.7,94,0.0425531914893617,38.43175770115127,0.02536026944522444,0.7458502563777761
15139,240,2,178.96,97,0.020618556701030927,0.0,1.0,0.5155525972799548
15140,52,7,2354.25,212,0.0330188679245283,26.94438717061496,0.035785361614641326,0.48313197824571025
15142,46,1,498.74,1,1.0,0.0,1.0,0.0
15143,226,1,259.45,1,1.0,0.0,1.0,0.0
15144,8,17,6580.4400000000005,305,0.05573770491803279,18.536450577173618,0.051186370628060744,0.7109609565918049
15145,4,4,1194.73,245,0.0163265306122449,88.79189152169245,0.011136863062500628,0.3624066695482713
15146,165,2,1327.16,127,0.015748031496062992,0.0,1.0,0.36366587643290177
15147,240,1,623.5,1,1.0,0.0,1.0,0.0
15148,11,1,301.29,1,1.0,0.0,1.0,0.0
15149,134,1,520.8000000000001,1,1.0,0.0,1.0,0.0
15150,17,10,5291.33,252,0.03968253968253968,24.673422498262738,0.03895078656021291,0.8901882687611068
15152,10,13,4745.69,178,0.07303370786516854,11.84080003439571,0.07787676759402633,0.35033983664386026
15153,31,1,329.25,1,1.0,0.0,1.0,0.0
15154,75,1,254.28,1,1.0,0.0,1.0,0.0
15156,1,3,961.49,33,0.09090909090909091,17.67766952966369,0.05353987007917717,0.21733193783665933
15157,4,3,1936.07,355,0.008450704225352112,37.476659402887016,0.02598978226069613,0.5906483461296786
15158,45,1,401.4,1,1.0,0.0,1.0,0.0
15159,2,30,18641.01,360,0.08333333333333333,12.646092096778238,0.07328105313286681,1.0971496205572888
15160,357,1,158.16,1,1.0,0.0,1.0,0.0
15163,18,2,304.47,174,0.011494252873563218,0.0,1.0,0.025685949354364097
15164,69,3,824.58,271,0.01107011070110701,6.363961030678928,0.13579648178933995,0.5895422065808161
15165,373,1,487.75,1,1.0,0.0,1.0,0.0
15167,321,1,158.8,1,1.0,0.0,1.0,0.0
15168,26,1,106.56,1,1.0,0.0,1.0,0.0
15171,331,1,1289.5,1,1.0,0.0,1.0,0.0
15172,9,5,1624.05,228,0.021929824561403508,11.818065267490557,0.07801489375594153,0.25165751978658313
15174,323,1,135.75,1,1.0,0.0,1.0,0.0
15175,72,1,224.14,1,1.0,0.0,1.0,0.0
15178,260,1,40.5,1,1.0,0.0,1.0,0.0
15179,18,5,2206.9500000000003,301,0.016611295681063124,72.8880420005001,0.01353398970828367,1.1588168838516901
15180,367,1,87.5,1,1.0,0.0,1.0,0.0
15181,66,3,689.48,204,0.014705882352941176,10.606601717798213,0.08615786293989429,0.3707920373191082
15182,154,2,622.85,115,0.017391304347826087,0.0,1.0,0.26817494397027575
15184,29,2,402.2,162,0.012345679012345678,0.0,1.0,0.24001545939231106
15185,70,1,310.62,1,1.0,0.0,1.0,0.0
15186,14,2,411.41,155,0.012903225806451613,0.0,1.0,0.16193967313238988
15187,2,16,4777.18,211,0.07582938388625593,12.63102755688773,0.0733620408165562,0.5079827968143034
15189,1,41,16225.39,332,0.12349397590361445,8.09621627358842,0.10993582055690329,0.5382270957327324
15192,120,3,1044.32,246,0.012195121951219513,72.8319984622144,0.013544262932443554,0.18671172291576504
15193,61,1,499.32,1,1.0,0.0,1.0,0.0
15194,3,15,7616.53,366,0.040983606557377046,13.281607542052237,0.07002012883042032,0.6042523906459359
15195,3,1,3861.0,1,1.0,0.0,1.0,0.0
15197,11,3,1079.61,348,0.008620689655172414,96.16652224137046,0.010291610494362547,0.4892944209730084
15198,92,2,193.64,32,0.0625,0.0,1.0,0.15804369701380794
15199,59,4,1268.7,250,0.016,53.25723737984663,0.018430720919296956,0.07656805340184564
15201,87,5,1236.54,161,0.031055900621118012,31.51058023373525,0.030759217239756612,0.4921684533784877
15203,26,6,1827.8,286,0.02097902097902098,34.846807601271024,0.027896486937501873,0.34059895128526224
15204,357,1,316.58,1,1.0,0.0,1.0,0.0
15205,85,2,653.24,43,0.046511627906976744,0.0,1.0,0.648091011009751
15206,10,4,420.3,266,0.015037593984962405,42.0039680665212,0.023253668090654753,0.8656705663756076
15208,1,5,870.12,353,0.014164305949008499,75.63233435508916,0.013049321913728052,0.4068882330768922
15210,225,1,331.18,1,1.0,0.0,1.0,0.0
15211,60,2,894.4100000000001,305,0.006557377049180328,0.0,1.0,0.2028165758942732
15212,241,1,101.8,1,1.0,0.0,1.0,0.0
15213,319,2,328.35,12,0.16666666666666666,0.0,1.0,1.283710529207556
15214,2,8,1661.44,242,0.03305785123966942,36.82843104631711,0.02643514341833529,0.6736762030061811
15215,47,3,734.94,50,0.06,34.64823227814083,0.028051881849221198,0.6954010180154317
15216,88,1,96.6,1,1.0,0.0,1.0,0.0
15218,11,11,5756.89,309,0.03559870550161812,19.13257838231835,0.0496707367039614,0.4315142207360577
15219,176,1,305.75,1,1.0,0.0,1.0,0.0
15220,52,6,1778.96,230,0.02608695652173913,12.891857895586655,0.071984611958757,0.47044728109687856
15221,366,1,403.25,1,1.0,0.0,1.0,0.0
15222,319,1,585.0,1,1.0,0.0,1.0,0.0
15223,226,2,755.75,24,0.08333333333333333,0.0,1.0,0.2882694003090643
15224,358,2,322.08,5,0.4,0.0,1.0,1.3123452233049884
15225,234,1,409.4,1,1.0,0.0,1.0,0.0
15226,311,1,154.41,1,1.0,0.0,1.0,0.0
15227,37,5,1219.4,281,0.017793594306049824,77.95030468189333,0.012666195577448388,0.5022676140718154
15228,66,4,3386.71,229,0.017467248908296942,44.37717130838032,0.022037512942445547,0.41291607846156186
15230,239,2,429.6,2,1.0,0.0,1.0,1.023132158253161
15232,113,2,612.06,28,0.07142857142857142,0.0,1.0,0.020009622341193672
15234,277,1,197.0,1,1.0,0.0,1.0,0.0
15235,218,12,2247.51,156,0.07692307692307693,11.420078012788785,0.08051479217524347,0.7282780695031962
15236,299,1,321.05,1,1.0,0.0,1.0,0.0
15237,2,4,1412.32,226,0.017699115044247787,51.01307022061438,0.01922593678393684,1.1199473581044561
15238,29,3,1071.99,155,0.01935483870967742,16.263455967290593,0.05792582909787702,0.2794684799209415
15239,10,2,780.59,69,0.028985507246376812,0.0,1.0,0.25905840106038874
15240,45,5,1706.57,268,0.018656716417910446,29.8942580885806,0.032368474333734805,0.12579810118143622
15241,67,8,1756.44,217,0.03686635944700461,30.021420923828945,0.03223578966467829,0.6157755571541087
15243,74,1,316.68,1,1.0,0.0,1.0,0.0
15244,65,2,631.57,183,0.01092896174863388,0.0,1.0,0.07991716205819752
15245,134,3,2515.84,128,0.0234375,14.142135623730951,0.06604088253131131,0.46051010054288927
15246,238,2,514.15,121,0.01652892561983471,0.0,1.0,0.3909957364413798
15247,122,1,356.0,1,1.0,0.0,1.0,0.0
15249,32,13,6688.46,225,0.057777777777777775,12.017663767315279,0.07681869941293136,0.4096363351884297
15251,9,11,10484.99,233,0.04721030042918455,14.41295713354249,0.06488047629898011,0.9361547803585653
15252,36,2,740.78,147,0.013605442176870748,0.0,1.0,0.26666128998120087
15253,16,5,918.2,154,0.032467532467532464,44.31986010808247,0.02206538143796382,0.8131308336921738
15254,127,1,300.36,1,1.0,0.0,1.0,0.0
15255,67,1,890.85,1,1.0,0.0,1.0,0.0
15256,149,1,98.45,1,1.0,0.0,1.0,0.0
15257,283,1,317.15,1,1.0,0.0,1.0,0.0
15258,169,2,623.16,49,0.04081632653061224,0.0,1.0,0.01851849070698461
15260,100,7,1810.77,273,0.02564102564102564,48.49089261569297,0.020205737806452736,0.455953002793792
15261,135,1,254.82,1,1.0,0.0,1.0,0.0
15262,324,1,178.95000000000002,1,1.0,0.0,1.0,0.0
15263,107,1,156.51,1,1.0,0.0,1.0,0.0
15264,64,1,393.74,1,1.0,0.0,1.0,0.0
15265,151,2,1506.12,85,0.023529411764705882,0.0,1.0,0.07665816484220352
15266,338,1,119.3,1,1.0,0.0,1.0,0.0
15267,22,5,1717.36,161,0.031055900621118012,37.77455051574627,0.02579011198579599,1.1791478749096773
15269,24,1,408.8,1,1.0,0.0,1.0,0.0
15270,16,7,2379.49,295,0.023728813559322035,53.92463877177729,0.018206765166999046,0.2790465905357456
15271,7,15,2493.34,359,0.04178272980501393,22.644408377549425,0.0422932975962938,0.4287232982063387
15272,57,2,721.94,29,0.06896551724137931,0.0,1.0,0.24294368784872875
15274,4,2,716.57,15,0.13333333333333333,0.0,1.0,0.10146213104316502
15275,38,1,615.14,1,1.0,0.0,1.0,0.0
15276,66,1,128.63,1,1.0,0.0,1.0,0.0
15277,47,1,255.9,1,1.0,0.0,1.0,0.0
15279,355,1,290.51,1,1.0,0.0,1.0,0.0
15280,172,1,113.12,1,1.0,0.0,1.0,0.0
15281,59,9,2332.15,275,0.03272727272727273,25.019635146363402,0.03843251430601876,0.9282640026598121
15286,50,1,240.55,1,1.0,0.0,1.0,0.0
15287,22,2,486.69,49,0.04081632653061224,0.0,1.0,0.5674114576518816
15288,43,5,2306.52,323,0.015479876160990712,31.88521078284832,0.030408806153116166,0.681908887195871
15289,29,3,939.78,221,0.013574660633484163,2.1213203435596424,0.32037724101704074,0.21485507174640356
15290,5,18,7943.22,355,0.05070422535211268,13.014132589566755,0.07135653909429117,0.9449392516161044
15291,26,15,4668.3,349,0.04297994269340974,26.581411335206198,0.036256302762997246,0.3136673214570807
15292,201,1,178.39,1,1.0,0.0,1.0,0.0
15296,51,6,3672.86,276,0.021739130434782608,40.75291400624009,0.023950424151247197,0.7396325450631251
15297,10,3,641.94,54,0.05555555555555555,10.606601717798213,0.08615786293989429,0.26980061549148177
15298,2,12,4799.9,365,0.03287671232876712,24.88007600105317,0.038639762880113095,0.6034724608413456
15299,67,7,4507.01,305,0.022950819672131147,55.46079696506353,0.017711404261947877,0.34532665321982814
15300,64,1,496.44,1,1.0,0.0,1.0,0.0
15301,51,12,5049.95,318,0.03773584905660377,27.299683647850706,0.03533608405110025,0.4788952358551547
15303,290,1,574.02,1,1.0,0.0,1.0,0.0
15304,61,8,694.4,308,0.025974025974025976,29.11962192323899,0.0332009479583953,0.35671163097378367
15306,64,3,1174.35,84,0.03571428571428571,19.091883092036785,0.04977134275663489,0.28139662072847926
15307,96,1,205.3,1,1.0,0.0,1.0,0.0
15308,274,1,310.47,1,1.0,0.0,1.0,0.0
15311,1,91,60632.75,374,0.24331550802139038,2.960012315660852,0.25252446717027915,0.9799292980929537
15312,75,4,924.85,280,0.014285714285714285,58.28664798505172,0.01686720423546522,0.38019891008530404
15313,110,1,52.0,1,1.0,0.0,1.0,0.0
15314,199,1,327.97,1,1.0,0.0,1.0,0.0
15315,64,2,570.5,52,0.038461538461538464,0.0,1.0,0.2563680396505267
15316,327,1,165.0,1,1.0,0.0,1.0,0.0
15318,4,1,312.62,1,1.0,0.0,1.0,0.0
15319,284,1,204.5,1,1.0,0.0,1.0,0.0
15320,44,1,267.13,1,1.0,0.0,1.0,0.0
15321,71,3,2748.31,221,0.013574660633484163,155.56349186104046,0.00638718508455062,0.536612377004464
15322,86,1,679.68,1,1.0,0.0,1.0,0.0
15325,104,1,161.74,1,1.0,0.0,1.0,0.0
15326,334,1,311.71,1,1.0,0.0,1.0,0.0
15327,53,1,208.75,1,1.0,0.0,1.0,0.0
15329,39,3,1049.7,133,0.022556390977443608,41.012193308819754,0.02380261350911348,0.23590961911427813
15330,32,2,714.9599999999999,29,0.06896551724137931,0.0,1.0,0.1466908327537047
15332,366,4,1661.06,4,1.0,1.7320508075688772,0.36602540378443865,1.2570042883979025
15333,208,1,1028.56,1,1.0,0.0,1.0,0.0
15334,157,3,350.82,17,0.17647058823529413,2.8284271247461903,0.2612038749637414,0.08213884245198362
15335,54,1,170.22,1,1.0,0.0,1.0,0.0
15339,66,2,574.07,252,0.007936507936507936,0.0,1.0,0.14354734488734885
15341,81,1,2020.52,1,1.0,0.0,1.0,0.0
15342,130,1,406.09,1,1.0,0.0,1.0,0.0
15343,87,1,364.5,1,1.0,0.0,1.0,0.0
15344,1,3,563.94,74,0.04054054054054054,7.7781745930520225,0.11391890072356342,0.5709688325246594
15345,46,1,393.54,1,1.0,0.0,1.0,0.0
15346,333,1,252.42,1,1.0,0.0,1.0,0.0
15347,366,1,201.6,1,1.0,0.0,1.0,0.0
15348,72,1,158.04,1,1.0,0.0,1.0,0.0
15349,158,2,463.91,30,0.06666666666666667,0.0,1.0,0.7575741251219803
15350,373,1,115.65,1,1.0,0.0,1.0,0.0
15351,12,7,1934.66,358,0.019553072625698324,113.4749605272752,0.008735534787642373,0.5838969847735145
15353,255,2,770.12,114,0.017543859649122806,0.0,1.0,0.2696136124598996
15355,29,2,277.05,24,0.08333333333333333,0.0,1.0,0.12531652393524453
15356,31,10,2718.03,337,0.02967359050445104,16.76305461424021,0.05629662362228646,0.3502283376267071
15358,5,22,8347.2,361,0.060941828254847646,14.312498700353443,0.0653061279918292,0.5930417525057704
15360,40,1,427.93,1,1.0,0.0,1.0,0.0
15361,362,1,418.92,1,1.0,0.0,1.0,0.0
15363,373,1,326.0,1,1.0,0.0,1.0,0.0
15364,96,2,913.19,159,0.012578616352201259,0.0,1.0,0.38652806429406883
15365,26,7,2314.32,290,0.02413793103448276,86.43841738486424,0.01143662053715421,0.9112334412282992
15366,75,2,602.51,283,0.007067137809187279,0.0,1.0,0.9187658540434195
15367,57,4,1877.59,219,0.0182648401826484,101.21429411566992,0.009783367469801813,0.6928084808908871
15368,21,1,446.94000000000005,1,1.0,0.0,1.0,0.0
15370,41,7,2386.05,292,0.023972602739726026,31.751640377572095,0.030532821821186926,0.5486395364016978
15372,137,1,2007.4,1,1.0,0.0,1.0,0.0
15373,8,12,2415.91,364,0.03296703296703297,26.937975897504725,0.03579357372447711,0.5997491725957576
15374,129,1,168.0,1,1.0,0.0,1.0,0.0
15376,40,3,1221.56,183,0.01639344262295082,20.506096654409877,0.04649844256116777,0.5123984940839871
15379,169,7,3703.29,190,0.03684210526315789,21.02775943049251,0.04539726353719496,0.8721339532767651
15380,9,5,1690.26,357,0.014005602240896359,90.46316008925032,0.01093336376114923,0.2221477763525956
15381,214,2,596.85,55,0.03636363636363636,0.0,1.0,0.07641515855999383
15382,15,6,5955.71,281,0.021352313167259787,41.781574886545386,0.02337454856797466,0.8939691981423078
15384,170,2,642.41,190,0.010526315789473684,0.0,1.0,0.07764404717376604
15385,40,1,316.88,1,1.0,0.0,1.0,0.0
15386,186,1,394.14,1,1.0,0.0,1.0,0.0
15388,270,1,140.54,1,1.0,0.0,1.0,0.0
15389,172,1,500.0,1,1.0,0.0,1.0,0.0
15392,5,4,1535.53,356,0.011235955056179775,133.52527850560733,0.007433547145255065,0.3178704087358405
15393,16,2,231.86,265,0.007547169811320755,0.0,1.0,0.09966466664873794
15394,10,4,2183.54,349,0.011461318051575931,43.86342439892262,0.022289872282331053,0.4187879531822497
15395,326,1,107.45,1,1.0,0.0,1.0,0.0
15396,113,1,288.18,1,1.0,0.0,1.0,0.0
15397,290,1,94.0,1,1.0,0.0,1.0,0.0
15398,16,2,1345.53,63,0.031746031746031744,0.0,1.0,0.07970079777838598
15399,1,3,815.77,78,0.038461538461538464,25.45584412271571,0.0377988317198079,0.11380094620112134
15400,92,5,716.2,187,0.026737967914438502,36.754818278243015,0.026486685557066247,0.8013132306721333
15402,149,2,626.77,48,0.041666666666666664,0.0,1.0,0.5758435203555332
15405,189,1,349.1,1,1.0,0.0,1.0,0.0
15406,31,2,510.71,270,0.007407407407407408,0.0,1.0,0.016974661035317667
15407,34,4,1046.74,272,0.014705882352941176,56.358968526165675,0.01743406525073452,0.45720554150847376
15408,264,1,267.18,1,1.0,0.0,1.0,0.0
15410,84,8,3450.84,178,0.0449438202247191,12.996336480130156,0.07144726774893173,0.4434771336094514
15411,26,4,1348.93,157,0.025477707006369428,7.211102550927978,0.12178632452799958,0.5916222572066472
15412,171,1,190.53,1,1.0,0.0,1.0,0.0
15414,10,3,774.9000000000001,233,0.012875536480686695,125.86500705120545,0.007882394233394702,0.7472103368214159
15415,313,1,559.61,1,1.0,0.0,1.0,0.0
15416,65,4,3984.32,219,0.0182648401826484,25.579940057266228,0.03762235723050953,0.2549254507033732
15417,85,1,508.8,1,1.0,0.0,1.0,0.0
15419,25,1,135.86,1,1.0,0.0,1.0,0.0
15421,59,4,950.36,252,0.015873015873015872,78.54510381515409,0.012571484001375966,0.6527771708904669
15422,323,2,97.7,1,2.0,0.0,1.0,0.19251832527699242
15423,38,1,43.5,1,1.0,0.0,1.0,0.0
15424,254,2,383.34,1,2.0,0.0,1.0,0.013502430318478486
15426,19,5,1404.07,351,0.014245014245014245,103.30980915027705,0.00958682609187138,0.5395709877194735
15427,33,3,1430.54,14,0.21428571428571427,9.192388155425117,0.09811243299910322,0.23383520156639795
15428,15,1,93.78,1,1.0,0.0,1.0,0.0
15429,27,2,397.35,49,0.04081632653061224,0.0,1.0,0.3159424636513393
15432,23,1,171.19000000000003,1,1.0,0.0,1.0,0.0
15433,214,2,533.3,54,0.037037037037037035,0.0,1.0,0.5621319912841716
15434,8,5,1041.48,192,0.026041666666666668,43.522982434571276,0.02246031027839497,0.5597864161968016
15435,22,1,149.29,1,1.0,0.0,1.0,0.0
15436,12,3,1067.75,222,0.013513513513513514,107.48023074035522,0.009218269477998028,0.3553799153994011
15437,262,1,200.16,1,1.0,0.0,1.0,0.0
15438,131,1,156.57999999999998,1,1.0,0.0,1.0,0.0
15440,55,3,383.68,155,0.01935483870967742,6.363961030678928,0.13579648178933995,0.1342989512386422
15442,249,1,594.0,1,1.0,0.0,1.0,0.0
15443,2,7,3213.59,319,0.0219435736677116,77.78881667694914,0.012692156605171673,0.3250096820642051
15444,9,2,1411.21,32,0.0625,0.0,1.0,0.7410839432193134
15445,264,1,113.5,1,1.0,0.0,1.0,0.0
15447,331,1,155.17000000000002,1,1.0,0.0,1.0,0.0
15448,313,1,494.64,1,1.0,0.0,1.0,0.0
15449,26,3,974.52,236,0.012711864406779662,57.982756057296896,0.016954107723087444,0.06814589589902491
15450,30,1,429.84,1,1.0,0.0,1.0,0.0
15452,30,3,528.48,235,0.01276595744680851,106.77312395916867,0.009278751169715223,0.3206103033234019
15453,2,7,1371.77,186,0.03763440860215054,9.025888691240695,0.09974178158128452,0.3806060808037706
15454,362,1,179.1,1,1.0,0.0,1.0,0.0
15456,283,3,434.59,76,0.039473684210526314,53.033008588991066,0.01850720561586024,0.7764521414311112
15457,262,1,237.07,1,1.0,0.0,1.0,0.0
15458,25,1,161.64,1,1.0,0.0,1.0,0.0
15460,354,1,214.26,1,1.0,0.0,1.0,0.0
15462,94,3,234.6,93,0.03225806451612903,4.242640687119285,0.1907435698305462,0.2967964299414701
15463,29,1,126.14,1,1.0,0.0,1.0,0.0
15464,338,1,1044.65,1,1.0,0.0,1.0,0.0
15465,20,18,7354.62,350,0.05142857142857143,15.497865128120445,0.06061390320711921,0.39791820413148354
15466,85,1,334.53,1,1.0,0.0,1.0,0.0
15467,9,3,524.88,143,0.02097902097902098,90.50966799187809,0.010927807104367974,0.5620960662262943
15468,51,2,467.51,1,2.0,0.0,1.0,1.2938189188735996
15469,50,2,538.55,70,0.02857142857142857,0.0,1.0,0.18394886276898206
15471,2,1,454.48,1,1.0,0.0,1.0,0.0
15472,113,1,371.56,1,1.0,0.0,1.0,0.0
15473,14,7,1771.2,47,0.14893617021276595,12.225656083281038,0.07561061573830966,0.6924521402484906
15475,77,1,454.11,1,1.0,0.0,1.0,0.0
15478,40,2,1399.92,17,0.11764705882352941,0.0,1.0,0.2563307541263423
15480,116,1,905.5,1,1.0,0.0,1.0,0.0
15482,16,12,10879.76,344,0.03488372093023256,45.22710370000393,0.021632330818076213,0.7950446891776474
15483,161,4,225.26,106,0.03773584905660377,60.6217782649107,0.0162280289234923,0.7563596068244319
15484,1,4,3590.41,78,0.05128205128205128,11.532562594670797,0.07979214086871815,0.5907977020961055
15485,30,3,2564.5,344,0.00872093023255814,189.50461735799473,0.005249216600985624,0.5725679839943063
15488,93,1,91.32,1,1.0,0.0,1.0,0.0
15489,23,3,1134.28,189,0.015873015873015872,84.14570696119915,0.01174457334009452,0.14798536743770419
15491,95,6,3100.09,141,0.0425531914893617,31.753739937210547,0.030530864625444798,0.5117504960665924
15492,28,2,659.46,47,0.0425531914893617,0.0,1.0,0.6777056530815295
15493,33,5,1953.41,239,0.02092050209205021,57.63679380395825,0.017054138453465296,0.23964619352261834
15494,21,2,1280.58,100,0.02,0.0,1.0,1.0592742075911115
15497,18,2,1262.2,303,0.006600660066006601,0.0,1.0,0.7607756368652603
15498,3,27,13316.4,365,0.07397260273972603,15.586582000603546,0.06028969681418465,0.8369294971727926
15500,8,4,1131.56,74,0.05405405405405406,26.312227829154516,0.036613637168497366,0.38047437954446917
15502,16,12,10384.93,354,0.03389830508474576,48.509980229002174,0.02019794787585505,1.3772027427460969
15503,363,1,141.04,1,1.0,0.0,1.0,0.0
15504,81,1,52.83,1,1.0,0.0,1.0,0.0
15505,53,5,3610.96,103,0.04854368932038835,8.88350531415762,0.10117867782876089,0.2550187844286671
15506,23,3,972.08,117,0.02564102564102564,49.49747468305833,0.019802970470828227,0.4010173134251694
15507,172,1,475.86,1,1.0,0.0,1.0,0.0
15508,189,6,1000.27,47,0.1276595744680851,11.945710527214361,0.0772456635653801,0.6405963780384062
15510,331,1,250.0,1,1.0,0.0,1.0,0.0
15511,12,5,900.53,74,0.06756756756756757,10.03327796219494,0.09063489594175526,0.2515026729674195
15512,156,2,121.0,204,0.00980392156862745,0.0,1.0,0.9513800328691732
15513,33,19,14758.22,341,0.05571847507331378,18.134212781442,0.05226240616336648,0.9717314999043692
15514,12,11,4023.72,353,0.031161473087818695,61.540952941020414,0.015989522912179727,0.785959189183174
15516,45,3,62.43,2,1.5,0.7071067811865476,0.585786437626905,1.1079559373843955
15517,233,1,267.03,1,1.0,0.0,1.0,0.0
15518,64,8,1921.55,269,0.02973977695167286,36.59104756500915,0.026602078547308946,0.6313614799550457
15520,2,1,343.5,1,1.0,0.0,1.0,0.0
15521,40,8,3000.2,215,0.037209302325581395,28.051822791126458,0.03442124809825834,0.5513687683971717
15522,33,2,397.99,55,0.03636363636363636,0.0,1.0,0.4267976355602715
15523,84,1,412.0100000000001,1,1.0,0.0,1.0,0.0
15524,25,1,440.0,1,1.0,0.0,1.0,0.0
15525,2,3,734.37,372,0.008064516129032258,240.41630560342617,0.004142222280721572,0.18152142454135156
15526,33,2,148.44,1,2.0,0.0,1.0,1.035032076368991
15527,19,8,2428.53,336,0.023809523809523808,23.754698783308417,0.04039637115981712,0.4945374345515771
15528,254,1,229.33,1,1.0,0.0,1.0,0.0
15529,23,11,3962.6,344,0.03197674418604651,20.922077653362567,0.04561611430322676,0.5364064129341971
15530,22,4,1497.31,226,0.017699115044247787,54.53744890745563,0.01800586846663306,0.4209172925373699
15531,8,2,1972.39,23,0.08695652173913043,0.0,1.0,0.7297175349874873
15532,25,4,1564.73,333,0.012012012012012012,78.58965156643292,0.01256444751696528,0.2501097177902568
15533,19,3,807.57,70,0.04285714285714286,40.30508652763321,0.02421009333392868,0.6421916660591189
15535,173,4,502.9,155,0.025806451612903226,46.60829682935575,0.02100474216887738,0.6981264676964409
15537,163,1,110.92,1,1.0,0.0,1.0,0.0
15539,7,1,538.46,1,1.0,0.0,1.0,0.0
15540,11,1,213.3,1,1.0,0.0,1.0,0.0
15541,114,1,85.13000000000001,1,1.0,0.0,1.0,0.0
15543,288,1,127.86,1,1.0,0.0,1.0,0.0
15544,9,9,3546.71,364,0.024725274725274724,29.548990797366617,0.03273430558256615,0.21141944282499234
15545,54,2,288.97,317,0.006309148264984227,0.0,1.0,0.08960878405042529
15547,7,14,4910.6,355,0.03943661971830986,23.171324010730515,0.04137133735645032,0.5010759792684456
15549,77,3,1681.46,240,0.0125,55.154328932550705,0.017808066074498752,0.8002276327367108
15550,4,4,575.63,298,0.013422818791946308,34.122328955294556,0.028471916007416526,0.04961466487291543
15551,37,1,436.06,1,1.0,0.0,1.0,0.0
15552,217,1,90.12,1,1.0,0.0,1.0,0.0
15553,60,1,428.93,1,1.0,0.0,1.0,0.0
15554,278,1,217.2,1,1.0,0.0,1.0,0.0
15555,12,16,4794.86,358,0.0446927374301676,31.454880762920144,0.03081200659170207,0.4607255328864944
15556,24,1,279.77,1,1.0,0.0,1.0,0.0
15557,29,1,468.91,1,1.0,0.0,1.0,0.0
15561,12,4,800.5899999999999,204,0.0196078431372549,68.52979887124529,0.014382322633376111,0.7384548498265854
15562,352,1,134.55,1,1.0,0.0,1.0,0.0
15563,22,4,1400.44,337,0.011869436201780416,97.50897394599124,0.010151359413694251,0.7899993205769656
15565,50,2,173.16000000000005,21,0.09523809523809523,0.0,1.0,0.03626188621469472
15567,19,1,186.01,1,1.0,0.0,1.0,0.0
15568,3,3,758.29,71,0.04225352112676056,9.192388155425117,0.09811243299910322,0.29228998298249864
15569,104,5,1375.71,229,0.021834061135371178,96.02560422442895,0.01030655782041728,0.1721368486547758
15570,7,12,4148.82,363,0.03305785123966942,30.157164081765806,0.032095347233005486,0.682192088624341
15571,12,4,650.4300000000001,67,0.05970149253731343,19.39931270260195,0.049021259420786716,0.2624793978058595
15572,5,7,2533.42,274,0.025547445255474453,54.956043040476146,0.017871170755885006,0.5174812655190492
15573,32,2,591.1899999999999,54,0.037037037037037035,0.0,1.0,0.5190720426586003
15574,178,4,675.64,195,0.020512820512820513,100.38094108611122,0.009863786913860044,0.8694505591960187
15576,38,1,921.37,1,1.0,0.0,1.0,0.0
15577,151,3,258.88,155,0.01935483870967742,108.89444430272832,0.009099641081447948,0.7501313455636915
15578,162,1,127.1,1,1.0,0.0,1.0,0.0
15579,69,2,327.6,246,0.008130081300813009,0.0,1.0,0.27239583573181414
15581,121,13,3675.77,246,0.052845528455284556,24.43342841769088,0.03931833269101951,2.3803488755749838
15582,25,3,682.9100000000001,196,0.015306122448979591,31.81980515339464,0.030469406973202804,0.35842460251819863
15584,24,4,720.86,139,0.02877697841726619,37.5410886008029,0.02594633510116182,0.4010765086014031
15585,177,1,455.3,1,1.0,0.0,1.0,0.0
15587,50,4,913.68,302,0.013245033112582781,94.36807369726974,0.010485689405600615,0.5887243879679871
15589,256,3,478.53,55,0.05454545454545454,38.18376618407357,0.02552077294720217,0.745093739564545
15592,47,1,388.58,1,1.0,0.0,1.0,0.0
15593,71,1,199.8,1,1.0,0.0,1.0,0.0
15594,16,5,1771.78,219,0.0228310502283105,60.390396587537,0.016289192700915247,0.7340825993499478
15596,101,5,1406.59,265,0.018867924528301886,34.50120770833006,0.02816805580857348,0.5466929226860521
15597,35,1,324.57,1,1.0,0.0,1.0,0.0
15598,53,1,240.68,1,1.0,0.0,1.0,0.0
15599,27,2,761.74,178,0.011235955056179775,0.0,1.0,0.2523431976760457
15601,11,14,6776.56,362,0.03867403314917127,16.13047760273414,0.058375488599360086,0.4145170842838612
15602,8,9,1297.87,360,0.025,48.36154759428492,0.020258684112160617,0.7634498926148388
15603,79,1,48.48,1,1.0,0.0,1.0,0.0
15604,52,1,216.39,1,1.0,0.0,1.0,0.0
15605,36,5,1198.23,338,0.014792899408284023,55.54202613036966,0.017685959779621046,0.26277494751559755
15606,61,9,2920.16,264,0.03409090909090909,19.791773182670767,0.048095945988554066,0.18376088056390083
15607,337,1,104.76,1,1.0,0.0,1.0,0.0
15608,28,4,1093.68,93,0.043010752688172046,30.0055550412475,0.032252285071809675,1.022821816688507
15609,184,1,298.48,1,1.0,0.0,1.0,0.0
15610,52,1,112.46,1,1.0,0.0,1.0,0.0
15611,10,13,1591.45,326,0.03987730061349693,21.997245006563613,0.043483469420558474,0.8181860928906006
15612,36,2,195.15,26,0.07692307692307693,0.0,1.0,0.4047339352218158
15615,10,23,10399.74,349,0.0659025787965616,14.158044231115275,0.06597157157961556,0.7324825052280254
15618,33,4,776.851,104,0.038461538461538464,30.664855018951798,0.03158075410108425,0.6457167695793012
15619,11,1,336.4,1,1.0,0.0,1.0,0.0
15620,57,3,1553.18,302,0.009933774834437087,19.091883092036785,0.04977134275663489,0.26955578248974627
15621,4,4,1293.03,18,0.2222222222222222,5.033222956847167,0.16574888863755477,0.7722789258385145
15622,43,9,3709.56,240,0.0375,39.36618382027179,0.024773211271405908,1.1522382958249449
15623,141,1,301.03000000000003,1,1.0,0.0,1.0,0.0
15624,117,4,588.13,140,0.02857142857142857,26.627053911388696,0.03619640382964505,0.42591992009784857
15625,104,4,1534.26,132,0.030303030303030304,15.132745950421556,0.061985727852726116,0.5448159370176837
15626,75,2,675.8,255,0.00784313725490196,0.0,1.0,0.23446062078763194
15628,5,9,2870.24,363,0.024793388429752067,32.709762631798036,0.029664996782169904,0.17936613412564278
15630,45,2,1186.35,160,0.0125,0.0,1.0,0.46804288025839624
15632,16,8,3285.31,260,0.03076923076923077,14.175767384955952,0.06589452609766017,0.2891658496835627
15634,17,1,243.55,1,1.0,0.0,1.0,0.0
15636,90,2,724.76,193,0.010362694300518135,0.0,1.0,0.21729513536324838
15637,53,1,223.36,1,1.0,0.0,1.0,0.0
15639,134,1,425.32,1,1.0,0.0,1.0,0.0
15640,4,15,12416.11,368,0.04076086956521739,17.63488052097351,0.05366280716822963,0.4982621392422212
15641,105,4,1887.2,254,0.015748031496062992,67.35725647619564,0.014629024796339428,0.25738533652054557
15643,192,3,664.0,91,0.03296703296703297,63.63961030678928,0.015470390295576507,0.720451088027911
15644,166,4,803.54,95,0.042105263157894736,50.269274910227224,0.019504859426059864,0.7012345679833073
15645,19,1,612.01,1,1.0,0.0,1.0,0.0
15646,158,3,447.64,215,0.013953488372093023,25.45584412271571,0.0377988317198079,0.27550899876404134
15648,204,2,639.5,63,0.031746031746031744,0.0,1.0,0.09177460959887951
15649,336,2,816.0,32,0.0625,0.0,1.0,0.3535533905932738
15651,37,3,646.3,224,0.013392857142857142,157.6848122046001,0.0063018003179198465,0.444891341328492
15652,91,1,337.74,1,1.0,0.0,1.0,0.0
15653,93,2,877.44,24,0.08333333333333333,0.0,1.0,1.2594856015007654
15654,9,2,922.53,17,0.11764705882352941,0.0,1.0,0.4100856016285938
15655,243,1,560.6700000000001,1,1.0,0.0,1.0,0.0
15656,45,4,748.5,239,0.016736401673640166,47.648014998878324,0.02055582329562793,0.46948252175230554
15657,23,1,30.0,1,1.0,0.0,1.0,0.0
15658,190,5,1024.1,183,0.0273224043715847,26.663020584072363,0.03614934229473746,0.890398140411109
15659,44,1,306.45,1,1.0,0.0,1.0,0.0
15660,25,9,1600.86,341,0.026392961876832845,36.354406296112955,0.026770603501843328,0.8335005882693174
15661,317,2,309.8,22,0.09090909090909091,0.0,1.0,0.3551511141143538
15663,106,1,138.14,1,1.0,0.0,1.0,0.0
15664,51,1,386.43,1,1.0,0.0,1.0,0.0
15665,168,2,2222.21,75,0.02666666666666667,0.0,1.0,0.43951665800339784
15667,40,1,301.32000000000005,1,1.0,0.0,1.0,0.0
15668,218,1,76.32000000000001,1,1.0,0.0,1.0,0.0
15669,40,4,684.34,224,0.017857142857142856,12.12435565298214,0.07619421680124755,0.3259785943560916
15670,297,1,173.05,1,1.0,0.0,1.0,0.0
15671,19,7,2657.13,253,0.02766798418972332,43.325512114688266,0.022560371043488233,0.310785131104292
15673,88,4,2726.23,239,0.016736401673640166,29.103264421710495,0.033218988678144795,0.36933290532860735
15674,73,5,2446.6,182,0.027472527472527472,64.87423731086683,0.015180441411122595,0.6602236099797536
15675,81,3,323.69,199,0.01507537688442211,36.76955262170047,0.026476352791784213,0.6321164938337454
15676,19,3,3435.76,266,0.011278195488721804,164.04877323527901,0.006058815102942256,0.9794522845410598
15677,49,1,657.23,1,1.0,0.0,1.0,0.0
15678,53,1,352.7,1,1.0,0.0,1.0,0.0
15679,24,4,781.28,159,0.025157232704402517,63.121575814719115,0.015595374681519445,0.9941831441453433
15680,9,3,1333.68,357,0.008403361344537815,208.59650045003153,0.004771072025787011,0.26811332345139116
15681,25,5,1426.16,256,0.01953125,75.95832190528347,0.012994046325889888,0.590054102237519
15683,117,1,193.75,1,1.0,0.0,1.0,0.0
15687,9,9,2993.1,322,0.027950310559006212,40.92829094892676,0.02385024472421519,0.4482060229274553
15689,120,2,254.1,242,0.008264462809917356,0.0,1.0,0.262138759495367
15690,4,2,239.76,97,0.020618556701030927,0.0,1.0,0.10475656017578477
15691,252,1,136.8,1,1.0,0.0,1.0,0.0
15692,28,1,191.04,1,1.0,0.0,1.0,0.0
15694,1,14,6479.4,373,0.03753351206434316,29.771781511340137,0.03249730600197704,0.6703273549263247
15695,267,2,409.98,1,2.0,0.0,1.0,1.0675418637085357
15696,33,8,2711.11,294,0.027210884353741496,46.226667216064385,0.02117447744988969,0.5898186291616887
15699,18,1,309.65,1,1.0,0.0,1.0,0.0
15700,172,2,696.68,2,1.0,0.0,1.0,1.3983800867651976
15701,2,4,1529.0,109,0.03669724770642202,30.501366089625122,0.03174465504622503,0.85282538466458
15703,265,1,211.5,1,1.0,0.0,1.0,0.0
15704,140,4,2293.62,76,0.05263157894736842,23.180451534284945,0.041355720697858825,0.6758815116635148
15705,201,1,143.1,1,1.0,0.0,1.0,0.0
15706,64,4,1060.56,53,0.07547169811320754,20.816659994661325,0.04583653044254741,0.7603054636947455
15707,35,4,916.98,52,0.07692307692307693,8.144527815247077,0.10935501758031242,0.2866766813927336
15708,41,7,3235.25,329,0.02127659574468085,31.595358308882442,0.030679214829416178,0.3687542900192261
15709,284,1,133.25,1,1.0,0.0,1.0,0.0
15712,9,5,1072.36,279,0.017921146953405017,27.39069184960468,0.03522281194475098,0.4191077746088051
15713,143,2,356.7,223,0.008968609865470852,0.0,1.0,0.05709188477200043
15714,12,2,330.03000000000003,67,0.029850746268656716,0.0,1.0,0.27883185317582426
15716,146,4,1101.11,224,0.017857142857142856,32.90896534380867,0.02949072582607086,0.6460785082536737
15717,234,1,150.3,1,1.0,0.0,1.0,0.0
15719,33,13,5030.07,305,0.04262295081967213,5.736644568830365,0.14844185258442733,0.29985373357452544
15720,24,1,598.73,1,1.0,0.0,1.0,0.0
15721,12,1,471.4,1,1.0,0.0,1.0,0.0
15722,36,5,2211.21,255,0.0196078431372549,44.02556075736003,0.022209606791771863,0.5775848446685014
15723,365,1,190.7,1,1.0,0.0,1.0,0.0
15724,201,2,218.25,84,0.023809523809523808,0.0,1.0,0.07095367013968112
15725,15,1,415.25,1,1.0,0.0,1.0,0.0
15727,17,7,5159.06,343,0.02040816326530612,24.945941553687646,0.03854167319119209,0.5244443197356286
15729,213,1,85.0,1,1.0,0.0,1.0,0.0
15730,66,3,1120.88,141,0.02127659574468085,62.22539674441618,0.015816429022065665,0.22210001296280366
15732,212,2,294.12,160,0.0125,0.0,1.0,0.0861645146121511
15733,283,1,162.3,1,1.0,0.0,1.0,0.0
15734,115,2,1339.45,86,0.023255813953488372,0.0,1.0,0.19231699607022218
15737,15,8,1188.12,229,0.034934497816593885,28.253107709384732,0.03418440221580932,1.0248708666918307
15738,19,16,4812.42,354,0.04519774011299435,12.100767390069583,0.07633140641501678,0.2639401483615822
15739,66,1,449.12,1,1.0,0.0,1.0,0.0
15740,49,1,154.88,1,1.0,0.0,1.0,0.0
15743,16,4,775.96,169,0.023668639053254437,30.4138126514911,0.031833130575206814,0.4971555744478153
15744,78,1,34.8,1,1.0,0.0,1.0,0.0
15745,19,4,1094.59,218,0.01834862385321101,79.01898506055365,0.012497034288091244,0.23492174693611215
15746,134,1,196.88,1,1.0,0.0,1.0,0.0
15747,13,3,946.64,161,0.018633540372670808,38.890872965260115,0.025068390979331865,0.29702578438089944
15748,40,1,144.36,1,1.0,0.0,1.0,0.0
15749,235,3,44534.3,98,0.030612244897959183,68.58935777509511,0.014370013346464358,0.4617566441053007
15750,3,8,2463.05,365,0.021917808219178082,45.09936120337383,0.02169227455426896,0.49889851691296583
15752,40,7,2626.6,334,0.020958083832335328,34.341908314283685,0.028295019926692606,0.28896466712356006
15753,305,1,79.2,1,1.0,0.0,1.0,0.0
15754,51,3,458.57,196,0.015306122448979591,106.06601717798213,0.009340031751976365,0.3921511096577955
15755,10,6,2364.25,285,0.021052631578947368,45.36298050172629,0.02156893256598906,0.3388074579895805
15756,61,4,528.01,188,0.02127659574468085,27.574142476844738,0.034996675781621696,0.18405454392745565
15757,66,2,714.42,153,0.013071895424836602,0.0,1.0,0.37947529451432244
15758,25,1,205.25,1,1.0,0.0,1.0,0.0
15759,218,3,253.04,140,0.02142857142857143,12.020815280171307,0.07680010648203002,0.1769216590702268
15762,65,2,583.75,13,0.15384615384615385,0.0,1.0,0.1135489330508385
15763,32,2,1086.92,46,0.043478260869565216,0.0,1.0,0.05456898097921437
15764,88,6,3279.9700000000003,189,0.031746031746031744,43.83263624287273,0.02230517952552868,1.1871915250674847
15766,64,1,315.06,1,1.0,0.0,1.0,0.0
15768,116,3,621.83,111,0.02702702702702703,46.66904755831214,0.020977973154943562,0.6160008606234851
15769,7,26,56252.72,364,0.07142857142857142,13.551383693187939,0.06872198693160282,0.902897364868079
15773,6,1,635.6800000000001,1,1.0,0.0,1.0,0.0
15774,69,1,270.8,1,1.0,0.0,1.0,0.0
15775,245,1,104.9,1,1.0,0.0,1.0,0.0
15776,133,1,241.62,1,1.0,0.0,1.0,0.0
15777,241,4,1047.11,121,0.03305785123966942,38.10949138119444,0.025569240731185883,0.4293695877683837
15780,184,3,475.28,175,0.017142857142857144,38.890872965260115,0.025068390979331865,0.493878915791623
15781,25,3,345.46000000000004,281,0.010676156583629894,39.59797974644666,0.024631767547189955,0.24069614065452402
15782,10,3,2614.74,80,0.0375,0.7071067811865476,0.585786437626905,0.7631068262992823
15783,11,1,246.3,1,1.0,0.0,1.0,0.0
15785,33,5,2328.9700000000003,263,0.019011406844106463,56.536124144951195,0.017380385190366533,0.7437759612482319
15786,46,3,4919.0,69,0.043478260869565216,48.08326112068523,0.020373544405315983,0.9345979273168906
15787,26,3,933.26,36,0.08333333333333333,24.748737341529164,0.03883685583242708,0.6496567378895968
15789,358,1,351.3,1,1.0,0.0,1.0,0.0
15790,10,1,218.75,1,1.0,0.0,1.0,0.0
15791,44,2,1612.69,161,0.012422360248447204,0.0,1.0,0.7311740794393609
15793,15,3,965.61,254,0.011811023622047244,144.95689014324225,0.00685133808358481,0.08542298420593646
15795,150,1,610.01,1,1.0,0.0,1.0,0.0
15796,1,8,2708.61,302,0.026490066225165563,30.832110657868487,0.03141481916634431,0.18651460170612316
15797,113,4,2207.4,207,0.01932367149758454,47.37439533475159,0.020672093016976936,1.175032655085309
15799,76,3,884.14,259,0.011583011583011582,28.284271247461902,0.03414802408943918,0.41715364885191
15800,107,2,696.89,140,0.014285714285714285,0.0,1.0,0.4218755578093282
15801,46,3,1063.95,64,0.046875,25.45584412271571,0.0377988317198079,1.2634960842980894
15802,143,1,451.42,1,1.0,0.0,1.0,0.0
15803,51,1,415.8200000000001,1,1.0,0.0,1.0,0.0
15804,1,13,4206.39,199,0.06532663316582915,11.081994678784413,0.08276779013617405,0.5537266126075547
15805,23,17,5488.18,342,0.049707602339181284,25.908734048579063,0.037162655002449134,1.010340869638101
15806,46,3,784.58,231,0.012987012987012988,5.656854249492381,0.15022110482233483,0.1507803961051624
15807,50,3,903.9,27,0.1111111111111111,18.384776310850235,0.051586873325965094,1.0371862727230434
15808,306,4,3651.27,64,0.0625,12.055427546683415,0.07659649570450405,0.2565418835851774
15809,36,5,515.77,267,0.018726591760299626,56.35822921277779,0.017434289965444546,0.6653392757546619
15810,79,4,1391.98,219,0.0182648401826484,16.522711641858304,0.05706879280094966,0.6282064693148567
15811,22,6,2218.62,344,0.01744186046511628,37.296112397943034,0.026112311077656856,0.3449578724561686
15812,107,5,1801.14,211,0.023696682464454975,13.889444433333777,0.06716167312201708,0.42807222693087393
15813,208,2,1303.91,32,0.0625,0.0,1.0,0.2574718788656801
15814,17,4,1945.33,34,0.11764705882352941,9.71253485622231,0.09334858774523903,0.20182505470680762
15815,64,5,2100.6,197,0.025380710659898477,30.26962173533062,0.03197991995119434,0.26966123936841074
15819,49,4,1905.45,228,0.017543859649122806,6.658328118479394,0.13057680273413982,0.2955914212024436
15820,320,1,206.98,1,1.0,0.0,1.0,0.0
15821,44,2,570.96,18,0.1111111111111111,0.0,1.0,0.15505424023496506
15822,3,2,885.47,357,0.0056022408963585435,0.0,1.0,0.008097465482999472
15823,372,1,15.0,1,1.0,0.0,1.0,0.0
15825,172,1,532.94,1,1.0,0.0,1.0,0.0
15826,56,3,1654.31,155,0.01935483870967742,108.89444430272832,0.009099641081447948,0.7914643033966473
15827,73,14,1836.09,300,0.04666666666666667,19.47384834157772,0.04884279610341881,0.5096250972356214
15829,99,2,636.14,42,0.047619047619047616,0.0,1.0,0.03276874258713402
15830,38,1,576.0,1,1.0,0.0,1.0,0.0
15831,58,3,794.64,266,0.011278195488721804,94.75230867899737,0.010443612418290896,0.4094096694222512
15832,254,1,836.79,1,1.0,0.0,1.0,0.0
15834,70,4,2225.15,207,0.01932367149758454,60.00277771348034,0.01639269616044092,0.5931246142327924
15835,44,4,954.09,287,0.013937282229965157,26.057628441590765,0.0369581540436442,0.2514297400764972
15836,50,1,137.37,1,1.0,0.0,1.0,0.0
15837,65,1,391.98,1,1.0,0.0,1.0,0.0
15838,11,19,33643.08,357,0.05322128851540616,16.940206263068173,0.055740719216735346,1.4458152073773451
15839,33,3,1048.49,115,0.02608695652173913,14.142135623730951,0.06604088253131131,0.35595816719054985
15840,59,2,355.56,114,0.017543859649122806,0.0,1.0,0.5087923244987241
15841,73,4,1224.06,267,0.0149812734082397,65.18435395092905,0.015109311193721529,0.06686087050773867
15843,304,1,118.95,1,1.0,0.0,1.0,0.0
15844,46,1,130.73999999999998,1,1.0,0.0,1.0,0.0
15845,18,8,3711.77,320,0.025,19.39931270260195,0.049021259420786716,0.46581897604654277
15847,38,2,389.27,250,0.008,0.0,1.0,0.10139671828251111
15850,19,2,234.88,149,0.013422818791946308,0.0,1.0,0.015413771796981977
15852,187,2,160.71,11,0.18181818181818182,0.0,1.0,0.4022382050654855
15853,52,1,110.8,1,1.0,0.0,1.0,0.0
15854,4,12,2969.12,358,0.0335195530726257,26.22212806009459,0.03673482094391871,0.47790290917306866
15855,137,5,712.24,127,0.03937007874015748,11.67618659209133,0.0788880782666847,0.39446946312783504
15856,4,27,16143.64,362,0.07458563535911603,15.30811750472479,0.06131915591792123,0.5732304721842343
15857,19,1,297.0,1,1.0,0.0,1.0,0.0
15858,16,5,1427.57,352,0.014204545454545454,86.07119146381093,0.011484854900781117,0.4233655655332459
15860,41,8,965.16,328,0.024390243902439025,38.93767914427948,0.025039011315289118,0.62841698438872
15861,12,8,3146.92,255,0.03137254901960784,52.69227828132117,0.018624652035819585,0.41867736903749914
15862,8,4,832.88,366,0.01092896174863388,41.645327869202006,0.023449227616847312,0.47391793132253374
15863,26,2,68.84,168,0.011904761904761904,0.0,1.0,1.0362134236795308
15864,22,6,1936.32,294,0.02040816326530612,51.75712511336,0.018954785687265663,0.5301608612547357
15865,41,3,895.13,174,0.017241379310344827,53.74011537017761,0.018268138333972155,0.04520036908174455
15866,101,1,211.89,1,1.0,0.0,1.0,0.0
15867,5,15,3810.14,364,0.04120879120879121,13.585706774821418,0.06856027036867698,0.43540575621103805
15869,277,2,149.64,1,2.0,0.0,1.0,0.2500674342448016
15870,33,1,351.44,1,1.0,0.0,1.0,0.0
15872,15,2,316.25,1,2.0,0.0,1.0,1.395431911900472
15874,64,7,4405.88,221,0.03167420814479638,40.51995393218835,0.024084805142925506,1.2695993911616905
15877,2,2,490.33,17,0.11764705882352941,0.0,1.0,0.033774072186871965
15880,369,1,329.03,1,1.0,0.0,1.0,0.0
15881,312,5,501.39,53,0.09433962264150944,24.185050478894325,0.039706094726235465,1.4070355758282063
15882,199,4,516.36,170,0.023529411764705882,97.57219549304675,0.010144848605614548,0.8372664571845185
15883,2,2,396.48,32,0.0625,0.0,1.0,0.3886519112090709
15885,93,3,379.35,217,0.013824884792626729,152.02795795510772,0.00653475360556899,1.5265880783199004
15886,60,1,181.09,1,1.0,0.0,1.0,0.0
15888,81,1,168.31,1,1.0,0.0,1.0,0.0
15889,157,2,420.07,213,0.009389671361502348,0.0,1.0,0.41769580470785794
15891,227,1,511.68,1,1.0,0.0,1.0,0.0
15894,253,2,258.25,116,0.017241379310344827,0.0,1.0,0.2444001986010115
15895,150,1,179.17,1,1.0,0.0,1.0,0.0
15897,194,2,208.59,1,2.0,0.0,1.0,0.2090234629079176
15898,1,5,1383.83,368,0.01358695652173913,98.47630848754098,0.010052644847845817,0.41991011358735647
15899,369,1,56.25,1,1.0,0.0,1.0,0.0
15900,24,1,337.28000000000003,1,1.0,0.0,1.0,0.0
15901,17,3,351.73,139,0.02158273381294964,11.313708498984761,0.08121030314161228,0.052476661968384325
15903,10,7,5126.76,286,0.024475524475524476,56.199644126987145,0.017482626251658685,0.7452370577020974
15904,8,1,164.68,1,1.0,0.0,1.0,0.0
15906,20,7,1567.69,236,0.029661016949152543,33.86099033794887,0.028685358341969506,0.8762341488823557
15907,4,3,882.72,207,0.014492753623188406,98.2878425849301,0.010071726547433109,0.33072486681121493
15909,174,1,191.94,1,1.0,0.0,1.0,0.0
15910,1,8,1228.88,316,0.02531645569620253,30.098251808116064,0.032156148396065745,0.28880298229852364
15912,178,2,264.62,55,0.03636363636363636,0.0,1.0,0.09812168772265907
15916,16,8,1502.86,351,0.022792022792022793,39.3143618493172,0.024805055918724332,0.5506631116892535
15917,248,1,123.1,1,1.0,0.0,1.0,0.0
15918,191,2,334.23,81,0.024691358024691357,0.0,1.0,0.21253611955240578
15919,20,2,525.69,350,0.005714285714285714,0.0,1.0,0.2623756372353439
15920,154,4,167.5,1,4.0,0.0,1.0,0.9614676042184344
15921,173,1,323.03000000000003,1,1.0,0.0,1.0,0.0
15922,373,1,369.5,1,1.0,0.0,1.0,0.0
15923,373,1,127.08,1,1.0,0.0,1.0,0.0
15925,194,1,207.15,1,1.0,0.0,1.0,0.0
15930,67,1,426.63,1,1.0,0.0,1.0,0.0
15932,4,8,2495.87,286,0.027972027972027972,24.24674745001403,0.039609062592315995,0.039555798290647495
15933,21,3,1107.46,66,0.045454545454545456,24.041630560342615,0.03993350183768218,0.1312757409241496
15935,239,2,416.86,3,0.6666666666666666,0.0,1.0,0.6811538623357243
15937,64,1,145.35000000000002,1,1.0,0.0,1.0,0.0
15938,112,5,404.58,212,0.02358490566037736,30.21451086260816,0.03203638219421529,0.21603635207680477
15939,90,15,6115.01,242,0.06198347107438017,11.189673418325988,0.08203665231068433,0.9069000609745895
15940,311,1,35.8,1,1.0,0.0,1.0,0.0
15942,134,1,337.44,1,1.0,0.0,1.0,0.0
15944,277,1,325.1,1,1.0,0.0,1.0,0.0
15945,365,1,181.0,1,1.0,0.0,1.0,0.0
15947,83,1,1708.24,1,1.0,0.0,1.0,0.0
15948,8,2,955.24,36,0.05555555555555555,0.0,1.0,0.4933551018856101
15949,17,2,364.72,55,0.03636363636363636,0.0,1.0,0.4240469269059051
15950,32,4,1744.71,328,0.012195121951219513,125.35682403975196,0.007914095717421635,0.4016589185375611
15951,9,2,708.22,277,0.007220216606498195,0.0,1.0,0.08410758697460502
15952,34,4,781.91,192,0.020833333333333332,28.095076674273972,0.03437007611958643,0.4093599667708254
15953,15,8,1657.28,355,0.022535211267605635,47.187568984497034,0.020752240070913752,0.1984411074951942
15955,24,14,4416.26,349,0.04011461318051576,38.71178843844035,0.02518143955037836,0.7392525513960276
15957,32,1,428.89,1,1.0,0.0,1.0,0.0
15958,74,1,104.35,1,1.0,0.0,1.0,0.0
15963,20,2,470.76,26,0.07692307692307693,0.0,1.0,0.2683268659001718
15965,17,4,808.87,351,0.011396011396011397,192.04773712109534,0.005180065899310273,0.9256038828712088
15967,23,2,397.68,296,0.006756756756756757,0.0,1.0,0.26272907359717423
15969,3,3,666.1,183,0.01639344262295082,62.22539674441618,0.015816429022065665,0.39116009833737825
15970,304,1,314.1,1,1.0,0.0,1.0,0.0
15971,18,12,4199.85,294,0.04081632653061224,21.846156308480115,0.04377103905346286,0.704688215705125
15973,367,1,307.82000000000005,1,1.0,0.0,1.0,0.0
15974,39,7,3442.15,250,0.028,19.788885769542457,0.04810262613810153,0.4119013006897891
15975,84,1,371.01,1,1.0,0.0,1.0,0.0
15976,165,2,427.64,55,0.03636363636363636,0.0,1.0,0.025331764773589758
15977,17,2,1054.73,22,0.09090909090909091,0.0,1.0,0.4605348594126335
15978,77,1,1098.78,1,1.0,0.0,1.0,0.0
15980,89,3,2398.86,166,0.018072289156626505,116.67261889578035,0.008498153685911202,0.8130585045201786
15981,25,8,3408.48,287,0.027874564459930314,17.31913337763703,0.05458773509563197,0.3088666881148386
15983,22,4,1465.12,352,0.011363636363636364,191.6828978634592,0.005189874197909508,0.13872415936614155
15984,3,10,2780.63,366,0.0273224043715847,38.09017079393463,0.02558187850525236,0.6635236753457294
15985,123,2,1142.42,114,0.017543859649122806,0.0,1.0,0.812985254943809
15986,30,1,168.12,1,1.0,0.0,1.0,0.0
15987,12,7,1432.77,357,0.0196078431372549,57.7408001330082,0.017023942434145876,0.7493065969672246
15988,19,1,156.78,1,1.0,0.0,1.0,0.0
15990,44,2,792.11,244,0.00819672131147541,0.0,1.0,0.01897853854644682
15992,4,1,41.99,1,1.0,0.0,1.0,0.0
15993,9,7,2777.67,36,0.19444444444444445,4.273952113286562,0.18961112625211746,0.6425364133515945
15994,55,1,414.27,1,1.0,0.0,1.0,0.0
15996,88,6,1032.58,278,0.02158273381294964,33.33616654626023,0.029123810273133603,0.3191915087204796
15998,37,5,3080.22,326,0.015337423312883436,21.406774628607646,0.04462935949394783,0.4291074065807909
16000,3,3,12393.7,1,3.0,0.0,1.0,0.8833843800857717
16003,30,5,2735.37,330,0.015151515151515152,85.88752334691382,0.011509132283668887,0.7526964119011774
16005,12,4,578.71,259,0.015444015444015444,85.01764522732913,0.01162552168636075,0.12421078716841515
16006,211,1,101.4,1,1.0,0.0,1.0,0.0
16007,48,4,1693.81,168,0.023809523809523808,49.57149718672347,0.01977398447010048,0.5398292735836682
16008,24,3,478.78,181,0.016574585635359115,55.154328932550705,0.017808066074498752,0.17570224170929669
16009,22,4,972.11,138,0.028985507246376812,60.91250555783544,0.01615182572551279,0.8236952691352877
16010,246,3,392.4,117,0.02564102564102564,75.66042558696059,0.0130445401567154,0.21934402656581656
16011,8,16,3352.96,358,0.0446927374301676,13.968331529366193,0.06680771320692035,0.367449821649996
16012,35,3,1415.29,120,0.025,47.37615433949868,0.0206713413592595,0.5490024711066458
16013,4,47,37130.6,368,0.12771739130434784,9.681722408346076,0.09361786065687855,0.7070692096276393
16014,38,3,646.83,254,0.011811023622047244,16.97056274847714,0.05564656009922349,0.33443071836584154
16015,4,3,704.55,46,0.06521739130434782,0.0,1.0,0.24313909420592553
16016,3,8,1465.51,364,0.02197802197802198,54.485035079543145,0.018022877674428856,0.519691949082762
16017,47,1,211.88,1,1.0,0.0,1.0,0.0
16018,39,2,408.9,142,0.014084507042253521,0.0,1.0,0.29432519970151727
16019,47,9,3786.24,318,0.02830188679245283,32.44225639501667,0.029902288535441433,0.7046743732761708
16020,17,3,851.01,49,0.061224489795918366,33.94112549695428,0.028619570370942038,0.8907467920662778
16022,260,1,602.63,1,1.0,0.0,1.0,0.0
16023,46,3,719.81,221,0.013574660633484163,50.91168824543142,0.019263484463694105,0.31138474443832515
16024,12,1,251.03,1,1.0,0.0,1.0,0.0
16025,30,1,439.66,1,1.0,0.0,1.0,0.0
16026,43,1,236.09,1,1.0,0.0,1.0,0.0
16027,92,6,934.62,211,0.02843601895734597,16.80178561939177,0.05617414013292487,0.5504455548538207
16029,39,63,80850.84,336,0.1875,6.072538771263912,0.14139194316799666,1.5151391331509236
16030,310,1,331.24,1,1.0,0.0,1.0,0.0
16031,92,2,547.9,155,0.012903225806451613,0.0,1.0,0.16354183484570042
16033,6,20,8778.82,365,0.0547945205479452,11.304141972347754,0.08127344452359159,0.6807642594955136
16034,196,3,437.7000000000001,137,0.021897810218978103,79.19595949289332,0.012469456146211661,0.05457014201333252
16036,87,2,758.9200000000001,177,0.011299435028248588,0.0,1.0,0.7108336919607348
16037,270,3,855.02,89,0.033707865168539325,14.142135623730951,0.06604088253131131,0.10172916852333137
16038,8,3,471.78,195,0.015384615384615385,102.5304832720494,0.009658990940593578,0.8794319574603808
16040,65,3,1313.55,204,0.014705882352941176,26.870057685088806,0.03588080122758503,0.035778271713646545
16041,31,3,3166.4,111,0.02702702702702703,77.78174593052023,0.012693295739877703,0.8364905192005191
16042,22,5,1177.47,311,0.01607717041800643,100.05123687391375,0.009895969915219799,0.7993043921946791
16043,38,4,773.99,281,0.014234875444839857,71.58212067269312,0.013777497691331861,0.47829383433624534
16045,120,4,1340.7,171,0.023391812865497075,23.115651263447745,0.04146684611896452,0.6616688974790708
16048,373,2,256.44,1,2.0,0.0,1.0,1.3586244471464501
16049,40,3,1074.81,35,0.08571428571428572,22.627416997969522,0.04232371232479358,0.5926809792850222
16050,174,1,137.9,1,1.0,0.0,1.0,0.0
16052,54,1,362.06,1,1.0,0.0,1.0,0.0
16053,33,2,1511.95,90,0.022222222222222223,0.0,1.0,0.6888252215605135
16054,145,1,783.9,1,1.0,0.0,1.0,0.0
16055,221,1,134.8,1,1.0,0.0,1.0,0.0
16056,45,1,650.75,1,1.0,0.0,1.0,0.0
16057,16,7,2263.12,269,0.026022304832713755,50.957498630394596,0.01924650005023549,0.9061256457733319
16059,66,6,1453.16,302,0.019867549668874173,37.05671329192593,0.026276572869790068,0.5643539439838245
16062,10,4,1153.62,356,0.011235955056179775,9.237604307034012,0.09767910245494876,0.2748842047739861
16063,260,1,335.32,1,1.0,0.0,1.0,0.0
16065,365,1,367.14,1,1.0,0.0,1.0,0.0
16066,17,5,1521.04,108,0.046296296296296294,23.69950773047125,0.04048663685577513,0.27704468519976316
16070,22,2,852.15,10,0.2,0.0,1.0,0.8655554579072788
16071,45,1,326.24,1,1.0,0.0,1.0,0.0
16072,288,1,584.3199999999999,1,1.0,0.0,1.0,0.0
16073,297,1,122.4,1,1.0,0.0,1.0,0.0
16076,3,10,2234.73,206,0.04854368932038835,21.301408404140794,0.04484021734763289,0.5220409940214197
16078,284,1,79.2,1,1.0,0.0,1.0,0.0
16079,17,3,1352.0,24,0.125,6.363961030678928,0.13579648178933995,0.2644788214506097
16080,82,2,217.16,193,0.010362694300518135,0.0,1.0,0.2823738260476026
16081,56,5,2799.42,311,0.01607717041800643,34.477045503735766,0.028187240109797167,1.0595327493311677
16083,101,2,1317.62,260,0.007692307692307693,0.0,1.0,0.6886995297827296
16084,299,1,436.18,1,1.0,0.0,1.0,0.0
16085,23,5,981.51,298,0.016778523489932886,61.638732411798784,0.01596456316238669,0.36445162333808057
16086,59,5,1121.39,308,0.016233766233766232,27.183021661814323,0.03548235572464956,0.4005921082321747
16091,155,2,315.06,44,0.045454545454545456,0.0,1.0,0.0025136786482858387
16092,115,3,817.86,140,0.02142857142857143,18.384776310850235,0.051586873325965094,0.16237756071393397
16093,107,1,17.0,1,1.0,0.0,1.0,0.0
16094,12,4,1078.23,208,0.019230769230769232,105.13324878457813,0.009422118058684233,0.5486888077021518
16096,264,1,320.62,1,1.0,0.0,1.0,0.0
16097,240,1,185.05,1,1.0,0.0,1.0,0.0
16098,88,7,2005.63,287,0.024390243902439025,18.93145530591877,0.05017195105181525,0.3733400480239003
16099,50,3,731.9,176,0.017045454545454544,0.7071067811865476,0.585786437626905,0.3808486970229407
16101,71,1,1290.7,1,1.0,0.0,1.0,0.0
16102,42,3,1842.14,87,0.034482758620689655,19.091883092036785,0.04977134275663489,0.3293618571918797
16103,7,6,1429.64,227,0.02643171806167401,30.219199195213626,0.0320315711414313,0.5066861500387758
16104,62,1,298.21,1,1.0,0.0,1.0,0.0
16105,249,1,336.96,1,1.0,0.0,1.0,0.0
16106,66,1,108.38,1,1.0,0.0,1.0,0.0
16107,18,7,3204.1600000000003,166,0.04216867469879518,16.769019053003667,0.0562777268130038,0.2629738376419842
16108,85,1,842.5,1,1.0,0.0,1.0,0.0
16109,219,2,611.88,90,0.022222222222222223,0.0,1.0,0.04188002508694595
16110,45,3,1320.95,267,0.011235955056179775,119.50104602052653,0.008298683148606502,0.4246021726750438
16112,143,4,195.74,196,0.02040816326530612,97.61830429449864,0.010140105400856952,0.4699931582787856
16113,183,1,161.38,1,1.0,0.0,1.0,0.0
16114,171,1,135.75000000000003,1,1.0,0.0,1.0,0.0
16115,10,8,1660.88,283,0.028268551236749116,13.031098334734637,0.0712702581183152,0.37311277797811104
16116,212,1,612.78,1,1.0,0.0,1.0,0.0
16117,190,1,232.21,1,1.0,0.0,1.0,0.0
16119,8,2,423.36,65,0.03076923076923077,0.0,1.0,0.6533923204841681
16120,59,4,1309.14,1,4.0,0.0,1.0,1.388416979375921
16121,57,2,854.66,159,0.012578616352201259,0.0,1.0,0.4679186005755081
16122,73,4,684.42,294,0.013605442176870748,105.69768209379049,0.009372274827122952,0.5127375619584762
16123,52,1,307.78000000000003,1,1.0,0.0,1.0,0.0
16124,317,1,249.0,1,1.0,0.0,1.0,0.0
16125,367,1,289.35,1,1.0,0.0,1.0,0.0
16126,29,4,6287.77,268,0.014925373134328358,20.81665999466133,0.0458365304425474,0.5128334206100068
16127,39,1,656.25,1,1.0,0.0,1.0,0.0
16128,18,5,1880.22,265,0.018867924528301886,51.86119294167203,0.01891746940148357,0.5413323625300905
16131,52,6,3506.54,189,0.031746031746031744,39.85849972088764,0.024474711671529658,0.8321244811209279
16133,4,33,14589.04,315,0.10476190476190476,10.941928826839119,0.083738566399134,0.8422646957484429
16134,22,2,618.09,338,0.005917159763313609,0.0,1.0,0.1167585919330502
16135,263,1,517.55,1,1.0,0.0,1.0,0.0
16136,60,3,709.38,218,0.013761467889908258,127.9863273947651,0.007752759693199737,0.6245562136286481
16139,19,3,635.4100000000001,188,0.015957446808510637,0.7071067811865476,0.585786437626905,0.4835071385927756
16140,66,2,725.1800000000001,306,0.006535947712418301,0.0,1.0,0.9300290243742645
16141,88,1,620.4,1,1.0,0.0,1.0,0.0
16142,250,1,535.34,1,1.0,0.0,1.0,0.0
16143,3,6,2424.94,366,0.01639344262295082,39.291220393365236,0.02481930282173012,0.12505326872107692
16144,247,1,175.2,1,1.0,0.0,1.0,0.0
16145,9,11,3799.49,352,0.03125,13.96662688936261,0.06681532234298836,0.15229630800841099
16146,157,3,734.13,75,0.04,12.727922061357855,0.07284423640594942,0.642903495683491
16147,134,1,375.0,1,1.0,0.0,1.0,0.0
16148,296,1,76.32000000000001,1,1.0,0.0,1.0,0.0
16149,5,2,280.52,138,0.014492753623188406,0.0,1.0,0.2361391817394687
16150,43,5,2053.02,330,0.015151515151515152,47.96526521001074,0.020422640329037862,0.2538018028011701
16152,269,1,1829.04,1,1.0,0.0,1.0,0.0
16153,50,5,1824.23,306,0.016339869281045753,44.27941583474952,0.022085090577351345,0.6855399579826448
16156,9,9,3092.04,303,0.0297029702970297,22.30590889043913,0.04290757355574464,0.4871177396182976
16157,16,3,656.69,57,0.05263157894736842,28.284271247461902,0.03414802408943918,0.20084716494118887
16159,282,1,348.2,1,1.0,0.0,1.0,0.0
16160,65,2,1025.44,21,0.09523809523809523,0.0,1.0,0.7977431083428511
16161,2,19,5533.67,368,0.051630434782608696,14.681921656561574,0.06376769517794291,0.378696110980913
16162,252,1,37.4,1,1.0,0.0,1.0,0.0
16163,232,2,856.6,133,0.015037593984962405,0.0,1.0,0.04391557408256399
16164,17,3,822.48,26,0.11538461538461539,7.7781745930520225,0.11391890072356342,0.19195290106954813
16168,11,27,3787.6,360,0.075,13.83351559966424,0.0674149019685283,0.453355572709284
16169,8,4,1822.97,68,0.058823529411764705,13.051181300301263,0.0711683935057161,0.32386963529125196
16170,51,6,1885.05,198,0.030303030303030304,20.668817092422103,0.04614926581985476,0.022545034429114236
16171,59,1,73.19999999999999,1,1.0,0.0,1.0,0.0
16172,95,5,1140.21,147,0.034013605442176874,27.215191835933595,0.03544189973312339,0.5408636263225742
16173,16,6,1418.32,83,0.07228915662650602,11.554220008291344,0.0796544906286139,0.515563684789493
16174,126,3,1009.55,26,0.11538461538461539,5.656854249492381,0.15022110482233483,0.12306425304379233
16175,94,4,1037.59,146,0.0273972602739726,22.516660498395403,0.042523044463232025,0.17608368810901937
16177,50,1,331.95,1,1.0,0.0,1.0,0.0
16178,138,1,197.9,1,1.0,0.0,1.0,0.0
16179,61,1,215.83,1,1.0,0.0,1.0,0.0
16180,100,8,10254.18,153,0.05228758169934641,11.816050423853463,0.07802715867431217,0.5520974001959652
16181,73,1,305.54,1,1.0,0.0,1.0,0.0
16182,72,4,6617.65,223,0.017937219730941704,17.009801096230767,0.05552532172103155,0.375198620233366
16183,67,1,338.71000000000004,1,1.0,0.0,1.0,0.0
16184,64,6,1158.79,148,0.04054054054054054,16.98528775146303,0.055601000874654014,0.4770268733352548
16185,17,2,529.41,216,0.009259259259259259,0.0,1.0,0.37555823413617695
16186,23,12,4006.94,350,0.03428571428571429,35.418279820659635,0.027458737889995356,0.5122610745019013
16187,32,15,6911.4400000000005,253,0.05928853754940711,14.96534458211833,0.06263566657496578,0.5390913485476743
16188,45,4,981.86,199,0.020100502512562814,43.3628104870214,0.022541403238925898,0.47481497985274923
16189,16,2,215.48,70,0.02857142857142857,0.0,1.0,0.4822554880414657
16190,40,1,215.08,1,1.0,0.0,1.0,0.0
16191,3,13,5180.52,358,0.036312849162011177,58.27124401270217,0.016871587844278994,0.6045761724167488
16193,237,1,314.45,1,1.0,0.0,1.0,0.0
16198,75,1,400.681,1,1.0,0.0,1.0,0.0
16200,4,2,1068.87,160,0.0125,0.0,1.0,0.04269618537126109
16201,3,4,1863.47,107,0.037383177570093455,25.357444666211933,0.037939944962946934,0.24611156538965545
16202,361,1,365.27,1,1.0,0.0,1.0,0.0
16203,59,4,592.9,314,0.012738853503184714,35.21836642056717,0.02761030103865022,0.438865027053243
16204,23,1,384.18,1,1.0,0.0,1.0,0.0
16205,31,4,757.63,149,0.026845637583892617,55.58177159225255,0.017673536403319774,0.5245713360685406
16206,55,4,537.0600000000001,273,0.014652014652014652,25.238858928247925,0.03811141340919485,0.13600112286936855
16207,25,1,394.38,1,1.0,0.0,1.0,0.0
16208,45,2,664.26,245,0.00816326530612245,0.0,1.0,0.7045306838594897
16209,89,5,2262.62,158,0.03164556962025317,25.468935326524086,0.0377801368911849,1.0995406217938644
16210,2,18,21086.3,373,0.04825737265415549,28.348410060198727,0.03407339606979816,0.8416917431430204
16211,89,1,547.02,1,1.0,0.0,1.0,0.0
16212,19,2,690.34,265,0.007547169811320755,0.0,1.0,0.62678213857472
16213,79,1,159.0,1,1.0,0.0,1.0,0.0
16214,171,3,1062.75,99,0.030303030303030304,46.66904755831214,0.020977973154943562,0.48517658478329784
16215,81,1,242.35,1,1.0,0.0,1.0,0.0
16216,267,1,914.93,1,1.0,0.0,1.0,0.0
16217,235,2,304.25,47,0.0425531914893617,0.0,1.0,0.2870260886656979
16218,30,7,3084.68,344,0.020348837209302327,42.68957718225843,0.022888754355033732,0.579903171265462
16221,37,3,860.86,331,0.00906344410876133,104.65180361560904,0.00946505374994147,0.7809017103018371
16222,318,1,773.55,1,1.0,0.0,1.0,0.0
16224,57,4,1295.3,193,0.02072538860103627,48.01388688008224,0.02040238111387917,0.3488932878676863
16225,45,5,1096.32,233,0.02145922746781116,52.494444150468595,0.0186935300643037,0.5269221605431045
16226,203,3,255.12,33,0.09090909090909091,16.263455967290593,0.05792582909787702,0.7243639356872296
16227,225,1,314.22,1,1.0,0.0,1.0,0.0
16229,87,2,1010.6,126,0.015873015873015872,0.0,1.0,0.41169763511791474
16230,190,2,542.03,31,0.06451612903225806,0.0,1.0,0.025647509027410777
16232,44,4,990.88,172,0.023255813953488372,51.032669275017675,0.01921869498400167,0.338846651868743
16233,71,3,536.6800000000001,296,0.010135135135135136,156.97770542341354,0.006330007119167792,0.17547054246447352
16235,41,5,867.3100000000001,292,0.017123287671232876,39.90405159045048,0.024447455963835657,0.687362187562979
16236,78,1,432.2,1,1.0,0.0,1.0,0.0
16239,57,2,414.2,133,0.015037593984962405,0.0,1.0,0.9614740201937798
16240,24,2,3718.8,54,0.037037037037037035,0.0,1.0,0.0263235083326518
16241,10,13,2590.31,361,0.036011080332409975,22.772923848422725,0.04206466172928693,0.6849182102080088
16242,8,7,3579.86,269,0.026022304832713755,33.41057716751788,0.02906083193931305,0.505439361540003
16243,34,2,409.1,22,0.09090909090909091,0.0,1.0,0.07190330505343527
16244,212,2,1522.75,161,0.012422360248447204,0.0,1.0,0.5484204568819152
16245,24,3,1413.66,234,0.01282051282051282,26.16295090390226,0.036814851359037684,0.349725642411611
16247,170,1,114.56,1,1.0,0.0,1.0,0.0
16248,62,1,152.94,1,1.0,0.0,1.0,0.0
16249,53,5,1800.07,187,0.026737967914438502,18.31210892642716,0.05178098382779809,0.7672482318814104
16250,261,2,389.44,113,0.017699115044247787,0.0,1.0,0.22819736097864962
16253,67,2,3683.86,189,0.010582010582010581,0.0,1.0,0.10866517483436618
16255,17,8,2619.91,349,0.022922636103151862,31.291258478093482,0.030968133393698607,0.3022166611123186
16256,267,1,752.4300000000001,1,1.0,0.0,1.0,0.0
16257,177,1,46.95,1,1.0,0.0,1.0,0.0
16258,45,5,5203.51,174,0.028735632183908046,30.199337741083,0.03205196239416355,0.2758700692150943
16260,51,1,1035.45,1,1.0,0.0,1.0,0.0
16261,17,4,728.54,229,0.017467248908296942,49.903239707791855,0.019645115040623398,0.281213465709156
16265,9,9,5447.0,356,0.025280898876404494,32.683547630486586,0.029688084253183346,0.35345043044532426
16266,74,7,861.89,133,0.05263157894736842,17.14253967960018,0.05511907470840035,0.16155966710372247
16268,71,2,667.65,1,2.0,0.0,1.0,0.6775473559444048
16270,353,1,1141.24,1,1.0,0.0,1.0,0.0
16271,3,5,1404.64,356,0.014044943820224719,95.60509051997877,0.01035142138594851,0.7436881511059424
16272,117,1,411.7,1,1.0,0.0,1.0,0.0
16274,373,1,351.75,1,1.0,0.0,1.0,0.0
16275,197,1,559.87,1,1.0,0.0,1.0,0.0
16276,177,1,810.6,1,1.0,0.0,1.0,0.0
16278,100,1,566.38,1,1.0,0.0,1.0,0.0
16279,21,3,1502.78,156,0.019230769230769232,16.97056274847714,0.05564656009922349,0.4800922251355326
16281,72,1,2062.06,1,1.0,0.0,1.0,0.0
16282,340,1,168.3,1,1.0,0.0,1.0,0.0
16283,6,5,1570.81,203,0.024630541871921183,13.341664064126334,0.06972691561653295,0.789948341781719
16284,31,2,812.68,20,0.1,0.0,1.0,0.05599915395625113
16287,170,1,142.5,1,1.0,0.0,1.0,0.0
16292,122,1,302.25,1,1.0,0.0,1.0,0.0
16293,22,10,2248.99,346,0.028901734104046242,44.57982852267504,0.021939529665025406,0.5533214087730132
16295,10,4,1328.55,55,0.07272727272727272,14.422205101855956,0.06484157054036695,0.06642130710921162
16297,269,1,301.9,1,1.0,0.0,1.0,0.0
16298,23,3,598.2,165,0.01818181818181818,74.24621202458749,0.013289705529272881,0.36985240800216046
16302,127,1,233.22,1,1.0,0.0,1.0,0.0
16303,26,3,5360.63,308,0.00974025974025974,90.50966799187809,0.010927807104367974,0.7032125389071905
16305,139,1,361.22,1,1.0,0.0,1.0,0.0
16306,214,6,632.27,154,0.03896103896103896,31.357614705203584,0.030904626595951928,1.2203336219875807
16308,38,4,2560.0,224,0.017857142857142856,33.18132004607411,0.029255745496431017,0.40824829046386296
16309,106,2,706.57,135,0.014814814814814815,0.0,1.0,0.0763979954934134
16311,18,2,616.26,32,0.0625,0.0,1.0,0.42876653035048373
16313,3,2,274.15000000000003,47,0.0425531914893617,0.0,1.0,0.3151351687958138
16315,331,1,226.37,1,1.0,0.0,1.0,0.0
16316,64,8,2938.91,294,0.027210884353741496,39.48779196518481,0.024698803057966054,0.9134329922668464
16317,120,3,1341.65,178,0.016853932584269662,65.76093065034893,0.014978820550560637,0.2949303790160846
16318,35,1,328.15000000000003,1,1.0,0.0,1.0,0.0
16319,218,1,404.4,1,1.0,0.0,1.0,0.0
16320,172,2,1038.46,41,0.04878048780487805,0.0,1.0,0.9082092952512539
16321,72,5,373.65,252,0.01984126984126984,113.31813623599712,0.008747518398442141,0.10821722224133527
16322,1,2,326.75,36,0.05555555555555555,0.0,1.0,0.4302585164055376
16323,196,1,207.50000000000003,1,1.0,0.0,1.0,0.0
16324,128,3,408.59,49,0.061224489795918366,33.94112549695428,0.028619570370942038,0.9088239097097947
16325,47,3,594.24,199,0.01507537688442211,12.727922061357855,0.07284423640594942,0.12276293933734041
16326,6,14,3039.2200000000003,329,0.0425531914893617,25.078083188518544,0.03834637664014632,0.3474146147740591
16327,14,6,3820.27,356,0.016853932584269662,28.430617298961344,0.033978220362890305,0.1141085354374147
16330,18,3,251.91,95,0.031578947368421054,66.46803743153546,0.014821833242367098,1.227580603167168
16332,28,7,1582.8,278,0.025179856115107913,55.41389717390395,0.017726128668568247,0.5525278729292186
16333,8,22,26626.8,303,0.07260726072607261,17.574060972001295,0.053838522523825504,1.0424577549368246
16337,37,1,151.05,1,1.0,0.0,1.0,0.0
16338,157,1,214.8,1,1.0,0.0,1.0,0.0
16339,284,1,94.05,1,1.0,0.0,1.0,0.0
16340,107,1,534.31,1,1.0,0.0,1.0,0.0
16341,25,4,1971.87,177,0.022598870056497175,57.518113089124654,0.01708872598945515,0.6963658052492935
16342,75,4,322.41,105,0.0380952380952381,2.516611478423584,0.2843646522044218,0.5331232663610456
16343,16,2,328.58,1,2.0,0.0,1.0,0.02384424838866308
16344,158,1,101.1,1,1.0,0.0,1.0,0.0
16345,44,1,565.46,1,1.0,0.0,1.0,0.0
16347,11,2,847.45,26,0.07692307692307693,0.0,1.0,0.043605404902718845
16348,32,7,1415.65,208,0.03365384615384615,25.841181603530956,0.03725618397769978,0.2842681782181335
16349,291,1,53.5,1,1.0,0.0,1.0,0.0
16350,21,4,1116.47,313,0.012779552715654952,125.52423404798508,0.007903624214952719,0.5434643640525788
16351,333,1,153.9,1,1.0,0.0,1.0,0.0
16352,18,2,494.44,21,0.09523809523809523,0.0,1.0,0.24197570458855228
16353,4,23,6675.71,367,0.06267029972752043,18.394957430623723,0.051559793496687295,0.677148828491698
16354,63,2,395.8,10,0.2,0.0,1.0,1.2019743364889064
16356,198,3,211.77,80,0.0375,14.142135623730951,0.06604088253131131,0.8412210322153537
16357,33,3,658.88,181,0.016574585635359115,54.44722215136416,0.01803516860177633,0.7160639877520106
16358,1,4,2027.5,184,0.021739130434782608,44.523402086243735,0.02196672379857524,0.2192457281766054
16359,7,9,1750.92,325,0.027692307692307693,19.34461903771397,0.049153046225453696,0.5097678104605207
16360,5,6,3450.41,84,0.07142857142857142,7.726577508832744,0.11459246181997858,0.5440301845748791
16361,10,4,891.21,62,0.06451612903225806,9.237604307034012,0.09767910245494876,0.4405286748921597
16362,32,5,709.99,59,0.0847457627118644,16.580611166861935,0.05688084393134871,0.9051236940399641
16363,53,1,109.36,1,1.0,0.0,1.0,0.0
16364,12,2,705.79,126,0.015873015873015872,0.0,1.0,0.02642921674676768
16365,18,9,1540.42,350,0.025714285714285714,45.92987667552104,0.021308387552648467,0.6856794705203975
16366,19,1,327.3,1,1.0,0.0,1.0,0.0
16367,37,2,800.67,326,0.006134969325153374,0.0,1.0,0.8239555431219167
16368,2,2,479.91,26,0.07692307692307693,0.0,1.0,0.36850118975381957
16369,18,3,1545.41,179,0.01675977653631285,38.18376618407357,0.02552077294720217,0.3401606112799811
16370,82,4,1301.91,143,0.027972027972027972,15.695009822658072,0.0598981378640954,0.19888933211254597
16372,33,2,355.73,1,2.0,0.0,1.0,1.2249785651309189
16374,66,2,466.73,197,0.01015228426395939,0.0,1.0,0.47974724858169004
16376,9,2,974.96,9,0.2222222222222222,0.0,1.0,1.087088918709375
16377,267,1,676.2,1,1.0,0.0,1.0,0.0
16378,247,3,362.95,64,0.046875,25.45584412271571,0.0377988317198079,0.322764675995449
16379,4,4,2157.4,75,0.05333333333333334,14.364307617610162,0.06508591372212741,0.356599909045807
16380,61,1,1743.15,1,1.0,0.0,1.0,0.0
16383,75,2,643.76,194,0.010309278350515464,0.0,1.0,0.054568573520174794
16384,90,2,584.5,175,0.011428571428571429,0.0,1.0,0.5654434722439561
16385,60,3,554.86,307,0.009771986970684038,78.48885271170677,0.012580380341213861,0.4533430059600797
16386,29,2,302.57,226,0.008849557522123894,0.0,1.0,0.8430502040692571
16387,323,1,94.36,1,1.0,0.0,1.0,0.0
16389,53,4,1382.0700000000002,230,0.017391304347826087,51.507281038703645,0.019044977767233653,0.525204633090073
16392,270,1,217.89,1,1.0,0.0,1.0,0.0
16393,2,13,3040.96,367,0.035422343324250684,19.642255008480614,0.04844431965350503,0.39197694915600795
16394,57,5,1555.34,233,0.02145922746781116,37.16068711241312,0.02620497888453152,0.009890861186072845
16395,61,5,1482.06,271,0.01845018450184502,69.16164640415477,0.014252801227606068,0.4647989976572106
16398,154,2,1705.8,100,0.02,0.0,1.0,0.5257080665381519
16399,19,2,408.02,217,0.009216589861751152,0.0,1.0,0.17746123815867484
16400,95,1,303.93,1,1.0,0.0,1.0,0.0
16401,1,12,4098.32,327,0.03669724770642202,13.565330140405054,0.06865618495154759,0.2958282879892383
16402,265,2,293.45,105,0.01904761904761905,0.0,1.0,0.5679504798966408
16403,312,1,177.5,1,1.0,0.0,1.0,0.0
16404,70,1,443.05,1,1.0,0.0,1.0,0.0
16405,302,2,167.25,8,0.25,0.0,1.0,1.2983706577123393
16406,19,1,154.35,1,1.0,0.0,1.0,0.0
16407,13,10,2079.68,300,0.03333333333333333,20.972866068115515,0.045510676527132005,0.6061370213772695
16409,36,5,2022.98,282,0.01773049645390071,17.23127002477376,0.05485081393897074,0.40380314085903773
16411,19,2,211.7,350,0.005714285714285714,0.0,1.0,0.30328434450514175
16412,54,1,135.99,1,1.0,0.0,1.0,0.0
16413,57,1,262.2,1,1.0,0.0,1.0,0.0
16414,22,2,126.25,259,0.007722007722007722,0.0,1.0,0.2761216975247271
16415,44,1,200.27,1,1.0,0.0,1.0,0.0
16416,27,3,1051.4,30,0.1,2.1213203435596424,0.32037724101704074,0.0570664138280803
16418,45,3,631.12,182,0.016483516483516484,60.10407640085654,0.016365520254978966,0.28213522649808626
16419,113,6,958.71,200,0.03,40.4573849871689,0.02412115477880481,0.5260727556382823
16422,17,51,34684.4,352,0.14488636363636365,3.626489841627655,0.21614658936507855,0.7754744726640117
16423,25,1,346.12,1,1.0,0.0,1.0,0.0
16424,191,1,133.56,1,1.0,0.0,1.0,0.0
16425,302,1,302.7,1,1.0,0.0,1.0,0.0
16426,2,10,1863.76,274,0.0364963503649635,59.052942348370756,0.01665197342369903,0.4466137649816519
16427,263,2,241.06,22,0.09090909090909091,0.0,1.0,0.12589821226469178
16429,106,1,284.55,1,1.0,0.0,1.0,0.0
16430,57,1,300.85,1,1.0,0.0,1.0,0.0
16431,213,3,623.28,85,0.03529411764705882,59.39696961966999,0.01655712209233626,0.5968091061148957
16432,64,1,287.40000000000003,1,1.0,0.0,1.0,0.0
16433,28,1,184.26,1,1.0,0.0,1.0,0.0
16434,29,7,1511.8,271,0.025830258302583026,33.54797559714545,0.02894525605959458,0.39442031746737993
16438,6,5,798.35,77,0.06493506493506493,14.933184523068078,0.06276209244625261,0.21366688735236544
16440,8,5,3640.67,207,0.024154589371980676,64.59811658761164,0.015244340112485063,0.4919005300645841
16441,67,2,381.2,225,0.008888888888888889,0.0,1.0,0.15136388600425577
16442,2,3,609.3,360,0.008333333333333333,65.05382386916237,0.01513916895985875,0.3583962186847783
16444,46,4,654.67,219,0.0182648401826484,25.632011235952593,0.03754879761578139,0.5610591933291932
16445,34,1,230.51,1,1.0,0.0,1.0,0.0
16446,1,2,168472.5,205,0.00975609756097561,0.0,1.0,1.4141648752659306
16447,136,1,255.91,1,1.0,0.0,1.0,0.0
16448,198,1,182.99,1,1.0,0.0,1.0,0.0
16449,198,2,707.69,83,0.024096385542168676,0.0,1.0,0.25117283366258436
16450,150,1,311.92,1,1.0,0.0,1.0,0.0
16451,88,1,266.97,1,1.0,0.0,1.0,0.0
16454,45,2,6.9,20,0.1,0.0,1.0,1.0042965877721979
16455,64,7,1841.18,308,0.022727272727272728,46.82307123630401,0.020910409435203073,0.5551086839629336
16456,99,5,2158.18,274,0.01824817518248175,49.45031176174053,0.019821483060851162,0.5561426294889547
16457,218,1,208.36,1,1.0,0.0,1.0,0.0
16458,3,18,3482.74,358,0.05027932960893855,10.71282903262966,0.08537647029715834,0.13715108292359357
16460,28,3,811.23,54,0.05555555555555555,24.748737341529164,0.03883685583242708,0.1045113520418978
16461,178,1,142.92,1,1.0,0.0,1.0,0.0
16462,74,3,136.0,211,0.014218009478672985,9.192388155425117,0.09811243299910322,0.4330127018922193
16463,21,4,1422.4,183,0.02185792349726776,78.99578047803143,0.012500659335083575,0.25508136346418075
16464,20,3,1298.66,123,0.024390243902439025,0.7071067811865476,0.585786437626905,0.348508554326745
16466,34,7,1595.96,259,0.02702702702702703,26.90477033291061,0.03583616665071097,0.319116939111329
16468,74,1,74.9,1,1.0,0.0,1.0,0.0
16469,24,4,625.42,223,0.017937219730941704,80.06872048434394,0.012335213804109822,0.25126365536772166
16470,52,4,752.77,308,0.012987012987012988,54.945427471264615,0.017874561786369984,0.21548773781306652
16471,275,1,223.95,1,1.0,0.0,1.0,0.0
16473,165,3,316.11,172,0.01744186046511628,51.61879502661797,0.019004616116620226,0.38877434055086774
16474,7,7,1810.65,138,0.050724637681159424,19.887181801351343,0.04787625298187919,0.7061494148153509
16475,88,4,544.3,186,0.021505376344086023,46.82235933112869,0.020910720716973842,0.8587593360699766
16477,64,7,2494.46,308,0.022727272727272728,23.31880500082855,0.04112044156634874,0.30350279737815217
16478,25,3,331.0,41,0.07317073170731707,27.577164466275352,0.034992974939138055,0.7791686042910081
16479,10,2,300.83,1,2.0,0.0,1.0,0.7593588296716618
16480,76,1,769.29,1,1.0,0.0,1.0,0.0
16482,16,1,220.62,1,1.0,0.0,1.0,0.0
16483,192,1,139.35,1,1.0,0.0,1.0,0.0
16484,174,2,404.3,18,0.1111111111111111,0.0,1.0,0.5845042945153208
16485,77,1,363.65,1,1.0,0.0,1.0,0.0
16488,33,3,498.8,116,0.02586206896551724,33.94112549695428,0.028619570370942038,0.27622967417272837
16491,47,1,731.5,1,1.0,0.0,1.0,0.0
16493,80,4,1351.63,251,0.01593625498007968,34.67467856135559,0.028031086482815427,0.5747541333903121
16494,297,1,826.53,1,1.0,0.0,1.0,0.0
16495,3,3,648.26,273,0.01098901098901099,192.33304448274092,0.005172421520984589,0.9141680549828817
16496,9,3,1599.52,309,0.009708737864077669,62.932503525602726,0.015641496028691183,0.3321067716855347
16497,50,6,2965.69,284,0.02112676056338028,59.90659396093221,0.016418583522195277,1.0061585583905388
16498,161,2,100.97,1,2.0,0.0,1.0,1.1410912045809256
16499,360,2,365.45,5,0.4,0.0,1.0,0.2737874115142879
16500,5,6,400.86,327,0.01834862385321101,128.24078914292443,0.007737495311129081,0.7344845802580791
16503,107,4,1431.93,254,0.015748031496062992,47.843494855622744,0.02047355544389106,0.27294542734373267
16504,25,1,465.88,1,1.0,0.0,1.0,0.0
16505,32,1,777.6,1,1.0,0.0,1.0,0.0
16506,20,2,90.3,21,0.09523809523809523,0.0,1.0,0.3147917231860378
16509,297,1,363.7000000000001,1,1.0,0.0,1.0,0.0
16510,372,1,248.1,1,1.0,0.0,1.0,0.0
16511,22,3,918.33,245,0.012244897959183673,0.7071067811865476,0.585786437626905,0.20347028896180802
16513,5,4,874.59,39,0.10256410256410256,10.14889156509222,0.08969501534404137,1.0252779321685117
16515,52,5,1624.14,260,0.019230769230769232,23.697749541535234,0.04048951902756396,0.14486785855737716
16516,30,1,101.7,1,1.0,0.0,1.0,0.0
16517,277,1,162.70000000000002,1,1.0,0.0,1.0,0.0
16518,61,2,484.32,223,0.008968609865470852,0.0,1.0,0.3005262220008238
16519,25,2,215.08,341,0.005865102639296188,0.0,1.0,0.050498233954925476
16520,186,3,1046.57,180,0.016666666666666666,52.32590180780452,0.018752613009793393,0.19014302499421645
16523,2,21,9418.47,314,0.06687898089171974,11.433445858993094,0.0804282265223121,0.6159412344413847
16525,2,26,13027.45,365,0.07123287671232877,9.389355675444403,0.09625235974580543,0.41068458081380166
16526,172,1,290.36,1,1.0,0.0,1.0,0.0
16527,81,1,228.06,1,1.0,0.0,1.0,0.0
16528,4,1,244.41,1,1.0,0.0,1.0,0.0
16529,190,1,455.25,1,1.0,0.0,1.0,0.0
16531,22,7,1244.59,339,0.02064896755162242,55.9764831573641,0.017551100815367753,0.310136897870354
16532,18,3,6748.8,321,0.009345794392523364,59.39696961966999,0.01655712209233626,0.15484247562842934
16533,19,3,1082.81,49,0.061224489795918366,14.849242404917497,0.06309449842787015,0.6971058654530173
16535,5,1,593.75,1,1.0,0.0,1.0,0.0
16536,110,1,548.12,1,1.0,0.0,1.0,0.0
16539,3,4,1388.81,371,0.01078167115902965,101.33607452432722,0.009771725216627116,0.18706079087417934
16542,54,1,119.62,1,1.0,0.0,1.0,0.0
16545,165,1,339.3,1,1.0,0.0,1.0,0.0
16546,291,2,787.15,82,0.024390243902439025,0.0,1.0,0.338394365080318
16549,10,10,4034.9,325,0.03076923076923077,66.38712224520656,0.014839630580472413,0.7054136651154893
16550,109,5,2298.97,260,0.019230769230769232,47.43065113053653,0.020648080846666115,0.19538314844121288
16551,96,3,922.12,241,0.012448132780082987,121.62236636408618,0.008155119083502547,0.010582033236625727
16552,243,2,379.73,131,0.015267175572519083,0.0,1.0,0.7044439346979983
16553,163,12,5719.82,198,0.06060606060606061,21.449305985805864,0.044544806892127316,0.5054059139906403
16554,42,3,837.1,290,0.010344827586206896,50.204581464244875,0.019529502466459566,0.941634092368238
16555,35,2,285.89,75,0.02666666666666667,0.0,1.0,0.08938696376956816
16556,67,7,3313.79,294,0.023809523809523808,10.576703960434301,0.08638037246332805,0.3561371147723737
16557,24,2,281.85,114,0.017543859649122806,0.0,1.0,0.3991509273967701
16558,1,20,8338.49,366,0.0546448087431694,10.298753686023376,0.08850533676444383,0.6204251686539601
16560,27,2,841.41,332,0.006024096385542169,0.0,1.0,0.29757967128766766
16561,6,2,511.12,55,0.03636363636363636,0.0,1.0,0.05201755942364635
16563,54,1,1077.74,1,1.0,0.0,1.0,0.0
16565,364,1,173.7,1,1.0,0.0,1.0,0.0
16566,15,5,614.66,278,0.017985611510791366,44.07852840858763,0.022183510316399244,0.5083727132182689
16567,194,2,865.6,143,0.013986013986013986,0.0,1.0,0.4076647043476603
16569,3,1,124.2,1,1.0,0.0,1.0,0.0
16570,15,10,3738.4,297,0.03367003367003367,24.550967394381836,0.03913746139490126,0.5799401573153414
16571,27,3,1421.69,256,0.01171875,31.11269837220809,0.031140329237030088,0.09642889706787298
16572,127,3,1009.6,149,0.020134228187919462,70.71067811865476,0.013944924608652681,0.10166339809496293
16573,85,2,663.61,206,0.009708737864077669,0.0,1.0,0.1669710110033484
16574,71,1,451.44,1,1.0,0.0,1.0,0.0
16581,183,1,105.84,1,1.0,0.0,1.0,0.0
16582,113,1,313.62,1,1.0,0.0,1.0,0.0
16583,374,1,233.45,1,1.0,0.0,1.0,0.0
16584,80,2,936.08,175,0.011428571428571429,0.0,1.0,0.4348032895168969
16586,249,1,463.95,1,1.0,0.0,1.0,0.0
16587,232,1,225.15,1,1.0,0.0,1.0,0.0
16589,71,3,459.24,91,0.03296703296703297,13.435028842544403,0.06927592669941171,0.5219226698389788
16591,69,1,213.5,1,1.0,0.0,1.0,0.0
16592,4,16,4113.68,284,0.056338028169014086,25.564111749165264,0.0376447746283639,1.029661868424795
16593,51,3,330.03,278,0.01079136690647482,0.7071067811865476,0.585786437626905,0.5978445404807623
16594,75,1,181.09,1,1.0,0.0,1.0,0.0
16595,61,1,360.16,1,1.0,0.0,1.0,0.0
16596,16,2,250.15,351,0.005698005698005698,0.0,1.0,0.050033140223873215
16597,4,1,90.04,1,1.0,0.0,1.0,0.0
16598,286,1,145.05,1,1.0,0.0,1.0,0.0
16600,4,6,813.52,335,0.01791044776119403,69.98356950027627,0.014087767169782972,0.3819823010826241
16601,41,1,242.7,1,1.0,0.0,1.0,0.0
16602,36,1,528.08,1,1.0,0.0,1.0,0.0
16603,75,2,482.47,17,0.11764705882352941,0.0,1.0,0.3246884496529686
16607,18,14,3347.71,342,0.04093567251461988,20.668631006728717,0.04614966214014499,0.4806483511539018
16609,15,7,5493.46,238,0.029411764705882353,20.409964886463342,0.04670722279569266,0.5775799995169264
16610,219,1,75.66,1,1.0,0.0,1.0,0.0
16611,186,1,129.49,1,1.0,0.0,1.0,0.0
16612,33,4,1187.66,279,0.014336917562724014,29.569128044860122,0.032712742036099376,0.37136114699734407
16613,70,1,618.59,1,1.0,0.0,1.0,0.0
16614,183,1,506.19,1,1.0,0.0,1.0,0.0
16616,15,2,500.42,143,0.013986013986013986,0.0,1.0,0.22670599091477087
16617,236,1,151.85,1,1.0,0.0,1.0,0.0
16618,31,5,2647.59,292,0.017123287671232876,75.91442550661897,0.013001462253838764,0.8582529885634601
16619,264,1,226.21,1,1.0,0.0,1.0,0.0
16620,4,2,178.96,258,0.007751937984496124,0.0,1.0,0.09925414809681521
16621,52,4,813.48,227,0.01762114537444934,17.953644012660305,0.052760302943963625,0.4425881867232395
16623,246,1,129.45000000000002,1,1.0,0.0,1.0,0.0
16624,81,2,810.57,117,0.017094017094017096,0.0,1.0,0.07378399342778315
16625,275,1,333.08,1,1.0,0.0,1.0,0.0
16626,1,17,4413.1,266,0.06390977443609022,19.59889452664784,0.048546294496840406,0.7542415391676129
16627,79,1,322.8,1,1.0,0.0,1.0,0.0
16628,30,5,2188.05,206,0.024271844660194174,33.396606614045886,0.029072635310241596,0.21202680033602064
16629,74,2,408.63,23,0.08695652173913043,0.0,1.0,0.16172625546263064
16633,17,6,2883.1,217,0.027649769585253458,17.22498185775532,0.054869739119903026,0.37197203884080715
16634,223,2,217.9,150,0.013333333333333334,0.0,1.0,0.7249548183436196
16637,32,4,1154.47,194,0.020618556701030927,37.04051835490427,0.026287759558646435,0.15435670756102599
16638,23,10,1680.72,347,0.02881844380403458,45.600012183234234,0.021459221857452224,0.86121016366606
16639,31,3,1257.51,205,0.014634146341463415,103.23759005323593,0.009593468147999995,0.7781655018322552
16641,106,1,231.1,1,1.0,0.0,1.0,0.0
16642,5,2,688.33,203,0.009852216748768473,0.0,1.0,0.14971560485541446
16643,246,1,487.51,1,1.0,0.0,1.0,0.0
16644,178,2,833.78,35,0.05714285714285714,0.0,1.0,1.0364137484137974
16647,170,2,214.06,36,0.05555555555555555,0.0,1.0,0.27377842672494185
16648,43,1,290.66,1,1.0,0.0,1.0,0.0
16650,72,1,518.42,1,1.0,0.0,1.0,0.0
16652,59,7,6773.97,215,0.03255813953488372,38.02981286657438,0.025621439780368828,0.9095855333889812
16653,16,2,1212.66,56,0.03571428571428571,0.0,1.0,1.1931005616755057
16654,141,4,601.27,228,0.017543859649122806,49.94330118577799,0.01962966625098048,0.7871808698844216
16655,18,6,3789.52,315,0.01904761904761905,49.474235719210455,0.01981208800392793,0.4338455581150698
16656,22,15,8625.8,343,0.043731778425655975,14.247614028127847,0.06558403158390962,0.5593002149767433
16657,10,4,874.43,245,0.0163265306122449,59.732738092272314,0.01646558398998383,0.06642654748092158
16658,368,1,123.24,1,1.0,0.0,1.0,0.0
16659,189,1,39.12,1,1.0,0.0,1.0,0.0
16660,16,4,1267.65,304,0.013157894736842105,97.20768145230772,0.010182502887878753,0.5122725447973693
16665,362,1,135.4,1,1.0,0.0,1.0,0.0
16666,19,1,118.98,1,1.0,0.0,1.0,0.0
16667,68,2,567.1800000000001,217,0.009216589861751152,0.0,1.0,0.4148539308643385
16668,15,6,306.72,270,0.022222222222222223,32.33109957919774,0.030002010513451815,0.3989111842379665
16669,24,3,1348.88,55,0.05454545454545454,38.18376618407357,0.02552077294720217,0.8725714981813072
16670,17,11,4095.9,342,0.03216374269005848,24.52232542897277,0.03918138269896076,0.6768576477242618
16671,28,3,1692.27,137,0.021897810218978103,85.55992052357225,0.011552690829096558,1.25706167122962
16672,2,20,8134.94,265,0.07547169811320754,10.563647252481209,0.08647790598986235,0.5952551721711986
16674,55,2,304.24,44,0.045454545454545456,0.0,1.0,0.3441637265254535
16676,34,4,1592.12,304,0.013157894736842105,80.05206639015219,0.012337748370120515,0.238739398810965
16678,3,12,3109.99,281,0.042704626334519574,18.275666882497067,0.05187887952701821,0.3355038069982529
16679,366,1,129.75,1,1.0,0.0,1.0,0.0
16680,43,1,183.7,1,1.0,0.0,1.0,0.0
16681,73,6,1770.34,181,0.03314917127071823,26.23547217032695,0.0367168225961399,0.5216449752222105
16682,5,5,1028.0,184,0.02717391304347826,17.114808402861737,0.05520345442030854,0.8852356621758137
16684,4,28,66653.56,354,0.07909604519774012,20.059597812206118,0.047484287635369805,1.3184869217823252
16685,61,2,324.24,1,2.0,0.0,1.0,0.6945452987672454
16686,47,7,2959.88,308,0.022727272727272728,28.09566989175853,0.03436937536479455,0.4910008961203814
16688,1,4,1260.86,60,0.06666666666666667,12.662279942148386,0.07319422557833716,0.7271464491084101
16689,76,2,422.6,7,0.2857142857142857,0.0,1.0,0.5545751811558669
16690,72,2,225.58,130,0.015384615384615385,0.0,1.0,0.329636266998747
16692,256,2,1276.0,33,0.06060606060606061,0.0,1.0,1.3953721591126385
16693,69,2,477.86,204,0.00980392156862745,0.0,1.0,0.5061881883988912
16696,135,4,657.9,113,0.035398230088495575,28.61817604250837,0.033763051396709494,0.9974430752545796
16697,241,1,112.75,1,1.0,0.0,1.0,0.0
16698,227,2,1998.0,27,0.07407407407407407,0.0,1.0,0.2590601420563327
16700,9,13,5076.55,358,0.036312849162011177,12.153999217117672,0.07602250718539436,0.171038163910908
16701,9,13,5398.3,353,0.036827195467422094,20.149441679609886,0.047282572048419465,0.6279511641997298
16705,1,20,14034.99,359,0.055710306406685235,23.200373056085123,0.041321677053592056,1.0807809329675915
16706,37,3,531.35,77,0.03896103896103896,32.526911934581186,0.02982678517935779,0.5594330342923621
16708,46,1,656.63,1,1.0,0.0,1.0,0.0
16709,85,5,3029.87,198,0.025252525252525252,47.64714052280577,0.02055619280502623,0.7781371531992651
16710,19,10,2467.99,350,0.02857142857142857,31.757326363813718,0.03052752196237473,0.5014487160834851
16711,3,5,1651.03,355,0.014084507042253521,61.28621378417825,0.01605491711962137,0.2678322591749695
16712,9,11,3611.31,267,0.04119850187265917,24.128360445288813,0.039795672390853694,0.40003204368525574
16713,19,15,6910.78,348,0.04310344827586207,19.5228803495503,0.048726103888332234,0.5022438419611017
16714,219,3,1129.06,99,0.030303030303030304,69.29646455628166,0.014225466477042627,1.6746518848944614
16715,78,1,301.72,1,1.0,0.0,1.0,0.0
16716,267,2,901.2,45,0.044444444444444446,0.0,1.0,0.8907097403494993
16717,24,6,3843.08,343,0.01749271137026239,75.19640948875153,0.013123977976253916,1.034675372915245
16718,369,1,606.0500000000001,1,1.0,0.0,1.0,0.0
16719,15,7,1770.22,354,0.01977401129943503,19.994165815724013,0.04763228073825298,0.38399168761893676
16720,26,1,152.95,1,1.0,0.0,1.0,0.0
16721,262,1,292.47,1,1.0,0.0,1.0,0.0
16722,17,13,4730.81,352,0.036931818181818184,21.896969487289166,0.043673901935150486,0.1881114555667447
16723,91,2,576.4,17,0.11764705882352941,0.0,1.0,0.604549309106056
16725,302,7,758.27,70,0.1,8.612007121842542,0.104036543806504,0.5315894130885348
16726,26,5,1358.74,336,0.01488095238095238,70.57560957346855,0.01397123972759957,0.7886698580409953
16727,364,1,256.32,1,1.0,0.0,1.0,0.0
16728,46,4,1048.28,219,0.0182648401826484,46.54388610046795,0.021033198630142216,0.642842219156725
16729,38,21,7205.33,204,0.10294117647058823,5.7408966840417985,0.14834821639788232,0.48068124135985607
16730,52,3,743.11,268,0.011194029850746268,69.29646455628166,0.014225466477042627,0.221630796211776
16732,32,1,603.75,1,1.0,0.0,1.0,0.0
16734,52,3,646.76,62,0.04838709677419355,43.1335136523794,0.0226585176942078,0.8604964830645447
16735,79,5,2247.41,256,0.01953125,65.08199955953003,0.015132714001778185,0.5604713625776431
16737,53,1,417.6,1,1.0,0.0,1.0,0.0
16738,298,1,3.75,1,1.0,0.0,1.0,0.0
16739,177,1,323.0,1,1.0,0.0,1.0,0.0
16742,47,1,464.9,1,1.0,0.0,1.0,0.0
16743,29,7,2213.13,330,0.021212121212121213,31.194016520266615,0.03106167257417182,0.4304090407277651
16744,11,7,1291.91,162,0.043209876543209874,11.691877522451216,0.07879054917060588,0.4054095591590586
16745,87,17,7180.7,226,0.0752212389380531,6.551081335677849,0.13243136387303017,0.3791613567203064
16746,5,18,6680.11,355,0.05070422535211268,11.032705390578238,0.08310682988906325,0.35164862753357934
16747,38,2,836.0600000000001,31,0.06451612903225806,0.0,1.0,0.21032379774833215
16748,18,5,1515.9,317,0.015772870662460567,74.96832664532403,0.01316338063715336,0.41475986734607584
16750,45,5,623.93,188,0.026595744680851064,35.81782610191002,0.027160756238894898,0.34362880370559296
16751,31,1,1764.72,1,1.0,0.0,1.0,0.0
16752,373,1,207.5,1,1.0,0.0,1.0,0.0
16753,58,1,223.92,1,1.0,0.0,1.0,0.0
16754,372,1,2002.4,1,1.0,0.0,1.0,0.0
16755,114,3,1475.43,202,0.01485148514851485,15.556349186104045,0.0603997891539587,0.3105568709686644
16756,215,1,239.4,1,1.0,0.0,1.0,0.0
16757,319,1,106.83,1,1.0,0.0,1.0,0.0
16758,65,1,369.34,1,1.0,0.0,1.0,0.0
16759,8,3,789.79,24,0.125,16.263455967290593,0.05792582909787702,0.5234858753552238
16761,97,1,316.62,1,1.0,0.0,1.0,0.0
16762,20,3,1207.24,125,0.024,50.91168824543142,0.019263484463694105,0.3681476706627263
16763,199,1,611.8499999999999,1,1.0,0.0,1.0,0.0
16764,4,13,2790.9500000000003,140,0.09285714285714286,6.780095646058172,0.1285331242047976,0.2842068995429177
16765,294,1,34.0,1,1.0,0.0,1.0,0.0
16766,273,2,1145.6,1,2.0,0.0,1.0,0.0
16767,31,11,5575.56,286,0.038461538461538464,23.735580417966986,0.04042759389925769,0.9634409807459641
16768,48,3,478.09,225,0.013333333333333334,79.90306627407988,0.012360470944478712,0.3061131669845986
16769,260,1,361.54,1,1.0,0.0,1.0,0.0
16770,58,5,757.1,315,0.015873015873015872,71.61180070351533,0.013771866147255419,0.42606701637761135
16771,33,5,2242.61,305,0.01639344262295082,83.00351398183894,0.011904263912295314,0.5251926100504857
16773,57,1,171.59,1,1.0,0.0,1.0,0.0
16774,68,4,661.52,111,0.036036036036036036,11.50362261782493,0.079976821963134,0.31027749111307135
16775,10,11,1691.51,358,0.030726256983240222,24.003703417968193,0.039994075408900376,0.273630083008123
16776,60,1,371.54,1,1.0,0.0,1.0,0.0
16777,80,2,222.62,177,0.011299435028248588,0.0,1.0,0.7903892347069468
16778,74,2,245.94,200,0.01,0.0,1.0,0.3425991869813328
16779,2,22,10611.72,365,0.06027397260273973,12.988089782199545,0.07148938958574198,0.38152260118985526
16780,100,2,422.24,159,0.012578616352201259,0.0,1.0,0.3297732743256323
16781,372,1,311.25,1,1.0,0.0,1.0,0.0
16782,10,13,2267.9500000000003,356,0.03651685393258427,18.542334853469285,0.05117095820423287,0.5553686436777652
16784,20,1,107.6,1,1.0,0.0,1.0,0.0
16788,123,2,594.39,132,0.015151515151515152,0.0,1.0,0.012967014779746145
16789,8,1,80.80000000000001,1,1.0,0.0,1.0,0.0
16790,4,6,1545.62,35,0.17142857142857143,5.224940191045253,0.16064411372795637,0.815969280299467
16791,29,7,1705.78,304,0.023026315789473683,31.400636936215164,0.03086359079818798,0.6734088184666371
16792,282,2,110.38,1,2.0,0.0,1.0,1.159250254788165
16793,57,1,243.84,1,1.0,0.0,1.0,0.0
16794,1,10,1196.5,180,0.05555555555555555,15.240661986205776,0.061573844763801094,0.6750625848750695
16795,365,1,414.88,1,1.0,0.0,1.0,0.0
16796,89,1,305.62,1,1.0,0.0,1.0,0.0
16800,11,1,1162.65,1,1.0,0.0,1.0,0.0
16801,163,4,1594.23,111,0.036036036036036036,32.07802986469088,0.030231546560983345,0.7003708729891229
16803,65,1,332.3,1,1.0,0.0,1.0,0.0
16804,23,3,536.99,248,0.012096774193548387,174.65537495307723,0.005692965559790753,1.1691578070902024
16805,174,2,460.59,187,0.0106951871657754,0.0,1.0,0.09533713522153026
16806,103,4,762.16,136,0.029411764705882353,24.440403706431148,0.03930755233051617,0.27308501091187587
16807,143,3,1121.59,129,0.023255813953488372,12.727922061357855,0.07284423640594942,0.25305367478106217
16808,99,2,288.42,176,0.011363636363636364,0.0,1.0,0.2185896976998564
16809,23,5,914.69,240,0.020833333333333332,17.03672503740082,0.055442437467245705,0.3912007763939611
16810,192,1,309.54,1,1.0,0.0,1.0,0.0
16811,5,2,547.07,13,0.15384615384615385,0.0,1.0,0.21319062001007014
16812,361,1,479.35,1,1.0,0.0,1.0,0.0
16813,8,10,1652.18,197,0.050761421319796954,9.12414379544733,0.09877378474708,0.302237702524438
16814,14,21,6416.7,356,0.05898876404494382,8.365813893774064,0.10677128665398222,0.4887357101046171
16816,103,4,417.06,255,0.01568627450980392,68.13467056743822,0.014464522529611801,0.9396071798886393
16817,3,9,1604.75,366,0.02459016393442623,50.07066435120897,0.019580712581357435,0.4263379318828805
16818,11,11,3349.57,195,0.05641025641025641,16.937794687883336,0.05574821305516906,0.696491086651126
16820,96,1,497.61,1,1.0,0.0,1.0,0.0
16823,227,1,358.38,1,1.0,0.0,1.0,0.0
16824,16,2,460.64,149,0.013422818791946308,0.0,1.0,0.04556037093091515
16825,39,2,775.18,148,0.013513513513513514,0.0,1.0,0.25136141879791146
16826,51,1,341.7,1,1.0,0.0,1.0,0.0
16828,93,2,128.5,20,0.1,0.0,1.0,1.0840469719357966
16829,157,1,197.22,1,1.0,0.0,1.0,0.0
16830,39,1,325.91,1,1.0,0.0,1.0,0.0
16832,184,3,199.15,34,0.08823529411764706,3.5355339059327378,0.2204812092115424,0.1507462594399819
16833,1,4,1106.53,334,0.011976047904191617,132.85079349907298,0.007471005392335801,0.6534568997772567
16834,228,1,413.46,1,1.0,0.0,1.0,0.0
16835,128,2,180.85,245,0.00816326530612245,0.0,1.0,0.13567379213255842
16836,40,2,251.87,77,0.025974025974025976,0.0,1.0,0.38871642086429264
16837,31,11,3170.98,215,0.05116279069767442,29.74129190947233,0.03252953724081679,0.7676622209573171
16838,197,2,588.85,91,0.02197802197802198,0.0,1.0,0.4692590438177448
16839,9,34,16594.35,361,0.09418282548476455,8.104899378733455,0.10983097763119991,0.3326084533864618
16841,37,6,1869.82,251,0.02390438247011952,35.69733883638947,0.02724993233047159,0.02460941049623105
16842,101,3,1264.19,202,0.01485148514851485,65.76093065034893,0.014978820550560637,0.21256053953466422
16843,43,16,10196.57,285,0.056140350877192984,16.504544828622205,0.057128020739212255,0.8842879768998436
16846,50,1,214.32,1,1.0,0.0,1.0,0.0
16847,43,1,193.44,1,1.0,0.0,1.0,0.0
16848,53,1,281.42,1,1.0,0.0,1.0,0.0
16849,187,1,124.57,1,1.0,0.0,1.0,0.0
16850,334,1,332.41,1,1.0,0.0,1.0,0.0
16851,4,3,342.45,48,0.0625,20.506096654409877,0.04649844256116777,0.11356766936156111
16852,10,2,144.91,166,0.012048192771084338,0.0,1.0,0.7925490538977231
16855,24,2,328.40000000000003,20,0.1,0.0,1.0,0.11196575097959945
16856,15,1,35.400000000000006,1,1.0,0.0,1.0,0.0
16858,369,1,375.69000000000005,1,1.0,0.0,1.0,0.0
16859,145,2,747.81,117,0.017094017094017096,0.0,1.0,0.43142581669698765
16861,60,2,173.76,99,0.020202020202020204,0.0,1.0,0.2617467090580037
16863,31,2,502.8,336,0.005952380952380952,0.0,1.0,0.4902494509181195
16866,141,3,207.74,21,0.14285714285714285,2.1213203435596424,0.32037724101704074,0.50058500983705
16869,23,4,817.12,153,0.026143790849673203,55.949381885176656,0.017559453094964844,0.36780987910885177
16871,22,6,2812.34,249,0.024096385542168676,47.64241807465276,0.020558188502579674,0.7613485118102311
16872,77,3,680.02,108,0.027777777777777776,36.062445840513924,0.02698148968104188,0.6896639051918051
16873,5,6,7123.62,360,0.016666666666666666,27.598913022073894,0.034966363904395815,0.6046245572857167
16875,67,5,2095.53,273,0.018315018315018316,63.819406661819315,0.01542747845899416,0.7964189767011899
16877,12,6,846.62,196,0.030612244897959183,45.48406314303945,0.021512749367946348,0.44613750777012917
16878,84,1,13.3,1,1.0,0.0,1.0,0.0
16880,31,7,1491.43,159,0.0440251572327044,23.16031087874254,0.04139019588857404,0.5800037835713293
16881,67,1,432.0,1,1.0,0.0,1.0,0.0
16882,67,3,705.12,251,0.01195219123505976,67.17514421272202,0.01466810245211615,1.025755323468464
16883,187,2,272.48,185,0.010810810810810811,0.0,1.0,0.0852223528118254
16884,38,2,429.84,1,2.0,0.0,1.0,0.5385224173860697
16885,15,3,450.41,342,0.008771929824561403,190.91883092036784,0.005210536116775984,0.1875360606158868
16887,35,1,192.33,1,1.0,0.0,1.0,0.0
16889,195,3,1578.67,143,0.02097902097902098,31.81980515339464,0.030469406973202804,0.3378247072853529
16891,2,5,742.43,370,0.013513513513513514,92.56709278499928,0.01068751812453791,0.3169947557076729
16892,1,5,518.19,183,0.0273224043715847,72.63378460927578,0.013580722562425892,0.5205505917709876
16893,367,1,145.93,1,1.0,0.0,1.0,0.0
16895,65,1,202.27,1,1.0,0.0,1.0,0.0
16897,299,2,289.78,15,0.13333333333333333,0.0,1.0,0.6650873914010815
16898,26,3,501.03,343,0.008746355685131196,28.284271247461902,0.03414802408943918,0.28809538093792636
16899,8,6,1271.06,353,0.0169971671388102,51.62363799656123,0.019002867115826286,0.5183444463329334
16900,17,3,887.11,47,0.06382978723404255,28.991378028648448,0.03334291605556694,1.3527729026900919
16902,116,1,1706.88,1,1.0,0.0,1.0,0.0
16903,29,1,363.2,1,1.0,0.0,1.0,0.0
16904,4,16,3653.75,363,0.0440771349862259,18.179527994291767,0.052138926479192875,0.49349951678934767
16905,5,7,3037.6,367,0.01907356948228883,74.0450313435457,0.013325332564952093,0.8029664400439805
16906,82,4,559.59,167,0.023952095808383235,44.93328387732194,0.02177070558836568,0.2871138066705099
16907,29,5,928.76,337,0.01483679525222552,26.888659319497503,0.03585686886356995,0.3460918596477045
16909,72,1,379.14,1,1.0,0.0,1.0,0.0
16910,4,8,1508.96,87,0.09195402298850575,14.45683229480096,0.06469630910962,0.3279715469110612
16912,29,11,2555.58,295,0.03728813559322034,34.1818665376834,0.02842373354264468,0.665630498979188
16913,290,1,113.44,1,1.0,0.0,1.0,0.0
16914,36,1,183.76,1,1.0,0.0,1.0,0.0
16915,9,6,621.6800000000001,275,0.02181818181818182,24.26520142096496,0.03958013171310814,0.47170726874298563
16916,24,2,562.41,349,0.0057306590257879654,0.0,1.0,0.4263436096448467
16917,277,1,391.52,1,1.0,0.0,1.0,0.0
16918,50,6,1068.82,268,0.022388059701492536,62.82276657391013,0.015668390038246733,0.7125659220532669
16919,156,11,2592.25,213,0.051643192488262914,32.15258759243009,0.03016355803938319,0.3157818940968492
16921,61,1,154.18,1,1.0,0.0,1.0,0.0
16923,12,19,7069.08,351,0.05413105413105413,12.927272685488122,0.07180156679505353,0.5174287906850374
16924,21,3,829.89,63,0.047619047619047616,16.97056274847714,0.05564656009922349,0.0985874421866182
16926,371,1,230.25,1,1.0,0.0,1.0,0.0
16927,116,3,543.05,246,0.012195121951219513,53.033008588991066,0.01850720561586024,0.27962974034668214
16928,80,17,2814.7,293,0.05802047781569966,13.751212067789998,0.0677910395026826,0.42948773475760044
16929,4,7,1295.39,152,0.046052631578947366,18.392027258208014,0.05156758428011865,0.29187942877426853
16930,26,3,378.89,43,0.06976744186046512,29.698484809834994,0.03257489762750851,0.7891782913565962
16931,5,21,4554.87,365,0.057534246575342465,9.459609427789067,0.09560586433975271,0.3893071006235594
16932,53,1,150.23000000000002,1,1.0,0.0,1.0,0.0
16933,1,2,563.23,238,0.008403361344537815,0.0,1.0,0.2856649627881807
16934,55,2,931.03,1,2.0,0.0,1.0,0.9860138231241176
16936,26,1,261.9,1,1.0,0.0,1.0,0.0
16938,9,4,2711.6800000000003,301,0.013289036544850499,88.55130339714562,0.011166783308168737,1.421528714043809
16940,52,3,3049.88,238,0.012605042016806723,2.1213203435596424,0.32037724101704074,0.22332128879785615
16942,13,9,1904.99,216,0.041666666666666664,31.83888009516487,0.030451708374404585,0.41900903753289126
16943,212,3,816.73,107,0.028037383177570093,5.656854249492381,0.15022110482233483,0.5701022209233279
16945,22,19,4345.5,337,0.05637982195845697,17.4928556845359,0.054074936670609516,0.4817925030586353
16947,236,1,406.48,1,1.0,0.0,1.0,0.0
16948,139,3,435.02,188,0.015957446808510637,42.42640687119285,0.02302746351928452,0.45760853170398696
16949,4,6,1286.27,313,0.019169329073482427,47.803765542057455,0.020490222196855555,0.6325002063081308
16950,57,3,1178.56,311,0.00964630225080386,123.74368670764582,0.008016437756434432,0.553124747113886
16951,135,3,1277.75,170,0.01764705882352941,116.67261889578035,0.008498153685911202,1.296814416248635
16952,109,2,167.61,1,2.0,0.0,1.0,1.2370255377335448
16953,30,1,20.8,1,1.0,0.0,1.0,0.0
16954,1,9,2085.08,359,0.025069637883008356,46.213595711342656,0.021180339792670328,0.44614032792972
16955,185,4,518.67,189,0.021164021164021163,78.05340052382941,0.01264967722291169,0.498051611529353
16956,18,1,308.74,1,1.0,0.0,1.0,0.0
16957,239,2,416.64,43,0.046511627906976744,0.0,1.0,0.6346038969404616
16959,87,1,117.35,1,1.0,0.0,1.0,0.0
16960,39,3,507.05,214,0.014018691588785047,120.20815280171308,0.0082502701087766,0.16810550190655135
16961,116,1,234.17,1,1.0,0.0,1.0,0.0
16963,187,1,110.55,1,1.0,0.0,1.0,0.0
16965,227,1,201.19,1,1.0,0.0,1.0,0.0
16966,8,7,2154.97,232,0.03017241379310345,44.22405077179913,0.022112128014494033,0.4685278674635412
16967,189,1,319.02,1,1.0,0.0,1.0,0.0
16968,4,2,439.43,104,0.019230769230769232,0.0,1.0,0.21623696437623344
16969,39,3,650.41,153,0.0196078431372549,26.16295090390226,0.036814851359037684,0.7504142506538583
16971,38,1,357.21,1,1.0,0.0,1.0,0.0
16976,267,1,251.52,1,1.0,0.0,1.0,0.0
16978,78,1,344.33,1,1.0,0.0,1.0,0.0
16979,4,6,1852.0,295,0.020338983050847456,61.75516172758355,0.01593494419376913,0.25374806466148503
16980,255,2,1028.46,37,0.05405405405405406,0.0,1.0,0.46100892491803647
16982,61,1,384.06,1,1.0,0.0,1.0,0.0
16983,13,7,1905.87,357,0.0196078431372549,27.94279871451677,0.03455090884139109,0.30169027850510477
16984,88,2,4459.52,42,0.047619047619047616,0.0,1.0,0.6237353094703345
16985,17,10,5464.12,342,0.029239766081871343,29.53858117408109,0.03274546365790978,0.5396221541393481
16986,30,2,1873.2,1,2.0,0.0,1.0,1.2885862205095016
16987,3,7,1616.8,203,0.034482758620689655,42.25951569370698,0.023116301326172067,0.5823548727898321
16988,5,1,126.12,1,1.0,0.0,1.0,0.0
16989,7,6,1133.25,144,0.041666666666666664,20.4132310034448,0.04670009863710561,1.7397286740288835
16990,219,1,179.0,1,1.0,0.0,1.0,0.0
16992,11,5,1614.31,275,0.01818181818181818,32.4794807019242,0.029869041545274803,0.30306654630632857
16996,30,6,1456.96,324,0.018518518518518517,51.15368999397795,0.01917409870932368,0.620552229392628
16997,288,3,702.0,38,0.07894736842105263,3.5355339059327378,0.2204812092115424,0.6666666666666666
16998,150,4,295.0,155,0.025806451612903226,49.56813492557492,0.019775299236797605,1.171935741076402
16999,23,2,484.82,51,0.0392156862745098,0.0,1.0,0.01995219002234218
17001,1,11,3989.57,359,0.03064066852367688,11.633763124820984,0.07915298000445688,0.14025891535992518
17002,86,3,1493.73,206,0.014563106796116505,39.59797974644666,0.024631767547189955,0.03298036085807061
17004,46,2,1312.14,47,0.0425531914893617,0.0,1.0,0.5378827110201021
17006,5,4,781.78,71,0.056338028169014086,18.193405398660254,0.05210122848078864,0.41750232140812477
17007,51,6,889.9300000000001,307,0.019543973941368076,60.53924347066125,0.016249793523652085,0.5715068727263326
17010,18,1,195.36,1,1.0,0.0,1.0,0.0
17011,30,1,270.9,1,1.0,0.0,1.0,0.0
17014,8,3,583.4300000000001,59,0.05084745762711865,7.7781745930520225,0.11391890072356342,0.1666597870498207
17015,29,3,1838.61,157,0.01910828025477707,50.91168824543142,0.019263484463694105,0.6439111133703725
17017,3,20,8694.26,370,0.05405405405405406,25.267226767851106,0.03807025419310411,0.6113281901697107
17018,41,2,920.1,286,0.006993006993006993,0.0,1.0,0.1692260767495683
17019,11,4,1258.08,358,0.0111731843575419,115.07533764162213,0.008615094474999153,0.1764858295168312
17022,31,1,71.0,1,1.0,0.0,1.0,0.0
17024,45,3,95.85,113,0.02654867256637168,3.5355339059327378,0.2204812092115424,0.22926848154084573
17025,61,3,357.77,313,0.009584664536741214,220.61731573020282,0.004512282791193993,0.7700253573953695
17026,185,2,154.83,185,0.010810810810810811,0.0,1.0,0.8086309286113164
17027,79,6,877.5600000000001,239,0.02510460251046025,51.72233560078276,0.018967293246871124,0.7138624686264641
17029,111,2,716.0,127,0.015748031496062992,0.0,1.0,0.0
17030,64,1,146.87,1,1.0,0.0,1.0,0.0
17031,12,2,380.35,144,0.013888888888888888,0.0,1.0,0.2660364937236623
17033,86,3,1030.14,274,0.010948905109489052,12.727922061357855,0.07284423640594942,0.19868570216164477
17034,16,3,745.52,272,0.011029411764705883,101.82337649086284,0.009725414921468395,0.4886516937978249
17035,246,2,433.53,66,0.030303030303030304,0.0,1.0,0.27887601191907335
17037,88,1,1267.32,1,1.0,0.0,1.0,0.0
17038,30,1,112.4,1,1.0,0.0,1.0,0.0
17040,138,1,449.73,1,1.0,0.0,1.0,0.0
17041,27,3,1071.49,334,0.008982035928143712,119.50104602052653,0.008298683148606502,0.21752159988917322
17042,3,5,1036.58,245,0.02040816326530612,38.957241517677645,0.025026752649018224,0.2709670186415586
17043,32,4,1735.18,235,0.01702127659574468,54.1510233821424,0.01813202980969152,0.7324425045081766
17044,25,1,948.48,1,1.0,0.0,1.0,0.0
17045,113,3,339.44,135,0.022222222222222223,33.94112549695428,0.028619570370942038,0.6688815866457758
17046,157,1,642.02,1,1.0,0.0,1.0,0.0
17047,85,3,1100.9,120,0.025,84.14570696119915,0.01174457334009452,0.17999659061780043
17048,118,3,925.35,214,0.014018691588785047,82.02438661763951,0.012044653875076486,0.5641201147737288
17049,3,9,5655.03,274,0.032846715328467155,19.68864792571743,0.04833568648809236,0.5197480207683445
17050,96,6,3185.64,204,0.029411764705882353,35.32279717123206,0.0275309193641069,0.4407447936970705
17051,194,1,240.89,1,1.0,0.0,1.0,0.0
17052,28,1,399.09,1,1.0,0.0,1.0,0.0
17053,131,1,498.48,1,1.0,0.0,1.0,0.0
17054,28,5,1356.33,217,0.02304147465437788,44.402514943788184,0.022025211626229894,0.2543660399131074
17058,82,3,1179.89,159,0.018867924528301886,54.44722215136416,0.01803516860177633,0.44558109025781145
17059,30,5,3080.39,340,0.014705882352941176,18.627936010197157,0.05094779193698601,0.3531744643547325
17060,266,1,234.24,1,1.0,0.0,1.0,0.0
17061,74,11,5232.2300000000005,159,0.06918238993710692,13.729125568982495,0.06789269297193459,0.9513104235596992
17062,314,4,533.33,56,0.07142857142857142,22.538855339169288,0.04248294938692168,0.2636075136733613
17063,21,7,1461.14,269,0.026022304832713755,57.12355030983281,0.01720473017682867,0.7011003449839518
17064,59,3,855.45,269,0.011152416356877323,14.849242404917497,0.06309449842787015,0.45376928085614804
17068,12,21,4552.14,356,0.05898876404494382,8.946625356141716,0.10053661057843429,0.5156961244704771
17069,28,9,2709.7000000000003,346,0.02601156069364162,39.90323116168485,0.02444794632597942,0.6770948897171732
17070,114,1,304.24,1,1.0,0.0,1.0,0.0
17071,28,9,2429.03,282,0.031914893617021274,20.332503886283025,0.04687682258635416,0.4065149054693229
17073,18,4,1446.09,92,0.043478260869565216,4.163331998932266,0.19367338768973053,0.2096111045297917
17075,18,4,834.12,300,0.013333333333333334,117.6194428371999,0.00843032116895421,0.5417164649030207
17076,36,3,841.0799999999999,329,0.00911854103343465,103.94469683442249,0.009528828327340444,0.7019238433198846
17078,36,2,378.2,1,2.0,0.0,1.0,1.355880057420635
17079,78,1,118.8,1,1.0,0.0,1.0,0.0
17080,22,2,287.62,248,0.008064516129032258,0.0,1.0,0.6636901003029011
17081,25,2,288.91,21,0.09523809523809523,0.0,1.0,0.3187132499605837
17082,33,2,2003.85,286,0.006993006993006993,0.0,1.0,0.5151750251393509
17083,109,3,1405.78,195,0.015384615384615385,125.86500705120545,0.007882394233394702,0.4267038986889518
17084,35,2,2747.99,1,2.0,0.0,1.0,0.5737724092247015
17085,123,5,1562.4,240,0.020833333333333332,49.88236161209692,0.019653175841631083,0.28274281400666423
17086,7,6,2050.08,57,0.10526315789473684,4.898979485566356,0.16952084719853724,0.2423659717436044
17088,28,4,1991.01,226,0.017699115044247787,33.24655370611116,0.02920001844803304,0.7049567114197837
17090,4,7,1974.65,350,0.02,40.345590424068234,0.024186376098232633,0.6718440777525773
17091,3,9,3827.76,366,0.02459016393442623,34.05012062072195,0.02853057228592791,0.6218544213586067
17092,50,4,1774.03,228,0.017543859649122806,65.53116307020144,0.015030550404550026,0.6163007961986189
17094,322,1,302.0,1,1.0,0.0,1.0,0.0
17095,23,3,1324.16,313,0.009584664536741214,170.41273426595797,0.005833872286573734,0.6712825460436955
17096,15,4,1022.13,247,0.016194331983805668,38.07011076071796,0.025595013183464643,0.33100146140020925
17097,2,8,954.42,364,0.02197802197802198,76.31482412318319,0.01293413017931377,0.5357641747293689
17100,18,2,971.74,1,2.0,0.0,1.0,1.321508307960221
17101,10,4,1621.73,168,0.023809523809523808,61.2072980398035,0.016075284275490435,0.5100131186402965
17102,262,1,25.5,1,1.0,0.0,1.0,0.0
17105,159,2,665.78,148,0.013513513513513514,0.0,1.0,0.05730944443033154
17107,33,6,10797.48,245,0.024489795918367346,30.737599125501003,0.03150836949088896,0.4893684468139807
17109,29,6,881.29,204,0.029411764705882353,82.21435397787906,0.012017157523879003,0.9203856205139365
17110,165,1,163.29999999999998,1,1.0,0.0,1.0,0.0
17111,47,1,231.61,1,1.0,0.0,1.0,0.0
17114,6,8,801.12,330,0.024242424242424242,26.88777381919859,0.035858007400776354,0.374159186018889
17115,8,3,837.5,225,0.013333333333333334,87.68124086713189,0.011276341988699349,0.16952140817024858
17117,288,1,116.2,1,1.0,0.0,1.0,0.0
17118,318,1,157.02,1,1.0,0.0,1.0,0.0
17119,3,2,606.91,57,0.03508771929824561,0.0,1.0,1.1361756947117325
17120,233,1,307.46,1,1.0,0.0,1.0,0.0
17122,119,1,138.32,1,1.0,0.0,1.0,0.0
17123,162,1,345.3,1,1.0,0.0,1.0,0.0
17124,185,1,294.24,1,1.0,0.0,1.0,0.0
17125,50,1,230.5,1,1.0,0.0,1.0,0.0
17126,152,5,989.45,211,0.023696682464454975,69.6491205974634,0.014154457855147093,0.8274898059438128
17128,335,1,157.09,1,1.0,0.0,1.0,0.0
17131,5,5,2463.17,71,0.07042253521126761,13.149778198382917,0.07067248588492245,0.8867793537352611
17133,16,7,4892.240000000001,251,0.027888446215139442,36.83295625749672,0.026431981502948156,0.8741533276106176
17134,107,2,413.2,158,0.012658227848101266,0.0,1.0,0.767344338538354
17135,16,7,1139.73,356,0.019662921348314606,92.35150242416199,0.010712200382767186,0.4732476492189401
17138,276,1,380.5,1,1.0,0.0,1.0,0.0
17139,16,12,10650.77,274,0.043795620437956206,18.35409292971808,0.05166865756154899,0.7842201807787572
17140,247,1,454.12,1,1.0,0.0,1.0,0.0
17142,239,1,579.0,1,1.0,0.0,1.0,0.0
17144,1,2,984.57,84,0.023809523809523808,0.0,1.0,0.2976316485971835
17146,106,3,749.78,254,0.011811023622047244,43.840620433565945,0.02230120793001871,0.23125872267892936
17147,23,4,1714.59,290,0.013793103448275862,34.39476704383968,0.028252763996480267,0.21444027025443685
17148,52,1,124.88,1,1.0,0.0,1.0,0.0
17152,195,3,1689.5,69,0.043478260869565216,48.08326112068523,0.020373544405315983,0.9151680244985897
17153,24,1,213.78,1,1.0,0.0,1.0,0.0
17154,75,1,329.34,1,1.0,0.0,1.0,0.0
17155,18,2,251.7,161,0.012422360248447204,0.0,1.0,0.19609079589519682
17157,8,2,319.0,169,0.011834319526627219,0.0,1.0,0.017378423713174152
17158,32,3,1266.97,329,0.00911854103343465,51.61879502661797,0.019004616116620226,0.3362883110015548
17159,22,3,1538.88,151,0.019867549668874173,30.405591591021544,0.03184146355281163,0.21021653104550247
17160,31,6,3518.03,211,0.02843601895734597,28.29840984931839,0.03413154519794747,0.16822556665951113
17162,29,10,1715.46,277,0.036101083032490974,35.71453174518431,0.027237171563032826,0.7972705743881294
17163,22,2,293.1,57,0.03508771929824561,0.0,1.0,0.22629347006242964
17164,33,7,2467.35,241,0.029045643153526972,31.740615410963077,0.03054310334268041,0.7637793263345447
17165,284,1,158.68,1,1.0,0.0,1.0,0.0
17166,39,2,206.34,166,0.012048192771084338,0.0,1.0,0.3347397033357661
17169,58,2,835.78,126,0.015873015873015872,0.0,1.0,0.36958592726977374
17171,289,1,224.91,1,1.0,0.0,1.0,0.0
17172,79,1,317.76,1,1.0,0.0,1.0,0.0
17173,5,8,3766.6,126,0.06349206349206349,20.05587433242678,0.047492684664249024,0.4702280284794002
17174,218,1,59.9,1,1.0,0.0,1.0,0.0
17175,44,4,1443.69,253,0.015810276679841896,39.551653989856526,0.024659906603319733,0.2923404196524627
17176,202,1,306.13,1,1.0,0.0,1.0,0.0
17179,178,3,711.79,184,0.016304347826086956,53.033008588991066,0.01850720561586024,0.05054495998951776
17180,56,4,783.97,260,0.015384615384615385,92.58509599282165,0.01068546213893614,0.5031576139042927
17181,57,2,239.92,317,0.006309148264984227,0.0,1.0,0.4192183584360393
17183,8,6,3347.31,98,0.061224489795918366,18.096961070853855,0.052364352437530966,0.2909321471559512
17186,47,2,144.0,14,0.14285714285714285,0.0,1.0,0.0
17187,227,1,203.95,1,1.0,0.0,1.0,0.0
17188,11,7,2474.23,352,0.019886363636363636,66.08908129688797,0.01490555513161255,0.42076232422326726
17189,106,2,383.75,254,0.007874015748031496,0.0,1.0,0.2557192940536001
17190,59,2,444.74,149,0.013422818791946308,0.0,1.0,0.1740658596130396
17191,28,7,2093.68,341,0.020527859237536656,44.80476165171138,0.02183179136710206,0.6273407296933161
17193,36,7,1699.3,142,0.04929577464788732,34.15064665078345,0.02844897876089889,1.051124272633439
17194,274,2,262.62,87,0.022988505747126436,0.0,1.0,1.3065131920758524
17197,30,1,1013.01,1,1.0,0.0,1.0,0.0
17198,24,3,692.22,348,0.008620689655172414,237.58787847867995,0.004191327767262742,0.23100920793902108
17201,54,1,289.78000000000003,1,1.0,0.0,1.0,0.0
17203,36,6,3560.08,25,0.24,7.05691150575094,0.12411703905227338,0.9215890348883317
17204,175,4,1564.56,89,0.0449438202247191,33.06055050963308,0.029359478488674977,0.792398400004554
17205,54,1,384.08,1,1.0,0.0,1.0,0.0
17206,53,1,204.24,1,1.0,0.0,1.0,0.0
17211,27,8,2317.2200000000003,343,0.023323615160349854,46.643531680384655,0.020989208077782165,0.3820525384541007
17212,253,1,226.85,1,1.0,0.0,1.0,0.0
17213,40,7,2781.23,327,0.021406727828746176,68.71681017043792,0.014343742887192949,0.26811414745337453
17214,60,6,1059.12,299,0.020066889632107024,59.533184023702276,0.016519864535928616,0.23873407191575982
17217,234,1,113.5,1,1.0,0.0,1.0,0.0
17218,4,10,1951.97,364,0.027472527472527472,48.00376142669563,0.020406596777186026,0.3559656990806608
17219,32,1,114.23,1,1.0,0.0,1.0,0.0
17220,24,14,3187.55,340,0.041176470588235294,21.23736426738594,0.044969358237596235,0.48024461130653956
17221,7,2,334.48,29,0.06896551724137931,0.0,1.0,0.2956284748897595
17222,65,1,328.65,1,1.0,0.0,1.0,0.0
17223,310,2,416.89,59,0.03389830508474576,0.0,1.0,0.5725853515146795
17226,309,1,393.49,1,1.0,0.0,1.0,0.0
17227,19,6,939.32,350,0.017142857142857144,43.02673587433748,0.022713471261059007,0.3352679364225105
17228,16,8,1906.09,357,0.022408963585434174,45.48573821487765,0.02151197417533863,0.4448351535028212
17229,96,2,318.76,47,0.0425531914893617,0.0,1.0,0.014818274872399806
17230,264,8,3638.41,96,0.08333333333333333,21.321797476269385,0.04479925960546475,1.323287934040628
17231,12,10,3124.72,350,0.02857142857142857,17.17394667641787,0.05502382161699522,0.3157325065963673
17232,3,2,417.77,12,0.16666666666666666,0.0,1.0,0.005720901262442271
17233,35,1,190.88,1,1.0,0.0,1.0,0.0
17234,183,1,149.89,1,1.0,0.0,1.0,0.0
17235,25,2,550.0600000000001,348,0.005747126436781609,0.0,1.0,0.34384780175213214
17236,13,6,916.13,351,0.017094017094017096,56.62861467491501,0.017352490696523493,0.28994986126261985
17237,11,2,314.69,12,0.16666666666666666,0.0,1.0,0.7752581322729754
17238,3,17,3719.1,369,0.04607046070460705,17.68603498055269,0.05351590110158416,0.49673890302002355
17239,313,1,382.5,1,1.0,0.0,1.0,0.0
17242,108,2,1135.04,73,0.0273972602739726,0.0,1.0,0.3536530673315295
17243,1,26,8540.05,369,0.07046070460704607,11.679326464598319,0.07886854264633686,0.37391832867945485
17244,53,1,954.9,1,1.0,0.0,1.0,0.0
17245,205,1,171.45000000000002,1,1.0,0.0,1.0,0.0
17247,15,1,280.09000000000003,1,1.0,0.0,1.0,0.0
17248,120,1,318.65,1,1.0,0.0,1.0,0.0
17250,4,2,381.97,258,0.007751937984496124,0.0,1.0,0.2098161703266834
17251,363,1,269.83,1,1.0,0.0,1.0,0.0
17252,117,2,348.91,70,0.02857142857142857,0.0,1.0,1.3177466144940442
17253,18,1,178.26,1,1.0,0.0,1.0,0.0
17254,5,2,271.19,11,0.18181818181818182,0.0,1.0,0.34902951336565236
17255,41,2,291.48,259,0.007722007722007722,0.0,1.0,0.36369373073791406
17256,107,2,240.0,205,0.00975609756097561,0.0,1.0,0.09310239285622869
17259,148,2,581.23,221,0.00904977375565611,0.0,1.0,0.37633365740282954
17262,52,5,1253.36,314,0.01592356687898089,77.38378383098102,0.012757740837777115,0.8822130599034772
17263,208,1,63.440000000000005,1,1.0,0.0,1.0,0.0
17265,139,2,550.01,42,0.047619047619047616,0.0,1.0,0.5288291183310748
17266,2,3,296.58,146,0.02054794520547945,101.82337649086284,0.009725414921468395,0.7224029156021908
17267,127,2,317.2,1,2.0,0.0,1.0,1.3553623044180987
17268,108,4,763.64,138,0.028985507246376812,46.090490703976386,0.021235709907681182,0.9472450605916848
17272,42,4,2148.63,221,0.01809954751131222,75.03554713156514,0.013151743332229715,0.6201903668542978
17274,35,1,107.82,1,1.0,0.0,1.0,0.0
17277,228,2,1065.35,96,0.020833333333333332,0.0,1.0,0.48942262947513615
17278,241,1,246.04,1,1.0,0.0,1.0,0.0
17279,58,1,187.83,1,1.0,0.0,1.0,0.0
17282,130,3,1685.46,170,0.01764705882352941,57.982756057296896,0.016954107723087444,0.4440170840733228
17284,60,6,1647.48,277,0.021660649819494584,31.901410627118043,0.030393833605899524,0.8122677986816834
17286,22,1,151.37,1,1.0,0.0,1.0,0.0
17287,26,7,1049.06,347,0.020172910662824207,35.81991997013208,0.027159211666163023,0.2307328632195662
17288,9,7,1417.63,350,0.02,68.41539787698868,0.014406025616565711,0.8257397804110606
17289,32,3,931.02,149,0.020134228187919462,102.5304832720494,0.009658990940593578,0.434772971049709
17290,4,2,513.01,13,0.15384615384615385,0.0,1.0,0.5090242574066626
17291,308,1,550.8000000000001,1,1.0,0.0,1.0,0.0
17293,8,9,1854.06,353,0.025495750708215296,46.20064934608604,0.021186149213070556,0.46131254091178386
17295,29,3,547.0,36,0.08333333333333333,24.748737341529164,0.03883685583242708,0.46656578010353633
17297,17,1,128.18,1,1.0,0.0,1.0,0.0
17298,101,2,498.42,24,0.08333333333333333,0.0,1.0,0.8033795354326033
17299,12,4,656.61,162,0.024691358024691357,37.322915213043046,0.026094048285232072,0.5617399018575904
17301,21,1,163.24,1,1.0,0.0,1.0,0.0
17302,15,5,1135.63,291,0.01718213058419244,37.16068711241312,0.02620497888453152,0.49333058908684824
17303,361,1,250.04,1,1.0,0.0,1.0,0.0
17306,11,19,8631.31,343,0.05539358600583091,13.971142059886027,0.06679517140375146,0.3622203739763409
17309,95,1,82.75,1,1.0,0.0,1.0,0.0
17311,78,2,1384.85,239,0.008368200836820083,0.0,1.0,0.27769584721530544
17312,139,3,644.3,21,0.14285714285714285,8.48528137423857,0.10542649822871226,0.2788721000434364
17313,31,1,2328.84,1,1.0,0.0,1.0,0.0
17314,25,8,2527.92,288,0.027777777777777776,37.35352345208835,0.026073223787358445,0.6351255594638142
17315,2,38,6281.2300000000005,356,0.10674157303370786,6.39948853061348,0.13514447598138132,0.5271389268136102
17317,46,3,2600.34,44,0.06818181818181818,21.213203435596427,0.045018270457898496,1.1949205043896671
17320,100,3,1200.62,268,0.011194029850746268,2.8284271247461903,0.2612038749637414,0.23758019685478607
17321,8,2,657.16,60,0.03333333333333333,0.0,1.0,1.2366729042445108
17323,15,7,906.52,278,0.025179856115107913,24.733917333626447,0.03885922174364423,0.4919040948746897
17324,18,4,986.48,349,0.011461318051575931,169.00986164521092,0.00588201172757186,0.950033091516872
17325,280,1,96.8,1,1.0,0.0,1.0,0.0
17329,14,2,523.11,301,0.006644518272425249,0.0,1.0,0.09837936865048824
17330,23,2,363.9,45,0.044444444444444446,0.0,1.0,0.6447321516836946
17331,124,1,175.2,1,1.0,0.0,1.0,0.0
17333,86,1,494.25,1,1.0,0.0,1.0,0.0
17334,302,2,307.02000000000004,7,0.2857142857142857,0.0,1.0,1.3174821285582459
17337,151,4,1981.06,159,0.025157232704402517,11.547005383792515,0.07970029257273942,0.7899380810712796
17338,17,8,6493.54,345,0.02318840579710145,23.03206874069697,0.04161106606301253,0.38911722218780925
17339,94,2,243.36,271,0.007380073800738007,0.0,1.0,0.7168695967058885
17340,30,11,12353.29,337,0.032640949554896145,34.14088458139302,0.028456881831867623,1.0803321901446048
17341,157,3,682.29,210,0.014285714285714285,147.78531726798843,0.006721093306531214,0.8886441069606493
17343,355,1,193.64,1,1.0,0.0,1.0,0.0
17344,46,1,157.62,1,1.0,0.0,1.0,0.0
17345,15,4,519.6899999999999,182,0.02197802197802198,53.724606404638585,0.018273315528409863,0.6637403971944491
17346,4,15,2622.88,370,0.04054054054054054,24.414574101782495,0.039347501791496216,0.27540156638651564
17347,86,1,228.96,1,1.0,0.0,1.0,0.0
17348,15,5,1156.6,284,0.017605633802816902,104.34717693034793,0.00949242332958924,0.6687829918713879
17349,179,1,98.25,1,1.0,0.0,1.0,0.0
17350,8,4,1281.32,43,0.09302325581395349,20.074859899884732,0.04744990024846948,0.9223584927560243
17351,36,3,587.15,238,0.012605042016806723,19.79898987322333,0.04807925798778345,0.17635413473592956
17353,129,2,1740.0,26,0.07692307692307693,0.0,1.0,0.0
17354,51,1,1393.06,1,1.0,0.0,1.0,0.0
17356,312,1,178.22,1,1.0,0.0,1.0,0.0
17357,24,2,384.39,1,2.0,0.0,1.0,1.3708000499612152
17358,303,2,360.81,53,0.03773584905660377,0.0,1.0,0.4801843173036443
17359,11,1,127.86,1,1.0,0.0,1.0,0.0
17360,17,3,568.24,167,0.017964071856287425,117.37972567696688,0.008447392442256434,0.6043737134466887
17361,49,3,488.2,243,0.012345679012345678,22.627416997969522,0.04232371232479358,0.6267632512889392
17362,239,2,312.23,71,0.028169014084507043,0.0,1.0,0.055394522844771414
17364,1,11,4462.68,331,0.03323262839879154,33.6986646619714,0.02881955284855579,0.5773942893623712
17365,13,8,4767.36,321,0.024922118380062305,28.721155302403172,0.03364606758469926,0.5566839401414221
17367,238,1,167.55,1,1.0,0.0,1.0,0.0
17368,23,8,1878.87,315,0.025396825396825397,37.04437493447168,0.026285094753755792,0.8555804932109797
17370,73,4,446.18,97,0.041237113402061855,39.0,0.025,0.03627809926051079
17371,17,3,418.4,344,0.00872093023255814,242.5376259469858,0.004106141694169606,0.823710243866941
17372,41,8,1337.18,322,0.024844720496894408,36.331148907685,0.026787281647100335,0.18533755061293808
17373,40,4,646.92,273,0.014652014652014652,77.48763342194245,0.012740860647741666,0.21327343869499782
17374,219,2,495.77,63,0.031746031746031744,0.0,1.0,0.31911586264331876
17375,199,3,400.1,163,0.018404907975460124,44.54772721475249,0.0219549922938001,0.28153185979068096
17376,71,2,203.2,241,0.008298755186721992,0.0,1.0,0.05915755551265407
17377,24,20,4058.32,350,0.05714285714285714,21.642226431499154,0.04416526806784475,0.4032185323959561
17379,11,1,389.72,1,1.0,0.0,1.0,0.0
17381,9,29,20275.61,364,0.07967032967032966,12.56812125807481,0.07370217150770737,0.885849997456871
17382,65,1,65.4,1,1.0,0.0,1.0,0.0
17383,4,1,193.39,1,1.0,0.0,1.0,0.0
17384,19,2,336.4,200,0.01,0.0,1.0,0.49985134532152486
17385,15,1,256.11,1,1.0,0.0,1.0,0.0
17386,8,6,2686.42,158,0.0379746835443038,39.40431448458405,0.024749832109675865,0.9373304969004006
17387,20,2,746.81,14,0.14285714285714285,0.0,1.0,0.24339372688075148
17388,78,4,1259.56,210,0.01904761904761905,14.22439219556791,0.06568406719652937,0.28763340528812104
17389,1,34,31833.68,331,0.1027190332326284,9.513447420266843,0.09511627918282002,1.7506733556346505
17391,164,2,508.8,1,2.0,0.0,1.0,0.848528137423857
17392,307,2,417.27,52,0.038461538461538464,0.0,1.0,0.42795491293611015
17394,219,1,203.87,1,1.0,0.0,1.0,0.0
17396,39,8,7330.8,333,0.024024024024024024,82.99368880193471,0.011905656416139757,0.7961886896568776
17397,22,2,681.41,1,2.0,0.0,1.0,0.1740241663682424
17398,115,3,653.38,141,0.02127659574468085,36.062445840513924,0.02698148968104188,0.41542919960689995
17400,126,5,2097.84,227,0.022026431718061675,44.282238726905696,0.022083713794075786,0.7329883973945935
17402,5,13,2633.85,365,0.03561643835616438,26.834368510053174,0.03592680752354132,0.4218339233999741
17403,36,1,263.92,1,1.0,0.0,1.0,0.0
17404,4,15,31906.82,357,0.04201680672268908,19.708870095456014,0.04828848678805621,0.8262050469358171
17405,1,3,1031.41,150,0.02,4.242640687119285,0.1907435698305462,0.5117850822432601
17406,333,3,2184.42,34,0.08823529411764706,23.33452377915607,0.04109387999844723,0.6752512453998282
17408,163,1,32.65,1,1.0,0.0,1.0,0.0
17409,185,2,771.85,64,0.03125,0.0,1.0,0.45943389358690623
17410,16,5,1214.72,200,0.025,47.14781719938545,0.020769373528583636,0.580960460505256
17411,12,3,778.94,250,0.012,86.2670273047588,0.011459081750404354,0.1672919670363576
17412,3,7,1258.06,370,0.01891891891891892,49.71116574774725,0.019719523013418856,0.23994314399713937
17414,44,2,778.0,142,0.014084507042253521,0.0,1.0,0.7598216826117657
17415,80,1,507.84,1,1.0,0.0,1.0,0.0
17416,30,7,6893.42,252,0.027777777777777776,27.10473513367483,0.03558119282191026,0.5681620502259573
17418,42,2,463.46,282,0.0070921985815602835,0.0,1.0,0.3926574056146589
17419,11,12,4226.57,356,0.033707865168539325,32.25974130539346,0.03006637937493032,0.3969924433603655
17420,50,3,598.83,324,0.009259259259259259,57.982756057296896,0.016954107723087444,0.32687513041127153
17422,16,6,1979.37,280,0.02142857142857143,18.87591057406238,0.050312160354805464,0.14703853184942062
17423,46,2,698.41,172,0.011627906976744186,0.0,1.0,0.4058516119563572
17425,19,2,759.1700000000001,42,0.047619047619047616,0.0,1.0,1.152670582332811
17426,8,6,5037.26,275,0.02181818181818182,50.683330593006616,0.01934859825259234,0.8547674484107379
17427,72,1,100.8,1,1.0,0.0,1.0,0.0
17428,1,28,17256.85,369,0.07588075880758807,10.784604411275005,0.0848564758816378,1.1823388481188082
17429,128,3,524.9200000000001,91,0.03296703296703297,16.263455967290593,0.05792582909787702,0.12982744418816963
17430,33,2,265.76,333,0.006006006006006006,0.0,1.0,0.2158357242995663
17431,313,1,403.3,1,1.0,0.0,1.0,0.0
17432,18,2,365.76,20,0.1,0.0,1.0,0.05405376640960159
17433,88,1,303.16,1,1.0,0.0,1.0,0.0
17434,2,7,2373.82,83,0.08433734939759036,10.726913193769523,0.08527393214876847,0.24462850209349396
17436,2,2,216.3,226,0.008849557522123894,0.0,1.0,0.1863388188979806
17438,254,1,388.4500000000001,1,1.0,0.0,1.0,0.0
17440,157,3,186.42,91,0.03296703296703297,63.63961030678928,0.015470390295576507,0.8897776640197804
17442,37,6,2248.56,254,0.023622047244094488,16.015617378046965,0.058769539640105554,0.252038731909896
17443,220,1,534.24,1,1.0,0.0,1.0,0.0
17444,148,3,2940.04,26,0.11538461538461539,12.020815280171307,0.07680010648203002,0.37989800095367765
17446,177,2,120.9,134,0.014925373134328358,0.0,1.0,0.1789699545434934
17447,40,2,541.53,32,0.0625,0.0,1.0,0.5312604380063132
17449,2,7,2519.21,358,0.019553072625698324,46.216880033165374,0.021178866526072773,0.47055140402542783
17450,8,46,194390.79,360,0.12777777777777777,11.796806621482206,0.07814449569951959,1.3914911037723965
17451,1,7,1721.4,105,0.06666666666666667,15.594870951694341,0.06025958278981976,0.6799036603942791
17453,18,2,486.72,47,0.0425531914893617,0.0,1.0,0.5732167397784439
17454,192,4,517.53,168,0.023809523809523808,12.662279942148388,0.07319422557833714,0.20820804423413514
17455,204,1,131.7,1,1.0,0.0,1.0,0.0
17456,365,1,249.86,1,1.0,0.0,1.0,0.0
17457,127,5,1737.7,213,0.023474178403755867,19.98958061924595,0.04764268606124847,0.08312350161639535
17458,15,1,316.5,1,1.0,0.0,1.0,0.0
17459,43,2,657.3,17,0.11764705882352941,0.0,1.0,0.121605584277084
17460,94,6,622.4300000000001,279,0.021505376344086023,47.43100251944924,0.020647931035464598,0.5350521289342863
17461,23,3,735.82,7,0.42857142857142855,4.242640687119285,0.1907435698305462,0.7833476650489926
17462,60,2,675.69,224,0.008928571428571428,0.0,1.0,0.525613005844034
17463,16,5,1875.86,297,0.016835016835016835,39.57587649060978,0.02464518542763762,0.5366457173047539
17464,158,1,289.96000000000004,1,1.0,0.0,1.0,0.0
17466,10,2,763.28,69,0.028985507246376812,0.0,1.0,0.29189184128531787
17468,10,2,137.0,5,0.4,0.0,1.0,0.7948499584140754
17469,16,5,1870.97,189,0.026455026455026454,8.220908303425682,0.10844918603392764,0.18250028302817792
17470,45,5,1125.07,324,0.015432098765432098,37.07986875201511,0.026260594712451103,0.3410004999021999
17472,191,3,697.54,109,0.027522935779816515,60.10407640085654,0.016365520254978966,0.16158872130486468
17475,79,1,194.37,1,1.0,0.0,1.0,0.0
17480,78,1,511.82,1,1.0,0.0,1.0,0.0
17481,4,4,1255.59,91,0.04395604395604396,24.006943440041116,0.0399888935806045,0.37651484029059384
17483,65,3,414.04,118,0.025423728813559324,14.142135623730951,0.06604088253131131,0.12871930634387269
17486,261,1,396.87,1,1.0,0.0,1.0,0.0
17489,59,2,376.64,154,0.012987012987012988,0.0,1.0,0.15199491558215514
17490,1,7,2092.32,176,0.03977272727272727,39.72111109557066,0.024557286702051026,0.4645922210246704
17491,1,10,3558.87,367,0.027247956403269755,20.630344425411593,0.04623134890192446,0.31637051638539715
17492,248,1,374.57,1,1.0,0.0,1.0,0.0
17495,8,2,497.56,32,0.0625,0.0,1.0,0.5332718638404215
17496,359,1,271.05,1,1.0,0.0,1.0,0.0
17498,76,1,272.22,1,1.0,0.0,1.0,0.0
17499,290,1,622.88,1,1.0,0.0,1.0,0.0
17500,17,3,1138.0,13,0.23076923076923078,0.0,1.0,0.30608737448762713
17501,221,2,288.6,1,2.0,0.0,1.0,1.0187629924371673
17502,9,4,689.1,20,0.2,4.58257569495584,0.179128784747792,0.6807168522482947
17503,3,2,558.96,36,0.05555555555555555,0.0,1.0,0.3084167619387439
17504,206,9,2997.03,117,0.07692307692307693,18.753571088500145,0.050623757877489094,0.7829387906421551
17505,162,2,1145.84,45,0.044444444444444446,0.0,1.0,0.21211228690693293
17506,76,1,302.2,1,1.0,0.0,1.0,0.0
17507,262,2,605.58,48,0.041666666666666664,0.0,1.0,0.17640888487344958
17508,281,1,387.31,1,1.0,0.0,1.0,0.0
17509,58,8,6083.64,6,1.3333333333333333,1.2535663410560174,0.44374109684803054,0.2795581964274518
17510,25,1,308.48,1,1.0,0.0,1.0,0.0
17511,3,31,91062.38,371,0.08355795148247978,8.016075802059747,0.11091299828818511,0.5780186474997131
17512,29,10,2924.99,273,0.03663003663003663,20.73041244162788,0.04601845467435074,0.6649540337151442
17513,72,1,513.2,1,1.0,0.0,1.0,0.0
17514,128,1,208.65,1,1.0,0.0,1.0,0.0
17515,31,4,639.02,287,0.013937282229965157,69.21223398600375,0.014242532151866041,0.4532218913975538
17516,15,5,764.88,271,0.01845018450184502,47.67598976424087,0.02054400957933137,0.7261887582328415
17517,309,1,153.94,1,1.0,0.0,1.0,0.0
17519,17,6,1844.02,352,0.017045454545454544,38.72079544637481,0.02517572945763519,0.17944162118330223
17520,54,1,546.81,1,1.0,0.0,1.0,0.0
17521,30,3,723.21,170,0.01764705882352941,69.29646455628166,0.014225466477042627,0.3747139576988274
17522,2,5,1070.71,217,0.02304147465437788,57.151115474678186,0.01719657468024751,0.8545988532003929
17523,11,4,652.74,8,0.5,2.0816659994661326,0.32449979983983984,0.5682352348843934
17524,361,1,145.0,1,1.0,0.0,1.0,0.0
17525,360,1,422.7,1,1.0,0.0,1.0,0.0
17526,5,4,1195.9,361,0.0110803324099723,147.669676417785,0.006726321224980969,0.8649868386417502
17527,54,4,939.37,165,0.024242424242424242,46.47938611183815,0.021061771894954378,0.34300260390562937
17528,1,8,3628.5,71,0.11267605633802817,5.349677337844557,0.1574883174047167,0.38504164175538996
17530,1,10,2367.12,364,0.027472527472527472,38.48195825463033,0.025328024348506648,0.588388231628999
17531,190,1,296.7,1,1.0,0.0,1.0,0.0
17534,54,1,223.36,1,1.0,0.0,1.0,0.0
17535,280,1,164.4,1,1.0,0.0,1.0,0.0
17536,177,1,76.5,1,1.0,0.0,1.0,0.0
17537,30,2,887.6700000000001,274,0.0072992700729927005,0.0,1.0,0.5637130744245858
17538,26,1,98.42,1,1.0,0.0,1.0,0.0
17540,25,2,578.9,292,0.00684931506849315,0.0,1.0,0.10089310783556538
17542,270,1,170.75,1,1.0,0.0,1.0,0.0
17545,43,3,642.32,1,3.0,0.0,1.0,0.5292699107085675
17548,234,1,103.3,1,1.0,0.0,1.0,0.0
17549,24,2,148.86,28,0.07142857142857142,0.0,1.0,0.8783970574836517
17550,197,3,267.16,46,0.06521739130434782,31.81980515339464,0.030469406973202804,0.8256209031016827
17551,359,1,290.34,1,1.0,0.0,1.0,0.0
17552,60,4,930.41,312,0.01282051282051282,170.968808071336,0.00581500803090512,1.198833922066092
17553,130,1,1487.6,1,1.0,0.0,1.0,0.0
17554,1,5,1952.45,147,0.034013605442176874,21.02974084481309,0.04539318038484553,0.6110362939409886
17555,20,2,480.31,315,0.006349206349206349,0.0,1.0,0.2632567188103068
17556,206,1,157.9,1,1.0,0.0,1.0,0.0
17557,14,3,541.46,67,0.04477611940298507,5.656854249492381,0.15022110482233483,0.5347603908820894
17560,95,4,854.95,216,0.018518518518518517,30.615900008546756,0.03162965469050918,0.3725828003259684
17561,19,1,165.12,1,1.0,0.0,1.0,0.0
17562,14,7,1122.38,160,0.04375,11.15347479487895,0.08228099509626376,0.4316537739714301
17564,24,3,454.01,56,0.05357142857142857,10.606601717798213,0.08615786293989429,0.3392874270834265
17566,8,2,869.77,18,0.1111111111111111,0.0,1.0,0.13028838975011336
17567,7,8,4331.48,366,0.02185792349726776,23.528098702858006,0.04076956849017736,0.35521907675001096
17569,332,1,344.14,1,1.0,0.0,1.0,0.0
17571,50,4,1425.67,249,0.01606425702811245,57.06429122781894,0.01722228892929109,0.9828842751774629
17572,71,4,226.75000000000003,303,0.013201320132013201,62.385895841928885,0.015776380324319942,0.4135465967984277
17573,29,3,380.6,65,0.046153846153846156,33.23401871576773,0.02921071020912346,0.8201555701336035
17574,243,1,185.65,1,1.0,0.0,1.0,0.0
17576,8,19,3564.83,358,0.05307262569832402,11.653073313382132,0.07903218255618427,0.518141410110933
17578,218,1,143.45999999999998,1,1.0,0.0,1.0,0.0
17579,5,3,448.9,175,0.017142857142857144,65.05382386916237,0.01513916895985875,0.25404593490615274
17580,253,3,215.72,106,0.02830188679245283,9.899494936611665,0.09174737048053264,0.5933443578100912
17581,1,25,11025.24,372,0.06720430107526881,21.714509608467605,0.044024723282038894,0.9637505168338084
17582,236,1,175.27,1,1.0,0.0,1.0,0.0
17584,7,2,1242.3,121,0.01652892561983471,0.0,1.0,0.29210915246312186
17585,109,4,1116.68,229,0.017467248908296942,15.524174696260024,0.06051739456775009,0.4681762760128873
17588,100,3,1240.2,133,0.022556390977443608,7.7781745930520225,0.11391890072356342,0.28374941996360464
17589,60,4,2404.17,181,0.022099447513812154,27.610384519838426,0.034952343940243116,0.05280752818458787
17590,2,3,1468.02,38,0.07894736842105263,6.363961030678928,0.13579648178933995,0.5465215174591072
17591,73,7,2203.67,294,0.023809523809523808,21.295539439046856,0.04485202085977205,0.3281351954635346
17593,4,5,3923.86,350,0.014285714285714285,71.60714582591135,0.013772749067945452,0.1710664957026148
17594,85,2,993.18,170,0.011764705882352941,0.0,1.0,0.5171409830873163
17595,12,2,386.69,25,0.08,0.0,1.0,0.2746212635408096
17596,23,7,2806.69,346,0.02023121387283237,37.239763694201926,0.026150789215039636,0.3750751851587961
17597,214,1,2044.37,1,1.0,0.0,1.0,0.0
17600,18,1,161.67000000000002,1,1.0,0.0,1.0,0.0
17601,239,1,116.01,1,1.0,0.0,1.0,0.0
17602,2,6,5054.42,322,0.018633540372670808,76.39568050616475,0.012920617707086994,0.4615716552712488
17603,78,1,394.72,1,1.0,0.0,1.0,0.0
17604,217,2,309.36,95,0.021052631578947368,0.0,1.0,0.16859385887095854
17608,33,2,191.99,1,2.0,0.0,1.0,1.3287670426401512
17609,41,5,1105.78,287,0.017421602787456445,105.39884566097803,0.009398598206472384,0.7241494632238298
17611,7,15,3961.12,354,0.0423728813559322,17.12927575562049,0.055159401482984066,0.37728119107612806
17612,53,6,2048.45,245,0.024489795918367346,26.04419321077157,0.036976514411297165,0.08340230717333422
17613,23,14,4544.55,283,0.04946996466431095,16.080725841508013,0.058545521383517075,0.6593198700720596
17614,57,1,386.32,1,1.0,0.0,1.0,0.0
17615,130,3,329.6,92,0.03260869565217391,38.890872965260115,0.025068390979331865,0.444245705105892
17616,174,3,571.1999999999999,195,0.015384615384615385,21.920310216782973,0.04362942693802497,0.6546536707079773
17618,6,3,930.28,357,0.008403361344537815,91.21677477306463,0.010844014036067629,0.10986954241774513
17619,312,1,214.37,1,1.0,0.0,1.0,0.0
17620,60,1,81.44,1,1.0,0.0,1.0,0.0
17621,21,3,1379.9,334,0.008982035928143712,176.7766952966369,0.005625034250588399,0.46106280087391266
17623,33,1,527.05,1,1.0,0.0,1.0,0.0
17624,15,2,843.48,204,0.00980392156862745,0.0,1.0,0.0718943870092454
17625,18,4,2020.4,240,0.016666666666666666,42.665364563464514,0.022901446260607097,0.27463032334148235
17628,81,1,75.75,1,1.0,0.0,1.0,0.0
17629,6,8,1814.12,355,0.022535211267605635,29.435967632748042,0.03285586356466074,0.7820985281635244
17630,170,2,503.6,63,0.031746031746031744,0.0,1.0,0.4700940237117874
17631,2,3,528.33,231,0.012987012987012988,28.284271247461902,0.03414802408943918,0.6218010477321672
17633,31,4,1324.84,89,0.0449438202247191,11.590225767142474,0.07942669325356855,0.05429085475796523
17634,36,9,2358.59,302,0.029801324503311258,28.627846084338433,0.03375203169185524,0.8453321738447391
17636,19,1,285.56,1,1.0,0.0,1.0,0.0
17637,31,2,547.0600000000001,84,0.023809523809523808,0.0,1.0,0.3382365782563077
17639,276,1,108.5,1,1.0,0.0,1.0,0.0
17640,87,1,621.66,1,1.0,0.0,1.0,0.0
17642,120,2,712.29,57,0.03508771929824561,0.0,1.0,0.15548030166005003
17643,373,1,101.55,1,1.0,0.0,1.0,0.0
17644,1,11,2895.64,260,0.04230769230769231,19.85642912957357,0.04794684621165761,0.6372578469803185
17646,219,3,1008.39,146,0.02054794520547945,14.849242404917497,0.06309449842787015,0.24011594020869587
17647,65,1,133.06,1,1.0,0.0,1.0,0.0
17648,61,4,1797.5,189,0.021164021164021163,65.68358496103372,0.014996194349544134,0.6248727813709276
17649,138,1,868.49,1,1.0,0.0,1.0,0.0
17650,21,1,166.07999999999998,1,1.0,0.0,1.0,0.0
17651,12,10,3945.0,166,0.060240963855421686,22.44685080609552,0.04264965083242771,0.5865618667558075
17652,25,12,4867.72,256,0.046875,18.610847276887647,0.05099218742978787,0.4878557039731826
17653,37,4,1207.56,84,0.047619047619047616,30.6648550189518,0.03158075410108424,0.6223533171275152
17654,277,1,117.55,1,1.0,0.0,1.0,0.0
17655,11,7,2638.94,356,0.019662921348314606,28.890598240027266,0.03345533575373123,0.37856416624524625
17656,73,5,1674.69,56,0.08928571428571429,4.123105625617661,0.1951941016011038,0.5259933642829763
17658,26,2,595.42,186,0.010752688172043012,0.0,1.0,0.09448358387558663
17659,17,12,2999.46,355,0.03380281690140845,27.561171633625843,0.035012569261082864,0.819882051876331
17660,141,1,178.75,1,1.0,0.0,1.0,0.0
17663,26,7,1802.91,262,0.026717557251908396,19.452506265260524,0.048893763288978605,0.24480929391374479
17664,19,2,604.64,194,0.010309278350515464,0.0,1.0,0.1116607493180927
17666,4,2,728.16,62,0.03225806451612903,0.0,1.0,0.17479567761697773
17667,66,5,2055.51,233,0.02145922746781116,43.41562698691183,0.022514598303310564,0.7717711846560343
17668,1,2,347.75,37,0.05405405405405406,0.0,1.0,0.09780542393982139
17669,43,7,3406.7200000000003,207,0.033816425120772944,13.58553151947566,0.06856109416819862,0.3604666728221779
17670,228,1,205.7,1,1.0,0.0,1.0,0.0
17671,16,4,1572.71,350,0.011428571428571429,55.175477644813675,0.017801361767189595,0.1685720107622188
17672,50,2,3178.17,260,0.007692307692307693,0.0,1.0,0.36598939418478144
17673,2,6,1594.97,319,0.018808777429467086,27.09797040370367,0.03558975917592209,0.430737815818046
17674,74,2,551.04,295,0.006779661016949152,0.0,1.0,0.12904082809980985
17675,1,31,20374.28,367,0.08446866485013624,8.262642698786879,0.10796054997684076,0.49203334779956337
17676,4,6,1371.18,363,0.01652892561983471,93.72406307880597,0.010556979583614852,0.5198761854355406
17677,2,30,16345.38,368,0.08152173913043478,15.015263170481488,0.06244043506216923,1.0013599271474005
17678,264,1,298.11,1,1.0,0.0,1.0,0.0
17679,53,2,1992.11,33,0.06060606060606061,0.0,1.0,0.9188260044093313
17680,24,1,184.4,1,1.0,0.0,1.0,0.0
17682,10,6,2474.33,359,0.016713091922005572,39.30267166491357,0.02481225086798832,0.20478006250561842
17684,44,1,239.41,1,1.0,0.0,1.0,0.0
17685,17,7,3155.83,356,0.019662921348314606,61.9044963364267,0.015897114804827084,0.8439040585649072
17686,7,7,5739.46,296,0.02364864864864865,42.86451523890906,0.022797470678827245,0.7299609498833004
17690,30,15,4726.8,343,0.043731778425655975,25.693459209570165,0.03746236080340906,0.8190786970785311
17691,358,2,290.40000000000003,11,0.18181818181818182,0.0,1.0,0.02629735963090476
17692,127,4,740.94,233,0.017167381974248927,23.028967265887832,0.041616436900291875,0.5861481983651675
17693,137,1,200.47,1,1.0,0.0,1.0,0.0
17694,142,1,283.12,1,1.0,0.0,1.0,0.0
17695,132,2,765.34,40,0.05,0.0,1.0,0.10743248297014624
17696,38,8,2285.71,327,0.024464831804281346,35.90927722018629,0.02709345929573185,0.4703971390249452
17697,236,1,338.95,1,1.0,0.0,1.0,0.0
17698,261,1,154.95,1,1.0,0.0,1.0,0.0
17700,17,4,2534.64,265,0.01509433962264151,26.839026311200886,0.03592079654013098,0.23625676669877746
17701,253,1,417.95,1,1.0,0.0,1.0,0.0
17702,30,4,1824.37,176,0.022727272727272728,18.33030277982336,0.05173224710395033,0.20910183583810932
17703,35,3,798.74,104,0.028846153846153848,31.81980515339464,0.030469406973202804,0.148382859261481
17704,169,2,885.19,72,0.027777777777777776,0.0,1.0,0.17671478680745142
17705,3,9,1823.52,299,0.030100334448160536,12.498571346929445,0.0740819138780544,0.5043852727358527
17706,4,17,10504.49,363,0.046831955922865015,30.070403500230363,0.032184969853789824,1.2399805975760572
17707,185,2,152.4,152,0.013157894736842105,0.0,1.0,0.1391942482650684
17708,188,2,263.33,138,0.014492753623188406,0.0,1.0,0.26653787681075725
17709,170,1,137.45,1,1.0,0.0,1.0,0.0
17711,11,2,385.1,280,0.007142857142857143,0.0,1.0,0.2055034820836106
17712,45,1,522.91,1,1.0,0.0,1.0,0.0
17714,321,1,153.0,1,1.0,0.0,1.0,0.0
17715,201,1,326.4,1,1.0,0.0,1.0,0.0
17716,23,11,5655.99,246,0.044715447154471545,24.98355014360004,0.038485887974253896,0.6460279134971693
17718,232,1,139.35,1,1.0,0.0,1.0,0.0
17719,38,15,5396.04,218,0.06880733944954129,10.239172785955873,0.08897451965945123,0.3268117572444183
17720,26,4,1195.94,342,0.011695906432748537,28.0237994093116,0.03445448288480018,0.47030745010180125
17722,96,4,2424.04,271,0.014760147601476014,47.08856903042747,0.020794962714886813,0.5095696096028602
17723,127,6,3276.4000000000005,88,0.06818181818181818,7.106335201775948,0.1233603071065848,0.34764498361909446
17724,71,3,1033.0,68,0.04411764705882353,34.64823227814083,0.028051881849221198,0.26770651385474303
17725,16,11,3439.08,251,0.043824701195219126,8.59263250310016,0.10424667052311433,0.049628218862464546
17727,15,1,1060.25,1,1.0,0.0,1.0,0.0
17728,4,3,2876.01,83,0.03614457831325301,29.698484809834994,0.03257489762750851,0.8982952284012202
17730,3,13,5298.4800000000005,324,0.040123456790123455,11.658005443003145,0.07900138805460549,0.267933859599724
17731,79,4,1240.11,105,0.0380952380952381,29.838453936712828,0.03242704715522432,0.10285189942616842
17732,373,1,303.97,1,1.0,0.0,1.0,0.0
17733,39,2,692.19,223,0.008968609865470852,0.0,1.0,0.5277123636939953
17734,54,3,700.63,181,0.016574585635359115,9.192388155425117,0.09811243299910322,0.7253746378499839
17735,2,19,13110.02,366,0.05191256830601093,12.951518446319701,0.07167678585292571,0.2829552731229675
17736,9,3,377.44,105,0.02857142857142857,26.16295090390226,0.036814851359037684,1.2511809344594227
17737,9,2,168.24,50,0.04,0.0,1.0,0.05497477828055177
17738,19,4,1879.05,263,0.015209125475285171,75.65932416651192,0.01304472757714244,0.557180371341099
17739,12,7,2791.35,349,0.02005730659025788,56.72624319190076,0.017323143594771544,0.18118941585810833
17742,113,2,355.11,220,0.00909090909090909,0.0,1.0,0.9957360170092223
17744,4,6,2322.4,355,0.016901408450704224,89.09994388325954,0.011098786046922264,0.4429539445221986
17746,240,1,110.25,1,1.0,0.0,1.0,0.0
17747,113,1,71.4,1,1.0,0.0,1.0,0.0
17749,178,2,674.52,79,0.02531645569620253,0.0,1.0,0.13313550556053422
17750,5,9,1710.45,159,0.05660377358490566,6.041522986797285,0.1420147320224588,0.37936644977442413
17752,359,1,80.64,1,1.0,0.0,1.0,0.0
17754,1,5,1664.65,260,0.019230769230769232,41.68432958958718,0.02342780148159922,0.3775587673446431
17757,1,30,5593.39,371,0.08086253369272237,7.446856049678317,0.11838724303086509,0.3445161714413569
17758,19,8,3408.2,231,0.03463203463203463,26.999118151383776,0.035715410556620614,0.6384959109852951
17759,17,3,819.96,153,0.0196078431372549,107.48023074035522,0.009218269477998028,1.2233855564841427
17760,22,2,287.59,352,0.005681818181818182,0.0,1.0,0.28270502347379683
17761,33,1,712.78,1,1.0,0.0,1.0,0.0
17763,263,1,15.0,1,1.0,0.0,1.0,0.0
17764,51,2,772.55,161,0.012422360248447204,0.0,1.0,0.5696943922673368
17765,159,3,367.63,99,0.030303030303030304,4.242640687119285,0.1907435698305462,0.11347156395596056
17767,15,1,271.2,1,1.0,0.0,1.0,0.0
17768,8,3,2081.9,158,0.0189873417721519,77.07463914933368,0.012808256444032946,0.39010473416676683
17769,13,10,3957.43,309,0.032362459546925564,35.94440151122286,0.02706770062836782,0.5625026418328481
17770,199,5,1143.27,84,0.05952380952380952,28.827070610799147,0.033526591097348374,0.9762183448698911
17771,57,2,245.81,267,0.00749063670411985,0.0,1.0,0.08175409756039892
17772,11,2,173.45,1,2.0,0.0,1.0,0.9853428020339493
17774,97,4,1213.73,209,0.019138755980861243,29.597297173897484,0.032682625341597125,0.2889194811615771
17775,255,1,56.4,1,1.0,0.0,1.0,0.0
17777,25,3,647.56,76,0.039473684210526314,32.526911934581186,0.02982678517935779,0.12294263586082817
17779,21,3,650.32,123,0.024390243902439025,7.7781745930520225,0.11391890072356342,0.42548497627141474
17781,159,2,188.02,94,0.02127659574468085,0.0,1.0,0.12019536606064278
17783,72,2,283.47,176,0.011363636363636364,0.0,1.0,0.29260107042432004
17785,53,1,131.94,1,1.0,0.0,1.0,0.0
17786,85,2,266.85,232,0.008620689655172414,0.0,1.0,0.31877438927015794
17787,153,4,1817.54,219,0.0182648401826484,69.93568473962345,0.014097277042867779,0.5292689082530408
17788,74,2,1117.9,56,0.03571428571428571,0.0,1.0,1.3719604690881309
17789,281,1,225.9,1,1.0,0.0,1.0,0.0
17790,27,14,1964.3,339,0.04129793510324484,22.714222360360424,0.04216878735486401,0.6019201878424016
17791,30,1,106.1,1,1.0,0.0,1.0,0.0
17793,25,1,300.34,1,1.0,0.0,1.0,0.0
17795,180,2,342.83,86,0.023255813953488372,0.0,1.0,0.12973490224494308
17796,40,4,690.0,330,0.012121212121212121,141.8884538408018,0.006998466097996576,0.5377923762211446
17797,22,3,780.43,161,0.018633540372670808,113.13708498984761,0.008761394248757527,0.767741085542391
17799,22,10,3039.17,340,0.029411764705882353,30.453972556046683,0.03179248656805231,0.6828386598978677
17800,37,9,1187.21,297,0.030303030303030304,21.928047923020547,0.04361470297678355,0.1576483260355236
17802,82,3,1285.04,291,0.010309278350515464,67.17514421272202,0.01466810245211615,0.6781647602448432
17805,74,1,512.31,1,1.0,0.0,1.0,0.0
17806,11,1,546.04,1,1.0,0.0,1.0,0.0
17809,16,12,5411.91,358,0.0335195530726257,27.086729390808873,0.03560400308934656,1.0971308790072027
17811,4,39,7761.82,330,0.11818181818181818,5.687949879038847,0.14952265164757997,0.9476204090496136
17812,13,4,699.81,356,0.011235955056179775,183.0327839486686,0.0054338144462289135,0.5355985029204299
17813,14,5,1698.07,58,0.08620689655172414,8.906926143924924,0.1009394826884033,1.0945663377504007
17816,37,4,36.56,329,0.0121580547112462,88.22131261775694,0.01120808437647866,0.546072803280254
17817,4,3,387.68,273,0.01098901098901099,192.33304448274092,0.005172421520984589,0.4715239863720565
17819,72,7,3704.87,300,0.023333333333333334,37.65988139475039,0.025866608068171402,0.5086035221830596
17824,51,1,298.4,1,1.0,0.0,1.0,0.0
17827,5,5,1987.33,360,0.013888888888888888,113.34166636031665,0.008745718265542607,0.7822194906115504
17828,23,4,1820.09,163,0.024539877300613498,36.555893277737496,0.026626979489069516,0.8653668570765813
17829,299,1,889.24,1,1.0,0.0,1.0,0.0
17830,2,3,398.7,288,0.010416666666666666,164.75588001646557,0.006032968482932031,0.36506575774435757
17831,33,1,35.400000000000006,1,1.0,0.0,1.0,0.0
17832,50,1,155.37,1,1.0,0.0,1.0,0.0
17835,3,3,342.24,21,0.14285714285714285,4.242640687119285,0.1907435698305462,0.036906737840742755
17836,47,1,110.21,1,1.0,0.0,1.0,0.0
17837,42,8,1541.23,121,0.06611570247933884,24.531806370700135,0.039166833144543306,0.6068225243538011
17838,27,5,2720.8,346,0.014450867052023121,83.38814863836068,0.011850005197832077,0.3919435348146245
17839,42,1,318.15,1,1.0,0.0,1.0,0.0
17841,2,124,40519.84,372,0.3333333333333333,1.8739073407841162,0.34795833039180735,0.6242835184665766
17843,303,1,205.48,1,1.0,0.0,1.0,0.0
17844,107,1,51.56,1,1.0,0.0,1.0,0.0
17846,85,1,2033.1,1,1.0,0.0,1.0,0.0
17848,81,9,901.2,277,0.032490974729241874,25.709572980840093,0.03743975992118415,0.48813331295691725
17849,218,4,605.8000000000001,116,0.034482758620689655,9.643650760992955,0.0939527256629669,0.31337040624879337
17850,372,34,5391.21,2,17.0,0.0,1.0,0.9804236871928202
17852,12,2,114.34,1,2.0,0.0,1.0,0.31712817683440736
17854,185,2,311.26,42,0.047619047619047616,0.0,1.0,0.398647747743415
17855,373,1,208.97,1,1.0,0.0,1.0,0.0
17856,2,4,1418.03,280,0.014285714285714285,120.03471720020559,0.008262092258586293,0.6395102768121491
17857,4,23,26879.04,362,0.06353591160220995,16.444646755902266,0.05732417594879974,1.2327074978034291
17858,6,12,5140.66,364,0.03296703296703297,25.64902975304772,0.03752481832422566,0.7625760650901149
17859,305,1,141.92,1,1.0,0.0,1.0,0.0
17860,369,1,226.45,1,1.0,0.0,1.0,0.0
17861,3,8,2097.88,317,0.025236593059936908,43.948563008091526,0.022247652273555053,0.8297783842345712
17862,324,1,330.9,1,1.0,0.0,1.0,0.0
17863,59,6,3160.0,311,0.01929260450160772,31.405413546075145,0.030859041455470554,0.4845620264804186
17864,13,3,554.85,263,0.011406844106463879,77.78174593052023,0.012693295739877703,0.33400504623733923
17865,31,20,10526.32,334,0.059880239520958084,17.50187959830841,0.054048562725023244,0.6453499793630249
17866,143,1,329.65000000000003,1,1.0,0.0,1.0,0.0
17867,30,6,1157.87,259,0.023166023166023165,50.65866164833019,0.01935783793253428,1.074843311100557
17869,107,5,428.18,261,0.019157088122605363,59.295868321494375,0.016584884301989865,0.9606647776698717
17870,2,12,1865.89,365,0.03287671232876712,66.52941932982459,0.01480836071040147,0.7358803255003133
17871,205,1,155.9,1,1.0,0.0,1.0,0.0
17873,80,5,1848.96,294,0.017006802721088437,30.0,0.03225806451612903,0.34561661135280386
17874,185,6,683.46,71,0.08450704225352113,19.162463307205574,0.04959711443802724,1.170208743840014
17877,170,1,237.61,1,1.0,0.0,1.0,0.0
17878,44,1,379.45,1,1.0,0.0,1.0,0.0
17879,174,1,178.52,1,1.0,0.0,1.0,0.0
17880,365,1,458.92,1,1.0,0.0,1.0,0.0
17881,304,1,133.35,1,1.0,0.0,1.0,0.0
17883,3,4,664.34,243,0.01646090534979424,74.3796567169635,0.013266178748396439,0.5420735249254649
17884,4,4,695.07,368,0.010869565217391304,162.9611405622007,0.0060990061216403746,0.4118932328532906
17885,12,1,156.34,1,1.0,0.0,1.0,0.0
17886,32,3,869.28,218,0.013761467889908258,98.99494936611666,0.010000505088898526,0.612629238197687
17887,129,1,111.35,1,1.0,0.0,1.0,0.0
17888,21,8,716.0,336,0.023809523809523808,34.355286555138996,0.028284313250874982,0.8040765956588197
17889,212,2,201.37,110,0.01818181818181818,0.0,1.0,0.018751304621026747
17890,323,2,586.89,39,0.05128205128205128,0.0,1.0,0.8171927369823778
17891,162,1,203.86,1,1.0,0.0,1.0,0.0
17892,56,3,244.1,100,0.03,68.58935777509511,0.014370013346464358,0.8181001530658162
17893,225,1,107.21,1,1.0,0.0,1.0,0.0
17894,72,8,1118.96,295,0.02711864406779661,66.01478910783841,0.014922079339693611,0.3783275536614929
17895,44,1,95.45,1,1.0,0.0,1.0,0.0
17896,23,1,256.32,1,1.0,0.0,1.0,0.0
17897,173,3,541.81,201,0.014925373134328358,132.93607486307093,0.007466248365291774,0.33215268666584236
17898,85,2,152.06,122,0.01639344262295082,0.0,1.0,0.44288340023810857
17899,159,1,154.55,1,1.0,0.0,1.0,0.0
17900,190,2,112.2,1,2.0,0.0,1.0,0.5974485103073504
17901,29,1,110.38,1,1.0,0.0,1.0,0.0
17904,21,1,181.07,1,1.0,0.0,1.0,0.0
17905,71,4,798.99,303,0.013201320132013201,88.00757543151234,0.01123499876445302,0.09259857392812204
17906,247,1,72.9,1,1.0,0.0,1.0,0.0
17908,374,1,232.03,1,1.0,0.0,1.0,0.0
17911,9,1,366.23,1,1.0,0.0,1.0,0.0
17912,310,5,310.06,55,0.09090909090909091,23.228933107943924,0.04127296879085983,0.783419884897496
17913,59,2,408.65,297,0.006734006734006734,0.0,1.0,0.0949961147366731
17914,4,1,329.36,1,1.0,0.0,1.0,0.0
17917,45,3,335.03,318,0.009433962264150943,73.53910524340094,0.013415776815868493,0.06127627712710977
17919,88,1,1304.04,1,1.0,0.0,1.0,0.0
17920,4,17,4119.5,370,0.04594594594594595,21.099664294327845,0.045249556132699376,0.39709231649508203
17921,64,4,820.23,203,0.019704433497536946,47.258156262526086,0.020721885738028707,0.2820813426031314
17923,282,1,207.50000000000003,1,1.0,0.0,1.0,0.0
17924,12,7,2962.5,362,0.019337016574585635,88.75359147662702,0.011141615433410402,1.2269379980574753
17925,373,1,244.08,1,1.0,0.0,1.0,0.0
17926,133,2,397.29,71,0.028169014084507043,0.0,1.0,0.09315605458809414
17928,45,2,212.54,201,0.009950248756218905,0.0,1.0,0.37274980598541824
17929,11,4,843.0,298,0.013422818791946308,43.54690957270485,0.022448246345078183,0.2785366072794541
17930,36,5,1740.48,204,0.024509803921568627,39.41657857636386,0.024742321968461056,0.1655680999749813
17931,134,2,408.36,122,0.01639344262295082,0.0,1.0,0.6442851678516274
17932,29,3,1331.57,183,0.01639344262295082,75.66042558696059,0.0130445401567154,0.2891085148001278
17934,52,2,704.25,8,0.25,0.0,1.0,1.1499458949136712
17935,138,2,145.79,4,0.5,0.0,1.0,1.1965377798115184
17936,5,1,380.13,1,1.0,0.0,1.0,0.0
17937,9,7,4301.22,354,0.01977401129943503,50.39312122370142,0.019457856930838072,0.6264298318669599
17939,160,1,99.14,1,1.0,0.0,1.0,0.0
17940,49,10,4020.04,254,0.03937007874015748,19.53202498462461,0.048704402062088335,1.4674763648451636
17941,131,1,304.56,1,1.0,0.0,1.0,0.0
17942,8,1,77.50000000000001,1,1.0,0.0,1.0,0.0
17946,233,2,149.57999999999998,27,0.07407407407407407,0.0,1.0,1.0823583943072064
17947,37,1,176.68,1,1.0,0.0,1.0,0.0
17948,147,1,358.56000000000006,1,1.0,0.0,1.0,0.0
17949,1,45,58510.48,371,0.12129380053908356,11.577754422296326,0.0795054479857963,1.8495481835750176
17950,72,3,482.2,294,0.01020408163265306,206.47518010647187,0.00481985363013938,0.4820025374610733
17951,40,3,1008.54,334,0.008982035928143712,214.2533546995239,0.004645688339658716,0.7289710742320298
17954,5,12,2314.13,366,0.03278688524590164,18.307474876771956,0.051793411949641315,0.5094825002473851
17955,199,4,557.3,21,0.19047619047619047,10.692676621563626,0.08552361724909083,0.7526741904507178
17956,249,1,12.75,1,1.0,0.0,1.0,0.0
17957,66,1,111.68,1,1.0,0.0,1.0,0.0
17958,117,1,508.46,1,1.0,0.0,1.0,0.0
17960,171,1,73.78,1,1.0,0.0,1.0,0.0
17961,21,39,1296.44,351,0.1111111111111111,9.192929746590409,0.0981072198927404,2.0376451220426492
17962,142,1,102.41,1,1.0,0.0,1.0,0.0
17964,32,2,463.21,341,0.005865102639296188,0.0,1.0,0.18413078289916318
17965,38,14,2599.19,332,0.04216867469879518,22.978250586152118,0.04170446031527915,0.7793025831086409
17966,38,5,1098.43,224,0.022321428571428572,49.372732015421896,0.019852010403045926,0.7256400950630945
17967,372,1,112.27,1,1.0,0.0,1.0,0.0
17968,374,1,265.1,1,1.0,0.0,1.0,0.0
17969,166,2,228.2,195,0.010256410256410256,0.0,1.0,0.13757905821508637
17970,211,1,562.79,1,1.0,0.0,1.0,0.0
17972,242,1,135.19,1,1.0,0.0,1.0,0.0
17973,52,1,337.04,1,1.0,0.0,1.0,0.0
17974,25,3,703.99,195,0.015384615384615385,110.30865786510141,0.008984027111457337,0.6292438627933566
17975,15,13,4483.26,352,0.036931818181818184,15.149757473806355,0.06192043450942975,0.5054729072194524
17976,372,1,321.79,1,1.0,0.0,1.0,0.0
17977,29,1,288.14,1,1.0,0.0,1.0,0.0
17978,365,1,300.92,1,1.0,0.0,1.0,0.0
17979,36,4,732.41,225,0.017777777777777778,67.86997372427172,0.014520115892647303,0.6373475020102627
17980,166,3,811.45,194,0.015463917525773196,82.02438661763951,0.012044653875076486,0.08646880134386851
17984,145,1,152.68,1,1.0,0.0,1.0,0.0
17985,22,1,631.35,1,1.0,0.0,1.0,0.0
17986,56,1,20.8,1,1.0,0.0,1.0,0.0
17987,185,1,198.57,1,1.0,0.0,1.0,0.0
17988,12,7,201.12,315,0.022222222222222223,68.62263960725109,0.014363144023856453,0.8362158804686003
17990,237,3,630.84,125,0.024,76.36753236814714,0.012925318533381431,0.4332419352089231
17991,225,2,93.35,1,2.0,0.0,1.0,1.2354484843227198
17994,122,4,674.89,170,0.023529411764705882,34.597687784012386,0.02809171219399029,0.7331910629600057
17995,282,1,76.1,1,1.0,0.0,1.0,0.0
17997,74,8,1962.46,90,0.08888888888888889,11.201615529743489,0.08195636041492473,0.5761615297702439
17999,37,2,380.39,330,0.006060606060606061,0.0,1.0,0.0010781617105816825
18001,12,2,415.13,75,0.02666666666666667,0.0,1.0,0.29001035956163507
18004,362,1,157.92,1,1.0,0.0,1.0,0.0
18005,4,2,226.47,44,0.045454545454545456,0.0,1.0,0.2352339157265619
18006,23,1,444.68,1,1.0,0.0,1.0,0.0
18008,70,9,2116.19,249,0.03614457831325301,43.67002895088837,0.022386374566701787,1.0014793260392758
18009,235,1,247.39,1,1.0,0.0,1.0,0.0
18010,257,1,174.8,1,1.0,0.0,1.0,0.0
18011,373,1,102.79,1,1.0,0.0,1.0,0.0
18013,155,2,187.29,1,2.0,0.0,1.0,1.2619868262022285
18014,28,1,162.22,1,1.0,0.0,1.0,0.0
18015,4,1,120.03,1,1.0,0.0,1.0,0.0
18016,32,5,1477.66,332,0.015060240963855422,44.16918231829368,0.02213898832512176,0.6938691419449491
18017,81,3,523.0,230,0.013043478260869565,37.476659402887016,0.02598978226069613,0.04636464876857414
18018,108,2,122.14,92,0.021739130434782608,0.0,1.0,0.5469743629155477
18019,52,1,38.45,1,1.0,0.0,1.0,0.0
18022,36,1,612.72,1,1.0,0.0,1.0,0.0
18024,153,2,389.78,1,2.0,0.0,1.0,1.0354257951409356
18027,99,1,115.31,1,1.0,0.0,1.0,0.0
18030,4,2,230.65,39,0.05128205128205128,0.0,1.0,0.07081797808545083
18032,334,1,73.5,1,1.0,0.0,1.0,0.0
18033,65,1,93.82,1,1.0,0.0,1.0,0.0
18034,22,2,418.68,1,2.0,0.0,1.0,0.3432511278502769
18035,36,3,713.89,8,0.375,4.949747468305833,0.1680743603534397,0.8003264311670998
18036,32,3,403.12,214,0.014018691588785047,47.37615433949868,0.0206713413592595,0.1588239712473432
18037,154,6,70.02,208,0.028846153846153848,27.613402542968153,0.034948657311842615,0.913352009059115
18040,19,2,357.20000000000005,227,0.00881057268722467,0.0,1.0,0.4782670726054589
18041,12,21,4097.37,362,0.058011049723756904,11.85615540774629,0.07778375169589694,0.40533918453309914
18042,54,1,165.04999999999998,1,1.0,0.0,1.0,0.0
18043,25,3,529.29,343,0.008746355685131196,15.556349186104045,0.0603997891539587,0.5521424372002927
18044,4,10,2088.6,357,0.028011204481792718,27.1062723368596,0.035579246796401495,0.5891971738260632
18045,45,1,178.34,1,1.0,0.0,1.0,0.0
18048,203,2,172.29000000000002,1,2.0,0.0,1.0,1.3518302373162983
18050,359,1,74.4,1,1.0,0.0,1.0,0.0
18053,71,1,300.02,1,1.0,0.0,1.0,0.0
18055,7,10,6761.34,363,0.027548209366391185,28.38916068580479,0.034026150344708836,0.491308801356487
18056,288,1,363.65,1,1.0,0.0,1.0,0.0
18058,10,1,170.16,1,1.0,0.0,1.0,0.0
18059,23,3,306.46,45,0.06666666666666667,1.4142135623730951,0.4142135623730951,0.19124113152044023
18061,22,10,2119.41,345,0.028985507246376812,7.47960189077229,0.11793006474610847,0.4423017986589083
18062,173,3,720.52,165,0.01818181818181818,48.79036790187178,0.020084205884375615,0.30527553762369447
18064,133,2,814.0,103,0.019417475728155338,0.0,1.0,0.003474726197476892
18065,6,14,2392.83,359,0.03899721448467967,38.256891452256596,0.025473234456583983,0.7611511082924394
18066,75,1,318.0,1,1.0,0.0,1.0,0.0
18067,40,1,396.33,1,1.0,0.0,1.0,0.0
18068,289,1,101.7,1,1.0,0.0,1.0,0.0
18069,26,5,2009.24,302,0.016556291390728478,20.12254125767088,0.047342788341665054,0.5447948165038468
18071,258,2,453.0,109,0.01834862385321101,0.0,1.0,0.20261028741283407
18072,186,1,247.44,1,1.0,0.0,1.0,0.0
18073,114,12,3859.82,83,0.14457831325301204,5.91300569622898,0.14465487863629223,0.8425449082002439
18074,374,1,489.6,1,1.0,0.0,1.0,0.0
18075,23,10,2611.75,338,0.029585798816568046,15.612494995995995,0.0601956539484902,0.3783771673191599
18077,8,11,2584.41,359,0.03064066852367688,27.06863703829787,0.03562695255332718,0.24843225874771527
18078,217,2,336.13,42,0.047619047619047616,0.0,1.0,0.2513886304459359
18079,45,4,3613.15,194,0.020618556701030927,57.41950887982237,0.01711756944169368,0.5639639685960891
18080,19,2,1231.5,224,0.008928571428571428,0.0,1.0,0.5184875545362991
18081,36,3,343.45,98,0.030612244897959183,38.890872965260115,0.025068390979331865,0.17756366215558775
18082,26,1,680.84,1,1.0,0.0,1.0,0.0
18084,16,1,90.48,1,1.0,0.0,1.0,0.0
18085,330,2,689.95,44,0.045454545454545456,0.0,1.0,0.16838559917233098
18086,274,1,101.34,1,1.0,0.0,1.0,0.0
18087,98,2,4055.72,193,0.010362694300518135,0.0,1.0,0.8194775717269086
18088,61,1,166.03,1,1.0,0.0,1.0,0.0
18092,2,11,9068.26,364,0.03021978021978022,31.082149217838847,0.031169981574799343,0.5446925067599697
18093,93,4,2106.52,210,0.01904761904761905,93.94856748952235,0.010532017769624074,0.7790852267605176
18094,82,7,3017.3,211,0.03317535545023697,33.46440895439014,0.02901544028575654,0.5255079312740611
18095,313,2,580.05,21,0.09523809523809523,0.0,1.0,0.4131341921284733
18096,12,3,849.06,53,0.05660377358490566,27.577164466275352,0.034992974939138055,0.5102513380555914
18097,8,6,2662.4,347,0.01729106628242075,60.398675482166,0.016286996293437345,0.5700243448281663
18099,127,1,168.31,1,1.0,0.0,1.0,0.0
18101,11,2,222.4,133,0.015037593984962405,0.0,1.0,0.012336215427175364
18102,1,60,259657.3,367,0.16348773841961853,11.04067714065301,0.08305180749541852,1.0613939889341493
18104,37,1,754.64,1,1.0,0.0,1.0,0.0
18105,38,1,113.48000000000002,1,1.0,0.0,1.0,0.0
18106,330,1,421.9,1,1.0,0.0,1.0,0.0
18108,254,1,271.0,1,1.0,0.0,1.0,0.0
18109,2,26,8004.92,369,0.07046070460704607,10.073397308422484,0.09030652221241937,0.5264230898377323
18110,20,1,198.8,1,1.0,0.0,1.0,0.0
18112,12,2,352.69,155,0.012903225806451613,0.0,1.0,0.16275745979960843
18113,369,1,76.32000000000001,1,1.0,0.0,1.0,0.0
18114,290,1,220.1,1,1.0,0.0,1.0,0.0
18116,68,8,1403.11,297,0.026936026936026935,58.50925852660699,0.016804107877648876,0.4954324538272184
18117,26,1,315.65,1,1.0,0.0,1.0,0.0
18118,11,26,5625.08,359,0.07242339832869081,12.41195660106281,0.07456033670141436,0.43565801772730084
18119,368,1,180.7,1,1.0,0.0,1.0,0.0
18120,214,1,111.15,1,1.0,0.0,1.0,0.0
18121,149,2,653.3000000000001,6,0.3333333333333333,0.0,1.0,1.313553940988817
18122,8,6,1793.06,143,0.04195804195804196,22.34949663862701,0.042827475704367124,0.4726872217889804
18123,24,2,574.4399999999999,8,0.25,0.0,1.0,0.1046799677461597
18125,30,4,1131.75,287,0.013937282229965157,76.01973427998811,0.01298368540671307,0.6203503308270351
18126,61,1,200.92,1,1.0,0.0,1.0,0.0
18127,19,3,347.08,115,0.02608695652173913,80.61017305526642,0.012253374335118734,0.7138459787039855
18129,243,1,112.55,1,1.0,0.0,1.0,0.0
18130,15,3,1059.39,42,0.07142857142857142,10.606601717798213,0.08615786293989429,0.2543863653190287
18133,212,1,931.5,1,1.0,0.0,1.0,0.0
18135,29,5,681.91,162,0.030864197530864196,50.01333155602947,0.019602718926554914,0.17519745966287834
18136,63,3,784.33,257,0.011673151750972763,28.991378028648448,0.03334291605556694,0.261929443192522
18138,295,1,152.65,1,1.0,0.0,1.0,0.0
18139,18,6,8438.34,1,6.0,0.0,1.0,0.7438410094922187
18142,157,2,1019.52,59,0.03389830508474576,0.0,1.0,0.6305368378377217
18143,117,2,1000.16,26,0.07692307692307693,0.0,1.0,0.05627669551116737
18144,8,12,2888.75,366,0.03278688524590164,17.96258738195991,0.05273541947927168,0.35937517558613147
18145,13,4,2861.55,300,0.013333333333333334,22.501851775650227,0.042549838606168,0.39213161454468826
18146,141,2,160.35,80,0.025,0.0,1.0,0.062177771217526066
18147,46,2,179.34,63,0.031746031746031744,0.0,1.0,0.14525378509486112
18149,51,3,612.0799999999999,223,0.013452914798206279,74.95331880577403,0.013165981628231092,0.6438892412730016
18150,32,3,566.58,170,0.01764705882352941,33.23401871576773,0.02921071020912346,0.1971867384651231
18151,135,2,653.35,156,0.01282051282051282,0.0,1.0,0.06114874590501253
18154,3,2,399.19,41,0.04878048780487805,0.0,1.0,0.14804976269839343
18155,75,3,371.62,217,0.013824884792626729,18.384776310850235,0.051586873325965094,0.20420716684986467
18156,13,2,675.64,357,0.0056022408963585435,0.0,1.0,0.6318790927256971
18158,9,2,453.4,80,0.025,0.0,1.0,0.7305002565235529
18159,301,1,530.15,1,1.0,0.0,1.0,0.0
18160,57,2,638.0600000000001,144,0.013888888888888888,0.0,1.0,0.0021277701468172
18161,15,5,1618.69,305,0.01639344262295082,26.614532371118855,0.036212816735794795,0.30660253551331196
18164,37,1,399.65,1,1.0,0.0,1.0,0.0
18165,177,1,302.46,1,1.0,0.0,1.0,0.0
18167,23,3,1384.86,83,0.03614457831325301,41.012193308819754,0.02380261350911348,0.1332696551956987
18168,176,6,1160.04,197,0.030456852791878174,21.011901389450696,0.04542996910204471,0.2511015506316312
18169,61,1,202.65,1,1.0,0.0,1.0,0.0
18170,33,3,980.31,184,0.016304347826086956,19.091883092036785,0.04977134275663489,0.07224264765007765
18171,59,5,1231.31,275,0.01818181818181818,22.998188334446407,0.04166981215680455,0.148592793190215
18172,15,20,7561.68,276,0.07246376811594203,17.30530797791609,0.054628963424511685,0.8898232430860973
18173,87,4,2106.84,188,0.02127659574468085,43.40506882842141,0.02251995158174265,0.4176240106277844
18174,7,1,104.0,1,1.0,0.0,1.0,0.0
18176,358,1,476.35,1,1.0,0.0,1.0,0.0
18177,31,6,1340.87,225,0.02666666666666667,48.48504924200861,0.02020812377309074,0.5427421238423294
18178,129,4,1590.81,236,0.01694915254237288,19.924858845171276,0.04779004758881635,0.23814408588862346
18179,9,6,1793.17,328,0.018292682926829267,79.72891570816701,0.012387135281427224,0.31897616334937706
18180,5,6,1843.75,138,0.043478260869565216,22.85825890132492,0.04191420690570455,0.0332299755293316
18181,24,1,366.85,1,1.0,0.0,1.0,0.0
18183,227,2,632.07,48,0.041666666666666664,0.0,1.0,0.01447618420199339
18184,15,1,49.8,1,1.0,0.0,1.0,0.0
18185,249,1,304.25,1,1.0,0.0,1.0,0.0
18188,15,3,2001.04,276,0.010869565217391304,106.06601717798213,0.009340031751976365,0.6687054432539191
18189,78,2,1090.24,191,0.010471204188481676,0.0,1.0,0.22824792562662335
18190,192,2,284.46000000000004,139,0.014388489208633094,0.0,1.0,0.2906381384248441
18191,262,1,207.8,1,1.0,0.0,1.0,0.0
18192,72,1,957.97,1,1.0,0.0,1.0,0.0
18193,165,1,243.76,1,1.0,0.0,1.0,0.0
18194,82,1,973.84,1,1.0,0.0,1.0,0.0
18196,95,2,686.63,196,0.01020408163265306,0.0,1.0,0.4426793483547898
18198,4,17,5425.56,333,0.05105105105105105,13.243866504914644,0.07020565656487754,0.1036881207126789
18200,106,1,150.35,1,1.0,0.0,1.0,0.0
18202,200,3,1396.99,112,0.026785714285714284,78.48885271170677,0.012580380341213861,0.6273359759160018
18203,157,1,160.42000000000002,1,1.0,0.0,1.0,0.0
18204,71,3,1975.35,122,0.02459016393442623,31.11269837220809,0.031140329237030088,0.21739907433084368
18205,36,2,517.36,39,0.05128205128205128,0.0,1.0,0.17997491291681736
18209,29,1,139.10000000000002,1,1.0,0.0,1.0,0.0
18210,2,6,2621.38,266,0.022556390977443608,90.94118978768643,0.010876517938360733,0.9528478979242854
18211,26,5,600.07,253,0.019762845849802372,54.67098560174918,0.01796267821004017,0.3373265630446321
18212,326,1,216.07,1,1.0,0.0,1.0,0.0
18213,237,1,232.48,1,1.0,0.0,1.0,0.0
18215,89,1,299.34000000000003,1,1.0,0.0,1.0,0.0
18216,31,1,481.75,1,1.0,0.0,1.0,0.0
18217,29,2,621.75,42,0.047619047619047616,0.0,1.0,0.03195770092696731
18218,211,2,641.92,71,0.028169014084507043,0.0,1.0,0.1398527494694728
18219,3,10,2069.77,367,0.027247956403269755,33.30206867114681,0.029152760715016296,0.5066862790185467
18220,227,1,305.28,1,1.0,0.0,1.0,0.0
18221,22,5,1041.61,190,0.02631578947368421,17.635192088548397,0.05366190996305935,0.2883486844547907
18222,93,1,443.0,1,1.0,0.0,1.0,0.0
18223,5,14,6484.54,354,0.03954802259887006,14.772635825429708,0.06340094395559001,0.7379641669500534
18224,264,1,158.95000000000002,1,1.0,0.0,1.0,0.0
18225,3,12,5504.96,362,0.03314917127071823,20.76097738109123,0.04595381827237825,0.6575952535819102
18226,44,11,5228.05,294,0.03741496598639456,20.978560484456505,0.04549888518436918,0.26688783686715184
18227,218,1,93.75,1,1.0,0.0,1.0,0.0
18228,57,2,779.9,23,0.08695652173913043,0.0,1.0,0.11039533488559305
18229,12,20,7276.9,362,0.055248618784530384,9.26352338460243,0.09743242768854823,0.14613909961705437
18230,9,7,2810.2000000000003,294,0.023809523809523808,21.565404393766112,0.04431562504043839,0.15977645512537292
18231,192,5,2071.77,97,0.05154639175257732,15.777093099385155,0.05960508140928466,0.40037844735136263
18232,82,4,592.97,116,0.034482758620689655,36.11555528208494,0.026942881290602252,0.5268666221745661
18233,326,1,440.0,1,1.0,0.0,1.0,0.0
18235,72,3,1796.48,146,0.02054794520547945,34.64823227814083,0.028051881849221198,0.6542989359845797
18236,30,6,882.24,211,0.02843601895734597,12.660963628413123,0.07320127827001333,0.20093028921916498
18237,3,5,987.1,132,0.03787878787878788,20.69420208657488,0.04609526526992364,0.4266287189938167
18239,219,5,1561.61,154,0.032467532467532464,19.72097022630141,0.048260288445889775,0.5911013537380413
18240,46,1,422.58,1,1.0,0.0,1.0,0.0
18241,10,17,2073.09,209,0.08133971291866028,12.87309856509561,0.07208195020800735,0.6267516898366807
18242,72,4,2232.49,142,0.028169014084507043,66.65083145267832,0.014781784325880738,0.7991186675082527
18245,7,7,2567.06,348,0.020114942528735632,56.248259232323505,0.017467780040993457,0.7363026451336562
18246,24,2,596.1,210,0.009523809523809525,0.0,1.0,0.30912938630634834
18248,123,2,804.02,64,0.03125,0.0,1.0,0.33226156306096577
18249,17,1,95.34,1,1.0,0.0,1.0,0.0
18250,310,1,349.27,1,1.0,0.0,1.0,0.0
18251,87,1,4314.72,1,1.0,0.0,1.0,0.0
18252,51,2,518.27,122,0.01639344262295082,0.0,1.0,1.0327385473813753
18255,89,1,103.3,1,1.0,0.0,1.0,0.0
18257,39,8,2337.63,257,0.0311284046692607,28.84688643758382,0.03350433225560102,0.7317247341889409
18259,25,3,2338.6,342,0.008771929824561403,156.27059864222701,0.0063584675624901,0.4623728122439814
18260,173,6,2628.35,186,0.03225806451612903,15.915401345866211,0.059117722337955654,0.2637616645876602
18261,43,2,324.24,53,0.03773584905660377,0.0,1.0,0.5467734153068443
18262,140,1,149.48,1,1.0,0.0,1.0,0.0
18263,26,3,1213.16,227,0.013215859030837005,23.33452377915607,0.04109387999844723,0.24265481113120776
18265,72,2,801.51,86,0.023255813953488372,0.0,1.0,0.30981741889320386
18268,134,1,25.5,1,1.0,0.0,1.0,0.0
18269,366,1,168.60000000000002,1,1.0,0.0,1.0,0.0
18270,38,2,283.15000000000003,229,0.008733624454148471,0.0,1.0,0.2959284957464449
18272,3,6,3078.58,245,0.024489795918367346,21.993180761317813,0.04349115550304084,0.3407909545408377
18273,2,3,204.0,256,0.01171875,48.79036790187178,0.020084205884375615,0.4330127018922193
18274,30,1,175.92,1,1.0,0.0,1.0,0.0
18276,44,1,335.86,1,1.0,0.0,1.0,0.0
18277,58,1,110.38,1,1.0,0.0,1.0,0.0
18278,74,1,173.9,1,1.0,0.0,1.0,0.0
18280,278,1,180.6,1,1.0,0.0,1.0,0.0
18281,181,1,80.82,1,1.0,0.0,1.0,0.0
18282,8,2,178.05,119,0.01680672268907563,0.0,1.0,0.17768018753319934
18283,4,16,2045.53,334,0.04790419161676647,18.563404860100423,0.051115846507859206,0.5983153606928558
18287,43,3,1837.28,159,0.018867924528301886,89.80256121069154,0.01101290521618299,0.7899440662144146
