CustomerID,Recency,Frequency,Monetary,Spending_Mean,Spending_Std,Spending_CV,Interval_Mean,Interval_Std,Interval_CV,Behavioural_Entropy,Average_Basket_Value,KMeans_Cluster,Hierarchical_Cluster,GMM_Cluster
12346,326,1,77183.6,77183.6,0.0,0.0,0.0,0.0,0.0,0.0,77183.6,1,3,1
12347,2,7,4310.0,23.68131868131868,23.289902310501176,0.983471512879632,2.0,11.260550608207398,5.630275304103699,2.064642435693519,23.68131868131868,3,1,3
12348,75,4,1797.24,57.97548387096774,48.51485730087981,0.8368167725664208,9.4,34.08872803890378,3.626460429670615,2.112679104803729,57.97548387096774,2,1,2
12349,19,1,1757.55,24.076027397260276,34.6559127045895,1.4394365039031796,0.0,0.0,0.0,2.0495411062968665,24.076027397260276,3,2,0
12350,310,1,334.40000000000003,19.67058823529412,7.275538185065965,0.3698688670637601,0.0,0.0,0.0,0.8717814824679821,19.67058823529412,1,3,1
12352,36,8,2506.04,29.482823529411764,51.68790029756352,1.7531529924873104,3.071428571428572,20.15230305489979,6.561214948106908,1.935204018730171,29.482823529411764,3,2,3
12353,204,1,89.0,22.25,12.215427404174878,0.5490079732213429,0.0,0.0,0.0,1.3862943611198906,22.25,1,3,1
12354,232,1,1079.4,18.610344827586207,8.679742086377074,0.4663934046784049,0.0,0.0,0.0,2.314774245523717,18.610344827586207,1,0,1
12355,214,1,459.4,35.338461538461544,29.70352219466962,0.8405437277551262,0.0,0.0,0.0,1.631345420808597,35.338461538461544,1,0,1
12356,23,3,2811.43,47.65135593220339,48.5722968956169,1.0193266475926477,5.206896551724138,30.81111591429054,5.917366632545865,2.4171278693145317,47.65135593220339,3,1,2
12357,33,1,6207.67,47.38679389312977,39.56476161876249,0.8349322325539028,0.0,0.0,0.0,1.9983897075642103,47.38679389312977,2,0,0
12358,2,2,1168.06,61.47684210526315,52.27752321904825,0.850361232438331,8.277777777777779,35.11963679893186,4.242640687119285,1.5306052420589422,61.47684210526315,2,1,2
12359,58,4,6310.03,25.75522448979592,31.521902111972487,1.2239032171690565,1.1188524590163935,11.298339817351383,10.098149873383656,2.152742420997104,25.75522448979592,3,1,2
12360,52,3,2662.06,20.63612403100775,21.39461772670865,1.036755627876688,1.15625,9.37951990779845,8.112017217555415,1.7971749632769518,20.63612403100775,3,1,2
12361,287,1,189.9,18.99,3.280396317520186,0.1727433553196516,0.0,0.0,0.0,1.2798542258336676,18.99,1,3,1
12362,3,10,5226.2300000000005,19.64748120300752,9.664671282056696,0.4919038314477321,1.0830188679245285,7.33664876454772,6.774257570052773,2.103841017573741,19.64748120300752,2,1,3
12363,110,2,552.0,24.0,15.75123891231186,0.6563016213463274,6.0,28.142494558940577,4.69041575982343,1.2283084125018164,24.0,0,0,2
12364,8,4,1313.1,15.448235294117646,8.910810071730502,0.5768173452875582,1.2261904761904765,6.421633599308174,5.2370604110862775,1.840977347850248,15.448235294117646,2,1,3
12365,291,2,641.38,29.15363636363636,65.1966351414414,2.236312284623329,0.0,0.0,0.0,1.5100112442431772,29.15363636363636,1,2,2
12367,4,1,168.9,15.354545454545455,5.648958069655612,0.3679013544476716,0.0,0.0,0.0,1.6417347121875214,15.354545454545455,0,0,0
12370,51,4,3541.94,21.33698795180723,21.13609480485583,0.9905847466659704,1.8666666666666667,18.486492541963308,9.903478147480344,2.510311202543627,21.33698795180723,3,1,2
12371,45,2,1887.96,29.96761904761905,44.27785788719167,1.4775233833836918,0.2258064516129032,1.778001778002667,7.874007874011811,1.889003542207957,29.96761904761905,3,2,2
12372,72,3,1298.04,24.962307692307693,16.38258168926466,0.6562927551090586,4.392156862745098,22.709538464154264,5.170475275320836,1.824590857835111,24.962307692307693,2,1,2
12373,311,1,364.6,26.042857142857144,10.260282968486132,0.3939768556193249,0.0,0.0,0.0,1.6307991045856436,26.042857142857144,1,0,1
12374,25,1,742.9300000000001,22.513030303030305,19.77401063973373,0.8783362512096876,0.0,0.0,0.0,2.109391925596386,22.513030303030305,2,0,0
12375,11,2,457.5,26.91176470588235,14.672205115154863,0.5451966928035687,5.4375,21.75,4.0,1.4253366217394134,26.91176470588235,0,0,3
12377,315,2,1628.12,21.144415584415587,15.531661592534688,0.7345514720199806,0.5131578947368421,4.473606810475954,8.717797887081346,1.5477814930531726,21.144415584415587,1,0,2
12378,130,1,4008.62,18.30420091324201,8.958342412809236,0.4894145587272484,0.0,0.0,0.0,2.213237686769289,18.30420091324201,2,0,1
12379,82,2,852.24,21.306,12.20102996913344,0.572656996579998,2.2564102564102564,14.091277534847666,6.244997998398397,1.7119948591762129,21.306,2,0,2
12380,22,4,2724.81,26.200096153846157,27.08885288224848,1.03392188804131,1.5728155339805825,11.198390939867624,7.119964609915836,2.1410780415078428,26.200096153846157,3,1,3
12381,5,5,1845.31,21.21045977011494,25.892950235134972,1.22076327037557,1.313953488372093,7.561919500959243,5.755089177721194,2.0411398239301985,21.21045977011494,3,1,3
12383,185,5,1850.56,18.69252525252525,12.680055152091024,0.678348964668539,1.683673469387755,8.825451641461967,5.24178339917135,2.106206278007072,18.69252525252525,2,1,2
12384,29,2,585.27,21.676666666666662,17.295302608156128,0.7978764850756326,3.5384615384615383,18.042684432712928,5.0990195135927845,1.869779602873853,21.676666666666662,2,1,3
12386,338,2,401.9,40.19,22.82106483054636,0.5678294309665679,3.2222222222222223,9.666666666666666,3.0,1.834371970281624,40.19,1,0,2
12388,16,6,2780.6600000000003,27.806600000000003,16.84279813241532,0.6057122457407709,3.121212121212121,15.983583879024469,5.120954058328228,1.96169719008148,27.806600000000003,2,1,3
12390,80,1,549.84,17.1825,7.172142344268664,0.4174097101276685,0.0,0.0,0.0,2.0711987132229703,17.1825,2,0,0
12391,22,1,439.66,4.72752688172043,5.703881336025948,1.2065254156630425,0.0,0.0,0.0,1.2834239265517216,4.72752688172043,0,2,0
12393,72,4,1582.6,24.728125,18.045403220237358,0.7297521838084106,4.111111111111111,24.01686981774048,5.841941307017954,2.090619764771209,24.728125,2,1,2
12394,64,2,1272.48,47.12888888888889,64.92458923381407,1.3775964331957908,5.884615384615385,30.00576867614216,5.0990195135927845,2.02117810821968,47.12888888888889,3,2,2
12395,19,12,3018.63,19.350192307692307,12.640153861413182,0.6532314335908861,2.232258064516129,9.561706196464929,4.283423296104231,2.284987990268352,19.350192307692307,3,1,3
12397,36,2,2409.9,19.12619047619048,15.703009487720134,0.8210212853034303,0.792,8.854829190899167,11.180339887498947,2.2889628301619886,19.12619047619048,3,1,2
12398,46,1,1635.66,19.24305882352941,22.43008874276701,1.1656197150600955,0.0,0.0,0.0,1.8956788562515252,19.24305882352941,3,2,0
12399,119,4,1108.65,18.790677966101697,10.49116802024393,0.5583176955706416,2.4482758620689653,11.044046445369435,4.510948548108644,2.009856417729697,18.790677966101697,2,0,2
12401,303,1,84.3,16.86,5.419340365764086,0.3214318129160193,0.0,0.0,0.0,1.3321790402101223,16.86,1,3,1
12402,323,1,225.6,20.50909090909091,7.234010581337928,0.3527221471397039,0.0,0.0,0.0,1.2406842919533958,20.50909090909091,1,0,1
12403,50,1,427.7,85.53999999999999,64.97959679776415,0.7596398970980144,0.0,0.0,0.0,1.3321790402101223,85.53999999999999,0,0,0
12405,149,1,1710.39,31.67388888888889,42.769103308331616,1.3502953002823377,0.0,0.0,0.0,2.1665973771195457,31.67388888888889,3,0,1
12406,22,2,3415.3,32.52666666666667,23.678103145939364,0.7279597195923149,1.5480769230769231,15.787348878623815,10.198039027185567,1.722471072586695,32.52666666666667,2,1,2
12407,50,5,1708.12,22.18337662337662,16.695276404955607,0.7526030274111783,2.789473684210526,13.572831480054738,4.865732040019624,2.484679368357035,22.18337662337662,3,1,3
12408,33,5,2888.55,27.51,24.172746971617563,0.8786894573470578,2.173076923076923,12.7320727251112,5.859006917750287,2.2456813083567995,27.51,3,1,3
12409,79,3,11072.67,101.58412844036695,61.50616794139595,0.605470252939188,0.9537037037037036,9.911179621088577,10.392304845413262,2.5542830018394174,101.58412844036695,2,1,2
12410,309,2,693.33,26.66653846153846,28.210280245656215,1.0578905952245852,0.0,0.0,0.0,1.647265561830961,26.66653846153846,1,0,2
12412,75,3,1226.88,20.112786885245903,12.510621638051878,0.6220232784959935,1.55,8.888051396516484,5.73422670742999,1.8452982459481864,20.112786885245903,2,1,2
12413,67,3,758.1,19.95,10.267213627643857,0.514647299631271,7.27027027027027,31.88751815074064,4.38601550772269,1.9171259997008776,19.95,2,0,2
12414,217,3,562.4100000000001,31.245000000000005,18.572886072412757,0.5944274627112418,5.411764705882353,19.884223719853296,3.674258730842457,2.000085221490662,31.245000000000005,1,0,2
12415,24,21,124914.53,174.95032212885152,181.1023956131187,1.035164687949166,0.4249649368863955,3.5020530944829837,8.24080480648966,3.2069046741324905,174.95032212885152,3,1,3
12417,3,9,3649.1,19.005729166666665,11.076127647062124,0.5827783585640097,1.8324607329842928,9.27777160842984,5.0630125063145694,2.218720070051645,19.005729166666665,3,1,3
12418,113,1,668.58,19.664117647058823,16.13403350302239,0.8204809283896636,0.0,0.0,0.0,2.185437997747357,19.664117647058823,2,0,1
12420,64,1,600.39,20.70310344827586,9.201862041164851,0.444467761278137,0.0,0.0,0.0,2.1665060357506847,20.70310344827586,2,0,0
12421,16,4,807.04,17.93422222222222,11.561200883065126,0.6446446765190458,6.840909090909091,27.25157830446829,3.9836194199222743,2.208504507091102,17.93422222222222,2,1,3
12422,96,3,803.5600000000001,20.604102564102565,17.520070403299535,0.85031951033984,6.0,27.583779017111944,4.59729650285199,1.672415949577804,20.604102564102565,2,1,2
12423,1,8,1859.31,14.87448,7.838852929581782,0.5270001324134882,2.814516129032258,13.968819479474428,4.963133568638479,2.0575872687571093,14.87448,2,1,3
12424,163,2,1760.96,58.69866666666667,62.474226064024606,1.064321041886663,0.0,0.0,0.0,2.2455821150154462,58.69866666666667,3,0,2
12425,78,1,777.2,21.58888888888889,14.685976941632408,0.6802562659531224,0.0,0.0,0.0,2.0197157274333923,21.58888888888889,2,0,0
12426,195,1,582.73,19.424333333333333,11.490219434096032,0.5915373895678633,0.0,0.0,0.0,1.496835936553077,19.424333333333333,1,0,1
12427,22,3,825.8000000000001,26.63870967741936,17.504324559364463,0.6571010672563554,11.633333333333333,56.96489138561322,4.8966955345799335,1.7795973571462171,26.63870967741936,2,1,3
12428,26,9,7956.46,27.062789115646257,43.42766763742172,1.6047003674249587,0.8703071672354948,7.797319453424349,8.959272940601311,2.336738692491842,27.062789115646257,3,1,3
12429,9,4,3750.4,38.66391752577319,35.84802256740429,0.9271699522819477,3.6979166666666665,22.254565370381005,6.018135987483315,2.007632500205572,38.66391752577319,3,1,2
12430,43,1,256.4,23.30909090909091,14.033241574593845,0.6020501455558981,0.0,0.0,0.0,1.294545165844896,23.30909090909091,0,0,0
12431,36,15,6419.95,27.43568376068376,50.3752979156293,1.8361232894737896,1.4248927038626609,7.908129716528297,5.549982602262329,2.296277879570516,27.43568376068376,3,1,3
12432,43,5,5059.32,46.84555555555556,75.6796474737069,1.615513928188046,1.1962616822429906,12.27702198874012,10.262823068712445,2.2550321912823303,46.84555555555556,3,1,3
12433,1,7,13375.87,31.847309523809525,27.0369316523465,0.8489549684607827,0.883054892601432,13.68015271132283,15.491848610930449,2.488061460299416,31.847309523809525,3,1,3
12434,85,2,806.14,16.122799999999998,8.336415331029793,0.5170575415579052,3.571428571428572,25.000000000000004,7.000000000000001,1.9632258767422408,16.122799999999998,2,1,2
12435,80,2,7829.89,217.49694444444447,118.22086735838243,0.5435518538449158,5.371428571428571,31.777799977792228,5.916079783099617,2.350143311678954,217.49694444444447,2,1,2
12436,100,1,509.01,31.813125,18.84557161731459,0.5923835403568367,0.0,0.0,0.0,1.803719377768875,31.813125,0,0,0
12437,2,18,4951.41,24.88145728643216,18.24771643072901,0.7333861606522332,1.6262626262626263,7.663726755863976,4.7124779430467925,2.23951395940744,24.88145728643216,3,1,3
12438,14,2,2906.85,29.66173469387755,40.54791789245686,1.3670110096705277,1.288659793814433,12.69182706417024,9.848857801796104,2.049607637878028,29.66173469387755,3,2,2
12441,367,1,173.55,15.77727272727273,4.004083143265363,0.2537880413478477,0.0,0.0,0.0,1.594166699118017,15.77727272727273,1,3,1
12442,3,1,172.06,14.338333333333331,8.012192791822558,0.5587952661970865,0.0,0.0,0.0,1.4451858789480825,14.338333333333331,0,0,0
12444,21,5,5005.46,28.44011363636364,36.38456452930298,1.279339632552717,0.8514285714285714,5.707495144195748,6.703433894189637,1.9350737872515564,28.44011363636364,3,1,2
12445,22,1,133.4,33.35,16.22621335986927,0.4865431292314623,0.0,0.0,0.0,1.039720770839918,33.35,0,3,0
12446,58,1,1002.31,17.584385964912283,6.119333243775087,0.3479981192397361,0.0,0.0,0.0,1.9897235719939448,17.584385964912283,2,0,0
12447,243,1,476.49,18.326538461538465,7.176101973805942,0.3915688709499769,0.0,0.0,0.0,1.7778064222841694,18.326538461538465,1,0,1
12448,44,1,449.45,20.42954545454545,19.12305152907218,0.9360488010670552,0.0,0.0,0.0,1.7510841931826246,20.42954545454545,0,0,0
12449,22,4,4067.29,21.294712041884814,17.994325824835112,0.845013813262272,0.8578947368421053,6.991742354583888,8.149883726202077,1.9338443167982693,21.294712041884814,3,1,2
12450,156,2,197.88,24.735,18.193495698031363,0.735536514980043,2.4285714285714284,6.425396041156863,2.6457513110645907,1.3862943611198906,24.735,0,0,2
12451,11,5,9035.52,25.52406779661017,21.13557905096885,0.8280646807314879,0.8810198300283286,10.11510498991444,11.481132030353043,2.558262298097387,25.52406779661017,3,1,3
12452,17,2,430.5700000000001,19.57136363636364,16.023037669155816,0.8186980716757505,0.0,0.0,0.0,1.936977902924339,19.57136363636364,0,0,3
12453,134,1,707.09,16.443953488372095,5.037722056802528,0.3063571093389931,0.0,0.0,0.0,1.8106035618046743,16.443953488372095,0,0,1
12454,56,1,3528.34,235.22266666666667,104.4952025875328,0.4442395117287427,0.0,0.0,0.0,1.8594288151492289,235.22266666666667,2,0,0
12455,73,6,2466.86,27.40955555555556,23.52303771138064,0.8582057328037496,2.4831460674157304,13.171174068906002,5.30422847118839,2.405340091457205,27.40955555555556,3,1,2
12456,44,3,3181.04,25.44832,34.23872034030968,1.3454216364895473,1.685483870967742,13.42632224521138,7.9658562603168,2.1162995862254546,25.44832,3,1,2
12457,66,7,2363.23,38.11661290322581,46.29048069629005,1.2144437076247268,2.7704918032786887,18.881554881791345,6.815235785735337,2.182248929268185,38.11661290322581,3,1,2
12458,71,2,947.4,24.931578947368426,18.02832329094384,0.7231119749375827,5.756756756756757,35.01698429604111,6.08276253029822,2.240656133347241,24.931578947368426,2,1,2
12461,94,2,826.88,23.62514285714286,32.83688746905623,1.3899127580990809,1.7647058823529411,10.28991510855053,5.8309518948453,1.7367638401293544,23.62514285714286,3,2,2
12462,19,2,1189.59,19.186935483870965,21.327398878292733,1.1115583776377993,4.655737704918033,36.36247390094245,7.810249675906653,1.8663495588744012,19.186935483870965,3,1,3
12463,53,4,1344.78,16.202168674698793,7.328468719731287,0.4523140615845691,2.268292682926829,14.201416013981424,6.260839317991811,1.80092671515446,16.202168674698793,2,1,3
12464,10,8,1212.05,41.79482758620689,26.566101335118464,0.635631317782629,10.571428571428571,24.314952831887855,2.3000631057191216,1.7356593352192315,41.79482758620689,2,1,3
12465,17,2,742.19,15.791276595744682,6.353031668294546,0.4023127344882626,3.3043478260869565,22.41117733554436,6.782329983125267,1.6522419950277163,15.791276595744682,2,0,3
12468,188,2,729.54,19.198421052631577,11.894366717135764,0.6195492162885641,3.45945945945946,21.04307037508573,6.0827625302982185,1.9862665178647387,19.198421052631577,2,0,2
12471,2,30,19788.65,43.11252723311547,76.27398097613951,1.7691837122819412,0.7707423580786026,4.679422795297678,6.071319094182257,2.3836053256171583,43.11252723311547,3,1,3
12472,32,7,6572.11,19.386755162241887,15.530018825041692,0.801063339123833,0.9881656804733728,8.056173824132316,8.152654947774618,1.990668434052807,19.386755162241887,3,1,3
12473,29,5,3928.05,23.521257485029945,53.39361390878624,2.2700152805507314,0.9698795180722892,7.765053570651855,8.006204302659677,2.271886091392901,23.521257485029945,3,1,3
12474,17,18,7324.09,17.355663507109004,10.205039596648508,0.5879947829403612,0.7197149643705463,4.566160825076794,6.344401674446636,2.0776657176275406,17.355663507109004,3,1,3
12475,54,1,723.38,20.093888888888888,10.97910594272536,0.5463902982362147,0.0,0.0,0.0,2.2225833998980606,20.093888888888888,2,0,0
12476,16,11,6816.42,29.255021459227468,26.005650763997817,0.8889294714837834,1.4698275862068966,8.657451509353749,5.890113636862374,2.384618613615671,29.255021459227468,3,1,3
12477,23,6,13219.74,44.0658,48.76364839072834,1.1066098514205651,0.9264214046822744,9.184605823362649,9.91406910175246,2.40932303766877,44.0658,3,1,3
12478,4,1,680.99,18.91638888888889,20.81287556885028,1.1002562746569111,0.0,0.0,0.0,1.7038259922969492,18.91638888888889,0,0,0
12479,11,1,527.2,17.006451612903227,9.067401152254927,0.5331741952198459,0.0,0.0,0.0,1.6636161472336266,17.006451612903227,0,0,0
12480,28,4,3281.63,21.309285714285718,28.908123428200177,1.356597485988008,2.0065359477124183,14.646940012753042,7.299615055215685,2.0574988533198253,21.309285714285718,3,1,2
12481,23,10,5579.82,25.8325,20.64966871179722,0.7993678007083023,1.5767441860465117,10.597672932919377,6.721237995804323,2.303629703053772,25.8325,3,1,3
12483,17,8,2484.98,33.133066666666664,31.40725948847776,0.9479128450272566,4.283783783783784,17.625884040994446,4.114559681493971,2.418613463924359,33.133066666666664,3,1,3
12484,33,6,4527.32,13.199183673469388,17.203992972140608,1.3034134078095272,0.8801169590643275,10.069856413942762,11.441497985277158,2.296007855100421,13.199183673469388,3,1,3
12488,10,3,1298.66,23.612,16.826931830099472,0.7126432250592695,1.2037037037037035,6.232536748840427,5.177799760575124,2.155470069238091,23.612,2,1,3
12489,336,1,334.93,22.328666666666667,8.673208227200645,0.3884337724539745,0.0,0.0,0.0,1.5124035237566442,22.328666666666667,1,0,1
12490,5,10,5417.93,22.114,17.133910877765565,0.7747992619049274,1.3155737704918034,9.206971061665069,6.998445292979056,2.263159507641075,22.114,3,1,3
12491,39,1,460.4,17.70769230769231,9.36749371291694,0.5290070298345796,0.0,0.0,0.0,2.054119627853983,17.70769230769231,0,0,0
12492,63,2,263.21000000000004,13.160500000000004,5.372805280200221,0.408252367326486,2.210526315789474,9.635460822563592,4.358898943540672,1.773674807164117,13.160500000000004,2,0,2
12493,166,2,433.74,19.715454545454545,5.7762227955256185,0.2929794381462711,1.4761904761904765,6.764754597315765,4.582575694955841,1.38635042016015,19.715454545454545,1,0,2
12494,16,7,1246.1,16.18311688311688,7.523139437715911,0.4648758018651193,4.552631578947368,19.48633349253923,4.280235102407461,2.12131501012426,16.18311688311688,2,1,3
12497,82,1,1043.1,74.50714285714285,44.84968852109857,0.6019515284204583,0.0,0.0,0.0,1.569152946203119,74.50714285714285,0,0,0
12498,21,3,403.7000000000001,17.55217391304348,6.960856110175046,0.3965808534407383,1.6363636363636365,7.675225788801976,4.69041575982343,1.7037000162210374,17.55217391304348,2,0,3
12500,23,11,4257.82,69.80032786885245,96.51899053152204,1.3827870653110854,5.116666666666666,16.59088136998057,3.2425175315922936,2.409318753969361,69.80032786885245,3,1,3
12501,337,1,2169.39,14.5596644295302,11.642558487285982,0.7996446994803199,0.0,0.0,0.0,2.3230970782628897,14.5596644295302,1,0,1
12502,96,5,3723.87,25.332448979591835,29.728509806771054,1.1735347747357845,1.4589041095890412,9.466548518848205,6.488807904938206,2.023831296040772,25.332448979591835,3,1,2
12504,18,2,482.05,53.5611111111111,46.54486261781327,0.8690047994198101,1.5,4.242640687119285,2.82842712474619,1.310783678099714,53.5611111111111,0,0,2
12506,233,1,73.5,3.1956521739130435,2.086586656124731,0.6529454842295077,0.0,0.0,0.0,0.0,3.1956521739130435,1,3,1
12507,134,3,1304.81,62.13380952380952,54.5300895356124,0.877623470273726,8.2,32.07327137730271,3.911374558207648,2.045576462153323,62.13380952380952,2,1,2
12508,26,2,397.88,5.851176470588236,4.4301640849001975,0.7571407403569252,0.0298507462686567,0.2443388887126104,8.18535277187245,1.9040986329872995,5.851176470588236,2,1,3
12509,284,1,176.5,25.214285714285715,18.9161684431977,0.7502163121948097,0.0,0.0,0.0,0.7963116401738131,25.214285714285715,1,3,1
12510,143,2,982.57,29.774848484848484,32.124828805109225,1.0789250135548658,5.6875,32.17335854398791,5.65685424949238,1.9253090510550808,29.774848484848484,2,2,2
12512,66,2,132.18,4.263870967741935,2.920629700845755,0.6849714081269361,0.0,0.0,0.0,0.9829903636138076,4.263870967741935,0,3,2
12513,113,1,612.29,17.494,9.986948600695868,0.5708785069564347,0.0,0.0,0.0,1.836172038305871,17.494,0,0,1
12514,267,1,1017.68,19.95450980392157,10.635650297696989,0.5329948168211484,0.0,0.0,0.0,1.7083792216633389,19.95450980392157,1,0,1
12515,353,1,383.7,23.98125,22.111873695671598,0.9220484209818752,0.0,0.0,0.0,1.64622455382987,23.98125,1,0,1
12516,78,2,1312.06,50.46384615384615,32.54597290933833,0.6449364325128399,4.08,20.4,5.0,1.9768977812900013,50.46384615384615,2,1,2
12517,28,5,2481.6,8.894623655913978,8.363324253769132,0.9402673544493826,0.5755395683453237,5.573892750469419,9.684638653940617,2.1253521329992395,8.894623655913978,3,1,3
12518,1,5,2056.89,16.58782258064516,8.975297314683546,0.5410774844647793,0.8780487804878049,4.914991062569896,5.597628710149047,2.002588270509406,16.58782258064516,2,1,3
12519,64,1,330.84000000000003,19.46117647058824,11.00820709877007,0.5656496212038785,0.0,0.0,0.0,1.5992212565872683,19.46117647058824,0,0,0
12520,79,5,2634.26,17.330657894736845,11.726679982218656,0.6766436712007301,1.2781456953642385,8.469678420024653,6.626535965926023,1.9002901383591813,17.330657894736845,2,1,2
12521,143,1,599.68,15.781052631578946,8.921051867890215,0.5653014457374403,0.0,0.0,0.0,1.7601694191782522,15.781052631578946,0,0,1
12522,39,2,192.72,16.06,4.292248827829067,0.2672633143106518,1.0909090909090908,3.618136134933164,3.3166247903554003,2.138333059508028,16.06,2,0,2
12523,19,11,1789.77,16.884622641509434,5.421290511365846,0.3210785711039852,2.933333333333333,13.04744792807764,4.44799361184465,2.141763522920324,16.884622641509434,2,1,3
12524,9,8,4485.72,31.15083333333333,33.07600885140862,1.061801734081227,2.244755244755245,11.591775121517932,5.163937203666867,2.654554009270199,31.15083333333333,3,1,3
12526,1,3,1316.66,18.54450704225352,8.519842518452757,0.4594267455608477,1.3285714285714283,7.880854490144074,5.931825960323497,1.9044201482746173,18.54450704225352,2,1,3
12527,82,3,348.71000000000004,19.37277777777778,13.665484131048844,0.7053962156487601,14.294117647058824,51.71770091791876,3.618110763805016,1.7249347863977138,19.37277777777778,2,0,2
12528,9,6,1933.48,21.01608695652174,12.022408286335333,0.572057410649632,3.318681318681319,16.0082472639568,4.823677155695592,2.284510727203524,21.01608695652174,2,1,3
12530,60,4,1662.28,25.186060606060607,19.07785642520893,0.7574767933583929,4.246153846153846,19.93272338488801,4.694300797165655,2.234912453298563,25.186060606060607,2,1,2
12531,15,1,125.22,7.365882352941177,6.801954736345584,0.9234405887068752,0.0,0.0,0.0,1.5176745294625686,7.365882352941177,0,0,0
12532,30,1,349.83000000000004,21.864375000000003,9.539831562978458,0.4363185118704951,0.0,0.0,0.0,1.2996509635498974,21.864375000000003,0,0,0
12534,131,1,1089.18,17.28857142857143,13.107948691309758,0.758185761354886,0.0,0.0,0.0,2.019322759996749,17.28857142857143,2,0,1
12535,92,2,716.35,21.069117647058825,8.924090775398799,0.4235626249229555,2.8484848484848486,16.3632996598356,5.7445626465380295,1.8173819862890284,21.069117647058825,2,1,2
12536,43,3,12601.830000000002,48.2828735632184,362.18342853366886,7.501281547782153,0.0576923076923076,0.9302605094190636,16.1245154965971,2.190590834538163,48.2828735632184,3,1,2
12538,29,1,363.95,17.33095238095238,7.189807997966221,0.4148536006519869,0.0,0.0,0.0,1.690589797897894,17.33095238095238,0,0,0
12539,22,4,5568.35,20.396886446886448,17.993077023812585,0.8821482176050061,1.1397058823529411,14.876203932980047,13.05266925732443,1.981888668157188,20.396886446886448,3,1,3
12540,20,17,13400.24,28.03397489539749,29.064644578260108,1.0367650212539723,0.70020964360587,4.395884720618322,6.277955124954909,2.167912687654819,28.03397489539749,3,1,3
12541,30,3,981.18,18.868846153846157,12.460669363861442,0.6603832191043386,4.901960784313726,24.76792676181096,5.052657059409436,2.000678515257321,18.868846153846157,2,1,3
12544,36,1,372.7,19.61578947368421,10.29388292778746,0.5247753571987168,0.0,0.0,0.0,1.3066469989453455,19.61578947368421,0,0,0
12545,75,2,1000.39,20.0078,14.49607340078051,0.7245211068073707,3.755102040816327,26.28571428571429,7.0,1.7717485028917932,20.0078,2,1,2
12546,47,2,1161.5,16.833333333333332,10.423762822155396,0.6192334349795285,0.4558823529411764,3.759302188063161,8.246211251235321,1.562767165882862,16.833333333333332,2,1,3
12547,198,2,207.8,25.975,4.709185552877331,0.1812968451540839,11.714285714285714,30.99308678675663,2.6457513110645907,0.9002560512685369,25.975,1,3,2
12548,166,1,95.2,19.04,5.1154667431232514,0.2686694718026918,0.0,0.0,0.0,0.5004024235381879,19.04,0,3,1
12550,79,1,964.83,16.92684210526316,17.690194838414094,1.0450971733772825,0.0,0.0,0.0,2.070777967397963,16.92684210526316,2,2,0
12551,358,1,168.0,16.8,3.1989581637360205,0.1904141764128583,0.0,0.0,0.0,0.0,16.8,1,3,1
12552,39,2,437.82,21.891,23.76251224978228,1.0854923141831017,0.0,0.0,0.0,1.7771358806162143,21.891,0,0,2
12553,8,10,3692.28,19.33130890052356,11.880807825798376,0.6145888975720937,1.668421052631579,8.15916744323526,4.890352726229335,2.20584143704011,19.33130890052356,3,1,3
12556,50,2,599.56,5.038319327731092,3.861140237166213,0.7663548072299343,0.847457627118644,9.205746178983231,10.862780491200215,1.6810117165176883,5.038319327731092,2,1,3
12557,16,5,11990.96,363.36242424242425,446.19750586925,1.2279682105257002,11.03125,32.57694056309789,2.953150419317656,2.2174650610676943,363.36242424242425,3,1,2
12558,8,1,269.96,24.54181818181818,22.013082391242627,0.8969621658900168,0.0,0.0,0.0,1.4681399390162089,24.54181818181818,0,0,0
12559,311,2,561.71,26.74809523809524,24.54008101434216,0.917451534245759,0.4,1.7888543819998317,4.472135954999579,2.086673901075005,26.74809523809524,1,0,2
12560,5,3,2134.01,20.323904761904764,17.180256921113195,0.8453226445597187,1.3076923076923077,10.774905151815483,8.23963335138831,2.0199193269029028,20.323904761904764,3,1,3
12561,303,1,238.85,14.928125,4.683017857108812,0.3137043571854343,0.0,0.0,0.0,1.6674619334292948,14.928125,1,0,1
12562,8,7,3781.74,22.510357142857146,19.08493113110108,0.8478288909404085,1.125748502994012,6.309468540350244,5.604687479991973,1.979257180583152,22.510357142857146,3,1,3
12564,261,1,456.9,21.75714285714286,8.372563611497462,0.3848190760373094,0.0,0.0,0.0,1.794404993585193,21.75714285714286,1,0,1
12565,289,1,145.92000000000002,16.213333333333335,4.985759721446673,0.3075098512405431,0.0,0.0,0.0,0.936888307539016,16.213333333333335,1,3,1
12566,86,1,351.65,18.507894736842104,9.859135965605915,0.5326989431153488,0.0,0.0,0.0,2.0041506270010965,18.507894736842104,0,0,0
12567,23,10,9401.28,21.07910313901345,17.3024339679799,0.820833498174614,0.7707865168539326,7.569292549195945,9.820219196478703,2.22053289046752,21.07910313901345,3,1,3
12569,2,32,4124.6900000000005,21.93984042553192,14.513757164608462,0.6615251926681497,1.267379679144385,4.599340191133769,3.629015256295421,2.219080526620179,21.93984042553192,3,1,3
12571,40,2,519.61,15.28264705882353,6.172507623041566,0.403889954356947,2.4545454545454546,14.100290132411525,5.744562646538028,1.553849422336182,15.28264705882353,2,0,3
12572,9,2,1020.42,17.007,11.707049057175707,0.6883664995105373,0.7288135593220338,5.598123172175427,7.68114574786861,1.7042466542093035,17.007,2,1,3
12573,227,1,160.54000000000002,5.733571428571429,7.948758213888326,1.3863537435459892,0.0,0.0,0.0,1.2620979543212705,5.733571428571429,1,2,1
12574,316,1,218.45,19.85909090909091,6.252552206172219,0.3148458423799241,0.0,0.0,0.0,1.7201934592198251,19.85909090909091,1,0,1
12576,36,5,1315.83,14.952613636363637,4.856508961927609,0.3247933157395937,3.0804597701149423,14.350446383791011,4.658540430559023,1.5794254288122485,14.952613636363637,2,0,3
12577,35,3,626.6,4.291780821917809,5.035080889660342,1.1731915255193262,2.2275862068965515,26.823689992758016,12.0415945787923,1.7575783610356264,4.291780821917809,3,2,3
12578,21,2,2794.51,24.51324561403509,25.46520383163912,1.0388344421050055,2.725663716814159,28.9742027462148,10.630145812734652,1.942473285920285,24.51324561403509,3,1,2
12579,78,1,440.42,15.18689655172414,8.532003659938383,0.5618003408978091,0.0,0.0,0.0,2.028421999546442,15.18689655172414,0,0,0
12580,247,1,415.7,17.320833333333333,6.165258848310155,0.3559447013698429,0.0,0.0,0.0,1.435989828544836,17.320833333333333,1,0,1
12581,40,1,197.71,13.180666666666667,3.775621929216557,0.2864515145326405,0.0,0.0,0.0,1.2048762065511598,13.180666666666667,0,0,0
12582,239,2,511.36,23.24363636363637,22.969411242211955,0.988202141991284,2.333333333333333,10.692676621563628,4.58257569495584,1.9722469794234416,23.24363636363637,1,0,2
12583,3,15,7281.38,29.47927125506073,22.17591686712561,0.7522545817111627,1.4796747967479675,7.267876868764735,4.911806894824519,2.420739020856924,29.47927125506073,3,1,3
12584,4,9,2338.15,24.355729166666663,16.30945833072536,0.6696353953979148,2.863157894736842,12.208830538307174,4.264113607129344,1.8127352396860532,24.355729166666663,2,1,3
12585,234,2,2040.1,23.44942528735632,22.168976141315973,0.945395286649914,1.3604651162790695,12.616434464802296,9.273618495495706,2.0163054118917003,23.44942528735632,2,2,2
12586,17,1,196.94000000000003,17.903636363636366,8.664634178922125,0.483959459572171,0.0,0.0,0.0,1.8462202193216333,17.903636363636366,0,0,0
12587,8,1,144.0,36.0,10.161364737737411,0.282260131603817,0.0,0.0,0.0,1.039720770839918,36.0,0,3,0
12588,39,1,214.9,21.49,9.00508498325005,0.419036062505819,0.0,0.0,0.0,1.5047882836811908,21.49,0,0,0
12589,29,2,646.68,18.47657142857143,10.45237292024474,0.5657095506410681,3.3823529411764706,19.72233729138852,5.830951894845301,2.1488623228284287,18.47657142857143,2,1,3
12590,211,2,9864.26,145.06264705882353,92.92868335397536,0.6406106963999657,0.0,0.0,0.0,2.202579014680328,145.06264705882353,2,0,2
12591,317,1,452.85,17.41730769230769,14.520936211606278,0.833707279456251,0.0,0.0,0.0,1.624289648878837,17.41730769230769,1,0,1
12592,92,2,437.6,24.311111111111117,7.501755785766493,0.3085731356119672,7.117647058823529,29.34681062939629,4.123105625617661,1.4270610433807247,24.311111111111117,0,0,2
12593,109,3,418.1,19.90952380952381,7.060304863241017,0.3546194741163868,5.5,20.20552295524016,3.673731446407301,1.0738313231858438,19.90952380952381,0,3,2
12594,38,10,3338.2200000000003,28.290000000000003,15.06336201562172,0.5324624254373177,2.4017094017094016,10.669857502409354,4.442609707408877,2.2676844265711877,28.290000000000003,2,1,3
12596,51,2,618.27,22.898888888888887,22.139078629520757,0.9668189027400008,7.3076923076923075,37.26206567625496,5.0990195135927845,2.1694905915501623,22.898888888888887,2,1,3
12597,19,4,3811.22,18.50106796116505,24.5527987143534,1.3271016984474264,1.2097560975609756,11.616836262259255,9.60262674904495,2.273621964138785,18.50106796116505,3,1,3
12598,10,8,3023.08,22.90212121212121,14.759405335168182,0.6444558212955661,2.0763358778625958,11.405544077408267,5.493111301987071,2.397838551633821,22.90212121212121,3,1,3
12599,29,7,1032.58,16.654516129032256,9.57112266697554,0.574686324887644,4.459016393442623,16.853855909446757,3.779725038515634,1.6517077277739936,16.654516129032256,2,1,3
12600,29,10,2599.04,40.61,40.75933722999641,1.0036773511449495,5.380952380952381,14.40030081611041,2.6761620985691907,2.328685345548814,40.61,3,1,3
12601,190,5,577.0600000000001,20.609285714285715,13.235267960620142,0.6421992563985789,5.222222222222222,14.009154516115888,2.68260405627751,1.9091747482626005,20.609285714285715,2,0,2
12602,59,1,153.12,12.76,4.742312439383055,0.3716545798889542,0.0,0.0,0.0,1.5171063970610277,12.76,0,0,0
12603,22,1,739.1999999999999,369.6,344.5024237940859,0.9320953024731764,0.0,0.0,0.0,0.6931471805599453,369.6,0,3,0
12604,79,2,254.18,15.88625,6.328255025413142,0.3983479440027156,12.133333333333333,46.99219793398333,3.872983346207417,1.331660286822432,15.88625,0,0,2
12607,60,1,1579.51,15.63871287128713,5.979403091173288,0.3823462416879298,0.0,0.0,0.0,2.1411357401356064,15.63871287128713,2,0,0
12609,78,3,1126.85,18.78083333333333,11.51706372826442,0.6132349680044952,4.067796610169491,22.015562212765005,5.412159043971397,2.1560148818795555,18.78083333333333,2,1,2
12610,23,5,2099.54,19.80698113207547,18.07965561038475,0.9127920852666696,0.961904761904762,6.493967332964628,6.751154158032533,2.0094574162251875,19.80698113207547,3,1,3
12611,52,1,1193.32,18.35876923076923,16.95708263784011,0.923650296198511,0.0,0.0,0.0,1.7951168487703446,18.35876923076923,0,0,0
12612,74,1,704.04,37.054736842105264,16.82652448712418,0.4540991495587742,0.0,0.0,0.0,1.9408430327407735,37.054736842105264,0,0,0
12613,57,5,3344.38,21.85869281045752,14.444812522366968,0.6608269143823806,1.3421052631578947,12.454476183102557,9.27980578348818,1.8879389145013843,21.85869281045752,2,1,3
12614,278,1,315.6,15.78,2.840700432528643,0.1800190388167707,0.0,0.0,0.0,1.6229667426615422,15.78,1,0,1
12615,2,4,2291.19,21.820857142857143,18.75354551679627,0.8594321201051018,1.5865384615384617,10.490504793099342,6.61219696049898,2.074136329634633,21.820857142857143,3,1,3
12616,95,2,713.3,22.290625,14.658441570446485,0.6576056781919074,6.516129032258065,36.28027100940853,5.5677643628300215,1.3568735896254884,22.290625,0,0,2
12617,29,1,352.98,8.609268292682927,7.666274972319968,0.8904676578421403,0.0,0.0,0.0,1.9116061084642388,8.609268292682927,0,0,0
12618,22,1,177.31,16.11909090909091,8.464237064904852,0.5251063544862296,0.0,0.0,0.0,1.8462202193216333,16.11909090909091,0,0,0
12619,16,9,3641.24,40.45822222222222,52.29322901961952,1.2925241433593384,2.640449438202247,10.535920366893825,3.990199628312981,2.422866534346265,40.45822222222222,3,1,3
12620,15,3,1339.41,14.558804347826088,7.175569027080602,0.4928680168816235,2.076923076923077,14.564973791204071,7.012765158727886,2.1803705115461534,14.558804347826088,2,1,3
12621,2,20,13689.67,29.31406852248394,38.81796118358395,1.324209266748848,0.759656652360515,4.796746555350563,6.314361284727012,2.3684573618110494,29.31406852248394,3,1,3
12622,232,1,180.1,16.37272727272727,4.623276091494193,0.2823766630007558,0.0,0.0,0.0,1.8462202193216333,16.37272727272727,1,0,1
12623,276,1,305.1,16.950000000000003,8.66373442100155,0.5111347741003863,0.0,0.0,0.0,1.9559838465843624,16.950000000000003,1,0,1
12624,106,2,641.13,16.87184210526316,7.714713164962045,0.4572537555075533,1.9189189189189189,11.672328098680367,6.082762530298219,2.002329009394729,16.87184210526316,2,1,2
12625,212,2,2683.82,31.207209302325584,33.26730738060531,1.066013530986451,1.258823529411765,11.605779493298108,9.21954445729289,1.932026614529518,31.207209302325584,3,2,2
12626,23,9,6620.4800000000005,22.518639455782317,20.06456022399176,0.891020093082915,1.023890784982935,9.69020702602423,9.464102195417,2.0922767540460354,22.518639455782317,3,1,3
12627,11,7,4478.53,19.47186956521739,11.934482442148544,0.6129089146872222,0.5545851528384279,4.396254229748958,7.927104083563083,2.370768613369972,19.47186956521739,3,1,3
12628,4,3,786.46,19.1819512195122,7.599360900599534,0.3961724651280178,1.475,6.520136462312693,4.420431499873012,2.0843316670933056,19.1819512195122,2,1,3
12630,10,2,1270.88,19.8575,18.883951614305428,0.9509732652300352,0.5396825396825397,4.2835973607712425,7.937253933193773,2.012806734759498,19.8575,2,1,3
12631,57,1,640.5,20.661290322580644,26.501484202705264,1.2826635601621597,0.0,0.0,0.0,1.7371111348211223,20.661290322580644,0,2,0
12633,59,4,2163.98,21.425544554455445,30.181442757934796,1.4086663086310474,2.28,13.164905904515518,5.77408153706821,2.0028642338654565,21.425544554455445,3,2,2
12635,90,2,1689.18,16.724554455445546,13.112677188488432,0.7840374596178806,0.65,6.5,10.0,1.8180665513792609,16.724554455445546,2,1,2
12637,67,8,6002.9,15.714397905759162,13.093808620001033,0.8332364178714279,0.6666666666666666,6.340485343092035,9.510728014638053,2.1310687049741044,15.714397905759162,3,1,3
12638,33,1,671.69,17.222820512820515,23.999062256758677,1.3934455299521924,0.0,0.0,0.0,2.134694671497853,17.222820512820515,3,2,0
12639,239,1,486.1,22.095454545454547,22.57095114295885,1.021520109329551,0.0,0.0,0.0,1.705561958844477,22.095454545454547,1,0,1
12640,24,3,1174.58,22.16188679245283,15.644463146454845,0.7059174741287155,1.0961538461538465,7.764321657388795,7.083240810249426,1.9078017054608023,22.16188679245283,2,1,3
12641,115,1,185.9,18.59,8.260037664697554,0.4443269319363934,0.0,0.0,0.0,2.163955656882057,18.59,0,0,1
12642,25,3,1013.26,21.55872340425532,17.588552924759018,0.8158438973843574,1.7826086956521738,9.101680048768191,5.105820515162644,2.03725982190826,21.55872340425532,2,1,3
12643,128,6,3344.64,139.36,178.85244586335503,1.283384370431652,8.782608695652174,25.30532915799489,2.881299854623181,2.441302637807622,139.36,3,1,2
12644,130,1,477.91,15.416451612903224,5.560847386497312,0.3607086459404839,0.0,0.0,0.0,1.995854147533069,15.416451612903224,0,0,1
12645,34,4,1775.18,24.31753424657534,14.852057824200466,0.6107550902819061,3.9027777777777777,19.07890193951233,4.888544269198889,1.9115828910414223,24.31753424657534,2,1,3
12646,5,2,1346.97,29.932666666666663,17.70379111941846,0.5914538559684557,1.0,6.633249580710799,6.633249580710799,2.1926646009665447,29.932666666666663,2,1,3
12647,22,12,3722.82,30.76710743801653,29.12468444573024,0.946617568921774,2.833333333333333,11.89826153061784,4.199386422571003,2.36354123233002,30.76710743801653,3,1,3
12648,155,1,318.05,15.145238095238096,8.957338119691373,0.5914293366248038,0.0,0.0,0.0,1.7727846757412598,15.145238095238096,1,0,1
12649,107,3,623.51,20.113225806451613,14.348826522773397,0.7134025472020903,3.5,19.170289512680814,5.477225575051661,2.296021697789647,20.113225806451613,2,1,2
12650,3,1,314.44,15.722,23.94229545342191,1.5228530373630524,0.0,0.0,0.0,1.495615780172503,15.722,0,2,0
12651,335,1,114.0,12.666666666666666,3.904404564078882,0.3082424655851749,0.0,0.0,0.0,0.9950269901795212,12.666666666666666,1,3,1
12652,331,1,919.98,19.16625,17.011660034448713,0.8875841666705125,0.0,0.0,0.0,1.7278951223884795,19.16625,1,0,1
12653,149,2,2209.85,51.391860465116274,62.69382183641587,1.2199173423381149,3.5,22.682592444427517,6.480740698407861,1.9883263108975813,51.391860465116274,3,2,2
12654,11,5,601.98,15.841578947368422,4.368287762966784,0.2757482557439413,7.648648648648648,30.514310136772277,3.989503445443725,1.6739961343926495,15.841578947368422,2,0,3
12656,17,5,4051.17,32.152142857142856,32.48421949457042,1.0103282894363537,1.72,10.22851800825326,5.946812795496082,2.5431877273056163,32.152142857142856,3,1,3
12657,11,4,1643.18,34.961276595744685,30.52879756792872,0.873217472031457,1.434782608695652,6.833421703210848,4.762687853753016,2.356808000119134,34.961276595744685,3,1,3
12658,19,1,686.05,19.056944444444444,8.707792838091127,0.4569354160356834,0.0,0.0,0.0,2.0284017276232285,19.056944444444444,2,0,0
12659,30,1,91.68,18.336,5.585738984234762,0.304632361705648,0.0,0.0,0.0,1.3321790402101223,18.336,0,0,0
12660,11,1,245.1,18.85384615384616,2.855510866323627,0.1514550847091274,0.0,0.0,0.0,1.412744636863848,18.85384615384616,0,0,0
12662,1,11,3849.78,16.73817391304348,7.065240961115043,0.4221034503416974,1.6069868995633187,8.351023894824687,5.196696934551232,2.145718479085388,16.73817391304348,2,1,3
12664,8,9,4881.88,131.94270270270272,98.81014131062572,0.7488867461906379,8.61111111111111,22.468107909120278,2.609199628155903,2.157485523082231,131.94270270270272,3,1,3
12665,325,1,63.0,21.0,7.937253933193772,0.3779644730092272,0.0,0.0,0.0,1.0986122886681096,21.0,1,3,1
12667,58,1,620.13,18.791818181818183,26.117632029740165,1.3898406091971447,0.0,0.0,0.0,1.825626396679767,18.791818181818183,0,2,0
12668,12,4,3807.15,23.64689440993789,28.116420496660517,1.1890111237966308,2.14375,20.20830107628885,9.4266127469569,2.0014702141260186,23.64689440993789,3,1,3
12669,151,3,2744.03,27.16861386138613,112.0846123785928,4.125518252438157,1.05,9.817912921869604,9.350393258923432,2.035179497527221,27.16861386138613,3,2,2
12670,10,5,2996.05,32.56576086956522,19.389599298417107,0.5953983196056053,2.4285714285714284,13.25404999499554,5.45754999793934,1.9323426762907037,32.56576086956522,2,1,3
12672,330,1,225.9,22.59,12.750529400773914,0.5644324657270435,0.0,0.0,0.0,1.6094379124341,22.59,1,0,1
12673,5,2,610.52,14.536190476190477,10.091602631403546,0.694239845572543,7.829268292682927,50.13177756624255,6.4031242374328485,2.0379828736900607,14.536190476190477,2,1,3
12674,39,4,1970.6,23.742168674698792,19.10951263869058,0.8048764584447976,2.0609756097560976,11.150317009251582,5.410212986737454,1.9828843289192428,23.742168674698792,2,1,3
12676,25,6,1331.39,29.58644444444445,22.285103682990048,0.7532200675493673,6.454545454545454,18.51643461769501,2.868743391473876,2.296937585408137,29.58644444444445,3,1,3
12678,42,12,17628.46,106.83915151515151,155.71285285941283,1.45745123066922,1.859756097560976,9.336837259023865,5.020463313048897,3.0324668303020106,106.83915151515151,3,1,3
12679,59,4,1113.02,23.187916666666663,17.121998660219766,0.7384017678842687,4.74468085106383,20.53678363233024,4.328380406813996,2.092451454253001,23.187916666666663,2,1,3
12680,1,4,862.81,16.592499999999998,5.7386538952451005,0.3458583031637849,2.176470588235294,10.702720929470114,4.917466372999782,1.6227981471606765,16.592499999999998,2,0,3
12681,15,22,13787.54,21.610564263322885,18.867566274905087,0.873071431407593,0.5368916797488226,4.246045708613123,7.908570515750175,2.1969374843564022,21.610564263322885,3,1,3
12682,4,31,12279.82,23.434770992366413,24.998419218570174,1.0667234267709764,0.6749521988527725,3.785114491302749,5.607974161335234,2.220786643729671,23.434770992366413,3,1,3
12683,4,15,8476.57,24.64119186046512,25.063034923300503,1.017119426090432,1.0408163265306123,6.844007190190683,6.575614751359676,2.197630635664227,24.64119186046512,3,1,3
12684,8,7,2283.63,21.748857142857144,14.463138910445998,0.6650068468170544,1.9519230769230769,11.418244477391507,5.849741013047866,2.076072967734537,21.748857142857144,2,1,3
12685,28,6,2863.08,18.23617834394904,11.391930034753,0.624688452804749,0.4038461538461538,2.631763412628428,6.516747497937059,2.2279827424267227,18.23617834394904,2,1,3
12686,372,1,89.14,12.734285714285717,3.9516868007761663,0.3103186852752206,0.0,0.0,0.0,1.2770342594661392,12.734285714285717,1,3,1
12688,114,1,4873.81,28.50181286549708,25.909800727775,0.9090579904529568,0.0,0.0,0.0,2.520295940665884,28.50181286549708,3,0,0
12689,26,2,1247.61,17.327916666666667,10.35102443559077,0.5973611620318332,1.4225352112676055,11.986494747757918,8.426149773176357,1.915741909466788,17.327916666666667,2,1,3
12690,206,1,389.01,24.313125,13.081858542144028,0.5380574706930528,0.0,0.0,0.0,1.7868083399845722,24.313125,1,0,1
12691,28,6,1035.8,32.36875,33.14135354079747,1.0238688099107154,10.548387096774194,34.58114969139249,3.278335291844548,1.967644277868675,32.36875,3,1,3
12693,127,4,855.91,21.946410256410257,14.246854036331095,0.6491655751386393,5.026315789473684,17.877188910928957,3.556718212645552,1.8526645985875096,21.946410256410257,2,0,2
12694,70,2,869.67,23.504594594594597,15.910949513288465,0.6769293318059416,3.111111111111111,18.666666666666668,6.0,2.0045286029305727,23.504594594594597,2,1,2
12695,7,4,582.1,21.55925925925926,14.370884541569543,0.6665759880130178,7.730769230769231,23.57550880436338,3.04956830305198,2.015457884759063,21.55925925925926,2,1,3
12697,29,3,957.59,23.355853658536585,17.548235947754087,0.7513420919787358,3.475,17.014303937027176,4.8962025718063815,2.125278777875806,23.355853658536585,2,1,3
12700,8,4,4939.99,18.432798507462685,14.368521722278643,0.7795084244240732,0.7715355805243446,7.4260929097207296,9.625081586871042,2.1498639856074866,18.432798507462685,3,1,3
12701,80,2,797.71,15.0511320754717,6.863147029992694,0.4559887585583893,3.1153846153846154,22.465357947121777,7.211102550927978,2.211121987514133,15.0511320754717,2,1,2
12702,20,1,219.0,18.25,2.744333003912543,0.15037441117329,0.0,0.0,0.0,1.2342678660790765,18.25,0,0,0
12703,71,1,283.55,13.502380952380951,5.230737906607351,0.3873937437445049,0.0,0.0,0.0,1.7500112942329409,13.502380952380951,0,0,0
12704,7,8,2340.84,26.600454545454543,27.9173469702975,1.0495063880428308,1.8160919540229885,7.387180498158711,4.067624704682328,2.1587438849234872,26.600454545454543,3,1,3
12705,15,9,6868.29,20.56374251497006,16.373694993901722,0.7962410043785535,1.015015015015015,8.496087853242507,8.370406080265546,2.2627745382612945,20.56374251497006,3,1,3
12707,292,1,603.42,18.285454545454545,14.285712725243425,0.7812610121193082,0.0,0.0,0.0,1.5415531988920133,18.285454545454545,1,0,1
12708,30,10,2712.91,17.27968152866242,7.207940993062049,0.4171339026767353,2.141025641025641,9.888049951557669,4.618370636056874,1.9617798823768544,17.27968152866242,2,1,3
12709,15,15,9706.52,46.891400966183575,53.65652422322084,1.1442721504933502,1.674757281553398,6.817913541748061,4.070986056811886,2.5991139443312,46.891400966183575,3,1,3
12710,97,3,1149.02,14.922337662337664,8.775641211555861,0.5880875644373478,1.355263157894737,8.545882357203254,6.305699603373275,2.0772347919950764,14.922337662337664,2,1,2
12712,29,13,4396.13,33.053609022556394,24.125906902041603,0.7299023500150207,2.5454545454545454,9.468601093194298,3.719807572326332,2.345244655231886,33.053609022556394,3,1,3
12713,1,1,848.55,22.33026315789473,14.375259619153503,0.6437568387576846,0.0,0.0,0.0,1.8256918619010605,22.33026315789473,0,0,0
12714,9,5,4708.86,18.18092664092664,14.33692751641287,0.7885696807190985,1.0968992248062015,9.373482241734306,8.54543610730548,2.020876405826474,18.18092664092664,3,1,3
12715,106,1,343.36,17.168,15.68468431640443,0.9135999718315722,0.0,0.0,0.0,1.2348391579906923,17.168,0,0,1
12716,4,2,1053.49,15.267971014492751,7.152467813466684,0.4684622342207341,1.897058823529412,15.643547814843476,8.246211251235321,2.051912433815911,15.267971014492751,2,1,3
12717,151,2,1030.98,18.74509090909091,17.077638169681002,0.9110458974300716,1.7407407407407407,12.791779767867707,7.3484692283495345,1.5371977942720154,18.74509090909091,2,2,2
12718,71,1,238.25,12.539473684210526,8.023529615161902,0.6398617531503721,0.0,0.0,0.0,1.3372952378958225,12.539473684210526,0,0,0
12719,5,2,644.95,16.53717948717949,6.611012721495753,0.3997666425898664,1.5526315789473684,9.571063846714988,6.164414002968976,2.122125733140243,16.53717948717949,2,1,3
12720,3,25,5781.7300000000005,16.33257062146893,10.947516846355194,0.6702874336244927,1.0141643059490084,4.820920666760612,4.7535893725321126,2.3421209305773827,16.33257062146893,3,1,3
12721,32,6,2656.13,16.497701863354038,9.238305665031818,0.5599753069579134,2.0,11.735019890221716,5.867509945110858,2.385579513310789,16.497701863354038,2,1,3
12722,85,4,997.63,18.82320754716981,12.79252317289958,0.6796144143256295,1.2115384615384617,5.928781703578552,4.893597596604519,1.8186279554459184,18.82320754716981,2,1,2
12723,4,5,725.07,10.508260869565218,10.702049000696045,1.0184415036452026,0.8823529411764706,5.978891755153454,6.776077322507248,2.2524632656696792,10.508260869565218,3,1,3
12724,5,4,1031.41,19.46056603773585,8.808055843962547,0.4526104650236229,6.25,26.93119410063866,4.308991056102186,1.9325237205202137,19.46056603773585,2,1,3
12725,371,1,427.8,17.825,8.889099333257656,0.4986871996217479,0.0,0.0,0.0,1.62853819774689,17.825,1,0,1
12726,28,7,2609.1,21.041129032258063,11.24606736753999,0.5344802244356134,2.6422764227642275,12.648546914081404,4.786988524406193,2.387074934319231,21.041129032258063,2,1,3
12727,11,7,3980.7,28.63812949640288,28.310906987358727,0.988573886814596,2.2246376811594204,13.302772948372157,5.9797481005711965,1.9374037529479828,28.63812949640288,3,1,3
12728,71,4,836.33,18.18108695652174,7.958721066508912,0.4377472637109872,5.777777777777778,28.63317282207101,4.955741449973829,1.8587639589442997,18.18108695652174,2,0,2
12729,114,1,453.01,17.423461538461538,6.143852174203213,0.3526194930118176,0.0,0.0,0.0,1.938879003826354,17.423461538461538,0,0,1
12731,24,12,18895.91,68.96317518248175,71.08949033719003,1.030832616814436,1.2344322344322345,7.229178096079765,5.85627780483613,2.405684554934473,68.96317518248175,3,1,3
12732,180,1,236.26,19.688333333333336,11.983077335319273,0.6086384831280423,0.0,0.0,0.0,0.8369882167858358,19.688333333333336,1,3,1
12733,234,1,383.95,17.452272727272728,16.137965273236063,0.9246913296293616,0.0,0.0,0.0,2.007011557222363,17.452272727272728,1,0,1
12734,353,1,110.4,27.6,22.170250336881622,0.8032699397420879,0.0,0.0,0.0,0.6931471805599453,27.6,1,3,1
12735,315,2,779.5699999999999,18.12953488372093,11.09023099795671,0.6117217606015348,0.5,3.24037034920393,6.48074069840786,2.163166572687542,18.12953488372093,1,0,2
12736,333,1,234.0,58.5,21.068459839295333,0.360144612637527,0.0,0.0,0.0,1.039720770839918,58.5,1,3,1
12738,372,1,155.35,14.122727272727271,3.433319358606452,0.2431059732518247,0.0,0.0,0.0,1.2636544318820966,14.122727272727271,1,3,1
12739,78,2,1013.04,26.658947368421053,30.687671244810797,1.1511208908856612,0.5405405405405406,3.287979746107146,6.082762530298219,1.7150631720208098,26.658947368421053,2,1,2
12740,64,1,427.6,15.837037037037035,6.322009670018408,0.399191443148964,0.0,0.0,0.0,1.6514415069176382,15.837037037037035,0,0,0
12743,134,2,540.13,4.123129770992366,3.576922201680672,0.8675259815603059,0.0,0.0,0.0,0.9520478353196284,4.123129770992366,0,3,2
12744,52,7,21279.29,95.85265765765766,369.8562361226146,3.858591354280168,1.1945701357466063,10.199071589691364,8.537859171673453,2.5381494482844205,95.85265765765766,3,1,3
12747,2,11,4196.01,40.73796116504855,46.59594803470983,1.1437967611076028,3.5588235294117645,12.035075412575177,3.381756727500463,2.390216853347196,40.73796116504855,3,1,3
12748,1,209,33053.19,7.491656844968269,22.18289069281919,2.9610126507220107,0.0675583767853094,0.7441179172456344,11.014443399229842,1.8964342630692217,7.491656844968269,3,2,3
12749,4,5,4090.88,20.55718592964824,11.160059878220078,0.5428787732140262,1.0454545454545454,9.633009795028832,9.21418328220149,2.061183673077269,20.55718592964824,2,1,3
12750,129,1,275.88,18.392,7.752775724124322,0.4215297805635234,0.0,0.0,0.0,1.67458956699991,18.392,0,3,1
12752,81,1,4366.78,82.3920754716981,73.19723033217778,0.888401340943538,0.0,0.0,0.0,1.8576235626092013,82.3920754716981,2,0,0
12753,23,6,21429.39,108.77862944162436,72.44463078264968,0.6659821984751777,1.719387755102041,12.32624182676747,7.168971507556154,2.583149960327504,108.77862944162436,3,1,3
12754,236,3,3010.74,47.78952380952381,95.04691831946812,1.9888651474808492,1.1612903225806452,6.476169552927523,5.576701559465366,0.7899277826390351,47.78952380952381,1,2,2
12755,281,2,3811.95,952.9875,1894.2780319403128,1.9877260005407345,28.33333333333333,49.07477288111819,1.7320508075688774,0.5623351446188083,952.9875,1,2,2
12756,87,1,112.08,28.02,22.64865558923973,0.8083031973318962,0.0,0.0,0.0,0.5623351446188083,28.02,0,3,1
12757,16,13,7834.650000000001,21.52376373626374,100.400463842503,4.664633243178838,0.5234159779614325,4.919953443887477,9.399700527006074,2.26453295713073,21.52376373626374,3,1,3
12758,117,2,2791.59,28.779278350515465,17.02908848653182,0.5917135335753411,1.65625,16.227869545938557,9.797958971132712,2.201432224698964,28.779278350515465,2,1,2
12759,52,3,1531.44,16.12042105263158,7.374191757484192,0.4574441159699356,2.372340425531915,16.21361703196447,6.834439466388611,2.016666038886413,16.12042105263158,2,1,3
12762,8,2,1898.52,27.51478260869565,27.00914614199592,0.9816230978855732,0.25,2.0615528128088303,8.246211251235321,1.503092451471273,27.51478260869565,2,1,2
12763,138,2,494.08,27.448888888888888,26.31112421612463,0.9585497002312244,13.529411764705882,55.78319375835659,4.123105625617661,1.552024408851571,27.448888888888888,0,2,2
12764,317,1,1693.88,37.64177777777778,29.11784007106365,0.7735511389223937,0.0,0.0,0.0,1.6934554297986666,37.64177777777778,1,0,1
12766,4,7,6989.63,22.547193548387096,17.53714680295252,0.7777973238805604,1.1650485436893203,8.88976182687393,7.630378901400123,2.21804539520377,22.547193548387096,3,1,3
12769,239,1,1143.6,35.7375,32.8962824647406,0.9204975855821084,0.0,0.0,0.0,1.8385855576617205,35.7375,1,0,1
12770,211,1,1351.45,112.62083333333334,71.95736243313351,0.6389347361704851,0.0,0.0,0.0,1.126928794800676,112.62083333333334,1,0,1
12772,60,1,892.47,16.226727272727274,18.005438895835052,1.109616165552823,0.0,0.0,0.0,2.046464688733637,16.226727272727274,2,2,0
12775,17,5,1386.04,21.00060606060606,10.730962087312925,0.510983447636903,4.492307692307692,23.125420994088863,5.147782070601973,1.948562745995105,21.00060606060606,2,1,3
12778,20,6,822.23,16.4446,9.273260706054208,0.5639091681192736,5.918367346938775,21.346190853301632,3.6067701786613102,2.125494851510476,16.4446,2,1,3
12779,38,8,3981.36,26.72053691275168,16.394010021182787,0.6135359508198794,2.22972972972973,14.054362188484276,6.303168496653553,2.282113823524861,26.72053691275168,3,1,3
12781,64,2,826.74,33.0696,15.677647697704316,0.474080354697496,9.208333333333334,45.11143609625687,4.898979485566357,1.6934099863011869,33.0696,2,1,2
12782,5,5,2330.92,22.630291262135923,17.958129376375716,0.7935438907241341,3.431372549019608,18.816734601618684,5.483734083900303,2.1541244550921763,22.630291262135923,3,1,3
12783,2,6,2225.91,26.49892857142857,47.779489752475214,1.8030725138069008,0.8554216867469879,4.428655387307072,5.177160523189957,1.9391166210075024,26.49892857142857,3,2,3
12784,9,2,532.82,9.347719298245616,10.034853194446104,1.0735081867862093,0.1071428571428571,0.8017837257372732,7.4833147735478835,1.956197229606532,9.347719298245616,2,1,3
12785,364,1,311.95,22.28214285714285,11.81904602330911,0.5304268130351901,0.0,0.0,0.0,1.226555815613403,22.28214285714285,1,0,1
12787,10,3,463.66,23.183,13.110849304056709,0.5655372171011823,9.578947368421051,28.885436140945345,3.015512564164624,1.8217383933208384,23.183,2,1,3
12789,65,1,91.85,22.9625,11.506547049397575,0.5011016679106185,0.0,0.0,0.0,0.0,22.9625,0,3,0
12790,192,1,324.92,15.472380952380954,8.612819459829577,0.5566576654450975,0.0,0.0,0.0,1.4427145897603335,15.472380952380954,1,0,1
12791,374,1,192.6,96.3,114.97556262093264,1.1939310760221455,0.0,0.0,0.0,0.6931471805599453,96.3,1,3,1
12792,257,1,400.54,16.0216,9.03351384198493,0.5638334399800851,0.0,0.0,0.0,1.6460124172766668,16.0216,1,0,1
12793,335,2,545.48,22.72833333333333,14.02010688623483,0.6168559163849011,1.565217391304348,7.506518906054692,4.79583152331272,1.8967560185207248,22.72833333333333,1,0,2
12794,53,2,860.41,19.12022222222222,10.090821997531156,0.5277565229238409,1.0227272727272727,6.78400525299968,6.633249580710799,2.187275301711694,19.12022222222222,2,1,3
12795,19,1,430.48,30.74857142857143,26.537868982077104,0.8630602252115764,0.0,0.0,0.0,1.6307991045856436,30.74857142857143,0,0,0
12797,366,1,254.03,19.540769230769232,8.312727652560323,0.425404320290061,0.0,0.0,0.0,1.631345420808597,19.540769230769232,1,0,1
12798,10,3,6977.04,872.13,1240.497482464193,1.422376804449099,22.857142857142858,47.21379943557665,2.0656037253064783,1.7328679513998633,872.13,3,2,2
12802,187,1,427.58,17.1032,8.190750230188522,0.4789016225144137,0.0,0.0,0.0,1.6301001713940648,17.1032,1,0,1
12808,37,3,483.65,17.273214285714285,3.548799539929408,0.2054510226776045,12.25925925925926,44.465710724101,3.627112355138148,1.7035450499986562,17.273214285714285,2,0,3
12809,178,1,489.31,19.5724,14.570298349725032,0.7444308490386989,0.0,0.0,0.0,1.9260401482623235,19.5724,1,0,1
12811,261,3,514.85,16.608064516129033,5.687414420956057,0.3424489599876425,0.7333333333333333,4.016632088371217,5.47722557505166,1.905384629733792,16.608064516129033,1,0,2
12812,45,1,229.64,15.309333333333337,5.879105212125234,0.384020981457405,0.0,0.0,0.0,1.5867847075280477,15.309333333333337,0,0,0
12814,102,1,125.92,62.96,32.470343392086264,0.5157297235083587,0.0,0.0,0.0,0.6931471805599453,62.96,0,3,1
12815,148,2,1063.46,22.6268085106383,18.546249955693373,0.8196582362454521,1.0869565217391304,7.372097807744855,6.782329983125267,1.7783713712017544,22.6268085106383,2,2,2
12816,96,2,572.2,19.731034482758623,13.632566141629802,0.6909199897016152,2.857142857142857,15.11857892036909,5.291502622129181,1.8299811828997707,19.731034482758623,2,1,2
12817,281,1,166.04000000000002,41.510000000000005,13.358657617190936,0.3218178178075387,0.0,0.0,0.0,1.3862943611198906,41.510000000000005,1,3,1
12818,262,1,1542.08,110.14857142857144,118.99735400142583,1.0803349735551735,0.0,0.0,0.0,2.007556307437838,110.14857142857144,1,0,1
12820,3,4,942.34,15.97186440677966,5.279517831490071,0.3305511302267909,5.551724137931035,33.45443217367344,6.025953621344905,1.8814105266543493,15.97186440677966,2,0,3
12821,214,1,92.72,15.453333333333331,4.392114145450534,0.2842179127772131,0.0,0.0,0.0,1.2424533248940002,15.453333333333331,1,3,1
12822,71,2,948.88,20.62782608695652,14.571163594662425,0.7063838687236231,0.3555555555555555,2.3851391759997758,6.708203932499368,2.11081044882232,20.62782608695652,2,1,2
12823,75,5,1759.5,351.9,138.96915125307487,0.3949109157518468,55.0,51.43928459844674,0.9352597199717588,1.3321790402101223,351.9,2,0,2
12824,60,1,397.12,15.8848,8.947605415230752,0.5632809613738134,0.0,0.0,0.0,1.2000778987793317,15.8848,0,3,0
12826,3,7,1474.72,16.205714285714286,5.609080761062992,0.3461174658624906,3.988888888888889,19.219310539870182,4.818211555956314,1.8088638245847724,16.205714285714286,2,1,3
12827,6,3,430.15,17.206,8.320543852417341,0.4835838575158283,1.5833333333333333,5.860083592419559,3.7011054267913006,1.7460929019843046,17.206,2,1,3
12828,3,6,1018.71,18.19125,9.187188522858635,0.5050333826899547,2.272727272727273,9.272529211590438,4.079912853099793,2.115921050085054,18.19125,2,1,3
12829,337,2,293.0,26.63636363636364,21.020824090756896,0.78917769624002,2.3,7.273238618387272,3.1622776601683795,1.6417347121875214,26.63636363636364,1,0,2
12830,38,6,6814.64,179.33263157894737,134.07934370776076,0.7476572586218654,3.5405405405405403,11.533994669369024,3.257693150890488,1.9066544057211732,179.33263157894737,2,1,2
12831,262,1,215.05,23.89444444444445,9.833629939029525,0.4115446149791477,0.0,0.0,0.0,1.8891591637540213,23.89444444444445,1,0,1
12832,32,2,383.03,14.186296296296298,3.5025311157110672,0.2468953871085784,2.5,12.74754878398196,5.0990195135927845,1.4712347922028983,14.186296296296298,0,0,3
12833,145,1,417.38,17.390833333333333,5.030143845005755,0.2892411047010832,0.0,0.0,0.0,2.065283288613553,17.390833333333333,1,0,1
12834,283,1,312.38,17.354444444444443,4.183209044321924,0.2410454023874596,0.0,0.0,0.0,1.2676770290452553,17.354444444444443,1,3,1
12836,59,4,2610.36,15.002068965517244,12.980186558500694,0.8652264289903004,1.4508670520231215,10.98435260499346,7.570888448860034,2.10251755574602,15.002068965517244,3,1,2
12837,173,1,134.1,11.175,6.875995795651578,0.6153016371947722,0.0,0.0,0.0,1.2650013752730702,11.175,1,3,1
12838,34,2,671.95,5.599583333333333,5.674163085044902,1.0133188037880618,2.857142857142857,31.167748898959186,10.908712114635716,1.7066932607046303,5.599583333333333,2,2,3
12839,3,14,5591.42,17.80707006369427,8.728569905895478,0.4901744012167177,1.1501597444089458,7.239922813552286,6.294710668449626,2.0199372932309,17.80707006369427,2,1,3
12840,144,4,2726.77,24.13070796460177,10.537611270113604,0.4366888566042744,0.7232142857142857,4.736687977766006,6.549494487775218,1.7547125546276527,24.13070796460177,2,0,2
12841,5,25,3991.58,9.641497584541062,10.26473943740959,1.0646416023448284,0.8619854721549637,4.108697019002884,4.766550193393795,2.373232720361893,9.641497584541062,3,1,3
12842,70,2,1118.99,32.9114705882353,30.522410657044944,0.9274095053034684,7.212121212121212,41.43048211745608,5.744562646538028,1.7707994658331958,32.9114705882353,2,1,2
12843,66,8,1702.26,16.526796116504855,12.3585156172554,0.7477865358860022,1.9019607843137252,10.484793140847737,5.512623197765304,2.3052245036591703,16.526796116504855,3,1,3
12844,29,2,325.96000000000004,6.268461538461539,5.307772098117113,0.84674238894984,1.9803921568627447,14.142828848682898,7.1414284285428495,1.561574369713181,6.268461538461539,2,1,3
12845,267,4,354.09000000000003,13.114444444444446,41.46181119029278,3.1615377506789373,0.8461538461538461,3.727651353786271,4.405406145383775,0.3153962874226617,13.114444444444446,1,2,2
12847,22,1,843.64,10.043333333333331,12.266688689521004,1.2213762385848992,0.0,0.0,0.0,2.249640025709519,10.043333333333331,3,2,0
12849,31,2,1010.29,21.047708333333333,20.55639655478012,0.9766572317150972,5.042553191489362,34.57000298500101,6.855654600401044,2.4516390144119518,21.047708333333333,3,1,3
12851,97,1,131.81,2.8044680851063832,2.8538896481748024,1.017622437328091,0.0,0.0,0.0,1.2664695384942486,2.8044680851063832,0,3,1
12852,295,1,311.55,18.326470588235296,5.111357379865536,0.278905714837792,0.0,0.0,0.0,1.742326588860738,18.326470588235296,1,0,1
12853,135,6,1957.1,25.09102564102564,16.09245839255821,0.6413631161512138,2.3376623376623376,14.586953786833654,6.239974675478841,1.8812146349054653,25.09102564102564,2,1,2
12854,79,3,1316.25,12.075688073394495,15.104773673134453,1.250841656502682,2.212962962962963,17.197071542663164,7.771061617605112,1.8846226436959037,12.075688073394495,3,1,2
12855,373,1,38.1,12.7,4.330127018922195,0.3409548833797004,0.0,0.0,0.0,0.6365141682948128,12.7,1,3,1
12856,8,6,2170.78,6.98,6.436329248379729,0.9221102075042592,0.1741935483870967,1.4262830462827436,8.187921191623158,1.856778437222117,6.98,3,1,3
12857,211,2,1106.4,24.05217391304348,11.809233470851616,0.4909840380144381,2.022222222222222,13.56547906349872,6.708203932499368,1.9456375664911691,24.05217391304348,2,0,2
12863,52,1,521.2,104.24,133.6212108910857,1.281861194273654,0.0,0.0,0.0,1.3321790402101223,104.24,0,2,0
12864,138,1,147.12,49.04,61.14354258627807,1.2468095959681498,0.0,0.0,0.0,1.0986122886681096,49.04,0,2,1
12865,26,2,1568.23,16.507684210526318,7.028926169103319,0.4257972274888347,1.0319148936170213,10.004786088710295,9.695359714832655,1.8424398939159683,16.507684210526318,2,1,3
12866,283,1,559.12,21.504615384615384,12.81863463268042,0.5960876027501983,0.0,0.0,0.0,1.904569378668951,21.504615384615384,1,0,1
12867,26,7,4009.34,7.50812734082397,7.132697760988304,0.9499969083110325,0.6191369606003753,5.960661264692833,9.627371072973576,2.338210806098529,7.50812734082397,3,1,3
12868,186,6,1607.0600000000002,15.0192523364486,5.904255373135322,0.3931124693076048,1.7452830188679245,8.37804536898982,4.800393562772546,1.74315009104226,15.0192523364486,2,0,2
12871,84,2,380.64,34.60363636363636,47.24727870951453,1.3653847882636083,12.3,38.89601522007106,3.162277660168379,1.4205719259467045,34.60363636363636,0,2,2
12872,327,2,599.97,9.090454545454548,8.675186973257638,0.9543182829724888,0.5846153846153846,4.7133199143899205,8.062257748298547,2.1101101971779084,9.090454545454548,1,0,2
12873,282,1,374.0,93.5,17.0,0.1818181818181818,0.0,0.0,0.0,0.5623351446188083,93.5,1,3,1
12875,143,2,343.2300000000001,171.61500000000004,172.73911557606172,1.00655021749883,219.0,0.0,0.0,0.6931471805599453,171.61500000000004,0,3,2
12876,58,2,2218.02,26.09435294117647,20.99206003225408,0.8044675443601034,1.6428571428571428,15.057034426283469,9.165151389911678,2.281486563659708,26.09435294117647,2,1,2
12877,4,12,1535.77,9.972532467532467,12.41039541915258,1.2444577603088334,2.2745098039215685,9.116378619447907,4.008063013722787,2.18815905337068,9.972532467532467,3,1,3
12878,236,2,854.99,18.19127659574468,6.617481662404998,0.3637722524626427,0.6304347826086957,4.275816728492016,6.782329983125266,1.6074486456521258,18.19127659574468,1,0,2
12879,45,3,573.22,57.322,56.14766519336905,0.9795133664800434,5.111111111111111,12.046207333061767,2.3568666521207806,1.834371970281624,57.322,2,1,3
12881,276,1,298.0,42.57142857142857,67.25485643643673,1.5798120639431446,0.0,0.0,0.0,1.2770342594661392,42.57142857142857,1,2,1
12882,9,2,1463.04,112.54153846153848,61.75429078832685,0.5487244232886653,2.0,6.928203230275509,3.4641016151377544,1.711845135233912,112.54153846153848,2,1,2
12883,25,4,703.47,16.749285714285715,4.118723098868968,0.2459044026788586,1.5609756097560976,9.995120760870789,6.403124237432848,1.850992720850792,16.749285714285715,2,0,3
12884,88,1,309.05,44.15,55.69593791292144,1.2615161475180396,0.0,0.0,0.0,1.2770342594661392,44.15,0,2,0
12885,63,3,1175.22,16.552394366197184,6.173301609069432,0.3729552034886486,0.8571428571428571,7.171371656006362,8.366600265340756,2.043727911633276,16.552394366197184,2,1,2
12886,68,2,1378.4,16.809756097560978,5.871800778655694,0.3493091002972772,1.8641975308641976,16.77777777777778,9.0,1.8903888991723297,16.809756097560978,2,1,2
12888,214,2,354.12,70.824,30.414159202581946,0.4294329493191848,10.25,20.5,2.0,1.3321790402101223,70.824,1,0,2
12890,24,1,376.72,4.768607594936708,6.772671467418348,1.420261854762289,0.0,0.0,0.0,1.567456096934551,4.768607594936708,0,2,0
12891,186,3,331.0,110.33333333333331,83.91861136442462,0.7605916437863259,53.5,26.16295090390226,0.4890271196991076,1.0986122886681096,110.33333333333331,1,3,2
12893,31,1,176.55,5.695161290322581,6.817009545232054,1.1969827012302106,0.0,0.0,0.0,1.4255901210866393,5.695161290322581,0,2,0
12895,42,2,372.8,16.945454545454545,3.037852824537388,0.1792724306325711,2.095238095238096,9.601587170383665,4.58257569495584,1.666332585328325,16.945454545454545,2,0,3
12897,205,2,216.5,54.125,17.365363034884513,0.3208381161179586,32.333333333333336,56.0029761113937,1.7320508075688772,1.039720770839918,54.125,1,3,2
12901,9,28,17654.54,152.19431034482758,284.30916581968563,1.868066980792676,2.165217391304348,5.520186932352558,2.5494839245804988,3.3294205271151083,152.19431034482758,3,1,3
12902,265,1,138.68,13.868,4.766596269876441,0.3437118740897347,0.0,0.0,0.0,1.4708084763221112,13.868,1,3,1
12904,18,2,496.06,6.986760563380281,7.420471447219101,1.0620761052142005,2.2,18.40652058374966,8.366600265340754,1.8690680449370032,6.986760563380281,2,1,3
12906,12,5,2919.81,46.34619047619047,55.30811392461885,1.1933691497909067,1.064516129032258,8.382008382012575,7.874007874011814,2.225300823504824,46.34619047619047,3,1,3
12908,176,2,750.0,375.0,80.61017305526642,0.2149604614807104,136.0,0.0,0.0,0.0,375.0,1,3,2
12909,40,5,2178.67,23.94142857142857,34.821976508183845,1.4544652757162533,2.3666666666666667,13.981086743055918,5.907501440727853,2.2291902867523867,23.94142857142857,3,1,3
12910,23,8,3075.04,41.00053333333333,26.802477088696296,0.6537104498322697,2.9324324324324325,11.803564682234809,4.025178739563944,1.8730794252689689,41.00053333333333,2,1,3
12912,3,5,1662.3,69.2625,33.47994769748136,0.4833776964083213,1.5217391304347827,3.894863344753999,2.5594816265526275,1.6722214584764532,69.2625,2,1,3
12913,5,5,2483.63,49.6726,46.67830089811212,0.939719299938238,7.36734693877551,38.97044493242658,5.289617179193636,2.6030508150283125,49.6726,3,1,3
12915,149,2,363.65,16.529545454545453,5.461284932768397,0.3303953486069153,10.61904761904762,48.6625895226263,4.58257569495584,1.771721769306379,16.529545454545453,2,0,2
12916,139,4,2944.95,28.59174757281553,25.8685347678158,0.9047552865362832,1.7647058823529411,10.20597424593448,5.78338540602954,2.420701416401764,28.59174757281553,3,1,2
12917,128,1,594.0,297.0,0.0,0.0,0.0,0.0,0.0,0.0,297.0,0,3,1
12919,8,6,1335.19,26.7038,19.89414444565259,0.7449930139400606,3.2448979591836733,13.133180961856528,4.047332497679056,2.0824748385398277,26.7038,2,1,3
12920,17,1,162.78,6.028888888888889,4.576972742673861,0.7591735105798885,0.0,0.0,0.0,1.1122011827550544,6.028888888888889,0,3,0
12921,9,37,16587.09,23.037625,15.95246924956152,0.692452856992052,0.4909596662030598,3.6736074499247335,7.482503559478423,2.328910457582846,23.037625,3,1,3
12922,161,1,405.38,14.477857142857143,5.352446555266492,0.3696988098758246,0.0,0.0,0.0,1.6474148213817252,14.477857142857143,1,0,1
12923,64,1,172.82,6.172142857142857,5.319382696811002,0.8618372613743088,0.0,0.0,0.0,1.1952684170869834,6.172142857142857,0,3,0
12924,88,4,933.7,31.12333333333333,34.26401372842372,1.1009107977430777,8.206896551724139,25.826867669077853,3.146971270601923,2.0866702552981504,31.12333333333333,3,1,2
12925,5,2,694.05,15.423333333333332,6.168163864112679,0.3999241753260869,1.5909090909090908,10.552897060221728,6.6332495807108005,1.4422392142473015,15.423333333333332,2,0,3
12928,35,5,2062.7,24.55595238095238,18.71997831832796,0.7623397385657384,3.879518072289157,19.62849943344666,5.059520040298363,1.9670386831269728,24.55595238095238,2,1,3
12929,312,1,117.85,14.73125,3.065352170399257,0.2080850009604926,0.0,0.0,0.0,1.320888343149322,14.73125,1,3,1
12930,78,2,415.8,16.632,5.447373220186038,0.3275236423873279,3.875,18.98354550656963,4.898979485566356,1.8496584480669451,16.632,2,0,2
12931,22,15,42055.96,512.8775609756098,577.226646864789,1.1254667600718828,4.074074074074074,13.086995241247868,3.2122624683062946,3.55541503057062,512.8775609756098,3,1,3
12933,24,3,607.53,5.731415094339623,6.427519174638179,1.121454138086427,2.466666666666667,17.951358780083535,7.277577883817648,1.5820640714354068,5.731415094339623,2,2,3
12935,2,7,2160.7,16.749612403100773,6.150210413461067,0.3671852378101901,2.453125,13.801665638952745,5.626156693585832,2.160739361922514,16.749612403100773,2,1,3
12936,17,4,1063.9,17.15967741935484,20.085317365297666,1.1704950433766848,0.9836065573770492,7.179813839923448,7.299477403922172,2.0298378483223285,17.15967741935484,3,1,3
12937,15,4,1504.27,12.535583333333332,12.058335782426065,0.9619285725907768,2.109243697478992,14.034938193705209,6.654014522115219,2.2349120077210998,12.535583333333332,3,1,3
12938,26,1,114.14,12.682222222222222,4.102614342641099,0.3234933334831775,0.0,0.0,0.0,1.4270610433807247,12.682222222222222,0,0,0
12939,64,8,11581.8,246.42127659574467,172.7906293455731,0.701200122540705,5.826086956521739,22.085997925106888,3.790880240876555,1.85088220549589,246.42127659574467,2,1,2
12940,55,2,899.69,9.371770833333334,7.824960197617511,0.8349500149732474,0.3473684210526316,3.385728561881009,9.746794344808963,1.8422993922307849,9.371770833333334,2,1,3
12942,131,3,675.6,9.651428571428571,7.261847947373042,0.7524117174602026,3.391304347826087,21.62053584748724,6.375286211438545,1.572418772055551,9.651428571428571,2,0,2
12944,36,2,604.51,20.15033333333333,7.678847113239445,0.3810779199635793,11.0,59.23681287847954,5.385164807134504,1.802957944976799,20.15033333333333,2,0,3
12945,288,1,462.95,20.128260869565217,8.695647109682318,0.4320118447406703,0.0,0.0,0.0,1.6914532520491752,20.128260869565217,1,0,1
12947,144,6,1603.99,16.535979381443298,14.68011230229196,0.8877679370334729,2.375,12.650982903357855,5.326729643519097,2.103554487574136,16.535979381443298,3,1,2
12948,16,7,2064.95,17.801293103448273,7.229478967355137,0.406121000611732,2.1478260869565218,12.067241053204976,5.618351097646042,2.109627553755891,17.801293103448273,2,1,3
12949,31,8,4167.22,19.382418604651164,8.404646395828001,0.4336221690006815,1.02803738317757,8.296113625931758,8.069855981588166,1.9894139273653133,19.382418604651164,2,1,3
12950,2,3,1843.0,80.1304347826087,66.61718611714254,0.831359349264394,0.9545454545454546,3.5251109098022613,3.6929733340785593,1.431879335420261,80.1304347826087,2,1,2
12951,9,6,1064.07,16.89,6.441978257567138,0.3814078305249934,5.145161290322581,23.40649116510383,4.549223988201998,1.8804870632338175,16.89,2,1,3
12952,6,4,1387.79,17.566962025316457,5.732306412451427,0.3263117666099789,0.9230769230769232,5.729325861318662,6.206769683095216,2.051629846187588,17.566962025316457,2,1,3
12953,10,1,329.85,19.40294117647059,5.789766580685576,0.2983963373401691,0.0,0.0,0.0,1.5992212565872683,19.40294117647059,0,0,0
12955,1,11,4757.16,26.428666666666665,21.355406689181432,0.8080395034122582,1.4692737430167595,7.07209304459333,4.813325684342988,1.9278616065624032,26.428666666666665,3,1,3
12956,306,1,108.07,5.687894736842105,3.792442160911573,0.6667567415315989,0.0,0.0,0.0,0.9430456700020092,5.687894736842105,1,3,1
12957,10,8,4017.54,16.880420168067225,7.420974880508916,0.4396202705041199,1.379746835443038,10.230360015040093,7.414664598056581,2.130814925940096,16.880420168067225,2,1,3
12962,7,2,266.39,16.649375,7.712389572413123,0.4632239692128457,7.066666666666666,27.36908231319908,3.872983346207417,1.7214023220140038,16.649375,0,0,3
12963,8,8,1856.63,19.54347368421053,8.558684002094267,0.4379305409257392,3.75531914893617,29.13656615889144,7.758745662707636,2.219278984647105,19.54347368421053,2,1,3
12965,89,1,769.8100000000001,7.1278703703703705,5.507692674783292,0.7726982097876041,0.0,0.0,0.0,1.461662116278478,7.1278703703703705,0,0,0
12966,10,1,160.18,16.018,3.963964906224295,0.2474694035600134,0.0,0.0,0.0,1.2798542258336676,16.018,0,0,0
12967,358,2,1660.9,87.41578947368421,58.14987592570974,0.6652102128896894,0.7222222222222222,3.064129385141706,4.242640687119286,2.159731616075493,87.41578947368421,1,0,2
12968,112,1,135.95,27.19,21.266182073893752,0.7821324778923778,0.0,0.0,0.0,1.0549201679861442,27.19,0,3,1
12970,7,4,405.47,3.1431782945736435,3.516915815139054,1.11890433362009,2.4609375,27.842329509220296,11.313708498984756,0.9990735517995252,3.1431782945736435,2,2,3
12971,4,86,11189.91,36.68822950819672,36.56015994058782,0.9965092464442776,1.0953947368421053,2.692265877145037,2.457804284240514,2.3332856708979093,36.68822950819672,3,1,3
12974,198,1,144.8,18.1,7.626504535406206,0.4213538417351495,0.0,0.0,0.0,1.4941751382893085,18.1,1,3,1
12976,212,1,738.6,33.57272727272727,46.28879923982621,1.378761959485752,0.0,0.0,0.0,1.8585191558920355,33.57272727272727,1,0,1
12977,156,1,39.24,4.359999999999999,6.578022119147973,1.5087206695293518,0.0,0.0,0.0,0.6837389058487535,4.359999999999999,0,2,1
12980,158,9,7374.900000000001,368.745,265.2201760900991,0.7192509080532592,10.263157894736842,17.77589536817628,1.7320103179248685,1.817382066602084,368.745,2,1,2
12981,30,2,372.22,18.611,7.948374146889876,0.4270793695604684,5.421052631578948,23.629820588667855,4.358898943540672,1.051256318980014,18.611,0,0,3
12982,243,1,390.54,13.947857142857144,5.381140149835285,0.3858040769073282,0.0,0.0,0.0,1.5162023070274562,13.947857142857144,1,0,1
12984,19,1,97.5,24.375,6.551526539669972,0.2687805759864604,0.0,0.0,0.0,1.039720770839918,24.375,0,3,0
12985,1,2,1239.38,16.30763157894737,7.834755876804509,0.4804349324962019,0.36,3.117691453623979,8.660254037844387,2.128201330672163,16.30763157894737,2,1,3
12987,74,2,558.7,19.95357142857143,9.110788563783505,0.4565993910612816,4.592592592592593,23.863811126504533,5.196152422706632,1.9393583608348224,19.95357142857143,2,1,2
12988,292,1,505.82,6.094216867469879,5.620339396157913,0.9222414492924494,0.0,0.0,0.0,0.913255571929328,6.094216867469879,1,3,1
12989,3,15,6924.11,108.18921875,151.26036573483847,1.398109418687696,5.634920634920635,13.673970548385562,2.4266482945022263,2.6562447865295566,108.18921875,3,1,3
12990,31,3,409.5,31.5,13.227181609599732,0.4199105272888804,23.08333333333333,54.2644339128198,2.350805801277392,0.8981370031878679,31.5,0,3,2
12991,23,2,503.76,16.25032258064516,7.491363687104849,0.4609978448075479,2.966666666666667,16.249102539319928,5.477225575051661,1.6526549190532784,16.25032258064516,2,0,3
12993,23,4,414.76,15.361481481481482,3.732490098604729,0.2429772221581823,10.538461538461538,29.79292636748632,2.8270660056738843,1.8923156291019725,15.361481481481482,2,0,3
12994,4,3,974.42,15.974098360655738,4.064516526004531,0.2544441904787221,4.383333333333334,23.997239718857124,5.474655449168925,2.1061342040546784,15.974098360655738,2,1,3
12995,85,1,211.32,70.44,55.91060006832336,0.7937336750187871,0.0,0.0,0.0,0.0,70.44,0,3,0
12997,22,4,1226.89,20.794745762711862,15.831898001528456,0.7613412629414037,5.051724137931035,23.277443651314226,4.607821610157765,1.9810394255325268,20.794745762711862,2,1,3
12999,196,3,455.88,16.28142857142857,13.59014558946508,0.8347022824098935,1.7777777777777777,7.792172272091315,4.3830969030513645,1.4619727346137126,16.28142857142857,1,2,2
13000,107,3,534.85,17.253225806451614,12.551081331130206,0.7274628798074907,8.566666666666666,33.230317828580965,3.879025427460813,2.12810623421259,17.253225806451614,2,0,2
13001,4,13,9785.97,29.03848664688428,45.33561715168746,1.5612252009886267,0.9404761904761904,8.023623613553214,8.531447892892025,2.504238075215195,29.03848664688428,3,1,3
13002,318,1,120.95,17.27857142857143,5.140351572189814,0.2974986441118536,0.0,0.0,0.0,1.1537419427010902,17.27857142857143,1,3,1
13003,106,3,149.05,24.84166666666667,18.58231462080724,0.7480301088550382,21.6,30.2539253651489,1.4006446928309677,1.791759469228055,24.84166666666667,0,0,2
13004,12,18,5655.91,13.999777227722772,5.668397369130755,0.4048919691311964,0.8387096774193549,4.595724849046115,5.479518089247291,2.0552690449864093,13.999777227722772,2,1,3
13005,174,2,513.7,19.75769230769231,12.149935738988024,0.6149471076770266,2.88,14.4,5.0,1.734205544518624,19.75769230769231,2,0,2
13006,56,1,81.57,20.3925,17.128158832752572,0.8399244248009108,0.0,0.0,0.0,1.039720770839918,20.3925,0,3,0
13008,323,1,229.47,16.390714285714285,6.893913105928149,0.4205986991022534,0.0,0.0,0.0,1.6307991045856436,16.390714285714285,1,0,1
13011,372,1,50.55,16.85,1.6039014932345452,0.0951870322394388,0.0,0.0,0.0,1.0986122886681096,16.85,1,3,1
13012,9,8,1646.84,18.71409090909091,7.885784480012358,0.4213821829935437,3.2298850574712645,13.97148354013331,4.325690633422057,1.697353344789932,18.71409090909091,2,1,3
13013,1,13,4810.9400000000005,21.967762557077627,13.661634085581284,0.6218946535900055,1.6697247706422018,10.037308326899469,6.011354986989241,2.130903393246191,21.967762557077627,3,1,3
13014,11,10,3466.28,31.80073394495413,29.48633571505251,0.9272218611712624,2.4722222222222223,9.786943747297858,3.9587637629519423,2.2739437070844337,31.80073394495413,3,1,3
13015,53,5,3339.64,19.08365714285714,21.81940221420426,1.1433553878519078,1.1149425287356325,11.415864923955432,10.238971632826006,2.0256079818463064,19.08365714285714,3,1,3
13016,73,3,789.89,16.806170212765956,5.488934541892478,0.3266023414259536,1.065217391304348,7.22465585158996,6.782329983125268,1.5643293260752344,16.806170212765956,2,0,2
13017,7,1,204.0,204.0,0.0,0.0,0.0,0.0,0.0,0.0,204.0,0,3,0
13018,16,28,7277.7,15.890174672489085,7.516190225475124,0.4730086597781726,0.5908096280087527,3.312152464535433,5.606124727009974,1.9385101108770515,15.890174672489085,2,1,3
13021,4,9,2616.38,19.97236641221374,11.858549128537613,0.5937478255599061,2.7,13.44564135018592,4.979867166735526,2.3104626291638564,19.97236641221374,3,1,3
13023,64,2,689.9,17.2475,7.781974816926746,0.4511943653820406,1.6666666666666667,10.408329997330664,6.244997998398398,1.838122938576576,17.2475,2,1,2
13026,1,5,975.36,24.384,27.82828931418254,1.1412520223992184,6.948717948717949,23.875718471359487,3.4359890051033948,1.703253265523486,24.384,3,1,3
13027,114,6,6912.0,265.84615384615387,119.31125422446696,0.4487981206360157,9.52,23.930663732263397,2.5137251819604405,1.522733685195189,265.84615384615387,2,0,2
13028,23,2,661.3199999999999,14.695999999999998,7.145371801510276,0.4862120169781081,0.5,3.3166247903554,6.633249580710799,1.5152284589579863,14.695999999999998,2,0,3
13029,31,3,1247.5,124.75,177.64859976931987,1.4240368718983556,35.666666666666664,75.66042558696059,2.121320343559643,1.1682824501765623,124.75,0,2,2
13030,11,2,752.44,8.178695652173914,8.810393988694537,1.0772370514059555,3.912087912087912,37.318940187300285,9.539392014169454,1.8600038971595216,8.178695652173914,2,1,3
13032,52,2,1010.18,14.227887323943662,8.868401195173307,0.6233111770746845,0.4857142857142857,4.063777271736938,8.366600265340754,2.025509994880165,14.227887323943662,2,1,3
13033,357,1,190.55,17.322727272727274,3.493806207874418,0.201689153957589,0.0,0.0,0.0,1.294545165844896,17.322727272727274,1,3,1
13034,55,2,642.77,17.372162162162162,4.891347880092365,0.2815624120033876,8.722222222222221,52.33333333333333,6.0,1.4455265881881088,17.372162162162162,2,0,3
13035,74,2,921.88,34.1437037037037,25.226183611500563,0.738823878932741,7.153846153846154,36.47760113570223,5.0990195135927845,1.8571944890371568,34.1437037037037,2,1,2
13037,138,3,881.07,18.355625,8.47357266113987,0.4616335679738429,2.48936170212766,12.824691436961905,5.151799124249654,2.0609569467984308,18.355625,2,0,2
13038,80,3,908.46,32.445,30.38389369873941,0.9364738387652768,7.74074074074074,27.892089576951044,3.603284299414728,1.3734382502560385,32.445,0,1,2
13040,9,2,676.99,15.743953488372092,4.582475490041686,0.2910625652842619,0.5714285714285714,3.703280399090207,6.480740698407862,1.820745924813732,15.743953488372092,2,0,3
13043,273,1,516.42,39.72461538461538,28.31508920916685,0.7127844772068647,0.0,0.0,0.0,1.6715952780212544,39.72461538461538,1,0,1
13044,291,1,560.47,16.983939393939394,10.485896462449556,0.6174007230731982,0.0,0.0,0.0,1.8818786430796215,16.983939393939394,1,0,1
13045,99,1,305.28000000000003,16.96,9.790266474772729,0.577256277993675,0.0,0.0,0.0,1.609546481969632,16.96,0,0,0
13046,31,2,629.31,17.980285714285714,12.47840828973704,0.6940050057059263,6.911764705882353,40.302167508489575,5.8309518948453,2.113349542854507,17.980285714285714,2,1,3
13047,32,10,3237.54,18.822906976744186,8.573930276655911,0.455505108071195,1.9883040935672516,10.0983331787645,5.078867569319793,2.090257407969496,18.822906976744186,2,1,3
13048,14,4,1819.41,13.477111111111112,7.601956922709203,0.5640642760926576,2.32089552238806,15.55953917512938,6.70411012690462,1.8616671689559103,13.477111111111112,2,1,3
13049,64,2,656.6800000000001,46.90571428571429,45.15949678030691,0.962771753250132,19.46153846153846,70.16957482249148,3.6055512754639896,1.9459101490553132,46.90571428571429,2,1,2
13050,15,17,5836.86,14.483523573200992,8.536053650935946,0.5893630515940397,0.8507462686567164,5.391654393370797,6.337558672909534,2.2692936575619176,14.483523573200992,3,1,3
13052,212,1,348.15000000000003,19.34166666666667,15.400303759418287,0.7962242357303724,0.0,0.0,0.0,2.3701349548823627,19.34166666666667,1,0,1
13055,78,3,1214.41,15.97907894736842,5.734498217544194,0.3588753917814895,1.8,15.588457268119893,8.660254037844384,2.081317463122712,15.97907894736842,2,1,2
13058,25,3,271.40000000000003,33.925000000000004,37.248451549791206,1.097964673538429,18.0,35.2845575287547,1.960253196041928,1.4941751382893085,33.925000000000004,0,0,2
13059,250,1,183.4,22.925,27.509076424232887,1.19995971316174,0.0,0.0,0.0,1.559581156259877,22.925,1,0,1
13060,254,1,307.53000000000003,20.502,12.509541615445848,0.6101620142154837,0.0,0.0,0.0,1.5292482930376912,20.502,1,0,1
13061,72,1,248.61,24.861,15.128490010572769,0.6085229882375113,0.0,0.0,0.0,1.6094379124341,24.861,0,0,0
13062,191,1,346.98,31.543636363636367,28.294397775081645,0.8969922633174767,0.0,0.0,0.0,1.594166699118017,31.543636363636367,1,0,1
13064,13,4,1105.59,16.258676470588235,10.572148132360445,0.6502465407615031,4.6716417910447765,24.16320020678922,5.17231442126159,2.2676114340572826,16.258676470588235,2,1,3
13065,373,1,205.86,14.704285714285716,4.704480212088693,0.3199393906987355,0.0,0.0,0.0,1.8711604142318068,14.704285714285716,1,0,1
13066,24,2,470.8,9.808333333333334,7.57980697372072,0.7727925546699119,0.1489361702127659,1.021054940485262,6.855654600401046,2.285533515054038,9.808333333333334,2,1,3
13067,82,1,115.46,7.697333333333334,4.930962622141075,0.6406066112256722,0.0,0.0,0.0,1.4019454593787286,7.697333333333334,0,0,0
13068,10,2,344.0,172.0,9.899494936611664,0.0575552031198352,309.0,0.0,0.0,0.0,172.0,0,3,2
13069,1,24,4431.44,10.451509433962263,16.13180102578779,1.5434900698044032,0.851063829787234,4.892594515497123,5.74879855570912,2.560356174201569,10.451509433962263,3,1,3
13070,192,1,228.8,25.422222222222224,9.171937878357248,0.360784269690626,0.0,0.0,0.0,0.5297061990576545,25.422222222222224,1,3,1
13072,267,1,177.15,25.307142857142857,9.165443641355129,0.3621682500112103,0.0,0.0,0.0,1.2770342594661392,25.307142857142857,1,3,1
13075,130,1,919.61,41.80045454545455,24.03382863447205,0.5749657245553932,0.0,0.0,0.0,1.707390023949242,41.80045454545455,0,0,1
13077,1,4,728.02,6.558738738738739,9.511003877530213,1.4501269613552563,3.3181818181818183,28.42757797147759,8.567215279075437,2.0721177833618203,6.558738738738739,3,2,3
13078,3,26,12627.94,35.27357541899441,39.6615496696054,1.1243983406413662,0.9915966386554622,4.135002272296689,4.170044664434797,2.2966305019074285,35.27357541899441,3,1,3
13079,4,5,220.1,36.68333333333334,29.517954987882653,0.8046693772253335,26.8,23.09112383579457,0.8616090983505436,1.2424533248940002,36.68333333333334,0,0,2
13080,179,1,58.08,9.68,4.959161219399909,0.5123100433264369,0.0,0.0,0.0,0.6365141682948128,9.68,1,3,1
13081,12,11,28337.38,27.67322265625,28.966126780263146,1.046720403332611,0.3460410557184751,4.756445978115959,13.745322699470696,2.4412038944612613,27.67322265625,3,1,3
13082,126,9,3613.63,49.50178082191781,114.07162335010874,2.3043943360437944,2.9027777777777777,11.41553145378948,3.9326232759466153,2.446183007321741,49.50178082191781,3,1,2
13083,4,2,303.75,16.875,9.5240465016035,0.5643879408357629,4.176470588235294,17.22002937757964,4.12310562561766,1.4546247143256044,16.875,0,0,3
13085,158,2,416.08,18.91272727272727,11.616394072835654,0.6142104153104797,6.523809523809524,29.895850962330965,4.582575694955842,1.5465986860485124,18.91272727272727,0,0,2
13089,3,97,58762.08,32.393649393605294,40.47424049642289,1.249449853723883,0.1836734693877551,1.2593659567281144,6.8565479866308445,2.226628268528356,32.393649393605294,3,1,3
13090,9,14,8910.82,57.48916129032258,90.50230828623192,1.574249932594974,2.324675324675325,9.737658934666172,4.188825351783772,2.1518199167634364,57.48916129032258,3,1,3
13091,28,1,345.82,16.467619047619046,8.254456920210986,0.501253817952781,0.0,0.0,0.0,1.8806581840187813,16.467619047619046,0,0,0
13092,71,5,477.83,19.1132,7.727154888228051,0.4042836829117077,11.958333333333334,33.49169808444639,2.8006994913822765,1.921471004217051,19.1132,2,0,2
13093,276,8,7832.47,49.260817610062894,48.52181164201813,0.9849980978006788,0.5949367088607594,3.2202345420051093,5.412734655710716,2.579601561793337,49.260817610062894,3,1,2
13094,21,12,1927.32,80.305,23.22147900019552,0.2891660419674431,14.869565217391305,21.98616165563753,1.4786015148528164,0.8369882167858358,80.305,0,0,3
13095,71,1,74.39999999999999,12.4,3.5155426323684367,0.2835115026103578,0.0,0.0,0.0,1.0114042647073518,12.4,0,3,0
13097,33,10,6003.22,14.259429928741094,12.294050793466743,0.8621698661800666,0.7714285714285715,5.780812873375682,7.493646317338847,2.157315499931809,14.259429928741094,3,1,3
13098,1,28,28882.44,50.49377622377622,57.63690753378791,1.1414655794083424,0.5306479859894921,3.067719211128177,5.781081417670591,2.855766700188286,50.49377622377622,3,1,3
13099,99,1,207.36,207.36,0.0,0.0,0.0,0.0,0.0,0.0,207.36,0,3,1
13101,234,1,101.19,12.64875,6.812992708263904,0.5386297229579131,0.0,0.0,0.0,1.9061547465398496,12.64875,1,0,1
13102,1,24,6424.09,21.131875,18.06716680264929,0.8549722541255466,1.1716171617161717,5.5251010321860585,4.715790458457396,1.877804422820441,21.131875,3,1,3
13103,40,1,243.94,30.4925,15.509403368832176,0.5086301014620702,0.0,0.0,0.0,0.9743147528693494,30.4925,0,3,0
13104,3,6,1098.48,54.924,49.4562788733645,0.9004493276776,18.36842105263158,36.98079160007829,2.0132809180558384,1.1421200429883351,54.924,0,0,2
13106,133,1,76.5,76.5,0.0,0.0,0.0,0.0,0.0,0.0,76.5,0,3,1
13107,44,4,1531.62,26.407241379310346,20.56755022070117,0.7788602347845209,5.052631578947368,24.265952818000237,4.802636495229213,1.911601523212496,26.407241379310346,2,1,3
13108,373,1,350.06,35.006,27.228325202504344,0.7778188082758483,0.0,0.0,0.0,1.6957425341696346,35.006,1,0,1
13109,60,2,786.54,16.734893617021275,7.096108202308601,0.4240306729581513,2.108695652173913,14.301869747025023,6.782329983125268,2.273080009036557,16.734893617021275,2,1,2
13110,31,7,1488.67,10.266689655172414,9.160880829736207,0.892291589346027,1.9236111111111112,12.572074649577967,6.535663355737284,1.3944672053189828,10.266689655172414,2,2,3
13113,1,24,12245.96,61.2298,134.30676321835378,2.1934868841373607,1.7738693467336684,6.378952179796964,3.5960665262878067,2.777070226482913,61.2298,3,1,3
13115,12,4,2294.78,19.12316666666667,10.34848472513936,0.5411491153908972,1.4369747899159664,12.145054552886098,8.451821589435355,2.2434364672521343,19.12316666666667,2,1,3
13116,138,1,501.14,16.704666666666665,8.02050937127516,0.480135852532735,0.0,0.0,0.0,2.0404604432608204,16.704666666666665,0,0,1
13117,22,8,984.91,12.959342105263158,6.254219340685414,0.4826031514474332,4.64,17.697640703960698,3.8141467034398056,1.835736175295037,12.959342105263158,2,1,3
13118,20,5,1197.81,15.162151898734177,14.898066702220476,0.9825826044826956,3.423076923076923,22.095142106248257,6.45476061530848,1.9662364296777448,15.162151898734177,3,1,3
13120,239,1,30.6,30.6,0.0,0.0,0.0,0.0,0.0,0.0,30.6,1,3,1
13121,269,1,283.73,5.674600000000001,3.796814567126351,0.6690893749561819,0.0,0.0,0.0,1.8110020101125597,5.674600000000001,1,0,1
13122,94,2,922.39,16.77072727272727,4.76560549747624,0.284162124872552,2.703703703703704,19.86808346924133,7.3484692283495345,1.549670805078603,16.77072727272727,2,0,2
13124,90,3,3756.33,16.920405405405404,14.09302935161532,0.8329014000523387,1.2126696832579185,12.995629427004728,10.716545161821063,2.53199932862078,16.920405405405404,3,1,2
13126,5,8,2099.64,14.997428571428571,8.181387401596695,0.5455193443750058,2.58273381294964,16.820406550677667,6.512636519621715,2.101743658262084,14.997428571428571,2,1,3
13127,78,1,259.17,17.278000000000002,6.868984329162917,0.3975566807016388,0.0,0.0,0.0,1.4502523446634912,17.278000000000002,0,0,0
13130,94,1,64.0,32.0,9.899494936611664,0.3093592167691145,0.0,0.0,0.0,0.6931471805599453,32.0,0,3,1
13131,23,3,1073.3,24.393181818181816,24.597725341302876,1.0083852744035466,3.7906976744186047,18.92788084575727,4.9932446402917945,1.9495964136812105,24.393181818181816,3,1,3
13132,262,1,77.3,25.766666666666666,16.678229322483045,0.6472792751287081,0.0,0.0,0.0,1.0986122886681096,25.766666666666666,1,3,1
13133,274,2,109.8,15.685714285714283,4.145752272478652,0.2643011466971818,5.0,12.24744871391589,2.449489742783178,1.7478680974667578,15.685714285714283,1,3,2
13134,86,4,1793.58,18.301836734693875,8.53061803237648,0.4661072085844485,1.577319587628866,11.041432436081374,7.000123832025446,2.258922690212057,18.301836734693875,2,1,2
13135,197,1,3096.0,3096.0,0.0,0.0,0.0,0.0,0.0,0.0,3096.0,1,3,1
13136,56,5,2607.61,20.53236220472441,8.588852821442538,0.4183080707326641,1.2222222222222223,8.221813803670223,6.726938566639273,1.9649419294325283,20.53236220472441,2,1,3
13137,11,8,3603.29,5.244963609898107,4.980639334844974,0.9496041736963988,0.4285714285714285,5.439246405510051,12.69157494619012,1.900362426840696,5.244963609898107,3,1,3
13138,22,6,962.39,15.276031746031746,3.9158336728996335,0.2563384089534149,5.612903225806452,22.590695051470068,4.024779003422828,1.482276426719402,15.276031746031746,2,0,3
13139,16,7,5064.9400000000005,29.79376470588236,18.783841726427543,0.6304621759572043,1.4260355029585798,9.68655346951534,6.792645379037729,2.342170472008719,29.79376470588236,3,1,3
13140,108,3,422.47,9.388222222222224,6.968258648030985,0.7422340974776772,5.840909090909091,37.67914924101163,6.450904928422225,2.065049294769701,9.388222222222224,2,1,2
13141,85,5,2388.75,17.694444444444443,10.04593343631965,0.5677450607653178,1.708955223880597,13.16455975286306,7.70327950604214,1.824731625116757,17.694444444444443,2,1,2
13142,19,1,307.09000000000003,13.351739130434783,7.405796656043964,0.5546690647335021,0.0,0.0,0.0,2.2579272272918143,13.351739130434783,2,0,0
13144,333,1,110.95,36.98333333333333,23.180613307963476,0.6267853981423201,0.0,0.0,0.0,0.6365141682948128,36.98333333333333,1,3,1
13145,40,4,618.52,103.08666666666666,104.31928041674112,1.0119570628281167,66.4,102.35868307085627,1.5415464317900045,1.3296613488547582,103.08666666666666,0,0,2
13146,26,1,228.91,13.465294117647058,14.158323134135207,1.0514677964278474,0.0,0.0,0.0,1.9869667702348368,13.465294117647058,0,0,0
13147,10,4,712.8,178.2,68.58921197972754,0.3849001794597505,29.33333333333333,23.437861108329265,0.7990179923294067,0.6931471805599453,178.2,0,3,2
13148,29,12,3683.26,11.805320512820511,9.106043710156571,0.7713508244242466,1.067524115755627,8.50077453654611,7.963074942366989,2.288640932132237,11.805320512820511,3,1,3
13149,14,4,1676.06,19.48906976744186,12.539046086985476,0.6433886397150168,3.211764705882353,18.44366849525943,5.742534146875647,2.039943270359499,19.48906976744186,2,1,3
13151,296,1,1257.87,16.998243243243245,9.517896244776134,0.5599341125183317,0.0,0.0,0.0,1.8333061260489696,16.998243243243245,1,0,1
13153,6,1,486.22,32.41466666666667,40.68028688385052,1.2549963046722836,0.0,0.0,0.0,2.0611128325795947,32.41466666666667,0,2,0
13155,33,4,971.76,11.432470588235294,8.932254675356841,0.7813057209653943,3.9642857142857135,27.54905654194203,6.94931156012952,2.121076904117144,11.432470588235294,2,1,3
13157,49,4,1741.22,20.014022988505747,9.976240665371847,0.4984625365475647,2.883720930232558,15.648656100652792,5.42655009941992,2.121885074025506,20.014022988505747,2,1,3
13158,95,4,1201.06,15.203291139240504,6.350932643304625,0.4177340672581431,2.858974358974359,18.99468439585231,6.643880640701705,2.006496530210052,15.203291139240504,2,1,2
13159,9,4,1429.35,11.91125,7.75578294001354,0.6511309006202993,0.8823529411764706,6.307349050422721,7.148328923812418,2.2655234534436666,11.91125,2,1,3
13160,22,1,91.8,22.95,9.367496997597597,0.4081698038168888,0.0,0.0,0.0,1.3862943611198906,22.95,0,0,0
13161,313,1,112.75,14.09375,8.528458138156376,0.6051234155676364,0.0,0.0,0.0,1.4941751382893085,14.09375,1,0,1
13162,122,4,1688.29,21.370759493670885,14.115659768421216,0.6605127802126863,2.717948717948718,14.356226248608376,5.282007770714403,2.131284747866782,21.370759493670885,2,1,2
13165,46,2,1021.48,24.32095238095238,23.382023093584024,0.9613942220410864,7.439024390243903,47.63299737602486,6.403124237432849,1.752398006135874,24.32095238095238,2,1,2
13166,283,1,417.2,10.17560975609756,7.054184236600461,0.6932443760801028,0.0,0.0,0.0,1.8059841574050912,10.17560975609756,1,0,1
13167,19,4,791.33,12.174307692307693,8.613748815344346,0.7075350018290504,1.921875,9.90479231050736,5.15371307213391,2.2426054580645283,12.174307692307693,2,1,3
13168,36,4,1299.59,10.314206349206348,8.44939461530111,0.8191996872305419,2.24,16.742066007322645,7.474136610411894,2.024232340410854,10.314206349206348,2,1,3
13169,64,2,712.88,54.83692307692308,54.94673229359131,1.0020024686015696,15.666666666666666,54.270925303824825,3.464101615137755,1.605207107455459,54.83692307692308,2,1,2
13170,27,1,108.81,3.627,2.4871229050506503,0.685724539578343,0.0,0.0,0.0,1.6889917702768702,3.627,0,0,0
13171,22,3,468.41,10.182826086956522,13.736679796652057,1.349004655421521,6.155555555555556,37.393458078529015,6.074749507342259,1.8731146469627096,10.182826086956522,3,1,3
13173,4,2,353.65000000000003,8.224418604651163,6.17069159600275,0.7502890955128467,8.642857142857142,56.01211603623936,6.48074069840786,1.978567720110246,8.224418604651163,2,1,3
13174,16,3,2742.82,9.361160409556314,7.989480756496462,0.8534711944835839,1.202054794520548,17.74998947457442,14.766373010187266,2.107362425432818,9.361160409556314,3,1,3
13176,46,1,481.49,7.186417910447761,6.607057223608555,0.919381158449341,0.0,0.0,0.0,1.878363451296223,7.186417910447761,0,0,0
13177,65,1,282.45,16.61470588235294,2.402067124496781,0.1445747605468057,0.0,0.0,0.0,1.196612711221129,16.61470588235294,0,3,0
13178,26,11,5725.47,21.60554716981132,12.183851294641029,0.5639223667366823,1.246212121212121,7.280631164957932,5.842208594373539,2.0092919336884365,21.60554716981132,2,1,3
13182,45,1,121.18,11.016363636363636,3.564410954778567,0.3235560364958263,0.0,0.0,0.0,0.9347698978582794,11.016363636363636,0,3,0
13183,8,9,3957.78,42.10404255319149,41.05960779262501,0.9751939553251446,3.462365591397849,12.533918450925686,3.6200447699878535,2.2139668659997582,42.10404255319149,3,1,3
13184,15,10,1668.95,9.323743016759776,9.617661420117448,1.0315236491213178,1.5224719101123596,10.037334294066572,6.592787838907196,2.5202538006793893,9.323743016759776,3,1,3
13185,268,1,71.4,71.4,0.0,0.0,0.0,0.0,0.0,0.0,71.4,1,3,1
13186,40,3,1575.89,19.947974683544302,9.2478545508795,0.4635986709221332,1.1282051282051282,7.148442704549929,6.336119669941983,1.991475528005728,19.947974683544302,2,1,3
13187,337,1,236.02,6.378918918918919,5.134776195373717,0.8049602543378845,0.0,0.0,0.0,1.031462766259969,6.378918918918919,1,3,1
13188,11,1,114.6,57.3,59.82123368838192,1.0440005879298764,0.0,0.0,0.0,0.6931471805599453,57.3,0,3,0
13189,19,2,260.68,8.988965517241379,4.765313919225937,0.5301292913056321,3.4285714285714284,18.14229470444291,5.291502622129182,1.6375260351377698,8.988965517241379,0,0,3
13192,95,2,911.94,14.475238095238096,4.828884148518752,0.3335961810609046,1.7580645161290325,13.843013843020763,7.874007874011811,1.9772037781185443,14.475238095238096,2,1,2
13193,61,1,112.08,4.4832,4.223970998953472,0.9421776853482942,0.0,0.0,0.0,0.8199696830860377,4.4832,0,3,0
13194,136,1,60.7,20.23333333333333,12.691072978016214,0.6272358967718062,0.0,0.0,0.0,1.0986122886681096,20.23333333333333,0,3,1
13196,11,4,1797.78,16.343454545454545,8.565039183419493,0.524065408546176,2.293577981651376,18.278859855993925,7.969582897213352,1.7373643550867013,16.343454545454545,2,1,3
13198,10,6,3401.24,15.049734513274338,6.137832402067542,0.4078365898517201,1.5555555555555556,11.175059035389674,7.183966522750505,2.205039756356156,15.049734513274338,2,1,3
13199,4,38,9817.12,82.49680672268909,72.05896798929794,0.8734758453320784,2.9322033898305087,6.74660891527847,2.300866624285721,2.5435579218297324,82.49680672268909,3,1,3
13200,19,4,870.09,18.915,13.46187369326177,0.7117036052477806,2.333333333333333,10.728043115634328,4.597732763843283,2.0072221407829085,18.915,2,1,3
13203,10,4,869.46,15.253684210526316,8.033449630757936,0.5266563487143772,4.125,19.582053472039608,4.747164478070208,1.7034698608119097,15.253684210526316,2,0,3
13207,15,2,250.26,31.2825,19.08126511978251,0.6099661190692083,19.285714285714285,51.02520385624568,2.6457513110645907,1.2130075659799042,31.2825,0,3,2
13208,59,6,1217.65,8.227364864864866,6.7779009013021705,0.8238240326799335,1.6870748299319729,10.826023138771292,6.417037908868467,2.14277551892366,8.227364864864866,3,1,3
13209,30,8,5891.61,18.35392523364486,11.500654173541283,0.6266046105744869,1.028125,9.235468442428743,8.982826448562912,2.2051528781330334,18.35392523364486,3,1,3
13210,94,1,353.48,16.067272727272726,6.031092597703831,0.3753650479503346,0.0,0.0,0.0,1.4658073752112626,16.067272727272726,0,0,0
13211,10,3,1095.42,19.916727272727275,40.49546700990332,2.0332390184081746,6.481481481481482,37.75379063349486,5.824870554882064,2.209656489772012,19.916727272727275,3,1,3
13212,20,3,786.83,5.580354609929079,5.520638862014266,0.9892989331164438,0.2928571428571428,3.465132444386918,11.832159566199232,1.344425087226517,5.580354609929079,2,2,3
13213,57,5,1520.58,16.895333333333333,9.658203499174196,0.5716491831575305,1.5842696629213484,9.528437090152876,6.014403553358908,1.9586755895938293,16.895333333333333,2,1,3
13216,268,1,333.74,66.748,33.546316042152824,0.5025815910911611,0.0,0.0,0.0,1.0549201679861442,66.748,1,3,1
13217,122,3,533.98,133.495,83.11892744736302,0.6226370084824376,11.0,12.12435565298214,1.1022141502711038,1.3862943611198906,133.495,0,0,2
13218,127,1,62.64,12.528,5.922458948781326,0.4727377832679857,0.0,0.0,0.0,0.9502705392332348,12.528,0,3,1
13220,78,4,819.2900000000001,39.01380952380953,45.97204644957525,1.1783531782898369,7.85,24.703025597772644,3.146882241754477,2.149391657840621,39.01380952380953,3,1,2
13221,240,2,847.41,12.839545454545457,9.85428113630247,0.767494548088839,1.8307692307692307,14.760133416115806,8.06225774829855,1.679680011926535,12.839545454545457,1,0,2
13223,200,2,163.2,32.64,38.11676796371906,1.1677931361433536,7.75,15.5,2.0,0.9502705392332348,32.64,1,2,2
13224,60,2,2155.95,19.9625,21.87519890964305,1.0958145978531273,0.8504672897196262,8.79730205031554,10.344080432788603,2.381581322336834,19.9625,3,1,2
13225,3,7,6463.84,201.995,112.59705445067266,0.5574249582943769,11.451612903225806,25.230720309016704,2.203245998815543,2.0300401853455345,201.995,2,1,3
13226,273,1,108.21,6.7631250000000005,4.14974974145028,0.6135846581942932,0.0,0.0,0.0,1.8734517375545647,6.7631250000000005,1,0,1
13227,202,1,257.7,28.633333333333333,22.122895380125996,0.7726273124607448,0.0,0.0,0.0,1.2148896539491203,28.633333333333333,1,3,1
13228,81,1,358.0,179.0,0.0,0.0,0.0,0.0,0.0,0.0,179.0,0,3,0
13229,226,1,160.95,16.095,2.809848750377856,0.1745789841800469,0.0,0.0,0.0,1.7480673485460894,16.095,1,3,1
13230,4,14,2755.63,4.69442930153322,6.269538535937948,1.3355273097605902,0.6040955631399317,5.742055108835456,9.505209869428183,1.5720951293303802,4.69442930153322,3,2,3
13232,13,7,1328.35,6.575990099009901,5.997991642307865,0.912104725220152,1.1343283582089552,8.168039279511442,7.200771470095614,1.7438238832059996,6.575990099009901,3,2,3
13233,74,2,605.12,14.072558139534884,8.051814374951906,0.5721642287859134,6.214285714285714,40.273174340106,6.480740698407861,1.739113530792903,14.072558139534884,2,0,2
13235,212,1,1031.07,17.77706896551724,14.194793214986015,0.7984889546482672,0.0,0.0,0.0,2.0286750838403225,17.77706896551724,1,0,1
13236,25,2,744.85,20.69027777777778,7.24642985441249,0.3502335701937969,2.342857142857143,13.860529777547672,5.916079783099616,2.0036225538984374,20.69027777777778,2,1,3
13238,17,4,700.73,22.604193548387094,15.388639050544947,0.6807869087478677,11.366666666666667,43.21755975601085,3.802131356833799,1.0167483083728106,22.604193548387094,0,0,2
13239,262,1,329.56,15.693333333333332,8.929287952201639,0.5689860632244035,0.0,0.0,0.0,1.9795624449571372,15.693333333333332,1,0,1
13240,96,4,663.65,9.905223880597015,6.147789787175539,0.6206613662936203,4.0606060606060606,18.97681077840392,4.673393699159174,1.518073967764847,9.905223880597015,2,1,2
13242,112,3,270.40000000000003,20.800000000000004,0.0,0.0,8.416666666666666,29.1561885940761,3.4641016151377544,0.0,20.800000000000004,0,3,2
13243,203,1,585.12,10.265263157894736,6.373476037807882,0.6208779979406777,0.0,0.0,0.0,1.8693332152122335,10.265263157894736,1,0,1
13244,93,1,121.74,4.508888888888889,2.2246474799968667,0.4933915061599753,0.0,0.0,0.0,0.7795536050790829,4.508888888888889,0,3,1
13245,51,1,430.5,26.90625,8.408425833650432,0.312508277208843,0.0,0.0,0.0,1.749778989184166,26.90625,0,0,0
13246,18,6,1961.52,14.422941176470587,27.942724041169622,1.9373804343565548,2.303703703703704,15.846405531531817,6.8786647805684735,2.423195801303135,14.422941176470587,3,1,3
13247,18,4,501.12,20.0448,11.810156688206977,0.5891880531712453,2.625,8.329165624478842,3.17301547599194,1.9124482253186916,20.0448,2,1,3
13248,125,2,465.68,17.91076923076923,5.22270345555014,0.2915957091657439,2.56,12.8,5.0,1.9563415682387613,17.91076923076923,2,0,2
13249,92,3,711.41,30.93086956521739,54.12499531077396,1.749869824922058,7.636363636363637,35.81772034774255,4.690415759823429,1.8913187591243728,30.93086956521739,3,2,2
13253,157,2,1030.4,28.622222222222224,32.22321781494217,1.1258111814226688,5.2,30.763614872118,5.916079783099614,1.9634998633773857,28.622222222222224,2,2,2
13255,9,2,399.51,30.73153846153846,21.30580353102328,0.693287892426479,30.33333333333333,105.07774899251189,3.464101615137755,1.69240886298655,30.73153846153846,0,1,3
13258,12,3,672.83,18.689722222222223,16.98743543851684,0.9089185615781196,5.514285714285714,30.765117210483524,5.579166333507375,2.288964659556594,18.689722222222223,2,1,3
13259,62,1,283.18,3.4960493827160493,3.481982078864116,0.9959762285048144,0.0,0.0,0.0,0.9166966284861956,3.4960493827160493,0,3,0
13260,61,1,557.62,69.7025,69.16298385490815,0.9922597303526868,0.0,0.0,0.0,1.4941751382893085,69.7025,0,0,0
13261,269,2,944.1,104.9,26.09913791679718,0.2488001707988291,2.125,6.010407640085654,2.82842712474619,1.303092403761719,104.9,1,0,2
13262,263,1,200.29,18.208181818181817,12.608407368245857,0.6924583406595657,0.0,0.0,0.0,1.798652206252129,18.208181818181817,1,0,1
13263,1,35,7436.93,4.46126574685063,4.828054235470512,1.082216238492139,0.1836734693877551,1.7958570805256429,9.777444105084054,1.614876398582411,4.46126574685063,3,2,3
13265,53,5,2092.66,23.25177777777777,28.3144001389922,1.2177305498787658,2.460674157303371,12.710103514862858,5.165293209236504,1.786181407410009,23.25177777777777,3,1,2
13266,11,12,3834.26,20.504064171122995,16.433490017229982,0.8014747652016313,1.2956989247311828,5.835926272221886,4.504075878146352,2.450306577349984,20.504064171122995,3,1,3
13267,3,19,4521.49,21.428862559241704,10.660588013580949,0.4974873483886021,1.7047619047619047,7.895154845773018,4.631236082716017,2.033600056884424,21.428862559241704,2,1,3
13268,18,11,3174.75,7.331986143187067,6.317939385839412,0.861695489115195,0.5694444444444444,5.117169285883232,8.986248502038848,2.574233002202118,7.331986143187067,3,1,3
13269,1,15,5343.28,16.96279365079365,16.377270965352288,0.9654819425682298,1.1592356687898089,7.832519703718534,6.756624140020933,2.400673757704745,16.96279365079365,3,1,3
13270,366,1,590.0,590.0,0.0,0.0,0.0,0.0,0.0,0.0,590.0,1,3,1
13271,37,1,211.49,2.430919540229885,2.489936317567976,1.024277552737311,0.0,0.0,0.0,1.4268961129878373,2.430919540229885,0,2,0
13272,31,2,276.56,18.43733333333333,4.787839457068989,0.2596817755858939,4.142857142857143,15.501152030920611,3.741657386773941,1.5641315026219946,18.43733333333333,0,0,3
13273,113,1,138.98,8.68625,6.223321594347079,0.7164566521050028,0.0,0.0,0.0,1.9273921261392744,8.68625,0,0,1
13276,64,2,590.9300000000001,19.69766666666667,8.797130677722116,0.4466077544407348,1.2413793103448276,6.685032174373868,5.385164807134505,1.8287270054549083,19.69766666666667,2,1,2
13277,16,4,258.4,32.3,10.955363982999378,0.3391753555108167,16.571428571428573,33.03461388128692,1.993468079043176,0.9002560512685369,32.3,0,3,2
13278,41,1,542.73,11.798478260869564,8.50980792769047,0.7212631781433892,0.0,0.0,0.0,2.188764317711187,11.798478260869564,2,0,0
13279,78,1,137.75,15.305555555555555,6.880111029465861,0.4495172360449564,0.0,0.0,0.0,1.002718264517516,15.305555555555555,0,3,0
13280,122,3,798.46,9.737317073170733,5.589714109339525,0.5740507438892881,2.6296296296296298,21.53163047962488,8.188084830279882,2.113489925292832,9.737317073170733,2,1,2
13282,18,3,1132.14,30.59837837837838,21.56055162063777,0.7046305315275474,5.611111111111111,25.616153137957728,4.565255014685536,1.8718880434823773,30.59837837837838,2,1,3
13283,60,2,93.66,13.38,6.437556472244212,0.4811327707207931,20.83333333333333,51.03103630798288,2.4494897427831783,1.1537419427010902,13.38,0,3,2
13284,331,1,201.19,15.476153846153846,5.157613366764286,0.3332619601766277,0.0,0.0,0.0,1.8184831630123648,15.476153846153846,1,0,1
13285,23,4,2709.12,14.487272727272726,5.071008419728948,0.3500319566830975,1.424731182795699,11.98770681958028,8.414013088460122,1.8505364014968808,14.487272727272726,2,1,3
13291,156,1,361.11,8.597857142857142,8.506086066706358,0.9893262850701088,0.0,0.0,0.0,1.9342139120777155,8.597857142857142,1,0,1
13292,39,2,578.94,18.675483870967746,6.875368517982474,0.368149418000927,8.166666666666666,44.73067552958856,5.47722557505166,1.531264458247535,18.675483870967746,2,0,3
13294,190,2,873.74,16.18037037037037,4.697208710666192,0.2903029166296317,1.1132075471698113,8.104273272972652,7.280109889280518,2.090502449107463,16.18037037037037,2,0,2
13295,360,1,201.2,20.12,3.692876024636264,0.1835425459560767,0.0,0.0,0.0,1.0296530140645737,20.12,1,3,1
13296,137,1,87.4,17.48,9.701907029033002,0.5550290062375859,0.0,0.0,0.0,1.0549201679861442,17.48,0,3,1
13297,8,4,2089.85,35.421186440677964,21.17299598339632,0.5977494858580198,1.0172413793103448,5.9897320893440105,5.888211206473773,2.15950161647905,35.421186440677964,2,1,3
13298,1,1,360.0,180.0,127.27922061357856,0.7071067811865476,0.0,0.0,0.0,0.6931471805599453,180.0,0,3,0
13299,268,1,142.5,28.5,18.19890106572372,0.6385579321306569,0.0,0.0,0.0,0.0,28.5,1,3,1
13300,169,1,371.89,18.5945,5.371834416658801,0.2888937275354971,0.0,0.0,0.0,1.7650572522256291,18.5945,1,0,1
13301,104,4,618.09,7.630740740740741,6.385995180427593,0.8368774929454206,2.3375,11.978824935503608,5.1246309884507415,2.0295640057591617,7.630740740740741,2,1,2
13302,155,1,63.75,63.75,0.0,0.0,0.0,0.0,0.0,0.0,63.75,0,3,1
13304,351,1,300.42,14.305714285714286,3.779695188012615,0.2642087708816487,0.0,0.0,0.0,1.9480533458214964,14.305714285714286,1,0,1
13305,4,10,2000.86,24.701975308641973,12.442561976915476,0.5037071659837038,4.55,16.549809743064888,3.637320822651624,2.0580409655285523,24.701975308641973,2,1,3
13307,120,1,15.0,15.0,0.0,0.0,0.0,0.0,0.0,0.0,15.0,0,3,1
13308,23,3,1385.51,25.657592592592597,24.120707062384767,0.9401001662700216,3.39622641509434,21.04513430211136,6.1966228778439,1.841150170589497,25.657592592592597,2,1,3
13309,7,5,1456.79,13.614859813084111,5.487427373394151,0.4030469243701386,2.830188679245283,15.942439138298344,5.632995162198749,2.066467131936548,13.614859813084111,2,1,3
13310,28,3,1132.03,15.722638888888888,3.552700220068902,0.2259608100889207,4.154929577464789,25.113256537604624,6.044207505660774,1.8617830653195904,15.722638888888888,2,0,3
13311,4,2,598.57,23.02192307692308,21.079296196833663,0.9156183923645942,5.8,29.000000000000004,5.000000000000001,2.281580379961964,23.02192307692308,2,1,3
13313,22,5,1555.3200000000002,19.94,9.524327838709713,0.4776493399553516,4.103896103896104,20.11453023875789,4.9013254062796126,1.908719698469944,19.94,2,1,3
13314,2,3,775.94,12.51516129032258,5.698362934869398,0.4553167795988126,1.1639344262295082,7.893415669338703,6.781666983516351,2.1224931807417806,12.51516129032258,2,1,3
13316,37,4,5732.93,66.66197674418605,75.4025362004374,1.1311176158155805,2.541176470588235,14.961500546383698,5.887627529826919,2.229650793238856,66.66197674418605,3,1,2
13317,66,6,2273.68,18.336129032258064,6.07957298319644,0.3315625109586039,2.365853658536585,16.320694040953303,6.898437687413252,2.097621894845392,18.336129032258064,2,1,2
13318,1,3,640.76,32.038,26.469095305956134,0.8261781417677801,1.8421052631578947,7.120105788030719,3.8652002849309617,1.868351777640703,32.038,2,1,3
13319,5,26,10845.55,22.784768907563027,14.408397250038078,0.6323696899666799,0.7410526315789474,4.327604816361029,5.839807635714456,2.20920554603895,22.784768907563027,3,1,3
13320,78,4,1532.2,14.592380952380951,4.699903952334788,0.3220793075284902,1.2980769230769231,10.819687025687536,8.335166301270398,1.813729423621384,14.592380952380951,2,1,2
13321,72,2,567.36,51.57818181818182,64.266079671656,1.2459935074524393,1.4,4.427188724235731,3.1622776601683795,1.7201934592198251,51.57818181818182,0,1,2
13322,17,1,199.48,7.9792,8.641981312176044,1.0830636294585978,0.0,0.0,0.0,1.5553225915243325,7.9792,0,2,0
13323,3,5,787.85,37.516666666666666,42.10373894719248,1.122267586331208,4.0,11.872125690922104,2.968031422730526,1.5681501032915657,37.516666666666666,3,1,3
13324,36,10,7121.95,94.95933333333332,63.94867748634253,0.6734322498017664,4.351351351351352,17.658427637872645,4.058147966467626,2.349611320911026,94.95933333333332,3,1,3
13325,82,1,675.3,56.275,45.28724735206671,0.80474895339079,0.0,0.0,0.0,1.6762349391347309,56.275,0,0,0
13327,39,8,3627.77,33.59046296296296,22.01152146839821,0.6552908036030419,3.0186915887850465,13.168703112612729,4.362387718419696,2.2590425566103045,33.59046296296296,3,1,3
13328,316,1,1308.48,76.96941176470588,63.11562331057465,0.8200091681032717,0.0,0.0,0.0,1.4976864074866398,76.96941176470588,1,0,1
13329,32,2,789.0,46.41176470588236,36.814236416652406,0.7932091496617122,20.9375,83.75,4.0,1.7233917060220525,46.41176470588236,2,1,3
13330,93,3,1140.93,21.526981132075477,12.377610305104206,0.5749812400151831,4.288461538461538,21.95926401357977,5.120545868637435,1.796719793890289,21.526981132075477,2,1,2
13332,14,1,350.90000000000003,16.709523809523812,3.4650389264631305,0.2073691007572691,0.0,0.0,0.0,2.086673901075005,16.709523809523812,0,0,0
13334,82,3,3502.32,13.216301886792454,9.245283354362838,0.6995363327469083,0.8409090909090909,9.646473021574392,11.47148143106144,2.1325160714189755,13.216301886792454,2,1,2
13336,77,1,795.12,15.590588235294115,3.983080923990727,0.2554798359034197,0.0,0.0,0.0,1.838612636495793,15.590588235294115,0,0,0
13338,158,1,487.02,25.632631578947368,28.472719856441397,1.1107997151500688,0.0,0.0,0.0,1.9408430327407735,25.632631578947368,1,0,1
13339,201,1,860.12,15.928148148148148,4.716429363395807,0.2961065730634952,0.0,0.0,0.0,1.9991368483015428,15.928148148148148,1,0,1
13340,45,7,10736.48,80.12298507462687,62.82835606921988,0.7841489681232083,1.7293233082706767,12.693429354632402,7.340113496374388,2.715433306377644,80.12298507462687,3,1,3
13341,261,1,775.85,18.472619047619048,11.596510210871536,0.627767518021015,0.0,0.0,0.0,1.878006261816524,18.472619047619048,1,0,1
13343,178,1,353.43,18.60157894736842,8.686013190537924,0.4669503172345883,0.0,0.0,0.0,2.0688846458275623,18.60157894736842,1,0,1
13344,68,3,2511.69,21.6525,28.127613289218598,1.29904691325337,1.817391304347826,19.48935049222256,10.72380529476361,1.8788024449334484,21.6525,3,2,2
13345,288,1,389.5,19.475,7.68283287938971,0.3944971953473535,0.0,0.0,0.0,1.7524236752648437,19.475,1,0,1
13347,70,1,341.36,42.67,8.849490703666833,0.2073937357315873,0.0,0.0,0.0,0.9743147528693494,42.67,0,3,0
13348,64,1,233.76,16.697142857142858,7.690140969570593,0.4605662798339677,0.0,0.0,0.0,0.8304717124362917,16.697142857142858,0,3,0
13349,11,1,247.32,15.4575,10.35711124461514,0.6700379262244954,0.0,0.0,0.0,0.98689944883853,15.4575,0,3,0
13350,16,2,979.12,24.478,14.937171530558704,0.6102284308586773,1.6153846153846154,10.088073689720488,6.244997998398397,1.9830691631689568,24.478,2,1,3
13351,66,1,373.94,23.37125,8.333968142487706,0.3565906035187551,0.0,0.0,0.0,1.840748728569281,23.37125,0,0,0
13352,60,1,397.98,16.5825,8.598097489257878,0.5185042960505278,0.0,0.0,0.0,1.3857526552288733,16.5825,0,0,0
13354,71,1,743.53,14.579019607843136,6.413009045651491,0.4398793072616116,0.0,0.0,0.0,1.5367130695972389,14.579019607843136,0,0,0
13355,122,1,674.7,21.084375,15.690450339452934,0.7441743157884895,0.0,0.0,0.0,1.522264399164984,21.084375,0,0,1
13356,80,1,768.24,18.29142857142857,8.719023096830643,0.4766726154156084,0.0,0.0,0.0,1.95810417696866,18.29142857142857,2,0,0
13357,257,1,609.4,6.847191011235955,5.82244618007915,0.8503408434969549,0.0,0.0,0.0,1.7897130213319017,6.847191011235955,1,0,1
13358,269,1,439.03,15.13896551724138,7.954944259851222,0.5254615482670556,0.0,0.0,0.0,2.1240285072098826,15.13896551724138,1,0,1
13359,64,1,439.56,19.11130434782609,9.69404423735983,0.507241371961225,0.0,0.0,0.0,1.5899504197504837,19.11130434782609,0,0,0
13362,9,4,3090.74,18.618915662650604,8.247273564113716,0.4429513358104779,1.6787878787878787,15.678549848473608,9.33920839349511,1.968382839019034,18.618915662650604,2,1,3
13363,18,2,992.5,16.541666666666668,8.483892847809157,0.5128801721597475,0.4406779661016949,3.38491168550142,7.681145747868607,2.084261492000684,16.541666666666668,2,1,3
13364,71,1,134.96,13.496,5.183965020458118,0.384111219654573,0.0,0.0,0.0,1.5047882836811908,13.496,0,0,0
13365,34,2,2225.37,17.385703125,9.124294616989742,0.5248159681197675,1.4488188976377954,16.327359773256493,11.269427669584644,2.061617487162192,17.385703125,2,1,3
13366,50,1,56.16,56.16,0.0,0.0,0.0,0.0,0.0,0.0,56.16,0,3,0
13368,257,2,623.4,21.49655172413793,11.34975999616042,0.5279804938861921,2.857142857142857,15.118578920369089,5.2915026221291805,1.9298767138004267,21.49655172413793,1,0,2
13369,366,1,308.28000000000003,22.020000000000003,12.559338542112188,0.5703605150822972,0.0,0.0,0.0,1.64884707167248,22.020000000000003,1,0,1
13370,372,1,754.87,19.355641025641027,6.99184893658014,0.3612305543028938,0.0,0.0,0.0,1.6482819156950688,19.355641025641027,1,0,1
13372,90,1,378.64,16.46260869565217,8.9308898148715,0.5424954197708761,0.0,0.0,0.0,1.959568517006705,16.46260869565217,0,0,0
13373,61,3,3312.25,20.963607594936708,14.542914190230254,0.6937219237848533,1.3630573248407645,12.091082148258018,8.870560267647237,2.040477630765002,20.963607594936708,2,1,2
13375,89,1,778.65,21.044594594594592,15.965687616920263,0.7586597853028316,0.0,0.0,0.0,2.147569303072839,21.044594594594592,2,0,0
13376,99,3,1019.76,19.240754716981133,10.131652202011548,0.5265724942208089,2.576923076923077,14.931669402020049,5.794379170933152,2.348753379108279,19.240754716981133,2,1,2
13379,26,3,572.56,5.902680412371134,5.42538814192587,0.9191397404059128,1.1354166666666667,8.066330009648835,7.104290650699891,2.3134474627403447,5.902680412371134,2,1,3
13381,32,6,3639.31,21.15877906976744,11.383709362571112,0.5380135273890466,1.5497076023391814,9.801658768794344,6.324843960240878,1.89950645743309,21.15877906976744,2,1,3
13382,281,1,222.99,14.866,2.179678220026329,0.1466217018718101,0.0,0.0,0.0,1.414175464056979,14.866,1,3,1
13384,31,7,4151.93,27.315328947368425,26.15121809472929,0.9573825065448724,0.9602649006622516,5.8262404055010615,6.067326215383864,2.423627761962807,27.315328947368425,3,1,3
13385,330,1,534.57,15.273428571428571,7.62667028682016,0.4993423874117619,0.0,0.0,0.0,2.032983652724661,15.273428571428571,1,0,1
13388,131,2,677.1,19.345714285714287,10.324687514346746,0.533693786740712,0.0,0.0,0.0,1.8034657013542088,19.345714285714287,0,0,2
13389,11,3,797.96,15.646274509803922,4.753600723991999,0.3038167789407889,4.4,23.754698783308413,5.398795178024639,2.203381211710716,15.646274509803922,2,1,3
13390,75,1,544.08,41.8523076923077,37.67481345980056,0.9001848532888679,0.0,0.0,0.0,1.564957250242801,41.8523076923077,0,0,0
13391,204,1,59.8,59.8,0.0,0.0,0.0,0.0,0.0,0.0,59.8,1,3,1
13394,2,8,2520.02,16.258193548387098,13.213158851895056,0.8127076856706429,1.9805194805194808,9.465086017736311,4.779092612234072,1.9752596758150447,16.258193548387098,3,1,3
13395,185,1,307.72,14.653333333333334,7.947898674073126,0.542395268931287,0.0,0.0,0.0,1.857122750350809,14.653333333333334,1,0,1
13396,29,2,1360.99,31.65093023255814,21.841598015620765,0.6900776013576094,6.904761904761905,44.747971489006666,6.480740698407861,1.943736077990476,31.65093023255814,2,1,3
13397,73,5,1544.13,40.635000000000005,33.35034468398402,0.8207295357200447,7.135135135135135,22.928829696066725,3.213510222554806,2.13414291358764,40.635000000000005,2,1,2
13398,192,1,457.34,17.59,7.074953003377479,0.4022144970652347,0.0,0.0,0.0,1.8811665822012889,17.59,1,0,1
13402,127,2,621.23,15.92897435897436,11.68546505951817,0.7335980833527174,6.421052631578948,39.582026755906064,6.164414002968977,1.432130700870712,15.92897435897436,2,0,2
13403,18,1,75.0,25.0,17.320508075688775,0.692820323027551,0.0,0.0,0.0,0.6365141682948128,25.0,0,3,0
13404,1,2,252.49,22.953636363636363,14.536098701320975,0.6332808654383569,21.1,66.7240586295528,3.162277660168379,1.2406842919533958,22.953636363636363,0,3,2
13405,74,3,572.451,21.201888888888888,8.427226034765273,0.3974752475559696,9.346153846153848,33.104612739245034,3.5420573301249827,1.7293357901696988,21.201888888888888,2,0,2
13408,2,62,28117.04,58.82225941422595,47.9487119022129,0.8151457012992037,0.740041928721174,2.941932852021153,3.9753596895583287,2.6274247736135,58.82225941422595,3,1,3
13410,24,5,1003.06,35.82357142857143,21.802917272404205,0.6086193085431757,9.851851851851851,27.020937328876176,2.7427267213520934,1.4650164690563794,35.82357142857143,2,1,3
13411,107,1,213.55,11.863888888888887,9.207474673833268,0.7760924567033426,0.0,0.0,0.0,1.798105502624266,11.863888888888887,0,0,1
13414,134,3,1390.5,57.9375,109.42187287303888,1.8886191650146948,7.043478260869565,29.161740596619158,4.140247121742226,1.3579778549873245,57.9375,3,2,2
13416,44,2,712.5,37.5,19.996944210998286,0.533251845626621,2.055555555555556,8.720983634634086,4.242640687119286,1.267235545459896,37.5,0,0,2
13417,5,2,640.83,22.886785714285715,7.803308915226606,0.3409525921482217,7.407407407407407,38.490017945975055,5.196152422706632,1.751619226027766,22.886785714285715,2,0,3
13418,12,18,6127.43,20.156019736842108,24.15879371591615,1.1985895048394692,1.1683168316831682,7.92314403478657,6.781674131469861,2.43392634637906,20.156019736842108,3,1,3
13419,64,1,221.06,13.81625,7.596547351703053,0.5498270045564501,0.0,0.0,0.0,1.2820462400528454,13.81625,0,0,0
13420,150,2,159.85,19.98125,10.408236350533718,0.5209001614280246,2.857142857142857,7.559289460184544,2.6457513110645903,1.4941751382893085,19.98125,0,0,2
13421,40,2,1833.71,17.977549019607842,15.451671154214011,0.8594982073118591,2.4653465346534653,24.776426036228727,10.04987562112089,2.5473155275534207,17.977549019607842,3,1,2
13422,64,1,2626.3,20.67952755905512,10.219026283737929,0.4941614964150008,0.0,0.0,0.0,1.8836047713655952,20.67952755905512,2,0,0
13425,108,3,1624.21,20.823205128205128,16.471293130350983,0.7910066211680612,2.415584415584416,15.82249452133413,6.550172463132946,2.359994744707329,20.823205128205128,2,1,2
13426,1,10,3641.32,23.193121019108283,26.29119129206155,1.1335771184223478,2.269230769230769,11.538069472247164,5.084572987769937,1.6273445021360224,23.193121019108283,3,1,3
13427,19,3,582.6,20.089655172413792,14.694614777130967,0.7314518169186374,6.964285714285714,25.588600098998285,3.674260527035651,1.8249399783939224,20.089655172413792,2,1,3
13428,10,1,201.78,2.841971830985916,2.1243073625593216,0.7474765722158382,0.0,0.0,0.0,1.277269306696561,2.841971830985916,0,0,0
13429,11,4,1006.8,15.02686567164179,8.762166469501606,0.5831000729604764,0.9393939393939394,5.08656991234697,5.414735713143549,1.6900068096493603,15.02686567164179,2,0,3
13430,19,2,679.45,13.866326530612248,8.935283220160947,0.6443871922700514,1.3958333333333333,9.67061700892623,6.928203230275509,1.6555614827159029,13.866326530612248,2,1,3
13431,67,2,1269.1,27.589130434782607,29.02192082057875,1.0519331477004354,0.4666666666666667,3.130495168499705,6.7082039324993685,2.1871942389500942,27.589130434782607,3,1,2
13434,74,2,534.24,53.424,66.7406874402714,1.249264140466296,2.4444444444444446,7.333333333333334,3.0,0.8018185525433373,53.424,0,2,2
13435,5,7,3809.89,37.72168316831683,42.77515274243464,1.1339672344833838,1.81,8.178186062491319,4.518334841155425,2.7536007353722067,37.72168316831683,3,1,3
13436,2,1,196.89,16.4075,4.698021101775434,0.2863337560125207,0.0,0.0,0.0,1.8200759753606215,16.4075,0,0,0
13437,14,7,3408.06,20.40754491017964,12.88683298635284,0.6314739496138344,1.0421686746987953,6.66910780425011,6.399259511592591,2.095194163007746,20.40754491017964,3,1,3
13439,255,1,283.71,5.253888888888889,3.663139913401785,0.6972244733132297,0.0,0.0,0.0,1.925922712297949,5.253888888888889,1,0,1
13441,92,1,296.64,22.818461538461538,19.99561028749137,0.8762909039151423,0.0,0.0,0.0,1.4180693652516905,22.818461538461538,0,0,0
13447,23,3,1129.14,19.13796610169492,10.47089476459605,0.5471268320236347,0.2068965517241379,1.3345427062199031,6.450289746729532,2.038345551471493,19.13796610169492,2,1,3
13448,17,6,3534.69,18.22005154639175,12.966940686782342,0.711685181228276,1.839378238341969,15.04611327258302,8.179999610164852,2.154588343313233,18.22005154639175,3,1,3
13449,24,1,291.88,15.362105263157895,7.659206935263793,0.4985779490544472,0.0,0.0,0.0,1.611796945455623,15.362105263157895,0,0,0
13450,27,6,2043.72,28.784788732394368,19.922715094595983,0.6921265005560031,2.7,10.681624476140104,3.956157213385224,1.9811425480659404,28.784788732394368,2,1,3
13451,26,5,2898.26,6.693441108545034,4.711560490085222,0.7039070656900696,0.7083333333333334,7.497756818448078,10.585068449573756,2.1613214140038988,6.693441108545034,3,1,3
13452,259,2,590.0,295.0,0.0,0.0,11.0,0.0,0.0,0.0,295.0,1,3,2
13453,166,2,356.98,20.99882352941177,8.167421473721786,0.3889466218087017,7.6875,30.75,4.0,1.5643701028927683,20.99882352941177,1,0,2
13455,25,2,1058.34,23.007391304347824,11.839684386706072,0.514603512848876,7.5777777777777775,50.83327868849522,6.708203932499369,1.9769321881428383,23.007391304347824,2,1,3
13456,18,6,1766.72,28.0431746031746,35.71479172309228,1.27356450289509,3.0161290322580645,13.39866880527948,4.44233938998571,2.2209452794021147,28.0431746031746,3,1,3
13458,7,14,9646.57,25.252801047120418,18.45953479754951,0.7309895945049808,0.9081364829396326,5.0865624771504585,5.601099143914233,2.2882251970452177,25.252801047120418,3,1,3
13460,29,2,183.44,10.790588235294118,3.426091925554967,0.3175074287747189,1.25,5.0,4.0,1.1407201964134568,10.790588235294118,0,3,2
13461,39,3,1445.0,53.51851851851852,27.603762801431994,0.5157796509610131,4.769230769230769,19.833925869192296,4.158726391927417,2.015457884759063,53.51851851851852,2,1,3
13462,253,1,151.5,16.833333333333332,2.9141894241795603,0.1731201638126471,0.0,0.0,0.0,1.5810937501718236,16.833333333333332,1,3,1
13464,58,1,674.68,16.45560975609756,5.792594862745232,0.3520133831928537,0.0,0.0,0.0,1.837819272818983,16.45560975609756,0,0,0
13466,184,1,307.90000000000003,18.111764705882354,6.626737729922355,0.3658802903822021,0.0,0.0,0.0,1.645916830017468,18.111764705882354,1,0,1
13467,11,2,1071.91,10.937857142857144,9.450442006790547,0.8640121994061755,0.2577319587628865,2.538365412834048,9.848857801796107,2.220495526335456,10.937857142857144,2,1,3
13468,2,37,5704.97,18.89062913907285,13.474436184860537,0.713286788156271,1.169435215946844,3.774634112063804,3.227741101509105,2.1745442878583,18.89062913907285,3,1,3
13470,99,2,165.0,16.5,0.0,0.0,1.6666666666666667,5.0,3.0,0.0,16.5,0,3,2
13471,1,4,2501.84,9.84976377952756,7.976051700841287,0.8097708614514464,0.1778656126482213,1.8782337695237736,10.559847637544772,2.439237093337145,9.84976377952756,3,1,3
13473,61,2,422.64,20.125714285714285,11.31836895114688,0.5623834657724884,13.6,60.82104898799428,4.47213595499958,2.02065988387882,20.125714285714285,2,1,2
13474,236,1,226.84,3.658709677419355,2.760208167411617,0.754421206046201,0.0,0.0,0.0,1.3700816622549803,3.658709677419355,1,0,1
13475,191,4,1431.78,16.648604651162792,8.627178417180236,0.5181922808514577,1.2470588235294118,6.704486561700487,5.376239224005108,1.655392228281227,16.648604651162792,2,0,2
13476,179,2,1238.47,21.35293103448276,20.3517659054158,0.953113456534366,1.7894736842105263,13.510230042063446,7.549834435270749,1.929389302627448,21.35293103448276,2,2,2
13477,38,6,1454.58,18.41240506329114,10.516214612803324,0.5711483413847727,3.230769230769231,13.96184324983872,4.321522910664365,2.03759485450381,18.41240506329114,2,1,3
13479,201,2,300.95,20.063333333333333,8.646912468511244,0.4309808507315789,2.357142857142857,8.819620983110005,3.741657386773941,1.933809998920632,20.063333333333333,1,0,2
13481,46,5,1804.56,16.55559633027523,6.326044260332845,0.382109114895753,1.935185185185185,11.610721075394917,5.999798450443306,2.0186021632351347,16.55559633027523,2,1,3
13482,232,1,184.64,16.785454545454545,3.869478940726681,0.2305257167893928,0.0,0.0,0.0,1.540305825226517,16.785454545454545,1,3,1
13483,66,1,140.34,14.034,6.5758619206914615,0.4685664757511373,0.0,0.0,0.0,1.193549604098133,14.034,0,3,0
13484,241,1,313.8,39.225,24.32181560422072,0.6200590338870801,0.0,0.0,0.0,1.0821955300387671,39.225,1,3,1
13485,233,1,454.24,19.749565217391304,12.885425338963708,0.652440962478349,0.0,0.0,0.0,1.8685688398302625,19.749565217391304,1,0,1
13486,78,3,1122.41,16.2668115942029,5.601415391706979,0.3443462389214116,1.1176470588235294,6.792290211801503,6.077312294769766,1.986613188677107,16.2668115942029,2,1,2
13487,58,3,575.4,16.923529411764704,4.476728298287098,0.2645268719877673,8.93939393939394,35.7892611284616,4.003544465217738,1.755561034850207,16.923529411764704,2,0,2
13488,17,13,8968.31,21.25191943127962,17.212658639709748,0.8099343071278216,0.8218527315914489,5.518289709784865,6.714450774044591,2.159128655250485,21.25191943127962,3,1,3
13489,105,4,449.52,32.10857142857143,41.072152433181614,1.2791647403108706,14.461538461538462,37.82771335193151,2.615746136037817,1.351783994289646,32.10857142857143,0,2,2
13491,52,10,1215.82,14.137441860465117,5.496601770729965,0.3887974801226966,3.7058823529411766,15.481804627038928,4.177629819994631,2.120309003619193,14.137441860465117,2,1,3
13492,136,3,1269.84,25.3968,14.51249784264077,0.5714301739841543,1.5714285714285714,8.175165645620483,5.202378138122126,1.8933200761116245,25.3968,2,0,2
13493,275,2,618.63,77.32875,47.671480374238726,0.6164780935194055,1.5714285714285714,4.157609203101499,2.6457513110645903,1.7328679513998633,77.32875,1,0,2
13494,312,1,316.26000000000005,17.570000000000004,5.548250386648136,0.3157797601962512,0.0,0.0,0.0,1.7540041277179663,17.570000000000004,1,0,1
13495,8,5,2044.87,42.60145833333333,33.95494210822182,0.7970370836261705,7.638297872340425,33.83169695387608,4.429219378362607,1.7305061134829751,42.60145833333333,2,1,3
13496,11,2,653.33,18.66657142857143,12.164894511971529,0.6516941023969564,10.264705882352942,59.85300621473558,5.8309518948453,1.761712391275148,18.66657142857143,2,1,3
13497,283,2,348.05,18.318421052631574,6.0771934889185815,0.3317531282558628,4.722222222222222,20.034692133618847,4.242640687119286,1.689245309956389,18.318421052631574,1,0,2
13499,18,5,1159.11,27.597857142857144,17.988382366800415,0.6518035901731651,6.097560975609756,25.134443377613103,4.1220487139285495,2.3470073983498163,27.597857142857144,2,1,3
13500,23,3,1166.77,17.950307692307693,5.651786213565245,0.3148573445338335,1.53125,10.830539932897867,7.073005670463913,1.8936078393890516,17.950307692307693,2,0,3
13501,288,1,1340.32,25.775384615384613,23.71702122796204,0.9201422823311044,0.0,0.0,0.0,2.1336317218009047,25.775384615384613,1,0,1
13502,17,3,292.0,16.22222222222222,12.011159299269092,0.7404139294069989,18.0,62.928530890209096,3.496029493900505,1.2919060073446698,16.22222222222222,0,0,3
13503,71,1,216.85,12.755882352941176,4.023286993901146,0.3154064048711989,0.0,0.0,0.0,1.562663983084702,12.755882352941176,0,0,0
13504,64,1,295.93,13.451363636363636,5.436369845730431,0.4041500915962203,0.0,0.0,0.0,1.7510841931826249,13.451363636363636,0,0,0
13505,73,4,4393.63,20.435488372093022,27.05671524465732,1.3240062949318274,0.7383177570093458,7.106614585419178,9.625414691643696,2.3339184917108886,20.435488372093022,3,1,2
13506,316,2,458.52,17.635384615384616,4.771560944403189,0.2705674442870167,2.12,10.6,5.0,2.104776277549288,17.635384615384616,1,0,2
13507,3,4,2479.16,15.303456790123455,5.936384214452394,0.387911325909295,0.8757763975155279,7.999029444231933,9.133643549796746,2.08438904247072,15.303456790123455,2,1,3
13508,244,1,110.97,9.2475,5.735378445149973,0.620208536918083,0.0,0.0,0.0,1.236684869140504,9.2475,1,3,1
13509,9,7,979.72,22.26636363636364,19.24649495011217,0.8643753090729347,6.325581395348837,19.517661025743735,3.085512588628606,1.849542831382306,22.26636363636364,2,1,3
13510,1,4,1791.56,15.578782608695652,5.817023889069968,0.3733939958712219,1.5789473684210529,10.179708027214206,6.447148417235663,2.0569155247079585,15.578782608695652,2,1,3
13512,261,1,251.21,16.747333333333334,5.433243528325898,0.3244243976150968,0.0,0.0,0.0,1.767009191074569,16.747333333333334,1,0,1
13513,127,1,205.1,20.51,14.423453123298872,0.7032400352656691,0.0,0.0,0.0,1.5047882836811908,20.51,0,3,1
13514,74,1,152.20000000000002,38.05,3.128897569432401,0.0822312107603784,0.0,0.0,0.0,1.039720770839918,38.05,0,3,0
13515,73,4,891.12,15.103728813559322,5.261744137970395,0.3483738487973037,2.9827586206896552,14.582483338810253,4.888925050005749,1.7898710678138603,15.103728813559322,2,0,2
13516,21,3,1389.41,31.5775,43.73448265012881,1.3849887625723636,5.046511627906977,26.304945658810183,5.212500752667456,2.00416060275192,31.5775,3,2,3
13517,60,3,2128.42,15.09517730496454,4.869670655164164,0.3225977778719177,0.8571428571428571,7.313701961546061,8.532652288470405,1.993897147384101,15.09517730496454,2,1,2
13518,86,1,627.16,17.42111111111111,5.423984712250778,0.3113455093453473,0.0,0.0,0.0,1.7853809974630648,17.42111111111111,0,0,0
13519,78,1,122.75,15.34375,4.432464446719067,0.2888775199491041,0.0,0.0,0.0,1.0735428464085233,15.34375,0,3,0
13520,59,6,3624.35,38.97150537634408,39.45261783748892,1.0123452367697572,3.380434782608696,14.507173209628451,4.291511045935105,2.423595596735442,38.97150537634408,3,1,2
13521,1,3,1071.73,2.5639473684210525,2.4217055977181534,0.9445223515682012,0.0167865707434052,0.244568369810017,14.569287172968156,1.131360545357274,2.5639473684210525,2,2,3
13522,30,1,125.8,25.160000000000004,9.370325501283297,0.3724294714341531,0.0,0.0,0.0,1.0549201679861442,25.160000000000004,0,3,0
13523,33,5,3964.88,23.051627906976744,22.132346065513733,0.9601207409223892,1.9415204678362568,17.233588135600776,8.876336057794376,2.293743667799962,23.051627906976744,3,1,3
13524,41,5,680.1800000000001,25.19185185185185,12.082589201961715,0.4796229063673826,6.807692307692308,17.881877375195774,2.626716450593729,1.784499641682577,25.19185185185185,2,0,3
13525,15,2,628.78,104.79666666666668,98.95851285597752,0.9442906535447456,46.6,104.2007677514902,2.2360679774997894,1.3296613488547582,104.79666666666668,0,0,2
13527,34,7,2242.36,10.333456221198157,6.779874735211397,0.6561091071642703,1.3472222222222223,10.929575479177531,8.11267458248229,2.4264674585022217,10.333456221198157,3,1,3
13529,79,2,307.76,20.517333333333333,12.54361560240716,0.6113667599301645,8.928571428571429,33.40765523905305,3.741657386773941,1.454867109266288,20.517333333333333,0,0,2
13531,205,2,483.8,21.99090909090909,9.640744838390912,0.4383968301872675,7.666666666666667,35.133080327994776,4.58257569495584,1.8977485294081875,21.99090909090909,1,0,2
13532,34,1,210.31,3.1865151515151515,3.843936080643719,1.2063134483499856,0.0,0.0,0.0,0.7526123925584649,3.1865151515151515,0,3,0
13533,183,3,269.09,3.5878666666666663,2.1859856415871604,0.6092717050765062,1.135135135135135,9.764801654480818,8.602325267042627,1.61307753590937,3.5878666666666663,2,2,2
13534,2,25,5870.08,19.83135135135135,8.677351673521384,0.4375572556698255,1.176271186440678,5.737700213128217,4.877871939114766,1.5737774993636122,19.83135135135135,2,1,3
13536,1,7,3444.39,19.35050561797753,16.030042602706988,0.8284043279889455,0.4011299435028249,2.709956153212986,6.755806184770401,2.609815317256239,19.35050561797753,3,1,3
13538,43,7,1280.85,51.234,16.221633703175524,0.3166185287733834,11.25,22.91240408315036,2.0366581407244766,1.2023982217183018,51.234,2,0,3
13539,86,3,631.34,17.063243243243242,5.505056793558111,0.3226266375671589,6.166666666666667,27.75968299530814,4.501570215455374,2.0224121456832336,17.063243243243242,2,0,2
13544,40,2,276.06,3.539230769230769,2.655576719337574,0.7503259585174628,2.5974025974025974,22.79211529192759,8.774964387392123,0.7132428775924432,3.539230769230769,0,2,3
13546,12,3,621.09,6.4029896907216495,5.511774170837308,0.8608125949076927,1.9479166666666667,15.50712555512646,7.9608772903323,2.001187862501342,6.4029896907216495,2,1,3
13548,96,2,678.16,5.51349593495935,6.985581166634532,1.2669967020998694,1.2049180327868851,13.308754668250224,11.04536101718726,1.5241242312012486,5.51349593495935,3,2,2
13549,26,7,918.2,18.00392156862745,6.730377724446489,0.3738284294780777,4.28,14.359864702904211,3.355108575444909,2.0479710646378666,18.00392156862745,2,1,3
13551,319,1,91.8,22.950000000000003,10.2,0.4444444444444443,0.0,0.0,0.0,0.0,22.950000000000003,1,3,1
13552,66,12,3740.07,34.31256880733945,21.411851659496364,0.6240235693142383,2.287037037037037,10.011256212478356,4.377391380354909,2.374721610228914,34.31256880733945,3,1,3
13555,74,4,4098.88,30.36207407407408,23.018724016930356,0.758140697528495,0.9552238805970148,11.05751584744141,11.575836902790224,2.8337489274094145,30.36207407407408,3,1,2
13557,28,2,584.0600000000001,17.17823529411765,10.118071882015157,0.5890053145028169,7.636363636363637,43.867569300835854,5.744562646538029,1.6686187174262797,17.17823529411765,2,0,3
13558,6,4,594.52,3.517869822485207,2.8992774480977475,0.8241571162089069,0.3630952380952381,3.2342211998127937,8.907363304402448,1.2583987880016996,3.517869822485207,2,2,3
13560,7,1,171.42000000000002,5.3568750000000005,2.848737623647902,0.5317909459615731,0.0,0.0,0.0,1.1205861971907976,5.3568750000000005,0,3,0
13561,216,1,141.86,10.132857142857144,20.793141409376545,2.052051175322654,0.0,0.0,0.0,1.0285137640248474,10.132857142857144,1,2,1
13562,82,3,1799.3300000000002,21.943048780487807,9.020184182651102,0.4110725119780086,2.0123456790123457,13.214096476074795,6.566514199767229,1.884361583825678,21.943048780487807,2,1,2
13563,84,2,777.53,15.867959183673468,28.89836795994368,1.8211773565486091,1.1458333333333333,7.938566201357354,6.928203230275509,1.6435278622952585,15.867959183673468,3,2,2
13564,144,3,1724.67,21.29222222222222,60.45954509008482,2.839513154572684,2.775,23.39369979018748,8.430162086554047,2.2253279729898456,21.29222222222222,3,2,2
13565,19,2,240.22,6.321578947368421,5.714163307467654,0.9039139359077965,8.513513513513514,51.78568100118754,6.0827625302982185,1.844659216589033,6.321578947368421,2,1,3
13566,41,2,856.84,5.0700591715976335,5.297322380338936,1.044824567337286,0.244047619047619,3.1632186742228847,12.961481396815724,1.7767896859018777,5.0700591715976335,2,2,3
13568,173,1,187.05,4.3500000000000005,2.800127548115315,0.6437074823253597,0.0,0.0,0.0,0.835055624102254,4.3500000000000005,1,3,1
13569,17,2,338.62,4.286329113924051,3.222028417172107,0.7516987920282217,4.487179487179487,39.62969619506085,8.831760866327848,1.1905060488822752,4.286329113924051,0,2,3
13570,243,1,239.49,8.870000000000001,10.635411821616715,1.1990317724483333,0.0,0.0,0.0,2.0531427829365434,8.870000000000001,1,0,1
13571,13,12,2088.94,6.143941176470588,3.911077648693605,0.6365747223739436,0.696165191740413,4.33907013419185,6.232816845301005,2.271463854283012,6.143941176470588,3,1,3
13572,206,1,1384.25,41.946969696969695,31.11773534546342,0.7418351211127274,0.0,0.0,0.0,2.127830492510302,41.946969696969695,1,0,1
13573,50,2,290.25,11.61,9.422319689616424,0.8115693100444809,8.416666666666666,41.23307733685017,4.8989794855663575,1.880695235386156,11.61,2,0,2
13575,23,5,732.07,15.914565217391305,5.52703444957269,0.3472940902923815,3.355555555555556,12.1265215644275,3.613864042379056,1.6960250034798414,15.914565217391305,2,0,3
13576,10,18,6717.34,53.31222222222223,73.67862357985673,1.38202124219735,2.832,7.710211076145044,2.722532159655736,2.3488507960318192,53.31222222222223,3,1,3
13577,25,4,1687.6,20.33253012048193,12.641355461763863,0.6217305660858027,2.6219512195121952,13.84449816638626,5.280227207644993,1.4293843763387333,20.33253012048193,2,1,3
13579,15,2,467.04,20.30608695652174,10.41090064182312,0.5126985156773118,16.09090909090909,75.47305358988609,4.69041575982343,1.8120005877987309,20.30608695652174,2,0,3
13581,309,1,118.0,11.8,9.47874815925957,0.803283742310133,0.0,0.0,0.0,1.2798542258336676,11.8,1,0,1
13583,156,1,781.03,14.73641509433962,6.454497267659916,0.4379964344339854,0.0,0.0,0.0,2.028921000427574,14.73641509433962,2,0,1
13584,307,1,142.4,5.933333333333334,6.216102278456484,1.0476576873803063,0.0,0.0,0.0,0.7792259517391736,5.933333333333334,1,3,1
13587,64,1,712.4,89.05,101.3585855127372,1.1382210613446064,0.0,0.0,0.0,1.2130075659799042,89.05,0,2,0
13588,16,9,2478.95,14.246839080459768,8.10188416018481,0.5686794182505323,1.3641618497109826,9.728900187450444,7.131778527241216,1.552315094621565,14.246839080459768,2,1,3
13589,15,2,379.65,18.07857142857143,6.954307503780867,0.3846712961395975,8.2,36.67151483099655,4.47213595499958,1.835502432506876,18.07857142857143,2,0,3
13590,11,6,1981.92,22.780689655172413,18.43622456640815,0.80929176620525,3.383720930232558,14.72666138008058,4.352209205109724,2.0474258501175995,22.780689655172413,3,1,3
13591,65,3,1117.13,19.26086206896552,9.384474914412516,0.4872302641912095,3.526315789473684,20.025078261981808,5.678753536979916,1.9657840895307463,19.26086206896552,2,1,2
13592,36,4,247.96,15.4975,5.559059272934586,0.3587068412927624,15.2,44.78871031218215,2.946625678433036,1.700164942414579,15.4975,0,0,2
13593,108,5,2011.88,15.841574803149609,9.60593421294811,0.6063749552877955,1.8015873015873016,11.91638860814456,6.6143831040802405,2.069689598909994,15.841574803149609,2,1,2
13594,53,1,396.97,15.268076923076924,7.991678681844394,0.5234240515100743,0.0,0.0,0.0,2.128679110224044,15.268076923076924,0,0,0
13596,6,2,664.11,4.548698630136986,5.066442302553297,1.1138223730598569,0.0482758620689655,0.5813183589761798,12.041594578792296,1.2321349610367782,4.548698630136986,2,2,3
13598,47,1,160.04,4.572571428571428,4.528194902566611,0.9902950611711534,0.0,0.0,0.0,0.7433172241920629,4.572571428571428,0,3,0
13599,1,21,5149.92,20.934634146341462,20.82038913524807,0.994542774891848,1.4653061224489796,8.068090126359058,5.506078219938633,2.5551034575507527,20.934634146341462,3,1,3
13600,312,1,219.52,11.553684210526315,9.92530615846087,0.8590598442545395,0.0,0.0,0.0,2.0005073917883625,11.553684210526315,1,0,1
13601,45,2,693.32,7.003232323232324,6.472048193023759,0.9241515766303467,1.6938775510204085,16.7685322395667,9.899494936611664,2.2720294855428085,7.003232323232324,2,1,3
13602,65,1,428.89,18.647391304347824,6.708717678168869,0.359767088525925,0.0,0.0,0.0,1.831045091249595,18.647391304347824,0,0,0
13603,26,1,164.34,6.086666666666667,5.017181249696654,0.8242904572338424,0.0,0.0,0.0,2.098766795072961,6.086666666666667,0,0,0
13606,29,3,276.75,6.91875,7.661459386820336,1.1073473368484676,7.230769230769231,35.68167857927676,4.9347002290489135,1.6994935024645863,6.91875,2,1,3
13607,40,1,675.51,6.964020618556701,5.483455544444925,0.7873979479373477,0.0,0.0,0.0,1.706553770421791,6.964020618556701,0,0,0
13610,12,7,1082.33,5.034093023255814,4.52226867954546,0.898328389772319,1.2570093457943925,7.538590697168987,5.9972431568556255,1.3824127661714436,5.034093023255814,2,2,3
13611,89,3,1154.4,16.033333333333335,10.773739068732208,0.6719587776756054,3.8028169014084505,24.27674944015944,6.383885963893779,2.0619386937481736,16.033333333333335,2,1,2
13614,24,4,1585.46,8.130564102564103,7.489421487420141,0.9211441411621406,1.5721649484536082,13.804236357100772,8.780399518942787,1.74699009526257,8.130564102564103,2,1,3
13615,319,1,417.69,18.160434782608696,6.564035952384,0.3614470705662859,0.0,0.0,0.0,1.5464074129922554,18.160434782608696,1,0,1
13617,40,3,544.18,12.367727272727272,10.271177071568667,0.8304821771270929,3.255813953488372,14.930143722804887,4.585687000575788,2.319846059618268,12.367727272727272,2,1,3
13618,174,1,177.34,13.64153846153846,8.221295362404724,0.6026662891127857,0.0,0.0,0.0,1.9915093613566135,13.64153846153846,1,0,1
13621,117,1,213.85,11.255263157894737,4.990491367948376,0.4433917979472487,0.0,0.0,0.0,1.485181756934977,11.255263157894737,0,3,1
13623,31,5,727.74,9.33,15.62425994091556,1.6746259315022036,3.441558441558441,21.115281013430646,6.135383539751547,1.5493155327251389,9.33,3,2,3
13626,253,1,257.23,13.53842105263158,4.1218203410600776,0.3044535492755179,0.0,0.0,0.0,1.648991588294481,13.53842105263158,1,0,1
13627,59,5,1638.47,17.80945652173913,20.73014364989644,1.1639964209234668,3.2527472527472527,19.01496101412628,5.845815717180715,2.0303813724604107,17.80945652173913,3,1,2
13629,23,11,7792.36,132.07389830508475,101.78790950180723,0.7706890673180687,5.344827586206897,13.808911086988306,2.583602719501038,1.7899090409742642,132.07389830508475,3,1,3
13630,5,7,2031.78,28.61661971830986,35.62749167000361,1.2449930152724489,3.957142857142857,14.365251668054494,3.6302080027574535,2.48443081291716,28.61661971830986,3,1,3
13631,100,11,3070.42,279.1290909090909,278.19120494561093,0.9966399562280472,16.5,20.89258241577618,1.2662171161076472,1.8462202193216333,279.1290909090909,3,1,2
13632,25,5,2118.93,14.613310344827584,10.400644014192665,0.711724022057329,1.5069444444444444,11.995918028210651,7.960424866646701,2.2170791507369287,14.613310344827584,3,1,3
13634,33,5,1547.36,8.319139784946238,7.685801954803585,0.923869793450436,1.5783783783783785,12.37087953217272,7.837714772095729,1.8430453575906067,8.319139784946238,3,2,3
13635,68,1,1071.03,17.274677419354838,7.497878108087917,0.4340386755753349,0.0,0.0,0.0,1.6149919494691032,17.274677419354838,0,0,0
13636,37,5,949.12,15.065396825396826,5.519100799071561,0.3663428758655473,3.983870967741936,19.74467509497253,4.956153262705655,2.2408000980847222,15.065396825396826,2,1,3
13637,52,3,804.3,8.124242424242423,6.244168232857168,0.7685846761815986,1.7755102040816326,14.155637551141108,7.972715402366831,1.8751096900920703,8.124242424242423,2,1,3
13638,16,1,122.64,15.33,5.0447936387074215,0.3290798198765441,0.0,0.0,0.0,1.4941751382893085,15.33,0,0,0
13639,74,1,1033.34,25.8335,38.97632217128754,1.5087511243651672,0.0,0.0,0.0,1.8063776385903312,25.8335,3,2,0
13642,216,1,312.28,5.478596491228069,5.762576444673143,1.0518344349505866,0.0,0.0,0.0,1.2457282932361922,5.478596491228069,1,3,1
13643,31,3,519.44,18.551428571428573,7.326884899330844,0.3949499021663014,5.666666666666667,20.585655947023668,3.632762814180647,1.2573788948046656,18.551428571428573,0,0,3
13644,16,4,2624.26,17.974383561643837,7.968597416722522,0.4433307762346292,0.6068965517241379,4.193739632747804,6.910139167595814,1.9892812330496463,17.974383561643837,2,1,3
13645,120,1,252.1,50.42,27.270350199438216,0.5408637485013529,0.0,0.0,0.0,1.3321790402101223,50.42,0,3,1
13647,10,4,1648.12,21.12974358974359,21.98566587186987,1.0405079351053623,2.909090909090909,15.116374720447864,5.196253810153953,2.051276349582631,21.12974358974359,3,1,3
13649,257,2,346.6,15.069565217391306,16.55594331028228,1.09863443778561,4.954545454545454,23.238878082761538,4.69041575982343,2.07710622366748,15.069565217391306,1,0,2
13650,17,6,1836.34,19.128541666666667,9.810299741025853,0.5128618747827101,2.6210526315789475,14.5179118621662,5.538962357051361,1.9066548432696215,19.128541666666667,2,1,3
13651,35,2,94.2,15.7,1.5257784898208515,0.0971833433006911,0.8,1.7888543819998317,2.2360679774997894,1.3296613488547582,15.7,0,3,2
13652,46,3,1095.08,17.38222222222222,4.368632857839509,0.2513276382035002,5.193548387096774,30.019577606314765,5.780167116743837,1.926035313944035,17.38222222222222,2,0,3
13654,43,6,2707.33,16.30921686746988,8.34172295195836,0.5114729309042813,1.387878787878788,9.81014151633828,7.068442577274305,2.246543569538291,16.30921686746988,2,1,3
13655,114,2,932.97,16.66017857142857,6.546564259510182,0.3929468241557287,2.309090909090909,17.12467650656635,7.416198487095663,2.356576289311489,16.66017857142857,2,0,2
13656,165,2,379.65,7.747959183673469,6.762295277120483,0.8727840605265473,3.583333333333333,24.82606157515391,6.92820323027551,2.2333433883257183,7.747959183673469,2,0,2
13657,11,2,382.14,23.88375,17.675820348713664,0.7400772637761518,12.666666666666666,49.05778905196062,3.8729833462074175,1.5977295736436044,23.88375,0,1,3
13658,10,5,2639.17,24.43675925925926,19.86782317745609,0.813030196298555,1.8037383177570092,13.458839595285731,7.461636459562556,1.8387972607729928,24.43675925925926,3,1,3
13659,206,2,1563.0,15.1747572815534,12.224243257757266,0.8055643349641703,1.1274509803921569,11.386696744231754,10.099504938362076,2.0648555319621877,15.1747572815534,2,2,2
13662,86,3,881.26,16.947307692307692,7.412131051661087,0.4373633373651097,3.392156862745098,18.707301709624023,5.514869290120377,1.9891155352091567,16.947307692307692,2,1,2
13663,179,1,189.47,14.574615384615385,4.133603382410669,0.2836166357277601,0.0,0.0,0.0,1.3114313374732374,14.574615384615385,1,3,1
13666,60,3,84.65,7.054166666666667,5.902674984250527,0.8367643214531165,20.63636363636364,68.44307521915235,3.3166247903554003,0.9830877585747856,7.054166666666667,0,3,2
13667,149,1,299.05,3.603012048192771,3.245878337642972,0.900879123973806,0.0,0.0,0.0,1.173313627631706,3.603012048192771,0,3,1
13668,3,21,6309.83,13.628142548596111,18.788600808786445,1.3786618933423125,0.7575757575757576,4.302259025443965,5.678981913586035,2.316499887603757,13.628142548596111,3,1,3
13669,51,2,218.55,24.28333333333333,11.622929923216434,0.4786381574419945,12.25,34.64823227814083,2.8284271247461903,1.4270610433807247,24.28333333333333,0,0,2
13670,75,1,349.7,13.988,7.292715543609253,0.5213551289397521,0.0,0.0,0.0,1.733217181653998,13.988,0,0,0
13672,301,2,186.39,31.065,14.239376039700616,0.4583736050120913,6.0,13.41640786499874,2.23606797749979,1.791759469228055,31.065,1,3,2
13673,19,2,387.44,6.457333333333334,8.124799630732317,1.2582283136587318,0.2203389830508474,1.69245584275071,7.681145747868607,1.1823281180409035,6.457333333333334,0,2,3
13675,151,2,486.8200000000001,19.472800000000003,7.931443500397643,0.4073088359351322,5.541666666666667,27.14851131584689,4.898979485566356,1.5615765116610136,19.472800000000003,2,0,2
13678,152,1,232.6,14.5375,4.25205754115973,0.2924889108278404,0.0,0.0,0.0,1.9273921261392744,14.5375,1,0,1
13680,1,4,3719.12,19.17072164948453,37.0685617044152,1.9336028336425148,1.7461139896373057,21.609768188817736,12.375920654130038,2.529794984195358,19.17072164948453,3,1,3
13681,18,4,827.83,14.523333333333332,8.479049882195639,0.5838225762356419,2.4285714285714284,12.716284681615775,5.236117221841791,2.1747972856757243,14.523333333333332,2,1,3
13682,187,1,59.5,19.83333333333333,4.907477288111819,0.2474358296526967,0.0,0.0,0.0,0.6365141682948128,19.83333333333333,1,3,1
13684,286,1,65.13,2.245862068965517,1.5261284285064498,0.6795290100827123,0.0,0.0,0.0,0.5459692998888789,2.245862068965517,1,3,1
13685,3,7,3119.44,79.98564102564103,205.96804414628667,2.5750627425772508,1.4473684210526316,6.781123913944732,4.68514015872545,0.921943765917008,79.98564102564103,3,2,2
13686,183,1,72.0,9.0,0.9258200997725516,0.1028688999747279,0.0,0.0,0.0,0.5623351446188083,9.0,1,3,1
13689,63,1,910.0,151.66666666666666,66.95271963607352,0.4414465030949903,0.0,0.0,0.0,0.4505612088663046,151.66666666666666,0,3,0
13690,59,1,172.25,19.13888888888889,11.474013513636416,0.5995130428024833,0.0,0.0,0.0,1.5229550675313184,19.13888888888889,0,0,0
13692,25,3,1488.32,28.081509433962264,31.701370353553777,1.1289054966259608,4.057692307692308,26.32706313650774,6.488186175821813,1.6416428724609715,28.081509433962264,3,1,3
13694,4,50,65039.62,114.50637323943664,95.0682584568168,0.8302442542479791,0.6172839506172839,2.9686080238794763,4.809144998684752,3.171867051167819,114.50637323943664,3,1,3
13695,31,15,2504.13,27.823666666666668,22.5143493045378,0.8091798099173773,2.50561797752809,6.605995203232264,2.636473421917809,2.001494634205881,27.823666666666668,3,1,3
13697,39,1,151.3,12.608333333333334,3.959186861725601,0.3140134986167032,0.0,0.0,0.0,1.1988493129136213,12.608333333333334,0,0,0
13699,155,1,308.58000000000004,22.041428571428572,8.181575790615303,0.371190812977556,0.0,0.0,0.0,1.2914167691452023,22.041428571428572,0,3,1
13700,26,10,2248.63,11.590876288659794,13.736245942615296,1.1850912390510522,1.544041450777202,9.330694096990117,6.043033425231855,2.452802032710519,11.590876288659794,3,1,3
13703,318,1,99.5,99.5,0.0,0.0,0.0,0.0,0.0,0.0,99.5,1,3,1
13704,5,9,2308.06,17.224328358208954,8.17567972826662,0.474658840579416,0.6090225563909775,3.049676054495976,5.007492780839071,2.1967204749379188,17.224328358208954,2,1,3
13705,8,3,711.86,25.423571428571428,29.773129348742152,1.1710836706161047,13.51851851851852,50.31391485951007,3.721851236182937,1.5297063618815707,25.423571428571428,2,1,3
13706,303,1,330.79,16.5395,8.738638021664714,0.528349588661369,0.0,0.0,0.0,1.158214693401218,16.5395,1,0,1
13707,267,2,806.41,16.800208333333334,9.247096264091551,0.550415571082197,1.0212765957446808,7.001519591898938,6.855654600401044,1.986213915242085,16.800208333333334,1,0,2
13708,271,1,285.33,5.823061224489796,3.779778545145222,0.6491050668072614,0.0,0.0,0.0,1.898360562761105,5.823061224489796,1,0,1
13709,4,13,6307.650000000001,18.82880597014925,16.80753832891088,0.8926502485371167,0.9221556886227544,8.84602624481957,9.59276872003161,2.120516936668205,18.82880597014925,3,1,3
13710,32,1,180.48,22.56,18.76807014966795,0.8319180030881184,0.0,0.0,0.0,1.2130075659799042,22.56,0,0,0
13711,219,2,252.06,19.38923076923077,7.015769691129716,0.3618384749055237,0.0,0.0,0.0,2.1383972463477243,19.38923076923077,1,0,2
13712,247,1,228.84,22.884,11.16219333285354,0.4877728252426822,0.0,0.0,0.0,1.4708084763221112,22.884,1,0,1
13715,281,5,1077.39,10.359519230769232,6.995651267739178,0.6752872514547884,0.8737864077669902,6.10316473940234,6.984732979538234,2.039526493680096,10.359519230769232,2,0,2
13716,269,1,138.28,6.584761904761905,5.088206578989909,0.7727244587705242,0.0,0.0,0.0,2.070493040427825,6.584761904761905,1,0,1
13717,32,6,1445.01,14.166764705882352,6.8234898828760855,0.4816547761284425,2.603960396039604,12.145023020085876,4.664058270071002,2.2614474078778324,14.166764705882352,2,1,3
13718,246,2,306.55,25.54583333333333,27.90380764448834,1.092303675530452,4.454545454545454,14.77405588431042,3.3166247903554007,1.8200759753606215,25.54583333333333,1,0,2
13719,15,5,1041.68,17.361333333333334,6.774949738175351,0.3902321099478928,3.6779661016949152,19.80198586172096,5.383950073002472,1.9799957274773303,17.361333333333334,2,1,3
13720,117,4,799.9,18.60232558139535,10.435915283109324,0.5610005715385685,3.238095238095238,13.082868194162565,4.040297530550204,1.7388056065079929,18.60232558139535,2,0,2
13721,36,1,524.14,18.719285714285714,7.374808436217139,0.3939684744802531,0.0,0.0,0.0,1.7232683421594304,18.719285714285714,0,0,0
13722,132,3,2375.41,27.946,18.933036961127726,0.6774864725229989,1.7976190476190477,16.475450712817423,9.16515138991168,2.009913098021461,27.946,2,1,2
13723,217,1,199.85,33.30833333333334,12.370425080273783,0.3713912958801235,0.0,0.0,0.0,1.0114042647073518,33.30833333333334,1,3,1
13725,50,8,1980.56,19.043846153846157,15.755503665167035,0.8273278169696308,2.4854368932038837,13.604976077595982,5.473877093720259,2.038360274350334,19.043846153846157,3,1,3
13726,39,2,1079.66,25.70619047619048,38.765993014520575,1.5080411487040957,1.4878048780487805,9.52659947520497,6.4031242374328485,1.6876232887590503,25.70619047619048,3,2,2
13727,29,2,333.48,16.674,8.885206155236503,0.532877903036854,0.2105263157894736,0.9176629354822472,4.358898943540674,1.7388948450374018,16.674,2,0,3
13728,37,6,1016.14,16.12920634920635,3.1551280847101566,0.1956158298430726,4.354838709677419,15.40289175978728,3.536960330025228,1.306007334074297,16.12920634920635,2,0,3
13730,136,2,752.6,17.50232558139535,8.672115092478139,0.4954835888606961,0.5952380952380952,3.8575837490522966,6.480740698407859,2.067383650569987,17.50232558139535,2,0,2
13731,219,2,610.59,16.068157894736842,3.5273087936480416,0.2195216661894652,0.7297297297297297,4.4387726572446455,6.0827625302982185,2.0548729314805065,16.068157894736842,2,0,2
13732,28,1,491.86,14.904848484848486,5.4922508598547966,0.3684875338006918,0.0,0.0,0.0,1.7372327863347743,14.904848484848486,0,0,0
13735,25,4,2883.54,14.787384615384616,12.186401151341263,0.8241079452726671,1.0721649484536082,10.40351417578751,9.70327764472489,2.187492579210601,14.787384615384616,3,1,3
13736,5,2,729.8,3.8410526315789473,4.010661182262641,1.0441567890242558,1.3492063492063493,18.548520670059357,13.74772708486752,1.5383366073369646,3.8410526315789473,2,2,3
13737,200,1,339.6,11.32,15.018624070317404,1.3267335751163782,0.0,0.0,0.0,1.7344333637916642,11.32,1,0,1
13739,18,1,216.9,72.3,26.831138626603234,0.3711084180719673,0.0,0.0,0.0,1.0986122886681096,72.3,0,3,0
13740,241,1,350.75,15.25,7.079542229679698,0.4642322773560458,0.0,0.0,0.0,1.944794687720149,15.25,1,0,1
13741,72,3,668.4300000000001,19.65970588235294,7.170288648639803,0.3647200365838656,4.393939393939394,20.15244928342985,4.586419492090931,1.8124570752648803,19.65970588235294,2,0,2
13742,17,12,3107.87,9.92929712460064,9.829596244246028,0.9899589186320557,0.9551282051282052,6.843536579105544,7.165045008996408,1.735931044015503,9.92929712460064,3,1,3
13743,3,7,1341.6,32.72195121951219,15.07004698392016,0.4605485437840836,6.325,18.31405163199796,2.895502234307977,1.668360410686407,32.72195121951219,2,1,3
13744,95,2,1080.52,17.15111111111111,10.890767044154227,0.6349890087936515,3.177419354838709,25.019025019037528,7.874007874011811,1.790094951111023,17.15111111111111,2,1,2
13745,162,1,300.04,12.001600000000002,5.642762089615333,0.4701674851365928,0.0,0.0,0.0,1.244974275832791,12.001600000000002,1,3,1
13747,374,1,79.6,79.6,0.0,0.0,0.0,0.0,0.0,0.0,79.6,1,3,1
13748,96,5,948.25,33.86607142857143,42.95311926234322,1.2683230575751228,10.25925925925926,35.0709090410936,3.418464058157138,1.8555846424678968,33.86607142857143,3,1,2
13750,54,5,1647.26,68.63583333333334,101.66178029716184,1.4811764549202218,12.173913043478262,31.646703366892652,2.5995506337090397,1.963917011586512,68.63583333333334,3,2,2
13751,288,1,296.25,32.916666666666664,51.73385013702344,1.5716612699855224,0.0,0.0,0.0,1.6769877743224173,32.916666666666664,1,2,1
13752,124,6,1175.38,15.671733333333334,13.482786059562317,0.860325132695106,1.6216216216216215,6.553682856086052,4.041437761253065,2.49447306932661,15.671733333333334,3,1,2
13753,288,1,741.26,21.178857142857144,13.719620937017982,0.6477979828880951,0.0,0.0,0.0,1.3383002302880536,21.178857142857144,1,0,1
13754,152,2,282.6,23.55,12.967056159921016,0.5506180959626757,15.0,49.749371855331,3.3166247903554,1.6326309271543518,23.55,0,0,2
13755,4,9,2108.06,6.567165109034268,7.571988823999858,1.15300722583985,0.175,1.2989023579250285,7.422299188143019,1.7448368525669355,6.567165109034268,3,2,3
13756,2,14,5189.52,36.54591549295775,40.052375535483066,1.095946701436471,2.539007092198581,14.095347626836944,5.551519596044718,2.6421704191150592,36.54591549295775,3,1,3
13758,12,7,3190.55,27.26965811965812,22.17251330891098,0.8130836555272867,3.0948275862068964,17.701377223882577,5.719665063984343,2.4847433191772503,27.26965811965812,3,1,3
13759,33,2,659.4100000000001,26.376400000000004,32.043692681503906,1.2148622511602758,1.5416666666666667,7.552593373581466,4.898979485566356,2.001261686988215,26.376400000000004,3,1,3
13760,54,2,286.79,5.03140350877193,4.071124554449864,0.8091429254982468,3.607142857142857,26.99338543315486,7.483314773547882,1.7351509786751471,5.03140350877193,2,1,2
13761,50,2,1070.65,15.295000000000002,4.903987360198383,0.3206268296958733,1.8695652173913044,15.529775048064227,8.306623862918075,1.9417827173492068,15.295000000000002,2,1,3
13762,219,1,306.72,43.81714285714286,31.653278773973124,0.7223948598650621,0.0,0.0,0.0,1.1537419427010902,43.81714285714286,1,3,1
13763,63,1,1714.96,114.33066666666669,50.59807668093249,0.4425590977130588,0.0,0.0,0.0,1.194453006323357,114.33066666666669,0,0,0
13764,71,3,1519.42,7.340193236714976,4.286180543537415,0.583932930007664,1.2912621359223302,14.35346890541637,11.115844340284855,2.165926707959444,7.340193236714976,2,1,2
13767,2,37,17220.36,46.79445652173913,56.0794373203498,1.1984205286003733,0.9673024523160764,4.594962681852479,4.750285364055944,2.3460268176144545,46.79445652173913,3,1,3
13769,2,10,2796.51,20.71488888888889,20.316982634807875,0.9807912918956352,2.701492537313433,11.95167578821315,4.424100982377243,1.9130872046135872,20.71488888888889,3,1,3
13771,64,4,2634.45,22.13823529411765,15.6845919559778,0.7084842918868676,1.5423728813559323,13.124417165925552,8.5092375031825,2.180262313675894,22.13823529411765,2,1,2
13772,34,3,1122.63,6.489190751445087,8.252826044053172,1.271780466958124,1.191860465116279,11.819467686891354,9.916821669001529,1.86237386880592,6.489190751445087,3,2,3
13774,82,1,345.0,15.681818181818182,3.26378196687106,0.2081252268729371,0.0,0.0,0.0,1.8378815797682808,15.681818181818182,0,0,0
13777,1,33,25977.16,131.86375634517768,190.53384566522857,1.444929607241516,1.841836734693877,6.321350447562613,3.432090547707125,3.237235346907783,131.86375634517768,3,1,3
13778,103,1,178.7,19.855555555555554,8.121708735098654,0.4090396117285276,0.0,0.0,0.0,1.303092403761719,19.855555555555554,0,3,1
13780,7,2,360.01,6.315964912280702,11.172808647344477,1.7689788975268328,2.9107142857142856,21.78179121586259,7.483314773547884,1.5423066035316375,6.315964912280702,3,2,3
13781,251,1,127.84,7.52,5.87496382967589,0.7812451901164746,0.0,0.0,0.0,0.5455945739691843,7.52,1,3,1
13782,13,6,908.86,8.043008849557522,5.462502678154909,0.6791615899384996,2.7857142857142856,14.790688921226042,5.309478074286272,1.3907895888630102,8.043008849557522,2,1,3
13784,10,11,2462.79,79.44483870967741,58.09794665740305,0.7312991957818143,10.6,18.60033370112223,1.7547484623700218,2.282827518995042,79.44483870967741,3,1,3
13786,367,1,230.4,32.91428571428572,23.424163348376577,0.7116716295079688,0.0,0.0,0.0,1.2770342594661392,32.91428571428572,1,0,1
13787,76,2,309.04,9.969032258064518,7.124926364456319,0.714705919292473,9.6,52.58136552049596,5.477225575051662,2.2462590408691008,9.969032258064518,2,1,2
13790,4,1,348.79999999999995,7.75111111111111,5.781913108298947,0.7459463585821463,0.0,0.0,0.0,1.349819590172642,7.75111111111111,0,0,0
13791,128,2,1516.0,137.8181818181818,66.39701526698046,0.4817725382168767,4.0,12.649110640673518,3.1622776601683795,0.3046360973492381,137.8181818181818,0,3,2
13792,66,2,195.55,15.042307692307691,4.236047988880976,0.2816089176959994,18.416666666666668,63.797204745453655,3.464101615137755,1.412744636863848,15.042307692307691,0,0,2
13798,1,57,37153.85,106.4580229226361,69.2264907797415,0.6502703025966294,0.9913793103448276,2.9661753762907628,2.9919682056498127,2.6591034988205364,106.4580229226361,3,1,3
13799,117,2,688.86,17.663076923076922,8.729158081379703,0.4942037063754732,4.657894736842105,28.71319154014497,6.164414002968976,1.3287465450896327,17.663076923076922,0,0,2
13800,310,1,558.32,16.91878787878788,9.705873143867503,0.5736742616199091,0.0,0.0,0.0,1.4515822978678332,16.91878787878788,1,0,1
13801,67,1,324.8,14.121739130434785,3.844796545242453,0.2722608391027599,0.0,0.0,0.0,1.873535300749036,14.121739130434785,0,0,0
13802,139,3,4599.42,76.657,69.70732323709865,0.9093406112566192,2.915254237288136,16.656041811113447,5.713409691021473,2.49682767055626,76.657,3,1,2
13803,255,1,277.07,16.298235294117646,3.4787825372070147,0.213445350028943,0.0,0.0,0.0,1.6259287080415386,16.298235294117646,1,0,1
13804,31,7,2588.39,19.173259259259257,8.905421359849413,0.4644709195985423,1.9253731343283584,12.855838535318892,6.677063425320664,1.9992105119995007,19.173259259259257,2,1,3
13805,52,2,924.6,71.12307692307692,53.34235955670618,0.7500007292203984,6.333333333333333,21.93931022920578,3.464101615137755,1.844621476365503,71.12307692307692,2,1,2
13806,64,1,256.38,25.638,16.587026255480517,0.6469703664669832,0.0,0.0,0.0,1.5571130980576458,25.638,0,0,0
13807,367,1,112.6,16.085714285714285,2.798468969173782,0.1739723160232368,0.0,0.0,0.0,0.9556998911125344,16.085714285714285,1,3,1
13808,6,5,1747.66,22.99552631578948,18.028870949654564,0.7840164518119924,1.1866666666666668,5.919946432677053,4.988718903941336,1.8461262581240132,22.99552631578948,2,1,3
13809,305,1,155.05,12.920833333333334,9.421914935967424,0.7292033488010906,0.0,0.0,0.0,1.3497923961724003,12.920833333333334,1,0,1
13810,29,3,1499.01,42.828857142857146,98.90555042330948,2.309320327960342,0.7941176470588235,4.630461798847739,5.830951894845301,1.6428871603220148,42.828857142857146,3,2,2
13811,184,3,814.5,62.65384615384615,50.200176217894814,0.8012305596471855,4.5,14.669076936938405,3.259794874875201,1.5247073930301438,62.65384615384615,1,2,2
13812,42,3,539.0,14.97222222222222,4.938802695339435,0.3298643729725782,1.7714285714285714,7.69295213848637,4.3427955620487575,2.1536205653558405,14.97222222222222,2,1,3
13813,40,4,1366.86,19.809565217391302,10.830544013654784,0.546733050160353,1.3823529411764706,6.889380562161574,4.983807215180714,1.986148397647626,19.809565217391302,2,1,3
13814,92,2,1579.12,27.703859649122805,20.273859026763816,0.7318063000440357,0.7857142857142857,5.879747322073337,7.4833147735478835,1.6746990282604333,27.703859649122805,2,1,2
13815,22,4,4027.36,22.882727272727276,19.22190448285632,0.8400180736221029,1.6914285714285715,15.72342442134224,9.295943492347607,2.2823548407973413,22.882727272727276,3,1,3
13816,24,2,571.6700000000001,20.41678571428572,11.151065404529051,0.5461714473854031,1.4814814814814814,7.698003589195011,5.196152422706633,1.883296059717192,20.41678571428572,2,1,3
13817,29,2,382.98,15.9575,5.543548737829916,0.3473945629221316,14.0,67.14164132637808,4.79583152331272,1.849059277132884,15.9575,2,0,3
13819,302,3,1140.35,31.676388888888887,14.966956395010934,0.4724956638053174,0.4857142857142857,2.034575090361456,4.188831068391233,2.2015675774311374,31.676388888888887,1,0,2
13821,145,2,385.64,6.536271186440678,4.673811447034564,0.715057762096876,2.0,15.23154621172782,7.615773105863909,1.4293536748041828,6.536271186440678,0,0,2
13822,6,2,632.0,6.583333333333333,12.997027325440444,1.9742319988010804,0.3578947368421052,3.488326397089524,9.746794344808963,1.9232126710467807,6.583333333333333,3,2,3
13823,19,2,957.66,23.9415,20.13848943358629,0.8411540393703943,1.8461538461538465,11.529227073966275,6.244997998398399,2.058023118036427,23.9415,2,1,3
13824,33,5,1698.94,36.93347826086956,36.30657652194657,0.9830261928081876,6.133333333333334,21.0374125612616,3.430012917597,2.292967745413093,36.93347826086956,3,1,3
13826,176,1,189.5,18.95,5.509032986327496,0.2907141417587069,0.0,0.0,0.0,1.4708084763221112,18.95,1,3,1
13827,58,3,409.8,4.4543478260869565,4.152987089770135,0.9323445882353646,0.934065934065934,8.01221594788885,8.577784132445709,0.7982190952385406,4.4543478260869565,0,2,2
13828,22,1,209.49,13.966,2.899166875402066,0.2075874892884194,0.0,0.0,0.0,1.736740746093063,13.966,0,0,0
13831,16,6,2198.45,30.534027777777776,52.010519890914,1.7033625655101583,4.929577464788732,21.501045784308108,4.361640716245359,2.071223376745085,30.534027777777776,3,2,3
13832,19,1,52.2,17.400000000000002,2.400000000000001,0.1379310344827586,0.0,0.0,0.0,0.6365141682948128,17.400000000000002,0,3,0
13833,159,1,383.85,13.708928571428572,7.014615081061094,0.5116822255300524,0.0,0.0,0.0,1.2760663285105422,13.708928571428572,0,3,1
13835,25,4,834.57,15.174,5.44292493534973,0.3587007338440575,3.4814814814814814,16.229184916280314,4.661574390846473,2.0010867184862318,15.174,2,1,3
13837,212,2,266.59000000000003,14.810555555555558,13.53815717419482,0.914088409675932,6.176470588235294,25.46624062881496,4.123105625617661,2.106170916206464,14.810555555555558,1,0,2
13838,6,4,674.82,4.089818181818182,3.583012336814509,0.8760810817320084,2.2195121951219514,21.48477811284381,9.67995497391864,0.8308095009969406,4.089818181818182,0,2,3
13841,253,1,85.0,85.0,0.0,0.0,0.0,0.0,0.0,0.0,85.0,1,3,1
13842,59,9,3385.62,16.43504854368932,6.552347093725759,0.3986813349718829,1.4780487804878049,8.312272765436692,5.623814907308653,2.0820927656093176,16.43504854368932,2,1,3
13844,11,1,361.62,18.081,6.022220171122415,0.33306897688858,0.0,0.0,0.0,1.495615780172503,18.081,0,0,0
13845,65,1,312.98,34.77555555555556,27.188015333557868,0.7818139753403438,0.0,0.0,0.0,1.4270610433807247,34.77555555555556,0,0,0
13846,25,3,865.0600000000001,15.728363636363635,5.057497098600939,0.3215526557961894,6.185185185185185,33.28327478109296,5.381128258021018,1.646558168232133,15.728363636363635,2,0,3
13848,92,3,1255.0,251.0,180.22208521710093,0.7180162757653424,68.25,96.63807048294512,1.4159424246585364,1.0549201679861442,251.0,0,0,2
13849,52,2,1537.95,15.22722772277228,5.295018624860896,0.3477335941421701,1.19,11.9,10.0,1.958550465872714,15.22722772277228,2,1,3
13850,129,1,1595.48,17.155698924731183,4.699059202290313,0.2739066022845783,0.0,0.0,0.0,1.7358603177934242,17.155698924731183,2,0,1
13851,96,3,2651.46,32.73407407407407,98.09964329417537,2.9968662951084326,2.3875,18.08873609232336,7.57643396537104,1.998625899176268,32.73407407407407,3,1,2
13853,57,1,1090.14,47.39739130434782,37.85093168270778,0.7985868133471655,0.0,0.0,0.0,1.7025216654924848,47.39739130434782,0,0,0
13854,9,25,8109.519999999999,73.72290909090908,65.01172041608767,0.8818387827848805,3.1743119266055047,7.522612869427907,2.3698404704267104,2.2637586866812804,73.72290909090908,3,1,3
13856,169,3,388.5,27.75,28.99832223263429,1.0449845849597943,2.6153846153846154,6.436076205505721,2.460852666811011,1.7478680974667578,27.75,1,2,2
13858,57,1,216.17,19.651818181818182,6.440111517950319,0.3277107216424735,0.0,0.0,0.0,1.4681399390162089,19.651818181818182,0,0,0
13859,326,1,201.16,7.184285714285714,4.38536744401739,0.6104110580258846,0.0,0.0,0.0,1.865180165131056,7.184285714285714,1,0,1
13860,1,5,1245.9,16.39342105263158,5.100813674341662,0.3111500435427934,1.106666666666667,5.901381728570548,5.332573851117965,1.938196572062837,16.39342105263158,2,0,3
13862,18,8,2209.36,15.894676258992806,6.18642181965182,0.3892134522810239,2.246376811594203,9.950836515621502,4.42972722308312,1.7861636555327138,15.894676258992806,2,1,3
13863,248,1,305.78,15.288999999999998,5.343972403805205,0.3495305385443917,0.0,0.0,0.0,1.7820471559051687,15.288999999999998,1,0,1
13865,58,4,501.56,16.718666666666667,4.276587209553845,0.2557971454793351,7.931034482758621,24.75873732425839,3.1217538365369277,1.8413903748459728,16.718666666666667,2,0,2
13866,74,1,145.67,20.81,8.302045932579912,0.3989450231898083,0.0,0.0,0.0,1.549826045878202,20.81,0,0,0
13867,31,3,1005.09,16.7515,7.950785447821374,0.4746312537875041,3.152542372881356,19.34782671509416,6.137213850486858,2.0162455768634104,16.7515,2,1,3
13868,7,2,3192.54,96.74363636363636,464.7298439941895,4.8037252005638935,0.96875,5.480077554195743,5.65685424949238,1.7828837088594036,96.74363636363636,3,2,2
13869,123,4,3083.65,10.143585526315787,5.95909870690205,0.5874745859284365,0.768976897689769,8.835851934780923,11.490399726346007,2.178577830660599,10.143585526315787,2,1,2
13870,2,8,2770.94,24.095130434782607,32.0600582888247,1.3305617238968872,2.482456140350877,13.543265613267382,5.455591095097108,2.158653631904655,24.095130434782607,3,1,3
13871,23,13,6403.25,19.057291666666668,9.385424621699435,0.4924847027511046,0.8388059701492537,4.904261718257078,5.846717706818936,2.1782618987838624,19.057291666666668,2,1,3
13873,120,3,389.6,16.93913043478261,4.851814012252136,0.2864263918937349,8.590909090909092,27.840804399485112,3.2407285544374203,1.91777409426173,16.93913043478261,2,0,2
13874,358,1,540.45,30.025,40.3010335949778,1.3422492454613757,0.0,0.0,0.0,2.322187942807066,30.025,1,0,1
13875,54,5,1786.79,17.180673076923078,17.299044772125598,1.006889817102772,2.388349514563106,12.323445699797505,5.15981669544367,2.087798022917468,17.180673076923078,3,1,3
13876,64,1,122.7,17.52857142857143,4.940551347678477,0.2818570450998316,0.0,0.0,0.0,1.351783994289646,17.52857142857143,0,0,0
13877,86,1,117.24,39.08,27.1996176443714,0.6959984044107318,0.0,0.0,0.0,0.6365141682948128,39.08,0,3,0
13878,55,1,1271.57,36.33057142857143,21.611021417848097,0.5948439721168975,0.0,0.0,0.0,2.093986852077331,36.33057142857143,2,0,0
13880,21,13,3219.77,19.513757575757577,9.20710736542336,0.4718264706158683,2.0853658536585367,9.527746010316877,4.568860659918033,1.9272753602638144,19.513757575757577,2,1,3
13881,4,20,17159.52,96.401797752809,95.1420910026979,0.9869327462819604,1.694915254237288,6.63989552890878,3.917538362056181,2.9755688811012435,96.401797752809,3,1,3
13882,3,5,1191.13,18.325076923076924,9.95678727726044,0.5433421818121686,0.921875,3.785119936872271,4.105892812878396,2.0534959670466115,18.325076923076924,2,1,3
13883,11,5,2674.48,18.834366197183098,8.096234083389247,0.4298649606059021,1.7092198581560285,17.64593802190027,10.323972037709288,2.073234504693785,18.834366197183098,2,1,3
13884,7,5,787.6,13.34915254237288,10.541451396524824,0.7896719558087413,4.741379310344827,26.75067491840985,5.6419605282464405,2.0294440264729743,13.34915254237288,2,1,3
13885,189,2,506.8,18.1,8.591845832812341,0.474687615072505,0.4074074074074074,2.116950987028628,5.196152422706632,1.6540345371015173,18.1,1,0,2
13886,71,1,243.56,15.2225,3.6277587203855415,0.2383155671135189,0.0,0.0,0.0,1.488036044178116,15.2225,0,0,0
13887,204,1,349.55,18.397368421052636,7.294246470948688,0.3964831438936492,0.0,0.0,0.0,1.909660421540432,18.397368421052636,1,0,1
13888,120,2,595.67,15.273589743589742,5.553544381355163,0.3636043965162781,2.5789473684210527,15.897699270814726,6.164414002968975,1.8072706145337625,15.273589743589742,2,0,2
13889,93,1,416.9,27.793333333333337,13.277328510696435,0.4777163052541293,0.0,0.0,0.0,1.7140875411870102,27.793333333333337,0,0,0
13890,1,10,1883.81,17.125545454545453,5.814733199108451,0.3395356495092019,3.2477064220183487,24.62013477537153,7.5807759619081825,1.7949308852115584,17.125545454545453,2,1,3
13892,27,4,632.97,23.44333333333333,23.47491443418501,1.0013471250185555,8.423076923076923,35.81974101181981,4.252571992270845,1.9562449785357017,23.44333333333333,2,1,3
13893,298,1,821.1,39.1,64.2484241051872,1.6431822021787006,0.0,0.0,0.0,1.4601860250149767,39.1,1,2,1
13894,24,3,564.62,20.911851851851853,13.649404900253131,0.652711438324598,11.0,56.08921464952063,5.0990195135927845,2.0620899150777183,20.911851851851853,2,1,3
13895,28,4,2593.07,21.975169491525424,18.66493763663769,0.8493648999538181,1.1538461538461535,8.04364750918322,6.971161174625458,2.164185426963765,21.975169491525424,3,1,3
13897,50,1,311.16,18.303529411764707,9.833140991804497,0.5372264971740468,0.0,0.0,0.0,1.562663983084702,18.303529411764707,0,0,0
13898,326,1,155.93,12.994166666666668,5.782912852586148,0.4450391472521886,0.0,0.0,0.0,1.7045514452672972,12.994166666666668,1,0,1
13899,16,2,388.52,20.448421052631577,9.456067577755972,0.4624350972340252,14.333333333333334,60.81118318204309,4.242640687119285,1.3163022657965957,20.448421052631577,0,0,3
13900,183,3,740.95,17.23139534883721,14.3726387843601,0.8340960492981769,1.880952380952381,10.856497168892227,5.771808621436374,2.011739751953525,17.23139534883721,2,0,2
13901,72,5,2867.2000000000003,19.24295302013423,9.542345914138478,0.4958878143159295,1.6554054054054057,10.65010161737336,6.433530772943907,2.2304185920907384,19.24295302013423,2,1,2
13904,37,2,332.64,12.793846153846154,4.275716620098275,0.3342010345194659,10.28,51.4,5.0,1.1330848116705192,12.793846153846154,0,0,3
13908,80,4,2369.55,19.42254098360656,14.315681372518158,0.7370653193421599,1.6198347107438016,10.550083884616832,6.513061989993044,2.27739761360591,19.42254098360656,2,1,2
13911,57,9,2580.91,17.43858108108108,13.897396027325405,0.7969338768280024,1.6802721088435375,9.105911368076116,5.419307575332749,2.213292083910587,17.43858108108108,3,1,3
13914,12,2,626.45,18.98333333333333,11.13020121860637,0.5863143749924339,0.75,4.242640687119287,5.656854249492382,1.951345487910441,18.98333333333333,2,1,3
13917,50,2,272.04,15.113333333333337,7.703667575749038,0.5097265709582512,8.294117647058824,34.19752313012295,4.123105625617661,1.3005920075345052,15.113333333333337,0,3,2
13918,50,2,1212.84,40.428,49.83311531571116,1.2326386493447896,7.0,37.69615364994152,5.385164807134503,1.6228615881345596,40.428,3,1,2
13919,59,2,384.81,13.743214285714286,5.256718490247912,0.3824955633350004,2.2962962962962963,11.931905563252268,5.196152422706632,1.2620979543212705,13.743214285714286,0,0,2
13922,352,1,172.25,24.607142857142858,11.3943124910131,0.463048983669618,0.0,0.0,0.0,1.7478680974667578,24.607142857142858,1,0,1
13923,54,1,351.13,17.5565,10.710563047266646,0.6100625436315124,0.0,0.0,0.0,0.9142855814670988,17.5565,0,3,0
13924,2,6,1838.85,15.716666666666669,7.299373851275851,0.4644352397418356,0.5775862068965517,3.159941832345668,5.470944067941754,2.2359065538056377,15.716666666666669,2,1,3
13925,93,4,678.25,16.54268292682927,6.246762771384169,0.3776148523800235,1.05,4.976611966656298,4.739630444434569,2.0196417106083486,16.54268292682927,2,0,2
13926,23,1,223.85,20.35,11.632991876555234,0.5716457924597166,0.0,0.0,0.0,1.6726254461503207,20.35,0,0,0
13927,75,1,348.99,16.61857142857143,6.632943755011258,0.3991283958143111,0.0,0.0,0.0,1.9513496062520657,16.61857142857143,0,0,0
13928,11,4,464.57,17.206296296296298,6.32246492106225,0.3674506594672078,4.653846153846154,15.668930551106056,3.36687763908064,1.339287767409391,17.206296296296298,0,0,3
13929,169,2,842.65,93.62777777777778,122.36689480592554,1.306950754469032,19.625,55.50788232314397,2.82842712474619,1.7351264569629228,93.62777777777778,3,2,2
13930,58,2,337.34,19.843529411764703,8.034688031573216,0.4049021655799628,4.875,19.5,4.0,1.1874157698436565,19.843529411764703,0,0,2
13931,96,2,1237.53,21.33672413793104,31.769364995831356,1.4889523241927212,3.245614035087719,24.50384860570332,7.549834435270752,1.7847384548145326,21.33672413793104,3,2,2
13932,295,1,307.4,19.2125,7.391763434165535,0.3847371989155776,0.0,0.0,0.0,1.5808185358593017,19.2125,1,0,1
13933,109,2,608.79,26.46913043478261,13.93600011515091,0.5265001111195502,1.7727272727272727,8.314827937868808,4.69041575982343,1.5440091432167211,26.46913043478261,2,0,2
13934,264,1,922.1,29.74516129032258,20.27719718813356,0.6816973352479561,0.0,0.0,0.0,1.6953683497759005,29.74516129032258,1,0,1
13936,180,1,376.58,14.483846153846152,6.715824939304522,0.4636769037705602,0.0,0.0,0.0,1.4824838279825316,14.483846153846152,1,0,1
13937,169,1,158.85,17.65,8.654623042050993,0.4903469145637956,0.0,0.0,0.0,0.6837389058487535,17.65,1,3,1
13938,35,1,71.66,10.237142857142857,4.855820268110269,0.4743335455871041,0.0,0.0,0.0,1.1537419427010902,10.237142857142857,0,3,0
13939,23,3,568.55,12.634444444444444,7.673442855232927,0.6073431157954123,6.545454545454546,32.90186574582094,5.026673933389311,1.6352959706222223,12.634444444444444,2,0,3
13940,17,4,839.14,17.12530612244898,7.458768358460402,0.4355407316592699,2.6041666666666665,10.542194013104156,4.048202501031996,1.7241093237264238,17.12530612244898,2,0,3
13941,22,5,5112.96,113.62133333333334,92.07564275687088,0.8103728415749761,7.931818181818182,26.27882490671532,3.3130896730529344,2.310459201145008,113.62133333333334,3,1,3
13946,79,3,561.57,51.05181818181818,53.594578236642896,1.0498074338071333,18.8,41.77399510062051,2.2220210159904528,2.1458417525947544,51.05181818181818,2,1,2
13947,65,1,90.6,18.12,2.7380650101851134,0.1511073405179422,0.0,0.0,0.0,0.9502705392332348,18.12,0,3,0
13948,361,1,102.0,34.0,11.854113210189952,0.3486503885349986,0.0,0.0,0.0,1.0986122886681096,34.0,1,3,1
13949,3,6,2427.32,15.170750000000002,13.47303529042758,0.888092895237716,0.559748427672956,3.2229226357543306,5.757805607695939,1.945871254711247,15.170750000000002,3,1,3
13950,11,4,745.0600000000001,21.28742857142857,14.56088623330186,0.6840133924322405,6.882352941176471,30.54630335803916,4.438351769971502,2.066201562971556,21.28742857142857,2,1,3
13951,176,3,674.45,17.293589743589745,6.164979398599415,0.3564892824455143,3.0789473684210527,13.242808510297138,4.301083105908472,1.9275052050723656,17.293589743589745,2,0,2
13952,218,2,3251.071,23.730445255474454,12.398832818004248,0.5224863117620568,0.1470588235294117,1.7149858514250884,11.6619037896906,2.150056910178457,23.730445255474454,2,0,2
13953,7,7,3515.68,175.784,238.021829480982,1.354058557553486,18.05263157894737,28.133557827324143,1.558418655157897,1.943377925753288,175.784,3,1,2
13954,2,2,439.92,17.5968,6.392342893389454,0.3632673493697407,2.875,14.084566021003274,4.898979485566357,1.7178249734267723,17.5968,2,0,3
13955,154,2,322.96,9.786666666666664,10.124780758943212,1.0345484426713092,4.71875,26.693280989792168,5.65685424949238,1.615187828589347,9.786666666666664,0,2,2
13956,5,5,1019.27,6.933809523809524,6.618025129976807,0.954457301898997,1.808219178082192,11.897443984256713,6.579647051899546,1.746980098532606,6.933809523809524,3,1,3
13959,79,3,594.04,6.600444444444444,6.9511132260342725,1.0531280559273526,3.168539325842697,22.880239566379387,7.221068515630374,1.7629007668339938,6.600444444444444,2,2,2
13960,21,2,230.22,19.185,16.86713453058128,0.879183452206478,4.545454545454546,15.075567228888184,3.3166247903554,1.236684869140504,19.185,0,0,3
13962,22,2,169.54999999999998,15.413636363636362,3.41338914490356,0.2214525543729823,22.3,70.51879182175486,3.162277660168379,1.7201934592198251,15.413636363636362,0,0,2
13963,308,4,664.54,18.986857142857144,10.13795482665152,0.5339459158708328,1.7058823529411764,5.946883124362767,3.486103900488519,2.3247352406175485,18.986857142857144,1,0,2
13967,146,1,80.7,40.35,6.5760930650348906,0.1629762841396503,0.0,0.0,0.0,0.6931471805599453,40.35,0,3,1
13969,7,18,9024.17,14.578626817447496,20.283753168723493,1.3913349606046697,0.5647249190938511,4.302181988175076,7.618190454705435,2.5207952651448213,14.578626817447496,3,1,3
13971,19,8,2758.26,18.511812080536917,8.003226127689642,0.4323307784711219,1.7837837837837838,9.218836484600606,5.16813560500337,2.0866476262866764,18.511812080536917,2,1,3
13972,71,2,190.25,12.683333333333334,5.204066633298379,0.4103074875136698,9.357142857142858,35.0112226905276,3.741657386773941,1.6397063574156068,12.683333333333334,0,0,2
13973,287,1,264.7,24.063636363636363,16.977250821453556,0.7055147677974655,0.0,0.0,0.0,2.1458417525947544,24.063636363636363,1,0,1
13974,49,1,413.59,14.77107142857143,3.9572318601149714,0.2679041855054986,0.0,0.0,0.0,1.312976876587138,14.77107142857143,0,0,0
13975,31,6,2461.24,7.480972644376901,7.299600826196619,0.9757555832908158,0.7378048780487805,7.697938724758014,10.43356984182078,2.1540932692695005,7.480972644376901,3,1,3
13976,207,1,357.98,35.798,23.70304706150668,0.6621332773201485,0.0,0.0,0.0,1.8866967846580784,35.798,1,0,1
13978,15,2,196.79,13.119333333333334,12.522410463226471,0.954500518056797,2.142857142857143,8.017837257372731,3.741657386773941,2.048882827901344,13.119333333333334,2,1,2
13979,73,1,869.87,16.108703703703704,5.458738552980656,0.3388688905939456,0.0,0.0,0.0,1.7420665783906428,16.108703703703704,0,0,0
13980,60,1,200.14,18.19454545454545,14.371346745268074,0.7898711611769204,0.0,0.0,0.0,1.6726254461503207,18.19454545454545,0,0,0
13982,39,4,1871.81,16.863153153153153,15.368476826518622,0.9113643626989744,2.9545454545454546,19.729541192411254,6.67769086512381,2.3570654646693883,16.863153153153153,3,1,3
13983,30,12,2603.43,24.3311214953271,48.453631254522605,1.9914261356110667,3.1226415094339623,12.498916395080531,4.002674132563554,2.294635193711403,24.3311214953271,3,1,3
13984,27,5,920.51,57.531875,103.63103687079786,1.801280366245631,22.466666666666665,41.904426405583365,1.865182184224779,2.1006789212792603,57.531875,3,2,3
13985,4,15,7060.13,20.2295988538682,8.335364616313743,0.4120380575277645,0.7270114942528736,4.42844684684956,6.091302382227854,2.034724382907648,20.2295988538682,2,1,3
13986,17,1,320.46,24.650769230769228,19.37272888260645,0.7858873977216623,0.0,0.0,0.0,2.031759218569271,24.650769230769228,0,0,0
13988,20,6,4147.96,17.726324786324785,9.796037659013356,0.5526265470759423,0.9914163090128756,7.559528935509264,7.62497940248337,2.265264825969528,17.726324786324785,2,1,3
13989,66,2,1266.08,30.88,30.720945379333628,0.9948492674654672,4.325,27.353701760456484,6.324555320336759,2.3481032962169,30.88,3,1,2
13990,213,1,311.3,19.45625,8.045782228389399,0.4135320130235476,0.0,0.0,0.0,1.7710163687835907,19.45625,1,0,1
13991,12,6,852.88,10.400975609756095,8.256702269657548,0.7938392108056456,1.5925925925925926,8.763243945277596,5.502502012151049,2.380790531822651,10.400975609756095,3,1,3
13992,30,1,76.8,15.36,6.262826837778608,0.4077361222512115,0.0,0.0,0.0,1.0549201679861442,15.36,0,3,0
13993,43,9,3466.36,28.647603305785125,28.617929782591236,0.9989641882820997,2.3666666666666667,9.760091380386836,4.123982273402889,2.15146488699823,28.647603305785125,3,1,3
13994,4,6,2274.14,15.36581081081081,8.802518039056185,0.5728638825139681,0.9591836734693876,5.497044724114011,5.73096152088482,2.1483788568456603,15.36581081081081,2,1,3
13995,15,5,1393.69,16.205697674418605,5.294419601739992,0.3267011213036179,2.7058823529411766,13.814953535081855,5.105526306443294,1.7486522714013,16.205697674418605,2,0,3
13999,10,12,3901.81,18.758701923076924,11.627967067102462,0.6198705600624613,1.6763285024154588,7.778272579355058,4.640064622266562,2.09044863278712,18.758701923076924,3,1,3
14000,211,1,635.66,42.37733333333333,20.22588845538123,0.4772808212420452,0.0,0.0,0.0,2.2459520807289133,42.37733333333333,1,0,1
14001,46,3,2043.08,52.38666666666667,52.83461750611567,1.00855085593247,8.605263157894736,37.40034648898916,4.34621763480608,2.2171220513104246,52.38666666666667,3,1,2
14002,134,2,529.73,11.270851063829788,5.519688802580795,0.4897313229783047,0.4782608695652174,3.243723035407737,6.782329983125268,2.1936361697732765,11.270851063829788,2,0,2
14004,43,7,4582.64,26.799064327485382,15.84486104301039,0.5912468006116074,1.4294117647058824,10.030619672426946,7.017305943673172,2.160456466319646,26.799064327485382,2,1,3
14005,10,5,2874.72,34.22285714285714,38.59794864926312,1.1278412111572964,2.469879518072289,11.315149945006915,4.581255831393045,2.1718030252488525,34.22285714285714,3,1,3
14006,116,3,962.19,32.073,34.454811700404704,1.0742622049825306,6.758620689655173,26.2823340619482,3.888712692839274,1.9056386271865584,32.073,2,1,2
14009,198,2,695.61,16.562142857142856,5.357162761867785,0.3234583114078966,0.1707317073170731,1.0932163332202425,6.403124237432847,1.7870756663458358,16.562142857142856,2,0,2
14012,278,1,328.8,29.89090909090909,8.732062132790231,0.2921310324230308,0.0,0.0,0.0,1.4681399390162089,29.89090909090909,1,0,1
14013,110,3,473.02,13.91235294117647,6.90054721537776,0.4960014488242438,5.0,23.251344047172847,4.65026880943457,1.6002744957245116,13.91235294117647,2,0,2
14014,77,1,505.18,12.953333333333331,6.811458354293939,0.525845987207458,0.0,0.0,0.0,1.7847890415223746,12.953333333333331,0,0,0
14015,53,1,917.34,45.867,28.2101872416779,0.6150432171643643,0.0,0.0,0.0,1.8875920379247355,45.867,2,0,0
14016,162,4,4341.21,26.964037267080744,32.026286671632754,1.1877407805963944,1.2125,9.1013769778579,7.506290291016825,2.262918525030969,26.964037267080744,3,2,2
14019,47,3,1421.61,21.539545454545458,17.490839486544264,0.8120338251080966,1.3846153846153846,7.903109173950756,5.707801070075546,1.7889416905232085,21.539545454545458,2,1,2
14020,17,2,642.8,16.48205128205128,7.128543506468676,0.4325034174739863,1.868421052631579,11.51772090028414,6.164414002968976,1.975696952388444,16.48205128205128,2,1,3
14021,155,3,631.9,28.722727272727276,19.17904813711795,0.6677307469798938,4.761904761904762,15.158841518746616,3.183356718936789,1.9183861055319416,28.722727272727276,2,0,2
14022,225,1,440.0,15.714285714285714,7.593852986106802,0.4832451900249783,0.0,0.0,0.0,1.6262551923529218,15.714285714285714,1,0,1
14023,7,2,584.07,18.840967741935486,7.943028538636343,0.4215828320196665,8.066666666666666,44.1829529720834,5.477225575051661,1.9966978948911387,18.840967741935486,2,1,3
14024,122,2,327.7,20.48125,4.763257813723714,0.2325667531876088,0.1333333333333333,0.5163977794943222,3.872983346207417,1.9600951351245584,20.48125,2,0,2
14027,61,1,104.82,17.47,6.668849975820419,0.3817315383984213,0.0,0.0,0.0,0.4505612088663046,17.47,0,3,0
14029,63,2,467.66,31.177333333333333,19.70363978944959,0.6319860514941279,5.714285714285714,21.38089935299395,3.741657386773941,2.0837660374856477,31.177333333333333,2,1,2
14030,18,8,2358.84,9.747272727272728,21.88541184104796,2.245285676660395,1.4315352697095436,10.699906606280535,7.474427513372779,2.109109487684566,9.747272727272728,3,1,3
14031,7,19,17286.86,69.14744,136.461118898132,1.973480419493939,1.437751004016064,6.450582975830445,4.486578661960282,2.827043101363813,69.14744,3,1,3
14032,2,11,2975.59,20.80832167832168,17.127258768934624,0.8230965972992419,2.528169014084507,11.46297998335909,4.534103503167105,1.898717817244867,20.80832167832168,3,1,3
14034,22,3,648.89,7.545232558139535,13.292713061430147,1.7617366938664378,1.588235294117647,14.64280590275929,9.219544457292889,1.6838405583547886,7.545232558139535,3,2,3
14035,29,5,1428.02,21.636666666666667,19.636406481003075,0.9075522946080608,4.107692307692307,21.384956070888855,5.206075447969198,2.2689031062896867,21.636666666666667,3,1,3
14036,285,1,626.65,16.49078947368421,6.075939870162653,0.3684444507558937,0.0,0.0,0.0,1.95592512586276,16.49078947368421,1,0,1
14037,176,2,147.20000000000002,5.257142857142858,4.015979984772738,0.7639092362339446,6.962962962962963,36.18061686921655,5.196152422706632,0.9007333751519686,5.257142857142858,1,2,2
14038,78,3,1560.38,16.960652173913044,4.663131477279065,0.274938217555771,1.4065934065934067,9.4363105101494,6.708627003309339,1.454770939619167,16.960652173913044,2,0,2
14039,33,1,152.2,25.366666666666664,21.66985617549564,0.8542650266292632,0.0,0.0,0.0,0.8675632284814613,25.366666666666664,0,3,0
14040,41,12,3560.32,15.547248908296943,18.187835216276827,1.169842672716889,1.25,7.077528501647306,5.662022801317844,2.289921470557945,15.547248908296943,3,1,3
14041,266,1,141.41,6.733809523809524,10.859188034190437,1.612636650293467,0.0,0.0,0.0,1.5377034978212434,6.733809523809524,1,2,1
14044,27,4,646.42,3.1379611650485435,4.016625658003652,1.280011270611603,1.3756097560975609,12.919068982568948,9.391521778108633,0.9007001451357534,3.1379611650485435,0,2,3
14045,109,4,1659.75,276.625,93.4774397916417,0.3379211560475073,52.6,99.21592614091752,1.8862343372798007,1.791759469228055,276.625,2,0,2
14046,284,1,154.99,11.070714285714288,10.525707331821687,0.9507703893509492,0.0,0.0,0.0,2.0692024658203625,11.070714285714288,1,0,1
14047,9,5,1308.61,40.8940625,43.91601455706805,1.0738970860884278,11.67741935483871,34.515104999380775,2.955713411549182,2.178519957100728,40.8940625,3,1,3
14048,305,1,409.93,4.822705882352941,3.3477470705206014,0.6941636401196574,0.0,0.0,0.0,1.644650612048889,4.822705882352941,1,0,1
14049,17,4,5578.72,11.670962343096235,12.34288186869561,1.057571904170939,0.6289308176100629,8.598822563857194,13.672127876532938,2.2763800670036973,11.670962343096235,3,1,3
14050,32,2,746.36,13.821481481481484,5.103282483208643,0.3692283269377602,1.3962264150943395,10.164681732202984,7.280109889280516,1.7332107384789266,13.821481481481484,2,0,3
14051,1,23,15610.39,74.33519047619048,58.81854207704242,0.7912610662628485,1.6985645933014355,5.896547869377108,3.471488745633283,2.1519813132587355,74.33519047619048,3,1,3
14052,20,1,225.36,4.024285714285714,4.231329409467971,1.0514485575532766,0.0,0.0,0.0,0.7496969904467097,4.024285714285714,0,3,0
14053,124,2,260.25,65.0625,51.54786408442804,0.7922822529787211,11.666666666666666,20.207259421636905,1.7320508075688774,1.3862943611198906,65.0625,0,0,2
14054,65,1,92.46,15.410000000000002,2.669943819633664,0.1732604685031579,0.0,0.0,0.0,0.4505612088663046,15.410000000000002,0,3,0
14055,106,1,725.6400000000001,72.56400000000001,122.06386982049833,1.6821546472148492,0.0,0.0,0.0,1.9730014063936128,72.56400000000001,3,2,1
14056,1,23,8152.71,7.493299632352941,7.62962134401833,1.0181924810635905,0.249310027598896,1.960342779841266,7.863072330950023,1.9714778727351212,7.493299632352941,3,1,3
14057,24,17,6211.66,21.949328621908126,28.908750090883498,1.317067623746314,1.1631205673758864,6.542088333611156,5.624600335604714,2.5354497188561824,21.949328621908126,3,1,3
14059,267,1,183.6,22.95,11.947384651043926,0.5205832091958138,0.0,0.0,0.0,0.9002560512685369,22.95,1,3,1
14060,5,19,6140.42,30.39811881188119,32.201052398143794,1.059310696080243,1.7860696517412935,6.324476656224163,3.541002250420771,2.2564613979899724,30.39811881188119,3,1,3
14062,10,12,10464.85,94.27792792792792,93.16113061998958,0.9881542018107132,3.1818181818181817,12.604194596820887,3.9613183018579936,2.706123636910992,94.27792792792792,3,1,3
14064,29,5,1334.34,17.329090909090908,37.50168544218759,2.1640884475084645,3.1973684210526314,15.422079182645556,4.823366328728652,2.363291651328133,17.329090909090908,3,1,3
14066,267,1,152.55,21.792857142857144,10.43721021838964,0.4789280336199769,0.0,0.0,0.0,0.7963116401738131,21.792857142857144,1,3,1
14067,64,2,374.7,7.2057692307692305,5.988123980717706,0.8310180063979736,0.6274509803921569,4.48089626888963,7.141428428542848,1.911160924176479,7.2057692307692305,2,1,2
14068,320,1,265.85,11.077083333333334,8.504525383156524,0.7677585450282362,0.0,0.0,0.0,1.7517857295133044,11.077083333333334,1,0,1
14071,4,8,1437.57,4.450681114551084,5.950514109569238,1.3369895430419834,0.8043478260869565,11.927960543184298,14.829356350985885,1.6303624796667675,4.450681114551084,3,2,3
14073,32,1,151.04,11.618461538461538,3.148835356534873,0.2710199922865026,0.0,0.0,0.0,1.711845135233912,11.618461538461538,0,0,0
14075,5,3,942.26,21.913023255813957,14.625662953616144,0.6674415840696774,6.071428571428571,37.197162793157055,6.126591518872927,1.8653677737976395,21.913023255813957,2,1,3
14076,129,1,118.67,2.6970454545454547,2.826311245015274,1.047928665885835,0.0,0.0,0.0,0.9743516866708528,2.6970454545454547,0,3,1
14077,41,5,499.42,11.89095238095238,15.601999529379247,1.3120899848502832,5.634146341463414,19.254552835058227,3.417474745616396,2.031896353880147,11.89095238095238,3,1,3
14078,102,6,1049.37,16.144153846153845,32.05769383530983,1.9857153332905828,4.203125,16.76937844916825,3.989740597571629,1.813418441796422,16.144153846153845,3,2,2
14079,125,1,375.1,31.258333333333336,44.73882203377395,1.4312606355779454,0.0,0.0,0.0,1.8636799873410004,31.258333333333336,0,2,1
14080,33,1,45.6,11.4,2.4000000000000004,0.2105263157894737,0.0,0.0,0.0,0.0,11.4,0,3,0
14081,302,2,921.62,6.144133333333333,4.354820238650727,0.7087769751064528,0.4496644295302013,5.488853867477573,12.206555615733707,1.8686876048726195,6.144133333333333,1,0,2
14082,365,1,182.25,6.2844827586206895,5.241457394252437,0.8340316292637624,0.0,0.0,0.0,1.6611002302502609,6.2844827586206895,1,0,1
14083,4,9,1002.9,5.666101694915255,5.024020376113077,0.8866802338937227,2.0681818181818183,13.03559562301444,6.302925356182806,1.5636303584615778,5.666101694915255,2,2,3
14085,2,18,4421.29,9.868950892857145,8.051294865347364,0.8158207445509386,0.8008948545861297,6.2956458086611295,7.860764459417667,2.430453409611246,9.868950892857145,3,1,3
14087,3,1,191.47,2.8157352941176472,2.2835670683714677,0.8110020402635387,0.0,0.0,0.0,1.6816931630858356,2.8157352941176472,0,0,0
14088,10,13,50491.81,85.7246349745331,67.01748620234748,0.7817762796220351,0.5204081632653061,6.449747443260177,12.393632341950928,3.44158814072476,85.7246349745331,3,1,3
14089,57,1,158.75,12.211538461538462,11.767861492325787,0.9636673977967574,0.0,0.0,0.0,1.8392967479776603,12.211538461538462,0,0,0
14090,325,1,76.32000000000001,76.32000000000001,0.0,0.0,0.0,0.0,0.0,0.0,76.32000000000001,1,3,1
14092,8,14,4076.91,19.050981308411217,10.454512760558568,0.548765052640243,1.619718309859155,7.50917589098736,4.636099897913935,1.9768738258652263,19.050981308411217,2,1,3
14093,12,1,433.86,4.3386000000000005,4.436876692886426,1.022651706284614,0.0,0.0,0.0,1.8135064230667508,4.3386000000000005,0,0,0
14096,4,17,65164.79,12.749909998043435,52.55883555133662,4.122290711024795,0.0176125244618395,0.3347245014002206,19.004913357279197,1.8494906610640116,12.749909998043435,3,2,3
14098,37,1,147.35,7.016666666666667,13.099159260553073,1.8668635525728845,0.0,0.0,0.0,1.3701080517030098,7.016666666666667,0,2,0
14099,16,11,3104.17,12.41668,12.254922745722002,0.9869725841144332,1.3413654618473896,6.98731106148362,5.209103156615034,2.3779076914109543,12.41668,3,1,3
14100,138,1,191.95,7.678,5.351773070674803,0.6970269693507166,0.0,0.0,0.0,1.4350283836794382,7.678,0,3,1
14101,74,6,5976.79,170.76542857142857,142.33508023928144,0.8335122713655407,7.352941176470588,19.153103005093133,2.604822008692666,2.629916250512588,170.76542857142857,3,1,2
14102,5,5,1105.88,19.06689655172413,19.52062509846252,1.0237966648378,0.6491228070175439,2.524814194508574,3.889578623972668,2.026452540906239,19.06689655172413,3,1,3
14104,155,2,216.21,10.295714285714286,18.6870349631579,1.8150304529222323,0.55,2.4596747752497685,4.472135954999579,1.3356031336424652,10.295714285714286,0,2,2
14105,239,1,1266.23,17.111216216216217,9.398281678081124,0.5492468541876302,0.0,0.0,0.0,1.829051914863005,17.111216216216217,1,0,1
14107,52,7,2703.23,21.977479674796747,12.753816503273583,0.5803129700035331,2.540983606557377,11.77133901325666,4.632591482636492,1.97857433203532,21.977479674796747,2,1,3
14108,31,2,597.91,17.585588235294118,9.839382892442991,0.5595140043536013,2.121212121212121,12.18543591689885,5.7445626465380295,2.269547270000736,17.585588235294118,2,1,3
14109,73,1,144.2,16.022222222222222,5.205952789302305,0.3249207704835003,0.0,0.0,0.0,1.5229550675313184,16.022222222222222,0,0,0
14110,4,12,5683.15,36.66548387096774,52.86094375129274,1.4417086090373077,1.681818181818182,7.124205765116525,4.236014238717933,1.8661142705080185,36.66548387096774,3,1,3
14111,14,4,692.85,69.285,49.02267077587675,0.7075509962600383,25.11111111111111,49.00368466871763,1.9514741682232688,2.163955656882057,69.285,2,1,3
14112,23,7,2915.15,18.2196875,9.182163761786784,0.503969333271319,1.578616352201258,10.780540161544208,6.829107114284976,1.8895314553807787,18.2196875,2,1,3
14113,4,4,1840.42,54.13,89.98942769553375,1.662468643922663,10.606060606060606,48.685816334135886,4.590376968647098,1.974139664076323,54.13,3,2,2
14114,274,2,386.53,25.768666666666665,19.19438938360696,0.7448732071355507,4.0,14.966629547095764,3.741657386773941,1.5821699429252505,25.768666666666665,1,0,2
14116,20,5,1382.74,19.204722222222223,11.228595157789217,0.5846788632431429,1.408450704225352,6.1378857802264974,4.357898903960813,1.8777172632992185,19.204722222222223,2,1,3
14117,144,1,90.0,30.0,0.0,0.0,0.0,0.0,0.0,0.0,30.0,0,3,1
14121,4,4,2780.15,17.485220125786164,10.335464374842722,0.5910971838210143,0.3417721518987341,2.787076983751916,8.15478080431116,1.959254908933007,17.485220125786164,2,1,3
14124,84,1,419.58,83.916,58.55069666536856,0.6977298329921416,0.0,0.0,0.0,1.6094379124341005,83.916,0,0,0
14125,11,3,2720.63,16.38933734939759,6.211354328046015,0.3789875207049979,0.406060606060606,4.055855402388626,9.988300617822734,2.1013033441430378,16.38933734939759,2,1,3
14126,8,3,706.1300000000001,47.07533333333334,73.92010444359764,1.5702513229206585,0.1428571428571428,0.5345224838248488,3.7416573867739418,1.7140875411870102,47.07533333333334,3,2,2
14127,123,3,709.71,16.129772727272726,5.029535781730162,0.3118169032367123,4.325581395348837,21.653902024074483,5.006009607716145,1.5858280595646643,16.129772727272726,2,0,2
14128,61,2,637.5,13.858695652173912,5.933868743144694,0.4281693524465191,4.333333333333333,29.068883707497264,6.708203932499369,1.56259789353884,13.858695652173912,2,0,2
14129,2,5,1123.86,21.61269230769231,7.64785939944408,0.3538596344483228,5.0588235294117645,25.388510602007266,5.018659072489808,1.6653033199784848,21.61269230769231,2,0,3
14130,319,1,480.91,7.286515151515152,6.112618346798127,0.8388946183042073,0.0,0.0,0.0,1.6613079754884854,7.286515151515152,1,0,1
14132,2,11,3586.03,17.93015,11.810392471427262,0.6586889943155668,0.8894472361809045,4.165495495521753,4.6832406983549655,2.1206085997895627,17.93015,3,1,3
14133,130,3,605.64,21.63,8.121358671224087,0.3754673449479467,6.888888888888889,35.7957166897568,5.196152422706632,1.7054039997276982,21.63,2,0,2
14135,2,15,4690.31,35.00231343283583,34.41482256094053,0.9832156559302114,2.7518796992481205,12.797612238840534,4.650498436518554,2.316658949875925,35.00231343283583,3,1,3
14138,2,2,965.88,20.997391304347826,14.439042201965645,0.6876588616499147,1.3777777777777778,9.242414306999132,6.70820393249937,1.6624479527294644,20.997391304347826,2,1,3
14139,46,1,415.82,15.993076923076924,10.679057549889231,0.6677300185107018,0.0,0.0,0.0,1.8295786118539796,15.993076923076924,0,0,0
14140,4,2,935.05,14.16742424242424,4.359562543546724,0.3077173711289062,0.4153846153846154,3.348937833908628,8.062257748298547,1.8106184068162612,14.16742424242424,2,0,3
14141,3,4,915.13,22.87825,11.826125335405422,0.5169156441338573,2.58974358974359,10.30002030840601,3.977235564632024,1.6612553274898658,22.87825,2,0,3
14142,373,1,311.81,14.17318181818182,5.997135337065712,0.4231326045202067,0.0,0.0,0.0,1.7903135666987766,14.17318181818182,1,0,1
14143,134,1,115.8,16.54285714285714,1.7501020378415486,0.1057920057417171,0.0,0.0,0.0,1.0042424730540764,16.54285714285714,0,3,1
14145,47,4,3742.2,340.2,127.6503348996782,0.3752214429737748,16.9,37.42978611866342,2.214780243707895,0.9075352941050092,340.2,0,0,2
14146,9,5,4191.0,19.957142857142856,20.13625059364142,1.0089746181495345,1.6602870813397128,14.699045034191442,8.853315308778132,1.975202888485856,19.957142857142856,3,1,3
14147,78,2,483.4,96.68,74.91776825293184,0.7749045123389723,51.75,103.5,2.0,1.3321790402101223,96.68,0,0,2
14148,234,1,157.2,52.4,65.03850782421134,1.2411928974086133,0.0,0.0,0.0,0.6365141682948128,52.4,1,2,1
14149,221,1,446.62,15.950714285714286,3.706940366165455,0.2323996467973506,0.0,0.0,0.0,1.6372060531246828,15.950714285714286,1,0,1
14150,36,2,658.64,25.33230769230769,28.46339295413564,1.1236004749294404,12.96,64.8,4.999999999999999,1.5088198909642436,25.33230769230769,0,1,2
14152,75,2,621.29,12.67938775510204,6.878533155211723,0.5424972631224942,3.2916666666666665,22.80533563299021,6.928203230275509,1.4391944120836777,12.67938775510204,2,0,2
14154,239,2,1345.62,25.87730769230769,30.123255046062603,1.1640799500566694,0.0,0.0,0.0,1.9570228707872188,25.87730769230769,1,0,2
14155,266,1,118.75,19.791666666666668,4.756092583904004,0.2403078358183075,0.0,0.0,0.0,0.4505612088663046,19.791666666666668,1,3,1
14156,10,55,117210.08,84.02156272401434,159.98904531946343,1.904142700189706,0.2446197991391678,1.9995664728436928,8.174180830334628,3.1064227214147007,84.02156272401434,3,1,3
14157,20,2,424.89,9.236739130434785,7.169304957586837,0.7761727224669784,5.888888888888889,39.503867602496285,6.7082039324993685,2.0326491986638358,9.236739130434785,2,1,3
14158,40,1,507.66,12.381951219512194,6.019237169073917,0.4861299372257625,0.0,0.0,0.0,1.924094760859284,12.381951219512194,0,0,0
14159,20,11,4630.35,3.94072340425532,3.5826680650480998,0.909139692773012,0.2887563884156729,4.188352255457349,14.504795126569109,1.922162529640932,3.94072340425532,3,1,3
14161,216,3,1097.62,10.554038461538465,7.860578614443479,0.7447934402635901,1.4757281553398058,10.719091141779142,7.26359465528455,2.0114904303011207,10.554038461538465,2,0,2
14162,174,2,289.36,11.5744,8.98245608580044,0.7760623518973285,4.916666666666667,24.086649137367917,4.898979485566355,1.5869133610136417,11.5744,1,2,2
14163,87,4,2445.91,47.036730769230765,47.88965690127851,1.018133193317204,2.9411764705882355,12.182629871593214,4.142094156341693,2.387116986879457,47.036730769230765,3,1,2
14164,71,2,1631.77,56.26793103448276,68.73940206000124,1.2216443859980488,0.3571428571428571,1.889822365046136,5.2915026221291805,1.4879302543635364,56.26793103448276,3,1,2
14165,276,1,120.44,5.0183333333333335,3.8084741514573577,0.7589121523993406,0.0,0.0,0.0,1.328109051375418,5.0183333333333335,1,0,1
14167,39,4,562.59,11.2518,7.035817023180284,0.6253059086706378,5.918367346938775,24.153016318441708,4.081026895184978,1.726905506921224,11.2518,2,0,3
14171,98,1,363.79,6.272241379310345,5.269878670697433,0.8401906674192559,0.0,0.0,0.0,1.7119078473362948,6.272241379310345,0,0,0
14173,11,4,450.84,15.546206896551723,24.96412961113163,1.605801966823745,7.392857142857143,33.08500755429451,4.475266722320031,1.8275942356914272,15.546206896551723,3,2,3
14174,33,1,134.46,5.171538461538462,2.483387512745753,0.4802028508953561,0.0,0.0,0.0,1.294266926621818,5.171538461538462,0,0,0
14175,60,3,3222.3,21.626174496644296,11.899620684240514,0.5502415920155902,1.8175675675675675,15.82129674766631,8.704653972693732,1.838078845200504,21.626174496644296,2,1,2
14176,297,4,576.9000000000001,18.60967741935484,8.464715188699882,0.4548555570284214,2.3,8.871302046486749,3.8570878462985863,1.6923919618817709,18.60967741935484,1,0,2
14177,86,4,549.46,13.401463414634147,22.94127716158972,1.711848658000907,2.325,13.321252539861606,5.729570984886712,1.470579212530171,13.401463414634147,3,2,2
14178,9,7,1600.26,5.032264150943396,6.15342359884207,1.222794236206478,0.5394321766561514,4.199441304684829,7.784929202251993,2.0854669181769663,5.032264150943396,3,1,3
14179,41,2,701.57,4.46859872611465,4.149653593605307,0.9286252465128684,0.0705128205128205,0.8807048459279794,12.489995996796798,1.2874145700798847,4.46859872611465,2,2,3
14180,11,25,4748.52,19.785500000000003,13.408814614737016,0.6777091614938725,1.4686192468619246,4.915895433941117,3.347290623110903,1.7043881515550252,19.785500000000003,2,1,3
14184,67,1,452.89,18.870416666666667,6.429460373033321,0.3407163968133536,0.0,0.0,0.0,1.4447234218062492,18.870416666666667,0,0,0
14185,331,1,197.65,65.88333333333334,85.9119656004525,1.304001501651189,0.0,0.0,0.0,1.0986122886681096,65.88333333333334,1,3,1
14188,31,6,2054.36,31.605538461538465,13.93380982883554,0.4408660793990878,4.328125,16.140312035987645,3.729169567881622,1.4548244732438038,31.605538461538465,2,0,3
14189,2,15,4654.08,17.56256603773585,10.834661734713292,0.6169179214149784,1.356060606060606,6.561939544209794,4.838972177853033,2.0883021963917243,17.56256603773585,3,1,3
14191,2,13,4684.76,18.08787644787645,10.883118271088726,0.6016802637087022,0.8294573643410853,4.044738198869849,4.876366613590752,2.2337576999146536,18.08787644787645,3,1,3
14193,68,2,853.39,20.318809523809524,10.69317589602461,0.5262698035283206,4.902439024390244,31.390926139609817,6.4031242374328485,1.964501192077432,20.318809523809524,2,1,2
14194,5,21,11349.52,19.601934369602763,11.603425743516643,0.5919530962980053,0.5155709342560554,3.887579622770768,7.5403389998708175,2.157351103651445,19.601934369602763,3,1,3
14195,202,2,1012.0,144.57142857142858,128.11772859738178,0.8861898223139055,8.333333333333334,20.412414523193156,2.4494897427831783,1.549826045878202,144.57142857142858,1,2,2
14196,107,1,335.52,55.92,57.81872361095496,1.033954284888322,0.0,0.0,0.0,1.791759469228055,55.92,0,0,1
14198,18,4,701.4,17.984615384615385,7.101252241739459,0.3948514933388065,5.789473684210527,20.50070255188613,3.541030440780331,1.9018078284646327,17.984615384615385,2,1,3
14199,218,1,185.4,92.7,116.67261889578032,1.2586043030828515,0.0,0.0,0.0,0.6931471805599453,92.7,1,2,1
14201,60,7,747.44,20.20108108108108,13.417043842272616,0.6641745453335208,8.25,24.338534995235147,2.9501254539678965,2.2377329327568707,20.20108108108108,2,1,2
14204,2,1,150.61,3.861794871794872,3.548823282956932,0.9189569619236462,0.0,0.0,0.0,1.2278193276655904,3.861794871794872,0,0,0
14205,17,2,466.7,19.445833333333333,6.099891600367329,0.3136863047114118,10.73913043478261,51.50306027209747,4.79583152331272,1.3934756569019635,19.445833333333333,0,0,3
14206,239,1,328.16,16.407999999999998,7.082534188150157,0.4316512791412821,0.0,0.0,0.0,1.2052156773503675,16.407999999999998,1,0,1
14208,95,1,151.74,15.174,3.692756272608428,0.2433607666145003,0.0,0.0,0.0,1.6957425341696346,15.174,0,0,1
14209,11,6,2073.43,23.83252873563218,16.255604630503118,0.6820763675907898,3.7093023255813953,16.73873020629966,4.512635729598028,2.0644109399846164,23.83252873563218,2,1,3
14210,106,6,1905.84,18.684705882352944,7.437860693426339,0.3980721313066608,2.603960396039604,12.643638090297262,4.855541624030508,1.927791721270398,18.684705882352944,2,1,2
14211,53,9,2241.1,20.009821428571428,15.128291316801883,0.7560432945793634,2.144144144144144,11.858136329769412,5.530475347077331,2.132581823995997,20.009821428571428,3,1,3
14212,90,1,1070.48,118.94222222222224,62.27008948479554,0.5235322522262535,0.0,0.0,0.0,1.5229550675313184,118.94222222222224,0,0,0
14214,31,5,1004.38,14.990746268656716,5.7531222915310645,0.3837782448202685,3.712121212121212,18.448068609782307,4.969683788757683,2.0250749783123,14.990746268656716,2,1,3
14215,12,6,1789.72,16.57148148148148,6.045731299320134,0.3648274480514127,3.317757009345794,17.654225070675263,5.321132626935925,1.6797398822966911,16.57148148148148,2,0,3
14216,3,4,1839.3,31.17457627118644,39.74210649546233,1.2748242718600975,0.5689655172413793,2.9683244075174406,5.217055019273078,2.24019876965592,31.17457627118644,3,1,3
14217,2,17,2004.98,20.0498,14.044526377621894,0.7004821184062631,3.595959595959596,10.0802081205426,2.803203943634037,2.0916972657755326,20.0498,3,1,3
14218,43,1,169.48000000000002,14.123333333333337,5.016248749329675,0.3551745633228469,0.0,0.0,0.0,1.3579778549873245,14.123333333333337,0,0,0
14219,4,1,89.94,12.848571428571429,8.648359051618653,0.673098881046593,0.0,0.0,0.0,1.1537419427010902,12.848571428571429,0,3,0
14220,247,2,632.4000000000001,30.11428571428572,25.11345208676589,0.8339381622740094,5.5,24.596747752497688,4.47213595499958,1.9891507847431795,30.11428571428572,1,0,2
14221,42,9,3432.8,17.78652849740933,12.815992933248252,0.7205449301202845,1.53125,10.876222324037183,7.1028390687589775,2.00320913366827,17.78652849740933,3,1,3
14222,177,1,683.17,16.662682926829266,7.721414709879999,0.4633956454543964,0.0,0.0,0.0,2.1172645174362184,16.662682926829266,1,0,1
14223,92,3,991.13,16.518833333333333,5.602503100284781,0.3391585221081865,2.8983050847457625,16.063124309889833,5.5422475689093575,2.02694575658118,16.518833333333333,2,1,2
14224,110,4,1009.73,8.93566371681416,10.52379038486017,1.1777290102197608,1.8571428571428568,12.21272202052348,6.576081087974182,1.6746652998354143,8.93566371681416,3,1,2
14226,29,5,2214.79,33.55742424242424,34.92457945611487,1.0407407673429905,3.661538461538461,19.15991659288092,5.232750329988487,1.908472747558584,33.55742424242424,3,1,3
14227,26,10,3350.96,19.148342857142858,8.532137764025036,0.445581000281824,1.471264367816092,10.29264183039422,6.995779994096071,1.977081518285672,19.148342857142858,2,1,3
14229,52,3,1547.2,38.68,37.222382431087794,0.9623159883942036,7.205128205128205,38.81682996844179,5.387389212701885,2.11573334240567,38.68,3,1,2
14231,184,3,925.71,18.5142,9.942043088596542,0.5369955541474404,2.122448979591837,10.427592909082662,4.913000505240869,1.944618562413903,18.5142,2,0,2
14232,43,5,2048.07,17.80930434782609,9.145062393362316,0.5134991358872824,1.9210526315789476,10.9440610935084,5.696908514429031,2.1196653861365697,17.80930434782609,2,1,3
14233,49,4,1462.72,41.792,47.72208637764379,1.1418952521449988,7.852941176470588,32.09090530366129,4.086482323312674,2.3222459110639746,41.792,3,1,3
14234,22,4,754.12,5.130068027210885,6.26254100652078,1.2207520394082567,0.2397260273972602,1.7112398994258136,7.138315009033394,1.6732904861643172,5.130068027210885,3,2,3
14235,75,5,3144.86,39.80835443037975,37.08443109053537,0.9315740783857768,2.3461538461538463,12.487736241751604,5.322641676812158,2.332868825932994,39.80835443037975,3,1,2
14236,81,2,490.86,32.724000000000004,49.99896467499531,1.5278989327403527,20.785714285714285,77.77302139651549,3.741657386773941,1.615119550060412,32.724000000000004,3,2,2
14237,373,1,161.0,17.88888888888889,6.678453122625861,0.3733296776623152,0.0,0.0,0.0,1.6769877743224173,17.88888888888889,1,3,1
14238,326,1,146.85,18.35625,8.843780603177743,0.4817858006497919,0.0,0.0,0.0,1.9061547465398496,18.35625,1,0,1
14239,43,11,2380.85,21.257589285714285,10.671595559885036,0.5020134417149859,2.414414414414414,9.616716949211142,3.983043214038943,2.0261277317098907,21.257589285714285,2,1,3
14240,30,2,890.34,21.19857142857143,13.39328965062375,0.6318015200105549,4.7560975609756095,30.453883568278183,6.403124237432849,1.7634271412822116,21.19857142857143,2,1,3
14241,184,1,213.7,21.37,16.262707851605363,0.7610064507068489,0.0,0.0,0.0,1.4184836619456564,21.37,1,3,1
14242,235,2,280.55,17.534375,3.435050642518488,0.1959037971138685,6.066666666666666,23.49609896699166,3.872983346207417,1.6347589244440106,17.534375,1,0,2
14243,9,10,2588.77,18.360070921985816,8.896679516735762,0.4845667293192298,2.5142857142857142,10.50487089096128,4.178073649814146,2.1422605610723897,18.360070921985816,2,1,3
14245,220,2,1693.45,15.680092592592594,5.855330584435753,0.3734244903121209,0.4018691588785046,4.156966902896355,10.344080432788603,2.087140816336916,15.680092592592594,2,0,2
14246,111,3,1474.06,19.65413333333333,6.879477724781567,0.3500270201746316,1.8243243243243243,12.899355519749024,7.070757840455021,2.0942274895863724,19.65413333333333,2,1,2
14247,278,1,136.77,6.838500000000001,5.2969020489140135,0.7745707463499324,0.0,0.0,0.0,1.347306186914454,6.838500000000001,1,0,1
14248,318,1,302.58,37.8225,67.21671172940763,1.7771620524663263,0.0,0.0,0.0,1.2130075659799042,37.8225,1,2,1
14250,7,3,1904.05,17.153603603603603,6.273159533468804,0.3657050540768558,0.7454545454545455,7.818393231813856,10.488088481701514,1.884755467632981,17.153603603603603,2,1,3
14251,2,5,2879.7000000000003,36.91923076923077,28.96878381575996,0.7846529630271474,0.7012987012987013,4.653987919445044,6.636242033282747,1.7173205581030475,36.91923076923077,2,1,3
14256,260,2,969.06,18.284150943396227,8.320025294423981,0.4550402870869409,2.0,14.422205101855956,7.211102550927978,1.979312667216118,18.284150943396227,1,0,2
14257,64,5,3099.7200000000003,29.24264150943397,30.58691031274301,1.0459694724525954,2.4095238095238094,14.702626163961868,6.101880423778641,2.3672675876035103,29.24264150943397,3,1,2
14258,9,9,12669.98,114.14396396396396,78.29672176208656,0.6859471061194736,2.9454545454545453,12.294428038777047,4.174034210695911,2.766685839962114,114.14396396396396,3,1,3
14259,142,1,120.0,24.0,11.480635870891469,0.4783598279538112,0.0,0.0,0.0,1.6094379124341005,24.0,0,3,1
14261,51,2,1163.45,22.37403846153846,12.375210714722632,0.5531058121668975,0.5294117647058824,3.780756226875626,7.1414284285428495,1.8581292712974924,22.37403846153846,2,1,3
14262,8,8,2618.23,18.3093006993007,10.593122047762987,0.578565081306878,1.6126760563380282,8.905212906012324,5.522009749579694,1.958229441880176,18.3093006993007,2,1,3
14264,155,2,333.97,19.64529411764706,8.738742842685568,0.4448262668073618,5.625,22.5,4.0,1.4253366217394134,19.64529411764706,0,0,2
14265,109,2,530.18,17.10258064516129,5.810557040274157,0.3397473843760588,1.3,7.1203932475671605,5.477225575051662,1.9578964661509404,17.10258064516129,2,0,2
14267,163,3,1516.24,27.568,16.63918561041308,0.6035688338077873,1.7962962962962965,13.20002805833157,7.348469228349534,1.6876500748477985,27.568,2,0,2
14270,332,1,492.65,16.98793103448276,5.594012346959116,0.3292933280459035,0.0,0.0,0.0,1.963575845472397,16.98793103448276,1,0,1
14271,226,1,112.32,11.232,5.521539237889699,0.491590031863399,0.0,0.0,0.0,0.9502705392332348,11.232,1,3,1
14272,74,2,437.96,13.271515151515151,7.278631018782018,0.5484400941177427,5.625,31.81980515339464,5.65685424949238,1.957754827554512,13.271515151515151,2,1,2
14273,51,4,559.97,19.309310344827587,5.215178349939231,0.2700862048828289,6.75,21.872737978283983,3.2404056264124423,1.484925891109223,19.309310344827587,2,0,2
14276,99,3,1119.74,17.4959375,5.963324607715409,0.3408405298495955,3.015873015873016,16.97673176447604,5.629126848221002,1.7865522809006604,17.4959375,2,0,2
14277,15,3,4188.0,18.864864864864863,15.21656913453226,0.8066089655840883,0.8868778280542986,12.785320407991597,14.416101072276238,2.320353182332192,18.864864864864863,3,1,3
14280,197,1,134.04,16.755,5.854624545726956,0.3494255175008628,0.0,0.0,0.0,1.320888343149322,16.755,1,3,1
14282,3,15,3701.44,24.03532467532468,23.89973656892126,0.9943587986334708,2.339869281045752,10.779588044255346,4.6069189127683465,1.770129355710132,24.03532467532468,3,1,3
14284,31,2,595.25,18.6015625,4.503215417092761,0.2420880190625255,1.7741935483870968,9.87829161147262,5.5677643628300215,1.7050508175213617,18.6015625,2,0,3
14285,21,4,1910.01,70.74111111111111,56.0121106639059,0.791790089018099,5.923076923076923,20.77291135478718,3.507114904054978,2.0028727709223677,70.74111111111111,2,1,3
14286,24,3,4628.75,16.53125,10.80738713618928,0.6537549874443421,0.7849462365591398,11.862688130914655,15.112739673631005,2.059537404637795,16.53125,2,1,3
14287,8,3,176.63,19.625555555555557,6.698031634575772,0.3412913135434635,23.75,67.17514421272202,2.8284271247461903,1.831020481113516,19.625555555555557,0,0,2
14288,213,1,426.6,26.6625,15.807039571026571,0.5928566177600215,0.0,0.0,0.0,1.2996509635498974,26.6625,1,0,1
14289,9,6,911.26,19.388510638297877,12.180914326130717,0.6282542560061273,6.043478260869565,21.26338169168262,3.5184012871129515,1.5666471939723712,19.388510638297877,2,1,3
14290,11,5,2314.65,22.917326732673267,21.90906610931141,0.9560044399976034,3.48,28.322628993991948,8.138686492526421,2.0143126117438723,22.917326732673267,3,1,3
14291,2,11,3883.25,16.385021097046412,9.305129832902931,0.5679046598591373,1.152542372881356,7.731259696036514,6.708004736266975,2.1564384864134,16.385021097046412,3,1,3
14292,8,9,4871.93,48.7193,72.42294361686298,1.4865349792969722,2.757575757575758,12.483532752448207,4.526995393744954,2.095807523416628,48.7193,3,1,3
14293,3,4,1046.56,17.15672131147541,10.362453171797927,0.6039879638813577,6.05,28.1854782900819,4.658756742162297,1.7592263360632914,17.15672131147541,2,0,3
14295,40,1,166.20000000000002,33.24,16.20888645157341,0.4876319630437247,0.0,0.0,0.0,0.6730116670092565,33.24,0,3,0
14297,18,4,1305.33,21.053709677419352,10.203655441720258,0.4846488147722461,4.19672131147541,27.656114255941752,6.58993347504862,1.90746924161541,21.053709677419352,2,1,3
14298,8,44,51527.3,31.476664630421503,32.53648974095283,1.0336701846582257,0.2090464547677261,1.9930316084638613,9.53391728493239,2.5544951323657195,31.476664630421503,3,1,3
14299,8,9,3965.62,27.73160839160839,40.57055522938046,1.462971590268711,2.492957746478873,18.23360877780457,7.314046458893357,1.91092021863438,27.73160839160839,3,2,3
14300,19,1,43.2,14.4,3.637306695894643,0.2525907427704613,0.0,0.0,0.0,0.6365141682948128,14.4,0,3,0
14301,117,1,640.14,49.24153846153846,24.375288663642475,0.4950147665000659,0.0,0.0,0.0,2.1383972463477243,49.24153846153846,2,0,1
14304,223,1,383.45,22.555882352941172,10.030560838522147,0.4446982246834698,0.0,0.0,0.0,1.8546526185598229,22.555882352941172,1,0,1
14305,71,3,1858.96,17.70438095238095,9.596614579732863,0.5420474517321249,0.6057692307692307,4.586637978544692,7.571592853470603,1.8402832392818973,17.70438095238095,2,1,2
14306,51,2,2093.32,63.4339393939394,58.85685718012144,0.9278449004184776,1.0625,6.010407640085654,5.65685424949238,2.334898562201828,63.4339393939394,3,1,2
14307,89,6,2995.7200000000003,16.64288888888889,7.113533210450959,0.427421781034667,1.5754189944134078,11.080332774881317,7.033260874836013,2.085990237761033,16.64288888888889,2,1,2
14309,8,9,2352.53,20.10709401709402,17.388569375619717,0.8647977356069876,2.9741379310344827,12.488924628678388,4.1991746577585305,1.8060533782333288,20.10709401709402,3,1,3
14311,243,1,310.26,15.513,3.6617411734109,0.2360433941475472,0.0,0.0,0.0,1.9172155185650603,15.513,1,0,1
14312,47,6,1611.59,18.52402298850575,8.491453495402403,0.4584022326398209,3.3488372093023258,15.122066028984005,4.515616939210501,1.9629999627648425,18.52402298850575,2,1,3
14314,107,1,120.0,15.0,14.136008731503487,0.9424005821002324,0.0,0.0,0.0,1.3862943611198906,15.0,0,3,1
14315,45,6,2481.13,24.565643564356435,11.900974616882568,0.4844560487782338,2.19,11.85492694744649,5.413208651802051,2.10838522969777,24.565643564356435,2,1,3
14317,65,1,508.58,21.19083333333333,11.332300858767525,0.5347737241150272,0.0,0.0,0.0,1.84550825361644,21.19083333333333,0,0,0
14320,207,2,477.79,15.412580645161292,6.490804761477032,0.4211367914895413,4.2,23.004347415216976,5.477225575051661,0.8935520177351051,15.412580645161292,1,0,2
14321,11,5,1530.75,12.445121951219512,9.046062939097911,0.7268761989280048,2.6311475409836067,16.519060275671702,6.278272129694541,2.097303188396231,12.445121951219512,2,1,3
14323,115,2,605.0600000000001,16.807222222222222,6.5295410519581205,0.3884961456227355,3.5142857142857142,20.790794666321503,5.916079783099616,1.7674248259297287,16.807222222222222,2,0,2
14326,242,1,183.85,22.98125,15.300792171369055,0.6657946008754553,0.0,0.0,0.0,1.4941751382893085,22.98125,1,0,1
14327,163,1,311.65000000000003,25.97083333333333,18.50486985453649,0.7125250706062504,0.0,0.0,0.0,1.7917594692280554,25.97083333333333,1,0,1
14329,17,7,4975.24,19.28387596899225,9.788441274471555,0.5075971910528259,1.206225680933852,9.283316276498082,7.696168655032282,2.034407949600077,19.28387596899225,2,1,3
14331,124,2,462.66,16.52357142857143,5.546110558584488,0.3356484149059042,0.3703703703703703,1.9245008972987527,5.196152422706633,1.8004902723058642,16.52357142857143,2,0,2
14332,23,3,840.21,33.6084,28.788254647801537,0.8565791483022558,5.166666666666667,18.37925736936276,3.5572756198766635,2.0985733129341746,33.6084,2,1,3
14333,68,1,415.2,27.68,23.72963638274179,0.8572845513996312,0.0,0.0,0.0,1.7838539603556165,27.68,0,0,0
14334,17,8,2552.21,15.754382716049385,6.153605612886975,0.3905964279145093,2.093167701863354,10.699767078210176,5.111758159026227,1.8130836185778896,15.754382716049385,2,1,3
14335,16,2,454.86,7.581,6.129729360575254,0.808564748789771,1.3559322033898304,10.41511287846591,7.68114574786861,2.030739233071105,7.581,2,1,3
14336,17,4,1614.91,17.943444444444445,8.611581065747163,0.4799290956878368,2.8876404494382024,20.100564330752228,6.96089581882081,1.7543430285895465,17.943444444444445,2,1,3
14338,161,2,588.22,18.97483870967742,8.072642636694935,0.4254393283763608,1.1666666666666667,6.390096504226938,5.477225575051661,2.1039508272376373,18.97483870967742,2,0,2
14339,243,1,309.52000000000004,22.10857142857143,12.545174283452496,0.5674348667883655,0.0,0.0,0.0,1.3690391777047684,22.10857142857143,1,0,1
14340,219,1,134.7,22.45,8.396606457373124,0.3740136506625,0.0,0.0,0.0,0.8675632284814613,22.45,1,3,1
14341,45,8,2166.98,16.92953125,8.325452564783765,0.4917710030975468,2.141732283464567,13.841921837302117,6.462956151975619,1.9168890937725227,16.92953125,2,1,3
14342,21,4,668.5600000000001,31.83619047619048,38.195626251730765,1.1997549229483455,9.4,27.98382991733092,2.9770031826947787,2.149391657840621,31.83619047619048,3,1,3
14344,127,8,889.9300000000001,12.534225352112676,13.06001998051106,1.0419487135126193,3.4,14.04898263375246,4.132053715809548,1.972969724722072,12.534225352112676,3,1,2
14345,39,1,108.98,18.16333333333333,11.52186906134012,0.6343477185542368,0.0,0.0,0.0,1.3296613488547582,18.16333333333333,0,0,0
14346,121,2,1021.58,17.026333333333334,10.427506643597017,0.6124340713559594,2.983050847457627,22.913248332625,7.681145747868609,2.1042252949891207,17.026333333333334,2,1,2
14348,260,1,409.57,22.753888888888888,18.785680760461855,0.825603080519358,0.0,0.0,0.0,1.825563508570234,22.753888888888888,1,0,1
14349,10,1,133.5,4.306451612903226,2.603262758395186,0.6045029626236013,0.0,0.0,0.0,1.6277171185905916,4.306451612903226,0,0,0
14350,274,1,282.93,15.718333333333334,7.031803592586037,0.4473631805271574,0.0,0.0,0.0,1.397991702060472,15.718333333333334,1,0,1
14351,165,1,51.0,51.0,0.0,0.0,0.0,0.0,0.0,0.0,51.0,1,3,1
14352,157,4,1078.96,22.95659574468085,11.374724320901288,0.4954882878719883,2.5,12.548129564024894,5.019251825609958,1.9265070693361583,22.95659574468085,2,0,2
14353,215,1,90.6,15.1,5.868560300448484,0.3886463775131447,0.0,0.0,0.0,0.8675632284814613,15.1,1,3,1
14354,6,2,163.62,18.18,9.178137065875625,0.5048480234255018,3.0,8.48528137423857,2.82842712474619,1.1490596969706204,18.18,0,3,2
14355,366,1,174.4,15.854545454545455,4.07194391817069,0.256831325113977,0.0,0.0,0.0,1.4681399390162089,15.854545454545455,1,3,1
14356,80,2,701.23,21.24939393939394,18.19690237021708,0.856349240929743,0.03125,0.1767766952966368,5.65685424949238,1.7849813291334022,21.24939393939394,2,1,2
14357,43,1,225.12,5.628,5.752951617012983,1.0222017798530532,0.0,0.0,0.0,1.7898353615441198,5.628,0,0,0
14359,19,3,912.18,16.585090909090912,4.196635280408303,0.2530366160433869,1.2407407407407407,6.703801189202035,5.403063645028506,1.5373629425386628,16.585090909090912,2,0,3
14360,32,4,2118.03,18.102820512820514,10.692780262155772,0.5906692967862709,0.5344827586206896,4.086948546995314,7.646548894378331,1.9146117431687333,18.102820512820514,2,1,3
14362,22,1,151.5,4.094594594594595,2.82335654712475,0.6895326220700709,0.0,0.0,0.0,1.3812404661574178,4.094594594594595,0,0,0
14364,109,8,3717.35,53.87463768115942,61.56656174608456,1.1427744927111612,1.4558823529411764,5.368325633319534,3.6873347784417,2.5496005460165545,53.87463768115942,3,1,2
14367,8,16,9227.82,17.711746641074857,17.90212467571703,1.0107486877776737,0.5038461538461538,3.728242548489908,7.399565363415085,2.21576452066716,17.711746641074857,3,1,3
14368,320,1,155.0,19.375,5.261653732430517,0.2715692248996396,0.0,0.0,0.0,1.2554823251787537,19.375,1,3,1
14371,295,1,100.5,25.125,10.666888018536616,0.4245527569566812,0.0,0.0,0.0,1.039720770839918,25.125,1,3,1
14373,358,1,76.55,19.1375,7.4078083803511,0.3870833902208282,0.0,0.0,0.0,1.039720770839918,19.1375,1,3,1
14375,185,1,235.56,3.5690909090909093,4.277474714135657,1.1984773778780495,0.0,0.0,0.0,1.6186130754797885,3.5690909090909093,1,0,1
14377,191,2,617.05,56.095454545454544,43.16176232816181,0.7694342202573209,7.0,22.13594362117865,3.162277660168379,2.1458417525947544,56.095454545454544,2,0,2
14379,44,2,348.1,7.567391304347827,5.86527310523848,0.775071998968601,5.5777777777777775,37.41687082349648,6.708203932499369,2.0194215310951567,7.567391304347827,2,1,3
14381,52,1,202.68,3.619285714285714,3.5972124850135927,0.9939012194630018,0.0,0.0,0.0,1.4914470505788868,3.619285714285714,0,2,0
14382,26,1,615.49,4.88484126984127,5.356498966172137,1.0965553782152258,0.0,0.0,0.0,2.030787598026355,4.88484126984127,0,2,0
14383,38,3,1247.69,21.14728813559322,18.18840070223882,0.8600819445792547,2.155172413793104,13.382106046899109,6.209297205761186,2.206610003193777,21.14728813559322,2,1,3
14385,9,3,202.11,14.43642857142857,4.837160017300135,0.3350662522497743,1.0769230769230769,2.6287366566958377,2.440969752646135,1.574097336848973,14.43642857142857,0,0,2
14386,297,1,142.4,20.342857142857145,7.886244806170878,0.3876665283932313,0.0,0.0,0.0,1.2770342594661392,20.342857142857145,1,0,1
14387,33,3,1727.6,12.428776978417266,9.697187733701693,0.7802205921420091,0.5434782608695652,4.517798645547823,8.312749507807995,2.0770830829747853,12.428776978417266,2,1,3
14388,10,8,3212.84,17.273333333333333,7.1939638862310415,0.4164780327806469,1.9405405405405405,10.79209300577781,5.5613849751222695,2.029452304356327,17.273333333333333,2,1,3
14389,65,2,1043.46,23.188,15.540749601670385,0.670206555186751,2.840909090909091,18.844459036110223,6.6332495807108,1.6187957851865653,23.188,2,1,2
14390,10,9,4642.57,16.347077464788732,19.287132409656383,1.1798520225526836,1.2685512367491163,10.424260795944672,8.21745349652463,2.354138605765976,16.347077464788732,3,1,3
14393,218,1,67.95,13.59,3.595552808679077,0.2645734222721911,0.0,0.0,0.0,0.9502705392332348,13.59,1,3,1
14395,2,9,3479.91,9.999741379310343,7.0443166694337815,0.7044498854748991,1.0518731988472625,7.858772625202135,7.471216714918193,2.17878974691611,9.999741379310343,3,1,3
14396,65,2,487.99,6.684794520547945,5.458844278780039,0.8166061442876756,4.25,36.06244584051392,8.48528137423857,1.524535438475719,6.684794520547945,2,0,2
14397,3,19,2612.96,30.034022988505747,22.83205215744734,0.7602062556250071,2.36046511627907,5.357595577248906,2.2697202938098813,2.1387683111799927,30.034022988505747,3,1,3
14400,149,1,574.7,22.988000000000003,20.235517248969288,0.8802643661462191,0.0,0.0,0.0,2.065211625709446,22.988000000000003,0,0,1
14401,4,13,4051.48,22.26087912087912,21.179723736758657,0.9514324938269658,1.9226519337016572,11.257322833277064,5.855101818457324,1.8765802828369456,22.26087912087912,3,1,3
14403,130,4,1475.81,73.7905,70.25737619825522,0.9521195302681948,6.052631578947368,18.14899349584656,2.998529360183345,2.2502602786175903,73.7905,3,1,2
14404,34,6,1449.32,14.4932,13.624785931410727,0.9400812747640774,3.363636363636364,15.110109161975885,4.4921946157225605,2.051412419925563,14.4932,3,1,3
14406,119,1,156.75,19.59375,5.416669871793924,0.2764488610803916,0.0,0.0,0.0,1.559581156259877,19.59375,0,0,1
14407,107,6,2157.73,29.55794520547945,37.112451151081366,1.255582920026574,2.333333333333333,11.372068574449058,4.873743674763881,2.5262366571656503,29.55794520547945,3,1,2
14408,11,7,2599.03,24.519150943396227,24.49291625942662,0.998930032935065,2.3904761904761904,11.009170336670769,4.605429822113269,2.252511382752761,24.519150943396227,3,1,3
14409,71,6,2059.4500000000003,38.137962962962966,56.31505363207523,1.4766140941183628,5.566037735849057,24.92798044364101,4.478586316993131,2.0101085077979595,38.137962962962966,3,2,2
14410,92,9,1100.27,5.821534391534391,6.535488657692059,1.122640221312768,1.1170212765957446,7.485253071182822,6.701083701820813,1.4914486812589731,5.821534391534391,3,2,2
14411,311,1,1063.0,75.92857142857143,17.539161832943947,0.2309955462476154,0.0,0.0,0.0,1.1709971261162124,75.92857142857143,1,0,1
14412,43,2,770.03,17.90767441860465,13.115831189681986,0.7324139853724211,0.7142857142857143,4.629100498862757,6.48074069840786,2.0958393999866445,17.90767441860465,2,1,3
14413,362,1,121.05,5.502272727272727,3.174394478169073,0.5769242339505958,0.0,0.0,0.0,1.3642037700171457,5.502272727272727,1,0,1
14414,92,7,1496.98,15.43278350515464,10.016457784386242,0.6490376658909708,2.75,22.711925918938896,8.258882152341416,1.8882756175141984,15.43278350515464,2,1,2
14415,1,13,5855.57,10.113246977547496,6.727940256596815,0.6652601554706982,0.6124567474048442,4.705391706504804,7.682814707231008,2.2477871550145987,10.113246977547496,3,1,3
14416,22,2,490.22,35.01571428571429,55.1735628880195,1.5756800628947674,1.5384615384615383,5.547001962252291,3.605551275463989,1.9701814400260849,35.01571428571429,3,2,3
14418,4,3,1937.25,15.622983870967742,13.102901557880603,0.8386939182744586,0.8373983739837398,7.617251756611691,9.096329767604251,2.3577370074760973,15.622983870967742,3,1,3
14419,11,6,1051.79,5.206881188118811,4.2358179736871975,0.8135038654910334,1.7462686567164178,14.992341328407068,8.585357854728834,1.41917247574761,5.206881188118811,2,2,3
14420,99,1,387.52,13.362758620689654,5.031224571578491,0.3765109222124697,0.0,0.0,0.0,1.6069711119297905,13.362758620689654,0,0,0
14421,57,2,813.11,30.115185185185187,27.51156992561638,0.9135447700700302,5.923076923076923,30.20188481128034,5.0990195135927845,1.7961160085526002,30.115185185185187,2,1,2
14422,1,6,4263.64,19.205585585585588,10.187287498574628,0.5304335789803002,1.1900452488687785,9.646953852605854,8.106375670820889,2.099210625766644,19.205585585585588,2,1,3
14423,218,1,265.2,88.39999999999999,71.64244551939862,0.8104349040655954,0.0,0.0,0.0,1.0986122886681096,88.39999999999999,1,3,1
14424,18,1,322.08,322.08,0.0,0.0,0.0,0.0,0.0,0.0,322.08,0,3,0
14426,24,10,4481.67,20.007455357142856,21.68184490370899,1.0836882810271202,1.2825112107623318,10.002522608336315,7.799169726080415,2.181844046509292,20.007455357142856,3,1,3
14427,50,2,363.34,21.37294117647059,11.519910896305731,0.5389951154213614,0.8125,3.25,4.0,1.7582428597165525,21.37294117647059,2,0,3
14428,7,5,1224.06,8.934744525547444,9.595467226484963,1.0739498145748083,2.323529411764706,16.037863694876105,6.90237171678212,1.549581783261137,8.934744525547444,3,2,3
14431,303,1,470.36,27.668235294117647,15.026040827216478,0.5430791182555492,0.0,0.0,0.0,0.9560443809671456,27.668235294117647,1,3,1
14432,10,6,2248.5,5.964190981432361,8.143560858297237,1.365409136570184,0.2047872340425532,1.8541710694026945,9.054134053187184,2.087391234904122,5.964190981432361,3,1,3
14434,22,6,1372.8,114.4,39.367360730802,0.3441202861084091,4.363636363636363,5.801253782980491,1.3294539919330293,1.0986122886681096,114.4,0,0,2
14436,99,1,89.06,9.895555555555555,5.216452604766746,0.5271510604412836,0.0,0.0,0.0,1.2148896539491203,9.895555555555555,0,3,1
14437,366,1,63.0,12.6,3.394112549695428,0.2693740118805895,0.0,0.0,0.0,0.0,12.6,1,3,1
14438,306,1,131.9,14.655555555555557,5.776484898082725,0.3941498414158038,0.0,0.0,0.0,0.5297061990576545,14.655555555555557,1,3,1
14439,320,1,2661.24,83.16375,39.45914487816644,0.4744752957648788,0.0,0.0,0.0,2.2532878701114822,83.16375,1,0,1
14440,8,5,2357.68,42.86690909090909,30.62119919711441,0.714331866852708,6.574074074074074,34.06298375559651,5.181411613527357,1.6947247704082131,42.86690909090909,2,1,3
14441,1,4,1712.89,33.58607843137255,19.07503877620503,0.5679448053210986,5.06,24.195133597397607,4.781646956007433,2.0416450411680227,33.58607843137255,2,1,3
14442,205,2,1589.82,25.235238095238092,15.093471549320196,0.5981109230020835,1.8064516129032255,14.224014224021335,7.874007874011811,2.0290928579091707,25.235238095238092,2,0,2
14443,54,4,1420.2,15.270967741935484,4.65552128135207,0.3048609204096201,3.402173913043478,20.59449397376289,6.053333691968645,1.8094535623255397,15.270967741935484,2,1,3
14446,1,4,1010.35,3.6474729241877255,3.606785388282281,0.9888450067344898,0.8840579710144928,10.56069726607661,11.945706743594856,1.526075236454317,3.6474729241877255,2,2,3
14447,19,5,1163.23,16.617571428571427,5.832573806217025,0.3509883397395113,3.768115942028986,20.31454486723319,5.391167676304193,1.7511974330533562,16.617571428571427,2,0,3
14448,9,2,375.35,18.7675,52.144493767445454,2.7784464509095748,18.63157894736842,81.21316979017887,4.358898943540674,1.5571130980576455,18.7675,3,2,2
14449,19,4,885.8,3.5432,3.72900820174409,1.0524407884804954,1.4136546184738956,14.238237020247512,10.07193471034554,1.7613790121928223,3.5432,3,1,3
14450,181,3,483.25,12.08125,7.538409744392975,0.6239759747040228,3.5641025641025643,15.625207151123451,4.384050927293631,2.214320009496874,12.08125,2,0,2
14451,60,2,643.9,6.132380952380952,4.039926104572079,0.6587858999535149,1.2884615384615383,13.139781054258332,10.19803902718557,1.8293012129029709,6.132380952380952,2,1,3
14452,11,2,259.05,4.3175,2.9615734623475665,0.6859463722866396,1.4067796610169492,10.80567961140838,7.681145747868608,1.1994918736208278,4.3175,0,2,3
14453,190,1,119.93,5.451363636363637,3.5758679205587818,0.6559584278520236,0.0,0.0,0.0,0.7757144728494316,5.451363636363637,1,3,1
14456,5,9,3017.28,3.1861457233368533,3.5432737743579783,1.1120877957355648,0.1416490486257928,1.947734819875297,13.75042641494053,1.3658246205512958,3.1861457233368533,3,2,3
14457,311,1,113.64,28.41,16.84091446448203,0.5927812201507227,0.0,0.0,0.0,1.3862943611198906,28.41,1,0,1
14459,155,1,1837.92,49.67351351351351,30.058232022397995,0.6051158836231859,0.0,0.0,0.0,1.8974389367781996,49.67351351351351,2,0,1
14460,110,3,434.34,27.14625,9.192735447079938,0.3386373973230165,13.333333333333334,38.1494554663753,2.8612091599781477,1.857659766353584,27.14625,2,0,2
14461,148,3,2103.06,11.683666666666666,11.20494363660261,0.9590263019545188,0.6312849162011173,6.5846539347818895,10.430558002884586,1.833865165845036,11.683666666666666,2,2,2
14462,66,11,1980.57,8.500300429184549,7.566103823271636,0.8900984013805577,1.1594827586206895,6.456346633547125,5.568298955326888,1.8518547402406087,8.500300429184549,3,1,3
14463,98,3,529.62,88.27,71.34512597227648,0.8082601786821851,21.2,31.98749755763961,1.5088442244169629,1.791759469228055,88.27,2,0,2
14465,247,3,1038.44,8.44260162601626,24.08938718903568,2.853313262443076,0.4590163934426229,5.070001778381038,11.04536101718726,1.0525054056553234,8.44260162601626,3,2,2
14466,29,7,2272.4,31.561111111111117,26.0534191508959,0.8254911894316601,4.802816901408451,17.11525611703518,3.5635870507609906,2.244056027738656,31.561111111111117,3,1,3
14467,18,4,596.26,6.699550561797753,4.398978422241496,0.6566079890978652,3.340909090909091,28.41882424692913,8.506314740577427,1.7253323845345303,6.699550561797753,2,1,3
14470,12,2,461.19,10.725348837209305,8.632349001296067,0.8048548473638432,6.547619047619048,42.43342123957528,6.480740698407861,1.7990181333002266,10.725348837209305,2,1,3
14472,104,8,1852.67,6.991207547169812,6.286068776072893,0.8991392021565182,0.9356060606060606,6.3136960495575725,6.748241931510928,2.0085114319089783,6.991207547169812,3,1,2
14473,74,2,234.34,33.47714285714286,24.936640855232625,0.7448855764556984,34.666666666666664,84.9156444164835,2.4494897427831783,1.475076311054695,33.47714285714286,0,0,2
14474,46,1,547.66,18.884827586206896,6.2736675424744615,0.3322067683083654,0.0,0.0,0.0,1.323473090173905,18.884827586206896,0,0,0
14475,72,3,925.85,22.04404761904762,17.267815693565453,0.7833323531130841,5.658536585365853,25.301788233341885,4.471436713650936,1.9080811662481032,22.04404761904762,2,1,2
14476,257,1,193.0,11.352941176470589,6.8776238308607365,0.6058010628219301,0.0,0.0,0.0,1.7623147108366672,11.352941176470589,1,0,1
14477,20,4,1309.6,130.95999999999998,60.76400981575269,0.463989079228411,30.55555555555556,53.30363756609653,1.744482683981341,0.9502705392332348,130.95999999999998,0,0,2
14479,254,2,316.25,17.569444444444443,4.087359959424727,0.2326402506550042,6.529411764705882,26.92145437903296,4.123105625617661,1.9371061758293184,17.569444444444443,1,0,2
14480,11,1,279.05,21.46538461538461,9.964736671035364,0.4642235324259443,0.0,0.0,0.0,1.303875529336385,21.46538461538461,0,0,0
14481,165,2,636.51,21.217,10.253460694170364,0.4832662814804337,4.206896551724138,22.65483125760033,5.385164807134505,1.905041791675454,21.217,2,0,2
14482,18,6,2022.81,14.765036496350364,29.602936860567013,2.0049348924998798,1.6029411764705883,12.855481270369086,8.019933269588053,2.0847151606644108,14.765036496350364,3,1,3
14483,282,1,137.1,15.233333333333333,8.714893860512587,0.5720936888739117,0.0,0.0,0.0,1.5229550675313184,15.233333333333333,1,0,1
14484,50,1,321.92,22.99428571428572,7.351660947113835,0.3197168652447616,0.0,0.0,0.0,1.8095142558492825,22.99428571428572,0,0,0
14485,39,1,162.8,3.539130434782609,2.3234187703917466,0.656494247162287,0.0,0.0,0.0,0.836059276975716,3.539130434782609,0,3,0
14487,27,6,1165.48,8.324857142857143,7.814322626366368,0.9386734801895285,2.4388489208633093,23.91110199604809,9.80425716062149,2.0542759060396505,8.324857142857143,3,1,3
14488,68,1,1064.28,23.136521739130437,26.55566909279793,1.1477813904881282,0.0,0.0,0.0,1.8821416751521955,23.136521739130437,0,2,0
14489,207,1,463.38,15.446,5.275028746448882,0.3415142267544271,0.0,0.0,0.0,0.9555822111460796,15.446,1,3,1
14491,175,2,340.93,20.05470588235294,10.913203080241304,0.5441716844047229,12.3125,49.25,4.0,1.874640740535752,20.05470588235294,1,0,2
14493,7,5,2383.24,19.860333333333337,10.523202210444536,0.5298603016285998,1.226890756302521,10.08055434209334,8.216342237733611,2.0616539218540346,19.860333333333337,2,1,3
14494,26,1,139.56,19.937142857142856,7.5203495359495856,0.3772029718518709,0.0,0.0,0.0,0.7963116401738131,19.937142857142856,0,3,0
14495,51,2,123.8,20.633333333333336,0.4082482904638627,0.0197858622195733,14.0,31.304951684997057,2.23606797749979,0.4505612088663046,20.633333333333336,0,3,2
14496,312,2,538.8100000000001,28.35842105263158,30.67427772637993,1.0816638087660189,3.388888888888889,14.377837884126466,4.242640687119285,2.02804676777597,28.35842105263158,1,0,2
14497,309,1,475.37,16.392068965517243,4.917798853806698,0.3000108689239839,0.0,0.0,0.0,1.9298767138004267,16.392068965517243,1,0,1
14498,43,5,1957.32,10.141554404145078,15.683627897574492,1.5464718003350897,1.6510416666666667,14.070804460878032,8.522379988922971,2.122970418929793,10.141554404145078,3,1,3
14499,26,3,808.44,4.254947368421053,3.8780430273635433,0.9114197407340968,1.328042328042328,13.01628713272733,9.801108637790698,1.5823752118944523,4.254947368421053,2,1,3
14500,88,3,356.85,50.97857142857144,32.14837809728065,0.6306253234719477,16.666666666666668,30.95588258581342,1.857352955148805,1.945910149055314,50.97857142857144,2,0,2
14501,184,2,251.21,25.121,8.146135348194944,0.3242759184823432,15.11111111111111,45.33333333333333,3.0,1.4708084763221112,25.121,1,0,2
14502,20,11,2429.83,3.996430921052632,5.853522258053972,1.4646874608087046,0.4761120263591433,5.307290524693556,11.147146534563976,1.5280690887836292,3.996430921052632,3,2,3
14503,3,6,3543.26,21.605243902439025,17.270698027861947,0.7993752861967113,1.0613496932515338,9.322542208475731,8.783666936309505,2.075644322611902,21.605243902439025,3,1,3
14504,47,4,673.26,6.2921495327102805,5.03050450000781,0.7994890257862277,2.160377358490566,19.051377549219666,8.818541573001243,1.4825558052455363,6.2921495327102805,2,2,3
14505,17,8,5859.43,7.464242038216561,7.445031726986298,0.9974263547280612,0.4362244897959184,5.367088013788482,12.30350000821687,1.9099565160617795,7.464242038216561,3,1,3
14506,17,5,1960.65,6.646271186440679,6.207787050331398,0.9340255424720182,1.1870748299319729,10.577313426965532,8.910401568847753,1.4665009308007322,6.646271186440679,2,2,3
14507,24,6,1367.88,14.398736842105263,24.86207567557657,1.726684496578482,2.6595744680851063,14.5864520964905,5.484505988280429,2.2425601454875497,14.398736842105263,3,1,3
14508,22,2,268.05,4.873636363636364,4.28253618333998,0.8787147550221932,1.2407407407407407,9.11754515369294,7.348469228349534,1.0841352945439544,4.873636363636364,0,2,3
14511,11,5,1314.81,19.33544117647059,9.580941503890196,0.4955119159913093,1.8059701492537317,7.433011555686847,4.115799787033213,1.51682709306069,19.33544117647059,2,1,3
14512,188,2,275.28,11.968695652173912,8.01628303366899,0.6697708143504316,2.0,9.380831519646858,4.690415759823429,1.9595685170067048,11.968695652173912,1,0,2
14513,101,3,455.59,37.965833333333336,50.68080692087997,1.334905689436905,17.0,38.17066936798463,2.24533349223439,1.2342678660790765,37.965833333333336,0,2,2
14514,61,3,990.2,14.35072463768116,12.766716759610487,0.8896217495587998,3.9558823529411766,22.913486756258557,5.792256875188036,2.431744570132391,14.35072463768116,3,1,2
14515,18,6,2076.89,21.192755102040817,16.197417624176516,0.7642903221496076,2.0412371134020617,13.52691570364835,6.626822339666111,2.6606053698647543,21.192755102040817,3,1,3
14517,33,2,330.45,18.35833333333333,5.983537464429825,0.3259303203502401,6.352941176470588,26.19384750392396,4.123105625617661,1.8498981518685604,18.35833333333333,2,0,3
14518,64,1,174.37,10.898125,9.999577470240096,0.9175502639435772,0.0,0.0,0.0,1.6304325826288886,10.898125,0,0,0
14520,2,2,270.6,67.65,68.3269346597665,1.0100064251258905,96.33333333333331,166.85422779580185,1.7320508075688774,1.3862943611198906,67.65,0,0,2
14522,24,4,974.54,57.32588235294117,41.82325580027569,0.7295702060507385,10.75,28.029746104213405,2.6074182422524097,1.9361993456845223,57.32588235294117,2,1,3
14523,108,1,241.09,20.09083333333333,12.787029975958475,0.6364609055186932,0.0,0.0,0.0,1.6987829895138005,20.09083333333333,0,0,1
14524,32,9,1843.83,9.359543147208122,11.78826432561761,1.2594914239092916,1.6581632653061225,11.011438560569994,6.640744485759135,1.7152038066865856,9.359543147208122,3,2,3
14525,20,9,4215.9,14.95,25.038765574497923,1.6748338176921689,1.199288256227758,7.822778063735969,6.522850551661149,2.2373846631234846,14.95,3,1,3
14527,3,55,8507.13,8.761204943357363,7.61718628478588,0.8694222237731278,0.3515463917525773,1.5793829967998128,4.4926730407502005,1.3661665294530414,8.761204943357363,3,1,3
14528,37,1,364.22,20.23444444444444,13.119363875460277,0.6483678813856597,0.0,0.0,0.0,2.062069541300165,20.23444444444444,0,0,0
14529,60,3,578.61,2.7164788732394367,2.674584131978781,0.9845775567506272,0.2311320754716981,2.483761984137732,10.746072257902023,0.8763047760977988,2.7164788732394367,0,2,3
14530,26,6,2862.11,13.437136150234744,11.578978666029094,0.8617147684275576,1.268867924528302,8.596724419815137,6.77511366914799,2.114104356719455,13.437136150234744,3,1,3
14532,236,4,932.85,14.57578125,10.329636482284885,0.7086849277656992,1.809523809523809,8.393271388933812,4.638386820200265,1.8816649709304267,14.57578125,1,0,2
14533,25,7,1949.72,31.44709677419355,24.64877773627164,0.7838172761467501,5.344262295081967,31.102993020984137,5.819885197178013,2.7483034874515253,31.44709677419355,3,1,3
14534,3,18,4397.3,8.656102362204726,11.97497648020792,1.383414379720652,0.6094674556213018,3.6897129070415993,6.053994963980877,1.8306053359163048,8.656102362204726,3,1,3
14535,60,3,2854.84,8.70378048780488,7.673190133594034,0.8815927911262427,0.5749235474006116,7.63867989853591,13.28642727032576,2.1067675074348804,8.70378048780488,3,1,2
14536,260,1,170.95,9.497222222222222,11.08981345281789,1.167690214394396,0.0,0.0,0.0,1.1945063128187032,9.497222222222222,1,0,1
14537,58,1,355.56,35.556,13.194671651844915,0.3710955015143694,0.0,0.0,0.0,0.0,35.556,0,3,0
14538,65,2,388.25,20.43421052631579,10.526246200062372,0.5151285970410433,10.61111111111111,45.019131735543525,4.242640687119285,1.6393363214432308,20.43421052631579,0,0,2
14539,16,2,537.48,16.79625,8.079544361953475,0.4810326329956672,0.9032258064516128,5.028948456749697,5.567764362830022,1.6958421763545728,16.79625,2,0,3
14540,10,3,952.66,13.41774647887324,9.240336449839768,0.6886653034016581,4.257142857142857,28.803525204082128,6.765928739213923,1.9497529395095847,13.41774647887324,2,1,3
14541,59,8,1453.35,13.84142857142857,16.38004082298446,1.1834068093806505,2.4711538461538463,12.76521116673913,5.165688565528675,2.175816393379552,13.84142857142857,3,1,3
14542,186,1,103.25,20.65,9.486174149782409,0.4593788934519326,0.0,0.0,0.0,1.3321790402101223,20.65,1,3,1
14543,29,16,3599.73,50.70042253521127,61.27558265589087,1.2085813015332405,4.7,11.654880174590298,2.4797617392745317,2.461876273278455,50.70042253521127,3,1,3
14544,24,2,2004.3,18.056756756756755,17.176004941469532,0.9512231444909036,3.0636363636363635,32.13168925757646,10.488088481701515,2.510481360658253,18.056756756756755,3,1,3
14546,5,5,2573.93,6.48345088161209,5.288686890045566,0.8157209773956906,0.6085858585858586,7.091862123228858,11.65301826057522,1.7720580592253514,6.48345088161209,3,1,3
14547,4,8,3974.75,11.196478873239435,9.202026750868797,0.8218679153552859,0.1327683615819209,1.2914623625992123,9.727184603406831,2.3594904335753304,11.196478873239435,3,1,3
14548,151,2,652.8,163.2,94.22356393174694,0.5773502691896258,55.66666666666666,96.4174949546675,1.7320508075688774,0.6931471805599453,163.2,0,3,2
14549,311,1,289.24,5.165,3.532728536003143,0.6839745471448485,0.0,0.0,0.0,1.207049669825488,5.165,1,0,1
14550,11,2,757.37,16.114255319148935,18.893084166559447,1.1724453778579744,0.717391304347826,4.8655845531116055,6.782329983125269,2.0564983229362754,16.114255319148935,3,1,3
14551,18,2,186.23,18.623,7.003764146673003,0.3760814125905066,20.55555555555556,61.66666666666666,3.0,2.025326220770068,18.623,2,0,2
14552,152,1,164.22,2.8810526315789478,2.3644688955227853,0.8206961822238386,0.0,0.0,0.0,0.9245885629410971,2.8810526315789478,0,3,1
14553,19,5,859.27,7.604159292035398,16.465753134789434,2.16536141635482,2.8392857142857144,20.771408611392143,7.315716240490314,1.8519613855783708,7.604159292035398,3,2,3
14554,10,4,2279.49,11.229014778325125,10.871300668846107,0.9681437671478093,0.2029702970297029,2.121529320049516,10.452412747561027,2.4077211561689325,11.229014778325125,3,1,3
14555,57,2,312.54,16.449473684210528,13.411825409641803,0.8153346220745961,13.555555555555555,57.51135153650586,4.242640687119285,1.9826232826520047,16.449473684210528,2,0,2
14557,85,1,788.38,49.27375,32.494676256273124,0.6594723611714782,0.0,0.0,0.0,1.4183036843924253,49.27375,0,0,0
14560,7,22,2237.77,30.240135135135134,27.496120846863548,0.9092591922618958,4.698630136986301,11.254239857230658,2.395217229089907,2.305027661114029,30.240135135135134,3,1,3
14561,76,3,1080.76,15.6631884057971,6.4672415459747015,0.412894321285257,1.588235294117647,10.72622020212187,6.753546053187845,1.698597639227457,15.6631884057971,2,0,2
14562,4,18,5006.77,11.949331742243436,12.66113272377373,1.0595682668189657,0.6985645933014354,4.75339564068896,6.804518417150635,2.0518747992542417,11.949331742243436,3,1,3
14565,96,4,3099.12,24.40251968503937,13.183908660524535,0.5402683342002298,2.095238095238096,16.056115879715655,7.663146215318835,1.928288091642786,24.40251968503937,2,1,2
14566,111,1,1432.0,358.0,0.0,0.0,0.0,0.0,0.0,0.0,358.0,0,3,0
14567,57,2,1530.36,46.374545454545455,29.45470050464241,0.6351480152730075,2.28125,12.904698756654492,5.65685424949238,0.2706407936167973,46.374545454545455,0,2,2
14569,1,1,227.39,18.949166666666667,35.731357620782376,1.885642690748883,0.0,0.0,0.0,1.3143738430069454,18.949166666666667,0,2,0
14570,281,2,218.06,7.519310344827586,13.601658494209577,1.8088970757226344,0.0,0.0,0.0,1.5133032431510929,7.519310344827586,1,2,2
14572,3,7,2804.54,10.704351145038167,11.875449100553054,1.1094039180560449,1.21455938697318,9.116760700517377,7.5062288417509,2.0779878742657703,10.704351145038167,3,1,3
14573,180,9,1639.82,7.223876651982379,6.910285327839334,0.9565896070419492,0.827433628318584,6.6172400797729125,7.997306192666729,1.354645080901307,7.223876651982379,2,2,2
14576,372,1,35.400000000000006,35.400000000000006,0.0,0.0,0.0,0.0,0.0,0.0,35.400000000000006,1,3,1
14577,13,4,859.71,6.989512195121952,3.963327351421049,0.5670391925472416,2.8688524590163933,18.9514171474169,6.605922548528177,1.4428504536491762,6.989512195121952,2,1,3
14578,3,1,168.63,7.02625,6.038416012066625,0.8594080785720156,0.0,0.0,0.0,1.7865374870390631,7.02625,0,0,0
14581,17,1,138.6,8.152941176470588,7.662081770564937,0.9397935793622216,0.0,0.0,0.0,2.033662343665036,8.152941176470588,0,0,0
14582,41,1,114.11,19.01833333333333,12.203352681401398,0.6416625719779895,0.0,0.0,0.0,1.5607104090414068,19.01833333333333,0,0,0
14583,6,5,986.96,3.268079470198676,3.508670648726988,1.073618521435063,0.6578073089700996,8.188559937055256,12.448265358856728,1.4378070601097284,3.268079470198676,3,2,3
14584,169,4,1033.06,10.54142857142857,7.794048350550672,0.7393730648306642,0.2783505154639175,1.9297142925467248,6.932677273223417,1.9554025316103183,10.54142857142857,2,0,2
14585,50,1,157.05,5.415517241379311,6.78026210313378,1.2520063737082434,0.0,0.0,0.0,1.3098465388504477,5.415517241379311,0,2,0
14586,277,1,237.36,12.492631578947368,3.031011642826099,0.242623951860869,0.0,0.0,0.0,1.3020613918729729,12.492631578947368,1,3,1
14587,19,9,1580.29,4.259541778975741,4.283676377013034,1.005666008056645,0.8351351351351352,9.10506920413246,10.902510050255698,1.297479849636755,4.259541778975741,3,2,3
14589,372,1,39.75,13.25,4.589934640057525,0.3464101615137754,0.0,0.0,0.0,0.6365141682948128,13.25,1,3,1
14591,15,4,1320.21,7.501193181818182,8.137489556519721,1.0848260215779846,1.1257142857142857,14.891800236563542,13.228756555322944,1.808900523941547,7.501193181818182,3,2,3
14592,35,3,557.94,3.5312658227848104,3.020244165726989,0.8552865508564795,0.1783439490445859,1.7632399691003555,9.886738398169852,1.4812399939451977,3.5312658227848104,2,2,3
14593,22,3,617.15,4.087086092715231,6.878795591226127,1.683056200721292,1.18,14.451989482420748,12.247448713915889,1.408742768085405,4.087086092715231,3,2,3
14594,7,2,363.33,6.987115384615384,4.054164325552455,0.5802343459904982,7.15686274509804,51.11022306702236,7.14142842854285,1.6896565896460645,6.987115384615384,2,0,3
14595,20,6,1740.6,17.064705882352943,8.96636848306071,0.5254335202069358,2.871287128712871,22.853298828106475,7.9592523504784625,2.2739696534897837,17.064705882352943,2,1,3
14597,11,2,866.24,18.430638297872346,25.780654139191046,1.398793341962942,3.9130434782608696,26.53955210788148,6.782329983125267,2.324881979645694,18.430638297872346,3,1,3
14598,44,1,221.97,4.4394,2.832099106129369,0.6379463680067958,0.0,0.0,0.0,1.7443214711200448,4.4394,0,0,0
14600,306,1,393.33,15.733200000000002,4.079952736654351,0.2593212275096198,0.0,0.0,0.0,1.94580991254342,15.733200000000002,1,0,1
14601,11,1,213.96,30.56571428571429,28.141787941981026,0.920697866862344,0.0,0.0,0.0,0.9556998911125344,30.56571428571429,0,3,0
14603,275,1,660.0,330.0,254.55844122715712,0.7713892158398701,0.0,0.0,0.0,0.0,330.0,1,3,1
14606,1,93,12076.15,4.511075831154277,7.238244030484567,1.6045494027158644,0.1229446935724962,0.7499660293402329,6.100027642901104,1.1746374931148766,4.511075831154277,3,2,3
14607,16,14,16209.5,200.1172839506173,232.6874555010021,1.162755414761786,3.0375,23.98123937106154,7.895058229156063,2.168025042981525,200.1172839506173,3,1,3
14608,4,4,1785.15,89.25750000000001,62.30153388962426,0.6979977468517968,18.73684210526316,63.7781241712785,3.4038886495907064,1.7480673485460891,89.25750000000001,2,1,3
14609,72,4,601.56,150.39,31.31568935853081,0.2082298647418765,74.0,42.14261501141095,0.5694947974514993,1.039720770839918,150.39,0,3,2
14616,243,3,406.08,135.36,115.49661813230723,0.8532551575968323,36.5,6.363961030678928,0.1743550967309295,1.0986122886681096,135.36,1,3,2
14618,9,3,553.44,34.59,19.12566861576348,0.5529247937485827,21.8,84.15478935526232,3.860311438314785,2.1873223188492537,34.59,2,1,3
14619,246,1,394.44,19.722,5.582653208117559,0.2830672958177446,0.0,0.0,0.0,1.4688033259150552,19.722,1,0,1
14620,206,2,412.78,15.876153846153848,7.107283068471709,0.4476703323326334,3.12,15.6,5.0,1.978013321164506,15.876153846153848,1,0,2
14621,1,5,1788.36,19.43869565217392,9.166982225091624,0.4715842250488879,3.912087912087912,22.475986371457942,5.745266179220992,1.9082030705365824,19.43869565217392,2,1,3
14622,185,1,320.58000000000004,15.265714285714289,5.071507242850563,0.3322155221781203,0.0,0.0,0.0,2.227437653094697,15.265714285714289,1,0,1
14623,32,5,886.7,6.666917293233083,7.3527434768967135,1.1028700602540462,1.5227272727272727,9.651536213672449,6.338322289575936,1.5826030973778953,6.666917293233083,3,2,3
14624,57,2,225.85,17.373076923076923,3.536159368145485,0.2035424918569462,0.0833333333333333,0.2886751345948128,3.4641016151377544,1.7326587201992076,17.373076923076923,0,0,2
14625,196,2,899.63,16.974150943396225,4.776759616970107,0.281413758655687,3.1538461538461537,22.742708045234394,7.211102550927979,1.97711936541846,16.974150943396225,2,0,2
14626,24,4,2791.27,22.87926229508197,18.952535632186795,0.828371797470968,1.71900826446281,11.799168855259726,6.863939574453975,2.257609667264181,22.87926229508197,3,1,3
14628,91,2,671.96,27.99833333333333,18.32367764175196,0.6544560143491384,6.565217391304348,31.485676522618288,4.795831523312719,2.1742933185645006,27.99833333333333,2,1,2
14629,4,2,955.26,6.3684,5.791524828482233,0.9094159959302544,0.2885906040268456,3.522697258231875,12.206555615733706,1.3476208924598008,6.3684,2,2,3
14631,51,3,1006.98,24.56048780487805,23.850768745600167,0.9711032181072184,6.175,30.50841624107127,4.940634209080367,2.070052354680496,24.56048780487805,2,1,3
14632,263,1,114.56,14.32,5.252210419024955,0.3667744706023013,0.0,0.0,0.0,1.3862943611198906,14.32,1,3,1
14633,266,1,344.90000000000003,17.245,3.752434297611984,0.2175954942077114,0.0,0.0,0.0,1.5910929054167249,17.245,1,0,1
14636,36,2,609.85,21.780357142857145,8.422267875342198,0.3866909904231885,8.592592592592593,44.64842081733105,5.19615242270663,1.6596521764612884,21.780357142857145,2,0,3
14638,51,1,443.6,27.725,15.240436126743006,0.5497001308112897,0.0,0.0,0.0,1.923065784324152,27.725,0,0,0
14639,52,6,2984.49,17.35168604651163,5.8050632321213325,0.3345532656919169,1.8011695906432748,14.96490792528462,8.30843914033659,1.9527121992819465,17.35168604651163,2,1,3
14640,24,6,2107.38,20.07028571428572,10.190035900248422,0.507717530547924,1.932692307692308,9.616192273772082,4.97554227100645,1.968436176332504,20.07028571428572,2,1,3
14641,22,1,110.46,15.78,11.0416846540734,0.6997265306763878,0.0,0.0,0.0,0.7963116401738131,15.78,0,3,0
14642,59,1,96.12,48.06,39.96567527266368,0.8315787613954155,0.0,0.0,0.0,0.6931471805599453,48.06,0,3,0
14643,170,2,693.8100000000001,22.38096774193549,18.345579368490693,0.8196955368518923,6.233333333333333,34.14137275115536,5.477225575051662,2.102498984266997,22.38096774193549,2,0,2
14644,68,2,830.76,31.95230769230769,34.89233684437799,1.092013045830117,9.2,45.99999999999999,5.0,1.8375657044357432,31.95230769230769,2,1,2
14645,157,2,597.09,19.903,18.3122614189472,0.920075436815917,4.068965517241379,21.91204990489212,5.385164807134504,2.2016796852795157,19.903,2,0,2
14646,2,73,280206.02,134.97399807321773,170.09430673743793,1.2602005509621854,0.1585542168674698,1.5459586881614054,9.75034734934625,3.208651762913895,134.97399807321773,3,1,3
14647,201,1,236.04,8.430000000000001,17.977732316931945,2.1325898359349877,0.0,0.0,0.0,1.674729846795163,8.430000000000001,1,2,1
14649,5,4,1402.59,7.5408064516129025,11.561042639558416,1.5331308015584495,1.1189189189189188,11.386821087427595,10.17662754190389,1.7549788771745094,7.5408064516129025,3,2,3
14651,67,2,653.75,6.4727722772277225,5.896021899350762,0.9108959263241712,1.43,14.3,10.0,1.833814206785073,6.4727722772277225,2,1,2
14652,77,1,114.18,3.937241379310345,4.269149209780499,1.0842995891017206,0.0,0.0,0.0,0.719071754348727,3.937241379310345,0,3,0
14653,1,7,1926.65,8.233547008547008,9.223519376156265,1.1202364383881689,1.4334763948497855,17.88796779239881,12.478732022841086,1.9587837096220744,8.233547008547008,3,1,3
14655,8,4,1932.23,39.43326530612245,32.217858362234125,0.8170223315803357,4.4375,22.76419944992015,5.129960439418625,2.3689534312991443,39.43326530612245,3,1,3
14656,169,2,291.05,3.638125,3.0696328456286137,0.8437403458178633,1.4430379746835442,12.826002070556676,8.888194417315592,0.8929078974913367,3.638125,0,2,2
14657,18,4,848.22,6.7319047619047625,5.326147232555363,0.7911798251656124,2.464,17.056615403773925,6.922327680103054,1.8511180510641143,6.7319047619047625,2,1,3
14658,5,2,247.15,8.522413793103448,9.766963870683233,1.1460325804159972,3.9642857142857135,20.977028252012108,5.2915026221291805,1.041110323620146,8.522413793103448,0,2,2
14659,9,9,2529.93,9.999723320158102,6.022338666862119,0.6022505297443471,1.2023809523809523,7.111149029771475,5.914222955453504,2.111222337682936,9.999723320158102,2,1,3
14660,87,2,285.74,9.524666666666668,15.71532586765024,1.6499607196385078,0.4827586206896552,2.599734734478726,5.385164807134504,1.6803346036255686,9.524666666666668,3,2,2
14661,27,1,107.95,26.9875,29.2521900889489,1.0839162608225623,0.0,0.0,0.0,1.3862943611198906,26.9875,0,2,0
14662,29,4,741.37,4.722101910828026,5.17762952293104,1.0964671285595229,1.8333333333333333,16.997469767427848,9.271347145869736,1.362084887155384,4.722101910828026,2,2,3
14664,20,2,636.24,6.492244897959184,5.620052010364362,0.8656561942281332,0.134020618556701,1.3199500146737049,9.848857801796106,2.089295501685441,6.492244897959184,2,1,3
14665,61,5,1835.7,20.39666666666667,11.0147092664636,0.5400249681220919,2.797752808988764,22.13911582331604,7.913177944880029,2.119859689194012,20.39666666666667,2,1,3
14666,24,1,195.25,13.946428571428571,8.870943586219568,0.6360727795496746,0.0,0.0,0.0,2.2055983590263937,13.946428571428571,0,0,0
14667,11,25,9175.04,16.18172839506173,16.595697274658495,1.0255824884394364,0.6130742049469965,3.8618312064421274,6.299125253159203,2.632385950576685,16.18172839506173,3,1,3
14669,242,3,1259.24,7.58578313253012,5.406203086014149,0.7126756712607197,0.5454545454545454,7.006490497453706,12.84523257866513,2.031821525318992,7.58578313253012,2,0,2
14670,280,2,392.86,3.1939837398373987,2.801208094129868,0.8770264103700395,0.0,0.0,0.0,1.56753051744565,3.1939837398373987,1,0,2
14672,235,2,765.5500000000001,12.55,10.02585025488279,0.798872530269545,1.6833333333333331,13.03904393223164,7.745966692414835,2.208296152482097,12.55,2,0,2
14673,3,5,1736.4,23.464864864864865,18.76398862607763,0.7996631872435755,4.958904109589041,38.5225180742685,7.768353092324864,1.6920185888859,23.464864864864865,2,1,3
14675,16,1,596.36,6.148041237113402,8.347598786374546,1.3577655816592846,0.0,0.0,0.0,1.8242624671085987,6.148041237113402,0,2,0
14676,31,6,2548.24,60.67238095238096,38.25919228359113,0.6305866307376179,6.073170731707317,18.79812523086071,3.095273632390719,2.2050218271942,60.67238095238096,2,1,3
14680,25,16,28754.11,111.45003875968992,107.75340823195155,0.9668315007434936,1.311284046692607,5.919082381197995,4.513958967263753,2.517185045550012,111.45003875968992,3,1,3
14681,71,3,498.95,71.27857142857142,120.00906860574766,1.6836626520497715,23.33333333333333,57.15476066494082,2.4494897427831783,1.7478680974667578,71.27857142857142,3,2,2
14682,188,2,52.0,26.0,7.353910524340097,0.2828427124746191,13.0,0.0,0.0,0.6931471805599453,26.0,1,3,2
14684,26,5,1201.51,3.080794871794872,4.287787180333194,1.391779511056875,0.8611825192802056,10.26535860347012,11.9200731246265,1.270072277932291,3.080794871794872,3,2,3
14687,107,1,628.38,41.892,34.52452031320845,0.8241315839112109,0.0,0.0,0.0,2.026229622995292,41.892,0,0,1
14688,8,21,5579.1,17.219444444444445,22.339468557196174,1.2973396806889212,1.105263157894737,5.160896045217254,4.669382136148943,2.5292604401454577,17.219444444444445,3,1,3
14689,209,1,112.8,8.676923076923078,6.937477188689686,0.7995319455050169,0.0,0.0,0.0,1.844621476365503,8.676923076923078,1,0,1
14690,44,2,355.05,7.396875,5.779078611774012,0.781286504337847,2.276595744680851,15.607554090274718,6.855654600401044,1.845237400670931,7.396875,2,1,3
14691,31,5,2114.33,29.779295774647885,24.478897753192804,0.8220106324351871,2.585714285714286,14.848503420554804,5.742515135021194,1.827529556225956,29.779295774647885,2,1,3
14692,137,4,591.55,8.699264705882353,4.688796528333136,0.5389876830811483,2.7313432835820897,14.296197936548618,5.234127113381188,1.835464605169716,8.699264705882353,2,0,2
14693,265,1,172.9,21.6125,42.94261744301508,1.9869342946450008,0.0,0.0,0.0,1.4941751382893085,21.6125,1,2,1
14696,4,7,2078.95,15.991923076923076,7.648137139164235,0.4782499954743263,2.8294573643410854,13.14886166116657,4.647131929562979,2.1493972243197192,15.991923076923076,2,1,3
14697,218,2,188.61,8.57318181818182,7.998398879277943,0.9329557040672009,0.0,0.0,0.0,1.514014536653706,8.57318181818182,1,0,2
14698,2,5,1217.27,6.08635,4.254595053922798,0.6990388416576107,0.2412060301507537,1.9259290170069383,7.984580716341266,1.794109681918281,6.08635,2,1,3
14699,214,1,109.13,13.64125,5.507284623893288,0.4037228717231402,0.0,0.0,0.0,1.3862943611198906,13.64125,1,3,1
14700,32,3,2195.1,19.599107142857143,14.04752092864322,0.7167429019215711,1.8468468468468469,15.543018425821344,8.41597583056668,2.40243484200655,19.599107142857143,2,1,3
14701,11,9,2526.09,7.725045871559633,19.34278483245307,2.503905498304555,0.9263803680981596,10.010799265536937,10.806359472069676,1.761215423827486,7.725045871559633,3,2,3
14702,1,17,3251.79,9.508157894736842,7.561504904497777,0.795264970166659,1.035190615835777,7.507168674518801,7.251967473118729,2.079275580803067,9.508157894736842,3,1,3
14703,15,1,318.17,14.462272727272728,3.7765390200151474,0.2611303970843676,0.0,0.0,0.0,1.3377348363780972,14.462272727272728,0,0,0
14704,11,9,1493.96,3.801424936386769,3.39484460662813,0.8930452826078711,0.4209183673469387,4.017082598992682,9.543614417000796,1.5502664811185285,3.801424936386769,3,2,3
14705,199,1,179.0,179.0,0.0,0.0,0.0,0.0,0.0,0.0,179.0,1,3,1
14708,3,3,1126.37,40.227500000000006,42.73587985348906,1.0623548531101623,13.51851851851852,49.48299659041428,3.660386049153933,1.8860451119181791,40.227500000000006,3,1,3
14709,15,13,4921.04,25.10734693877551,11.6199201242694,0.4628095574018504,1.7282051282051285,7.784664700151701,4.504479574271755,1.6658214371579836,25.10734693877551,2,1,3
14710,14,4,599.48,4.4079411764705885,4.183562387292199,0.949096691585606,0.3185185185185185,2.342507432734355,7.354383800445067,1.5878489277842789,4.4079411764705885,2,2,3
14711,10,11,2839.62,8.230782608695652,17.72111935482825,2.1530296932039312,0.7122093023255814,5.120276026898678,7.189285523482225,1.6302443187592697,8.230782608695652,3,2,3
14712,29,3,917.07,36.6828,37.46162709137623,1.0212313970410174,3.4166666666666665,11.63546552446504,3.4055021047214757,1.7449327405148194,36.6828,2,1,3
14713,9,11,2662.2,7.876331360946745,9.457294399651744,1.2007232766442375,1.0385756676557865,6.885651600628624,6.629898826890989,1.9072891256356324,7.876331360946745,3,2,3
14714,24,1,160.19,16.019,23.531146003164025,1.4689522444075178,0.0,0.0,0.0,1.834371970281624,16.019,0,2,0
14715,25,4,867.38,12.21661971830986,11.827279235933698,0.9681302609597784,4.357142857142857,25.76484275428843,5.913242599344886,2.214007174312913,12.21661971830986,3,1,3
14716,43,2,307.51,6.029607843137255,7.881004240776503,1.3070508805554344,2.1,14.849242404917502,7.071067811865477,2.2094937594658184,6.029607843137255,3,1,2
14719,2,5,1581.84,6.731234042553191,5.696885467181747,0.8463359662087888,1.047008547008547,9.4919172541023,9.065749540652808,1.9469614571291545,6.731234042553191,3,1,3
14720,6,3,663.81,17.94081081081081,8.472495820915784,0.4722470968709179,3.333333333333333,14.983800776648284,4.495140232994485,1.874845851626885,17.94081081081081,2,1,3
14722,147,1,180.42,6.4435714285714285,6.170775936734024,0.9576639298778,0.0,0.0,0.0,1.4271772823094684,6.4435714285714285,0,3,1
14723,10,6,1122.36,4.333436293436293,4.785043332772144,1.104214532937725,1.3914728682170543,19.80876090817292,14.235822602530956,1.5960079962317368,4.333436293436293,3,2,3
14725,25,1,655.58,13.948510638297874,12.816015961478996,0.9188089175836858,0.0,0.0,0.0,2.11114239301994,13.948510638297874,2,0,0
14727,274,1,268.58,26.858,16.629400871147865,0.6191600592429767,0.0,0.0,0.0,1.2798542258336676,26.858,1,0,1
14729,374,1,313.49,4.415352112676056,3.77889206400346,0.8558529348440004,0.0,0.0,0.0,1.5003623751651136,4.415352112676056,1,0,1
14730,1,8,1897.57,4.107294372294372,4.289435773858768,1.044345835738735,0.5943600867678959,5.630496413404419,9.47320746926802,1.3756547051400452,4.107294372294372,3,2,3
14731,47,3,380.02,8.444888888888888,6.564212070081991,0.7772999925101037,3.727272727272727,23.815534930312047,6.3895337617910375,2.003350794250406,8.444888888888888,2,1,2
14732,8,8,2702.49,18.38428571428572,12.39268210933427,0.674091030890822,2.23972602739726,10.44347992902125,4.6628381334467965,2.149120257343369,18.38428571428572,3,1,3
14733,16,12,9585.91,47.455,33.70933545423535,0.7103431767829597,1.7213930348258706,9.327485730342945,5.418568299996913,2.594853538049191,47.455,3,1,3
14735,4,32,6065.6900000000005,31.26644329896908,18.376548871434743,0.5877403034211013,1.7772020725388602,7.144862551570116,4.020287091699802,2.338439400208997,31.26644329896908,3,1,3
14737,4,3,1164.55,68.50294117647059,43.408331827643686,0.6336710669957861,21.8125,62.283458210560745,2.8554020956131,1.905420043110137,68.50294117647059,2,1,3
14738,43,7,1314.45,24.34166666666667,14.2617818556488,0.585899973528879,5.09433962264151,16.705899638408948,3.279306225317312,1.8509019321188087,24.34166666666667,2,1,3
14739,4,7,3902.28,65.038,41.491729002214655,0.6379613303332614,6.101694915254237,23.216146963618947,3.804868530148661,2.6411879997461063,65.038,3,1,3
14740,197,3,1448.21,16.272022471910113,6.93486812153812,0.4261835388630742,0.9772727272727272,6.834626632971345,6.993571438389283,1.5632285900587204,16.272022471910113,2,0,2
14741,12,6,1400.34,23.734576271186445,16.43983988952509,0.692653608039462,6.189655172413793,27.92625432421545,4.5117625370598775,1.9357859354507951,23.734576271186445,2,1,3
14744,16,7,1099.98,42.30692307692308,49.47329588933656,1.1693900735674745,13.88,48.115589989108514,3.466541065497732,2.0873137131368806,42.30692307692308,3,1,3
14745,113,5,1220.26,17.684927536231886,9.358374453992658,0.5291723381291638,2.514705882352941,13.495707053260588,5.366713915916491,1.9617087708154584,17.684927536231886,2,0,2
14747,249,1,328.2,18.23333333333333,5.605197168175053,0.307414835548906,0.0,0.0,0.0,1.6769877743224173,18.23333333333333,1,0,1
14748,29,5,1415.75,15.907303370786517,6.5812111630633305,0.413722615936879,3.840909090909091,21.339557118521203,5.555861024940431,2.076254070157113,15.907303370786517,2,1,3
14752,44,1,389.64,77.92800000000001,74.02276622769512,0.9498866418706384,0.0,0.0,0.0,1.6094379124341005,77.92800000000001,0,0,0
14753,87,1,563.15,18.771666666666665,4.309846051601582,0.229593148447212,0.0,0.0,0.0,1.7027609387339837,18.771666666666665,0,0,0
14754,45,2,638.05,15.562195121951218,5.988766781314464,0.384827894418765,6.25,39.528470752104745,6.324555320336759,1.917882592861744,15.562195121951218,2,0,3
14755,10,11,5010.28,21.320340425531917,10.102249976340415,0.4738315512186939,1.3675213675213675,6.806457790198665,4.977222259082773,2.271982241696877,21.320340425531917,2,1,3
14756,15,1,738.96,19.446315789473687,8.531471601158007,0.4387191740337829,0.0,0.0,0.0,2.092067574319364,19.446315789473687,2,0,0
14757,75,1,420.5,22.13157894736842,8.996419820719977,0.4064969716853259,0.0,0.0,0.0,1.9371997975280388,22.13157894736842,0,0,0
14758,145,4,1484.06,20.90225352112676,8.586779572140138,0.4108064024513495,1.6142857142857143,8.456697640902625,5.238662255426405,1.7641201800419382,20.90225352112676,2,0,2
14759,5,3,1625.97,15.940882352941175,4.748204476262407,0.2978633410079924,2.247524752475248,15.910629114270783,7.079178592693167,1.9475999319341704,15.940882352941175,2,0,3
14760,297,1,89.2,17.84,4.9439862459355615,0.2771292738753117,0.0,0.0,0.0,1.0549201679861442,17.84,1,3,1
14761,59,2,255.9,23.263636363636365,14.770461924210272,0.634916299985592,27.6,87.27886342064727,3.162277660168379,1.120950392673583,23.263636363636365,0,3,2
14762,264,1,300.52,14.310476190476187,7.53714168381521,0.5266869937445742,0.0,0.0,0.0,1.797701254015762,14.310476190476187,1,0,1
14764,47,1,278.3,46.38333333333333,26.423808708561808,0.5696832635694246,0.0,0.0,0.0,1.5607104090414068,46.38333333333333,0,0,0
14765,29,3,254.11,6.515641025641026,7.563278944615362,1.1607881580417896,3.842105263157895,16.682287606092995,4.341965267339273,1.1651881690302623,6.515641025641026,0,2,2
14766,8,6,2473.37,18.321259259259257,10.114626281793248,0.5520704739048701,2.649253731343284,14.374820018585112,5.425988401381423,2.006792484560368,18.321259259259257,2,1,3
14768,17,2,192.6,38.52,17.95318913173924,0.4660744842092222,27.25,54.5,2.0,1.3321790402101223,38.52,0,3,2
14769,3,8,10416.98,9.808832391713748,9.493863683757718,0.9678892761770396,0.3298774740810556,4.320698633680257,13.09788928667072,2.197280090527265,9.808832391713748,3,1,3
14770,232,2,876.4200000000001,16.85423076923077,7.653350502001439,0.4540907625385942,1.7647058823529411,12.602520756252083,7.141428428542849,1.6604527703547662,16.85423076923077,1,0,2
14772,112,1,139.26,15.473333333333333,4.28952503198198,0.2772204889260219,0.0,0.0,0.0,1.303092403761719,15.473333333333333,0,3,1
14775,58,3,1011.9,16.865,9.209601934753216,0.5460777903796747,5.305084745762712,31.98504728090393,6.029130318125662,1.1910489204369794,16.865,2,1,2
14776,51,11,2538.3,21.694871794871798,15.6593028765092,0.7217974378724251,2.2155172413793105,10.42389064849944,4.704946751851887,1.6698463543894169,21.694871794871798,2,1,3
14778,127,2,730.86,20.881714285714285,12.360369422833106,0.5919231176958086,5.323529411764706,31.041243910794098,5.830951894845301,1.7241675130434444,20.881714285714285,2,0,2
14779,281,3,386.15,9.418292682926827,9.344956902639796,0.9922134740599032,1.075,6.638610837076824,6.175451941466813,1.201742597866922,9.418292682926827,1,2,2
14780,55,2,447.68,16.58074074074074,5.786745415786192,0.3490040346368548,0.9230769230769232,4.706787243316417,5.0990195135927845,1.7970847555192726,16.58074074074074,2,0,3
14782,320,1,200.1,33.35,28.758981205877237,0.8623382670427956,0.0,0.0,0.0,1.5607104090414068,33.35,1,0,1
14784,26,2,289.99,19.332666666666668,11.723176353255283,0.606392100758058,21.214285714285715,79.37658884799004,3.741657386773941,1.1699929969668563,19.332666666666668,0,3,3
14785,10,2,77.4,25.8,14.677820001621496,0.5689077520008331,2.0,2.8284271247461903,1.4142135623730951,1.0986122886681096,25.8,0,3,2
14788,7,2,679.44,22.648000000000003,16.943640735665706,0.7481296686535546,0.6551724137931034,3.5282114253639856,5.385164807134505,2.147417454315129,22.648000000000003,2,1,3
14789,29,1,197.64,32.94,13.975492835674888,0.4242711850538824,0.0,0.0,0.0,1.3296613488547582,32.94,0,0,0
14790,17,4,745.06,16.19695652173913,12.351297164367477,0.7625690139866642,5.222222222222222,23.812610189569813,4.5598615256623045,1.6950652915022617,16.19695652173913,2,1,3
14792,64,1,6.2,3.1,1.6263455967290594,0.5246276118480837,0.0,0.0,0.0,0.0,3.1,0,3,1
14793,21,1,228.99,16.356428571428573,3.96522888493087,0.2424263259925419,0.0,0.0,0.0,1.4003265762311885,16.356428571428573,0,0,0
14794,3,7,1319.91,16.498875,8.960204280242214,0.5430797118132124,4.151898734177215,21.60370849432019,5.203332228814924,2.0063758553288897,16.498875,2,1,3
14795,166,1,131.45000000000002,21.90833333333333,9.216746533710618,0.4206959239426679,0.0,0.0,0.0,0.8675632284814613,21.90833333333333,1,3,1
14796,1,17,7975.49,7.045485865724381,8.757932104191118,1.2430558049655065,0.3147656940760389,2.9736220000253,9.44709685963094,2.214192518046911,7.045485865724381,3,1,3
14798,53,3,173.74,14.478333333333332,6.974621310454242,0.4817281899703632,23.272727272727277,54.35823931859992,2.33570559572109,1.6987829895138005,14.478333333333332,0,0,2
14799,51,1,157.7,12.13076923076923,8.540407349319333,0.7040285069191587,0.0,0.0,0.0,1.6977335913743925,12.13076923076923,0,0,0
14800,48,12,4331.79,11.310156657963446,10.990493987559306,0.9717366717304426,0.8324607329842932,5.776974270686676,6.9396357591267614,2.4724087694635277,11.310156657963446,3,1,3
14801,61,1,189.34,3.3217543859649123,2.063054360829919,0.621073722231464,0.0,0.0,0.0,1.598016796483796,3.3217543859649123,0,0,0
14803,162,3,845.5500000000001,19.217045454545456,38.86422301555167,2.022382842746465,3.0,17.346606639477418,5.782202213159139,2.0105649209363863,19.217045454545456,3,2,2
14804,9,1,353.27,29.439166666666665,18.155616440466385,0.6167163848772798,0.0,0.0,0.0,1.6987829895138005,29.439166666666665,0,0,0
14805,15,4,546.4,11.878260869565215,12.628792729200264,1.063185332253317,6.6,38.94775054771806,5.901174325411827,1.2589800504326951,11.878260869565215,0,2,3
14806,75,1,193.39,17.580909090909092,5.197538753189734,0.2956353807595381,0.0,0.0,0.0,1.666332585328325,17.580909090909092,0,0,0
14808,40,8,2718.6,11.768831168831168,17.0561938238966,1.4492682900463896,0.5652173913043478,5.190906450501892,9.183911412426424,2.462932441212271,11.768831168831168,3,1,3
14810,41,11,2085.33,8.209960629921259,5.4134937903545,0.659381211966472,1.2766798418972332,7.0718064223834265,5.539216795241508,1.9784060079637515,8.209960629921259,2,1,3
14813,370,2,152.88,5.271724137931034,4.769206334814988,0.9046767641917494,0.0,0.0,0.0,1.39626660964132,5.271724137931034,1,0,2
14815,37,2,778.5,14.68867924528302,5.0797425880178695,0.3458270483814349,0.5961538461538461,4.298926520745526,7.211102550927978,1.789898431791943,14.68867924528302,2,0,3
14816,197,1,271.85,67.9625,65.8660430343284,0.9691527391477416,0.0,0.0,0.0,0.5623351446188083,67.9625,1,3,1
14817,200,2,1110.34,17.624444444444443,8.966356792023381,0.508745499484368,1.2258064516129032,9.652009652014476,7.874007874011809,2.1111723788851866,17.624444444444443,2,0,2
14818,74,3,657.8,13.704166666666666,15.556208288399096,1.1351444175177208,3.808510638297872,18.29663582509606,4.804144602120195,2.061710320157268,13.704166666666666,3,1,2
14819,64,2,272.07,20.928461538461537,12.458422081838084,0.5952860920494545,10.583333333333334,36.66174209354124,3.4641016151377544,1.4388829502169862,20.928461538461537,0,0,2
14820,21,4,507.29,17.492758620689656,6.967340595619644,0.3982985615189924,5.357142857142857,19.654825598620032,3.668900778409073,1.6480983953159525,17.492758620689656,2,0,3
14821,367,1,48.8,24.4,1.1313708498984771,0.0463676577827244,0.0,0.0,0.0,0.6931471805599453,24.4,1,3,1
14823,180,3,321.43,4.591857142857143,2.953316138035366,0.6431637671109591,0.1884057971014492,1.5650160901149994,8.306623862918073,0.4404571676615572,4.591857142857143,1,2,2
14824,10,4,1127.71,38.88655172413793,31.271975618967545,0.8041848462371166,2.821428571428572,8.831985521612241,3.1303239823435787,2.0966552400266623,38.88655172413793,2,1,3
14825,4,12,2221.01,18.50841666666667,12.45323467114106,0.672841707393,3.033613445378151,11.277646085914371,3.717562006160139,2.2476519371966206,18.50841666666667,3,1,3
14828,197,3,2139.76,125.86823529411764,100.74659003133146,0.8004131447137225,8.6875,24.173590962039544,2.782571621529732,2.1808395270586205,125.86823529411764,2,0,2
14829,29,4,697.55,16.60833333333333,8.334271272419471,0.5018126205169777,8.341463414634147,36.14872733312859,4.333619358649918,1.7785364035463007,16.60833333333333,2,0,3
14830,53,1,188.88,4.843076923076923,4.786859290009283,0.9883921659803157,0.0,0.0,0.0,1.9488637142466725,4.843076923076923,0,0,0
14834,18,6,1720.3,25.676119402985076,18.04858862569221,0.702932882591047,3.3181818181818183,16.24254535841842,4.895013669660345,2.037849431041678,25.676119402985076,2,1,3
14836,10,3,102.45,17.075,7.621663204314396,0.4463638772658505,4.0,7.874007874011811,1.9685019685029528,1.2424533248940002,17.075,0,3,2
14837,90,4,1649.5,15.273148148148149,5.389026865519068,0.3528432261146161,1.02803738317757,6.860411374327664,6.673309245936911,1.8862101818600785,15.273148148148149,2,1,2
14840,268,1,62.85,15.7125,1.4250000000000007,0.0906921241050119,0.0,0.0,0.0,1.039720770839918,15.7125,1,3,1
14841,53,6,3295.76,23.88231884057971,10.719362199804207,0.4488409300352516,2.218978102189781,14.256946360854474,6.42500543235876,2.255159740137654,23.88231884057971,2,1,3
14842,44,4,2824.69,19.48062068965517,23.919164510117582,1.227844065708821,1.8263888888888888,13.167203302628195,7.209419298777415,1.981367158264532,19.48062068965517,3,1,2
14844,64,4,3189.81,24.537,39.15549628570483,1.5957735780945037,1.3643410852713178,8.903070032733199,6.525545648991947,2.101421739064056,24.537,3,1,2
14847,149,1,309.40000000000003,23.800000000000004,10.545141061171254,0.4430731538307249,0.0,0.0,0.0,1.5857708352080968,23.800000000000004,0,3,1
14849,22,25,7930.54,20.439536082474227,14.321429626760391,0.700672929609211,0.896640826873385,5.338749158064369,5.954166928446429,2.133965082923478,20.439536082474227,3,1,3
14850,312,1,325.75,15.511904761904765,10.452091952832992,0.6738109931220041,0.0,0.0,0.0,1.789727588548094,15.511904761904765,1,0,1
14851,23,2,511.35,18.2625,11.556166102994538,0.6327811692262582,8.592592592592593,44.64842081733105,5.19615242270663,1.5162023070274562,18.2625,2,0,3
14852,58,6,2836.69,19.83699300699301,7.841136651845095,0.3952784904990846,1.352112676056338,8.375239751494606,6.194187732876219,2.0636272328311094,19.83699300699301,2,1,3
14853,24,2,475.8,52.86666666666667,69.37575224817385,1.3122777852744107,23.375,66.11448404094219,2.82842712474619,1.5810937501718236,52.86666666666667,0,1,2
14854,78,7,2740.03,21.746269841269843,20.42248403046513,0.9391258445486388,1.552,8.041681737130009,5.181495964645625,2.1651683628655345,21.746269841269843,3,1,2
14855,119,2,645.65,32.2825,18.837737006506803,0.5835278248743686,0.7894736842105263,3.4412360080584268,4.358898943540674,1.748962601812746,32.2825,2,0,2
14856,36,3,1290.53,19.85430769230769,16.21221770853223,0.8165592051750792,0.3125,2.5,8.0,2.097524536730642,19.85430769230769,2,1,3
14857,60,2,1173.12,19.552000000000003,6.155835263927242,0.3148442749553621,1.4915254237288136,11.4566241663125,7.681145747868609,1.8907352441619096,19.552000000000003,2,1,2
14859,13,4,1353.74,23.340344827586208,11.33161715058486,0.4854948474108188,3.333333333333333,18.412275925640063,5.523682777692019,2.0345892950451305,23.340344827586208,2,1,3
14860,19,1,170.32,15.483636363636364,10.8619770509123,0.701513313527685,0.0,0.0,0.0,1.4681399390162089,15.483636363636364,0,0,0
14861,52,1,125.79,20.965,10.381116991923363,0.4951641780073152,0.0,0.0,0.0,1.791759469228055,20.965,0,0,0
14862,26,2,841.2,17.525000000000002,6.728608341460065,0.3839434146339551,2.595744680851064,17.795528962743134,6.855654600401044,2.02802270924223,17.525000000000002,2,1,3
14863,29,1,266.76,24.25090909090909,15.359011331817849,0.6333375492952329,0.0,0.0,0.0,0.0,24.25090909090909,0,3,0
14865,7,2,52.2,13.05,4.186119921836927,0.3207754729376955,121.33333333333331,210.15549798502377,1.7320508075688774,1.039720770839918,13.05,0,3,2
14866,11,12,14389.9,145.35252525252525,139.50712344729078,0.959784655993564,3.571428571428572,23.04231875502653,6.451849251407428,2.253420008333713,145.35252525252525,3,1,3
14867,186,3,710.28,19.73,7.471002227660912,0.3786620490451551,4.285714285714286,20.3896909196368,4.757594547915253,1.8048158517301471,19.73,2,0,2
14868,3,8,2953.59,20.511041666666667,9.281838249235172,0.4525288573870662,1.5874125874125875,8.621402022618774,5.431103476803897,1.717785353155412,20.511041666666667,2,1,3
14869,9,2,721.45,10.306428571428572,5.999974404707312,0.5821584424832099,1.3623188405797102,11.316270190062305,8.306623862918075,2.1180087390929887,10.306428571428572,2,1,3
14870,262,1,327.25,25.173076923076923,19.66302171785718,0.7811131622067023,0.0,0.0,0.0,1.4105135571148382,25.173076923076923,1,0,1
14871,3,4,501.28,5.390107526881721,4.013253449407583,0.7445590703696641,3.869565217391304,22.49503847191293,5.81332454892132,1.2671764329648445,5.390107526881721,0,0,3
14873,210,1,519.68,18.56,5.534934841866136,0.2982184720833047,0.0,0.0,0.0,1.6938815998361971,18.56,1,0,1
14875,108,2,1465.32,31.17702127659574,40.301031862660665,1.2926517740459773,3.369565217391304,22.85350320400906,6.782329983125269,1.848792301117612,31.17702127659574,3,2,2
14878,13,9,1476.09,12.099098360655738,15.190709155101128,1.2555240648756767,2.8181818181818183,12.541929676090517,4.450362143128893,2.22331302268556,12.099098360655738,3,1,3
14880,77,3,690.59,15.012826086956522,4.478600804836497,0.2983183032225761,4.688888888888889,21.9936170722142,4.690581840045682,1.7825356235725929,15.012826086956522,2,0,2
14881,20,1,255.4,15.023529411764706,6.84336260654847,0.4555096488305559,0.0,0.0,0.0,1.4469189829363258,15.023529411764706,0,0,0
14882,27,2,589.7,53.60909090909092,27.023303075140703,0.5040806067942135,0.7,2.213594362117865,3.1622776601683795,1.515707952085713,53.60909090909092,0,0,3
14883,19,6,761.59,14.369622641509434,7.389817829092258,0.5142666591497914,3.6538461538461537,14.75537072760968,4.038311988608966,1.7396776634606272,14.369622641509434,2,0,3
14885,132,1,765.3199999999999,51.02133333333333,24.010711260562346,0.4706014071348392,0.0,0.0,0.0,1.7140875411870102,51.02133333333333,0,0,1
14886,253,1,364.8,20.266666666666666,7.189371239790682,0.3547387124896718,0.0,0.0,0.0,1.644072795833167,20.266666666666666,1,0,1
14887,79,1,1862.0,310.3333333333333,116.75901107266482,0.3762374148420993,0.0,0.0,0.0,0.4505612088663046,310.3333333333333,0,3,0
14888,207,1,369.2,18.46,6.250002105262802,0.3385699948679741,0.0,0.0,0.0,0.8568409950394724,18.46,1,3,1
14889,336,1,135.9,13.59,2.444585854495604,0.1798812254963653,0.0,0.0,0.0,1.6957425341696346,13.59,1,3,1
14890,254,1,125.65,17.95,4.700265949922408,0.2618532562630868,0.0,0.0,0.0,1.2770342594661392,17.95,1,3,1
14891,148,2,554.38,16.79939393939394,4.914289075869686,0.2925277598464945,1.21875,6.894291116568839,5.656854249492381,1.8484951130079128,16.79939393939394,2,0,2
14893,10,2,1237.85,16.956849315068496,6.056239637466731,0.3571559506685554,0.0277777777777777,0.2357022603955158,8.485281374238571,2.089760163016312,16.956849315068496,2,1,3
14894,85,1,655.75,28.51086956521739,19.987583171250797,0.70105133501909,0.0,0.0,0.0,1.566759062510832,28.51086956521739,0,0,0
14895,8,20,11138.71,22.366887550200804,14.813309331527332,0.6622874683963054,0.5573440643863179,4.329339072277895,7.767803317408353,2.155590030527301,22.366887550200804,3,1,3
14896,205,2,468.77,10.901627906976746,8.749624462752825,0.8025979732030024,3.809523809523809,24.688535993934707,6.480740698407861,2.3793745483895634,10.901627906976746,2,0,2
14897,8,4,1366.38,24.84327272727273,13.007567320964652,0.5235850954002955,5.333333333333333,29.131452236954512,5.462147294428972,1.5599244819097349,24.84327272727273,2,0,3
14898,23,6,1269.31,11.645045871559631,14.881547835158097,1.2779295160616653,3.203703703703704,16.393957890431988,5.117189168111719,2.2922633926885307,11.645045871559631,3,1,3
14901,11,9,1421.29,14.805104166666666,14.055537585988676,0.9493710701228552,3.7578947368421054,24.88471965115261,6.621984220894953,2.3157521922596627,14.805104166666666,3,1,3
14902,26,1,332.66,16.633000000000003,6.497401180877102,0.3906331498152529,0.0,0.0,0.0,1.9730014063936128,16.633000000000003,0,0,0
14903,21,5,2795.33,7.986657142857142,6.112123512844526,0.7652918365615453,0.7335243553008596,7.425147114344855,10.122563839477948,2.011778427770672,7.986657142857142,3,1,3
14904,2,2,1025.44,14.86144927536232,16.194125775521766,1.089673387532183,0.3382352941176471,2.789159687917829,8.246211251235321,2.308158351180368,14.86144927536232,3,1,3
14905,158,2,616.15,36.24411764705882,26.19455980228135,0.7227258242940566,4.75,19.0,4.0,1.7582428597165525,36.24411764705882,2,0,2
14907,3,7,3501.1,21.21878787878788,11.940699605064555,0.5627418339480882,2.207317073170732,17.86502756604808,8.09354840008808,2.094209467599108,21.21878787878788,2,1,3
14908,74,1,277.8,30.866666666666667,22.732740705862984,0.7364818803195351,0.0,0.0,0.0,1.5229550675313184,30.866666666666667,0,0,0
14910,3,4,434.35,14.478333333333332,4.705945676762927,0.3250336601885296,1.7586206896551724,5.853296826903822,3.328345254513938,1.8222382232635268,14.478333333333332,2,0,3
14911,1,201,143711.17,25.345885361552032,44.534162786054125,1.7570569009835968,0.0518609984124184,0.5741971269437555,11.071848682463092,2.41331810582156,25.345885361552032,3,1,3
14912,17,2,867.85,32.14259259259259,19.49410001327672,0.6064881031957958,8.807692307692308,44.91059494664414,5.099019513592784,2.271104839161372,32.14259259259259,2,1,3
14913,36,4,1227.43,14.108390804597702,10.59096981236497,0.7506858832485374,3.744186046511628,20.5020435403324,5.475701069778218,2.161756974745586,14.108390804597702,2,1,3
14915,91,2,307.48,25.62333333333333,19.90257330704812,0.776736307026725,16.90909090909091,56.08111009146403,3.3166247903554,1.3579778549873245,25.62333333333333,0,0,2
14916,71,4,1268.98,16.48025974025974,7.820381935420918,0.4745302597577666,3.3026315789473686,20.962200734873303,6.347120541236539,1.9888124310017827,16.48025974025974,2,1,2
14918,116,2,1610.15,35.78111111111112,22.18853535071887,0.6201186788698873,0.8636363636363636,5.728715546977508,6.633249580710799,1.903961350053733,35.78111111111112,2,1,2
14920,213,2,977.77,17.153859649122808,4.89675539602718,0.285460852320637,0.0,0.0,0.0,2.230513041876337,17.153859649122808,1,0,2
14921,30,2,1316.07,16.872692307692308,6.947456167749257,0.41175741494331,2.220779220779221,19.48725857459809,8.774964387392123,1.873690575807457,16.872692307692308,2,1,3
14923,51,1,749.1,17.025000000000002,7.53182318334122,0.4423978374943447,0.0,0.0,0.0,2.019055643893499,17.025000000000002,2,0,0
14924,246,1,310.05,31.005000000000003,34.829668467494145,1.1233565059665906,0.0,0.0,0.0,1.8866967846580784,31.005000000000003,1,0,1
14929,32,1,223.88,20.35272727272727,12.133926891908564,0.596181864440746,0.0,0.0,0.0,1.2406842919533958,20.35272727272727,0,0,0
14930,109,3,2362.96,18.605984251968504,8.57528455355,0.4608885204577521,1.3095238095238095,14.699368305183343,11.224972160321826,2.0437009333483807,18.605984251968504,2,1,2
14931,5,5,1257.68,30.675121951219516,45.07728575025071,1.469506325742859,5.85,22.57358338117072,3.858732201909525,1.8772498468034688,30.675121951219516,3,2,3
14932,366,1,363.53,21.384117647058822,9.636284332422644,0.4506281012603773,0.0,0.0,0.0,1.3945573191650285,21.384117647058822,1,0,1
14934,82,2,1890.94,21.734942528735637,13.677675655383409,0.6292943097181065,2.3255813953488373,21.56655464068768,9.273618495495702,2.150826336489192,21.734942528735637,2,1,2
14935,297,1,1784.71,178.471,93.71891738953596,0.5251212655811643,0.0,0.0,0.0,1.193549604098133,178.471,1,0,1
14936,34,8,8137.02,22.35445054945055,18.871340857445148,0.8441871928679091,0.6611570247933884,6.849874442138712,10.360435093734802,2.1688231520613543,22.35445054945055,3,1,3
14937,57,3,1621.88,47.70235294117647,39.34449582688356,0.8247915123893512,2.212121212121212,12.707668884765942,5.7445626465380295,0.3953721911149986,47.70235294117647,0,2,2
14944,30,12,5900.25,34.707352941176474,26.246985322389857,0.7562370246695098,1.5621301775147929,8.901443714209433,5.6982726806871,2.120473615921702,34.707352941176474,3,1,3
14946,14,1,100.9,33.63333333333333,0.750555349946513,0.0223158181351787,0.0,0.0,0.0,0.6365141682948128,33.63333333333333,0,3,0
14947,72,2,290.82,20.77285714285714,10.184184895121552,0.4902640414404158,4.461538461538462,16.086305690531645,3.6055512754639896,1.4701319204088412,20.77285714285714,0,0,2
14948,23,6,1101.97,17.491587301587302,8.837260596994465,0.5052291964487702,3.129032258064516,12.700179256470491,4.058820174748302,1.9642800434497028,17.491587301587302,2,1,3
14950,19,1,371.2,19.53684210526316,10.068227832935964,0.5153457134315284,0.0,0.0,0.0,1.4122188958234037,19.53684210526316,0,0,0
14951,79,1,311.69,15.5845,8.977058758155056,0.5760248168471915,0.0,0.0,0.0,1.5353070175881725,15.5845,0,0,0
14952,60,11,8099.49,58.69195652173913,54.18359802268788,0.923186092844232,2.204379562043796,13.146873194644035,5.963978899557063,2.289016638304686,58.69195652173913,3,1,3
14953,25,1,285.67,5.2901851851851855,5.263320384937,0.994921765626765,0.0,0.0,0.0,1.724620426084604,5.2901851851851855,0,0,0
14954,12,1,294.85,3.8292207792207793,4.563953954699278,1.19187537565489,0.0,0.0,0.0,0.6540957158592428,3.8292207792207793,0,3,0
14957,253,1,58.49,4.8741666666666665,4.624392752928036,0.9487555656545807,0.0,0.0,0.0,1.3579778549873245,4.8741666666666665,1,0,1
14958,147,3,483.73,11.79829268292683,8.64012786434293,0.7323201836521616,2.425,11.017206821778656,4.543178070836559,1.3516976435190673,11.79829268292683,0,0,2
14959,64,4,695.42,11.786779661016949,9.603926539070102,0.8148049607505335,3.9655172413793114,18.03404725107716,4.54771626331511,2.1401339140277837,11.786779661016949,2,1,2
14960,8,2,221.27,8.195185185185185,12.898630926268098,1.573927938759157,6.230769230769231,31.77081389238581,5.0990195135927845,2.136451693250441,8.195185185185185,3,2,2
14961,11,9,7044.68,22.57910256410257,15.805069086793685,0.6999865934406714,1.1093247588424435,8.21687542808354,7.40709640038835,2.1126919110556197,22.57910256410257,3,1,3
14962,271,1,126.7,25.34,25.196413435249077,0.9943336004439256,0.0,0.0,0.0,1.3321790402101223,25.34,1,0,1
14963,10,5,1472.34,7.6684375,11.05398687433918,1.4414914217321562,0.900523560209424,9.268824358439415,10.292706118964702,1.9772569330729848,7.6684375,3,2,3
14964,247,1,206.21,15.862307692307692,26.92584512875011,1.697473384771599,0.0,0.0,0.0,1.5857708352080968,15.862307692307692,1,2,1
14965,96,2,596.09,7.359135802469136,9.824950915593783,1.3350685704559655,0.0,0.0,0.0,1.989333110339034,7.359135802469136,3,2,2
14966,15,1,183.02,5.08388888888889,4.285732661336267,0.8430028183155152,0.0,0.0,0.0,1.5299335822640356,5.08388888888889,0,0,0
14967,50,1,463.8,77.3,73.05173509233028,0.9450418511297578,0.0,0.0,0.0,1.2424533248940002,77.3,0,2,0
14968,30,1,147.59,3.988918918918919,3.336967005949984,0.8365592466979429,0.0,0.0,0.0,1.5622611595232865,3.988918918918919,0,0,0
14970,68,4,1592.06,46.825294117647054,27.04295407425728,0.5775287605522076,7.484848484848484,25.06007932464652,3.3481077640215995,1.192017605948972,46.825294117647054,2,0,2
14971,35,3,1097.98,7.083741935483871,5.707536729394374,0.8057234130458916,0.0519480519480519,0.6446583712203042,12.409673645990855,1.8870886083285716,7.083741935483871,2,1,3
14972,128,1,114.77,6.376111111111111,5.162562221689,0.8096725624327089,0.0,0.0,0.0,0.936888307539016,6.376111111111111,0,3,1
14973,107,3,1314.45,41.0765625,71.41399233137471,1.7385581456913468,3.774193548387097,16.84776874924264,4.463938728431811,1.4941751382893087,41.0765625,3,2,2
14974,37,1,89.94,5.290588235294117,3.5441985528964004,0.6699063308787949,0.0,0.0,0.0,1.11506598409643,5.290588235294117,0,3,0
14975,57,1,279.94,25.44909090909091,18.84207921358227,0.7403831940751767,0.0,0.0,0.0,2.0198149924929463,25.44909090909091,0,0,0
14976,57,7,790.86,10.984166666666669,10.520852633738633,0.9578198285779802,3.774647887323944,16.322812417944043,4.324327170425474,1.803914095199572,10.984166666666669,2,2,2
14978,72,5,1921.37,8.97836448598131,6.6560147981571385,0.7413393395366991,1.2018779342723005,11.889491009152904,9.892428066209252,1.2754021389086985,8.97836448598131,2,2,2
14981,246,1,102.12,12.765,4.18229943588794,0.3276380286633716,0.0,0.0,0.0,1.4941751382893085,12.765,1,3,1
14984,19,2,202.37,5.188974358974359,4.543789164674066,0.8756622889869475,4.2368421052631575,26.11764880205277,6.164414002968977,0.779621842271685,5.188974358974359,0,2,3
14985,198,2,292.01,3.5181927710843373,3.355098102807025,0.9536424866716317,1.9390243902439024,17.558612645900602,9.055385138137416,1.402725927816416,3.5181927710843373,1,2,2
14987,16,2,326.4,81.6,0.0,0.0,116.33333333333331,201.4952439471794,1.7320508075688774,0.0,81.6,0,3,2
14988,212,1,334.54,8.3635,9.15610026437468,1.094768968060582,0.0,0.0,0.0,1.8142964265382,8.3635,1,0,1
14995,39,2,231.98,3.866333333333334,2.695518544916488,0.6971769665272406,4.084745762711864,31.37552754637856,7.68114574786861,1.0881303934557922,3.866333333333334,0,2,3
14997,46,3,546.1999999999999,21.007692307692302,13.000437010406168,0.6188417471083127,5.2,19.28514108495623,3.708680977876198,1.6776086627680638,21.007692307692302,2,0,3
14998,170,2,414.87,5.606351351351352,6.835379272042582,1.219220638106277,0.9726027397260274,8.30992145092527,8.54400374531753,1.508035372215736,5.606351351351352,2,2,2
15000,48,1,490.52,6.37038961038961,4.433145622395494,0.6958986645283639,0.0,0.0,0.0,1.1432373231579287,6.37038961038961,0,0,0
15002,116,4,1641.76,14.27617391304348,11.453366515173276,0.8022714338544774,2.192982456140351,17.51807016131288,7.988239993558674,2.375002496106652,14.27617391304348,3,1,2
15004,147,1,1220.77,7.927077922077922,10.923989426964148,1.3780600536976488,0.0,0.0,0.0,1.7127411917677473,7.927077922077922,0,2,1
15005,16,28,6295.37,5.661303956834533,3.7531467516459167,0.662947402270281,0.3042304230423042,2.158822275901719,7.0960104986000285,1.9671896547987096,5.661303956834533,3,1,3
15006,51,1,480.38,3.639242424242424,4.484193208892208,1.2321776584657385,0.0,0.0,0.0,1.3665310807589706,3.639242424242424,0,2,0
15007,159,1,156.91,13.075833333333334,9.253618907151292,0.7076886551896979,0.0,0.0,0.0,1.7481554572476763,13.075833333333334,1,0,1
15009,12,3,1259.43,6.996833333333334,6.77771360032605,0.9686830137909124,0.0670391061452514,0.6412572391612625,9.5654204841555,1.9890056811716592,6.996833333333334,3,1,3
15010,36,1,308.94,15.447,5.758146723053394,0.3727679629088751,0.0,0.0,0.0,1.468945719346903,15.447,0,0,0
15012,54,2,405.04,3.3200000000000003,2.517227912533223,0.7582011784738623,2.636363636363636,29.000000000000004,11.000000000000002,0.8791285637443405,3.3200000000000003,0,2,3
15014,43,2,257.67,7.808181818181819,14.80711916075876,1.896359422148636,4.15625,23.511300474452707,5.656854249492381,1.7135929295266947,7.808181818181819,3,2,2
15016,173,1,170.04,8.501999999999999,4.311935210918398,0.5071671619522935,0.0,0.0,0.0,1.7480673485460891,8.501999999999999,1,3,1
15017,34,1,125.58,6.279,2.9837593736761017,0.475196587621612,0.0,0.0,0.0,1.583275505245873,6.279,0,0,0
15018,39,3,496.21,16.006774193548388,9.189375889978155,0.5740929295848991,10.933333333333334,43.63084430437536,3.990626003448966,1.926371472006194,16.006774193548388,2,1,3
15019,267,1,252.81,3.8304545454545456,3.445867282509779,0.8995974868306056,0.0,0.0,0.0,1.3798654235917502,3.8304545454545456,1,0,1
15021,9,9,1871.77,4.215698198198198,4.63186565231823,1.0987185122260184,0.7968397291196389,7.255161304595726,9.104919144294351,1.1826006120251853,4.215698198198198,3,2,3
15022,12,4,852.39,7.044545454545454,6.133357427488907,0.8706533965979866,0.2833333333333333,2.21978624655442,7.8345396937214815,1.873231962771796,7.044545454545454,2,1,3
15023,3,11,6720.41,12.152640144665462,15.527692754957863,1.277721760055071,0.6557971014492754,5.618320022181286,8.567162022773672,2.108791824946154,12.152640144665462,3,1,3
15024,10,10,1636.43,10.765986842105264,8.59798854190404,0.798625213647644,2.3509933774834435,15.552148265538404,6.615139121398025,2.407103436809136,10.765986842105264,3,1,3
15025,33,1,361.96,5.402388059701492,4.323459995417615,0.8002868264255172,0.0,0.0,0.0,1.5213823856470516,5.402388059701492,0,0,0
15026,80,3,469.0,7.688524590163935,10.498180292486497,1.365434963415088,3.2666666666666666,20.99626009205229,6.427426558791517,2.0289857095653803,7.688524590163935,3,1,2
15027,31,4,1066.15,30.461428571428574,28.180893208285763,0.9251336700182916,6.0588235294117645,24.852219188112254,4.101822584445713,2.077376262322973,30.461428571428574,3,1,3
15028,8,4,627.13,13.065208333333333,14.666928638960329,1.1225943180362854,7.638297872340425,47.55748262430968,6.226188532987618,2.400744353549526,13.065208333333333,3,1,3
15030,72,2,518.28,74.03999999999999,34.27367502909485,0.4629075503659489,32.666666666666664,80.01666493091716,2.4494897427831783,1.7478680974667578,74.03999999999999,2,0,2
15031,4,4,653.19,5.93809090909091,7.621579515007786,1.2835067080801243,2.541284403669725,18.23332932667625,7.174848002193905,1.4787117642355536,5.93809090909091,3,2,3
15032,256,3,4959.1,95.3673076923077,100.37143658833142,1.052472162810436,2.156862745098039,15.403080924308108,7.1414284285428495,1.68535309105679,95.3673076923077,2,0,2
15033,5,10,2557.18,5.104151696606786,5.442952243860137,1.0663774447531769,0.638,5.469441065697872,8.572791639024878,1.8108549299881376,5.104151696606786,3,2,3
15034,16,8,4274.16,10.959384615384614,15.21255915086378,1.388085160320829,0.8611825192802056,9.30614804210363,10.806243547397946,2.300476978008877,10.959384615384614,3,1,3
15035,90,1,252.73,9.36037037037037,9.59699451410199,1.0252793569451737,0.0,0.0,0.0,1.754506017843091,9.36037037037037,0,0,0
15036,72,3,429.56,3.609747899159664,3.7828877549320743,1.0479645284405366,0.9067796610169492,9.666213329896564,10.659936195586864,1.2649998974565129,3.609747899159664,2,2,2
15038,59,6,685.74,5.48592,5.40634649397384,0.9854949569030972,2.4919354838709675,15.78385300665339,6.333973374838254,0.8158243856305181,5.48592,0,2,2
15039,10,47,19766.59,13.38293161814489,21.23288797069172,1.5865647809112071,0.2296747967479674,1.476399707924983,6.428218197337094,2.165412824952849,13.38293161814489,3,1,3
15041,170,1,179.93,2.726212121212121,2.627282752580061,0.9637117860850554,0.0,0.0,0.0,0.9251403737695624,2.726212121212121,0,3,1
15042,199,1,135.93,27.186,28.204128775766147,1.0374504809742569,0.0,0.0,0.0,1.3321790402101223,27.186,1,3,1
15043,31,1,537.0,179.0,0.0,0.0,0.0,0.0,0.0,0.0,179.0,0,3,0
15044,19,17,7634.73,17.19533783783784,11.29602125856134,0.6569234850218979,0.7562076749435666,4.984970721784134,6.592065760448871,2.295232710808733,17.19533783783784,3,1,3
15045,152,2,735.66,61.305,49.67810428603879,0.8103434350548697,9.545454545454543,31.65869118066518,3.3166247903554,1.4241299173467734,61.305,0,0,2
15046,9,15,5090.42,25.32547263681592,33.56696445764045,1.325423021280313,1.61,6.774019241441308,4.20746536735485,2.644799110346389,25.32547263681592,3,1,3
15047,270,1,343.62,15.61909090909091,3.996572232600033,0.2558773910633861,0.0,0.0,0.0,1.4469978641922725,15.61909090909091,1,0,1
15048,65,4,381.0,4.053191489361702,4.76871394776681,1.1765330999739636,3.236559139784946,19.180151566626037,5.926093341183459,0.9809344648955748,4.053191489361702,0,2,2
15049,274,1,121.17000000000002,40.39000000000001,39.74928049663289,0.9841366797878902,0.0,0.0,0.0,1.0986122886681096,40.39000000000001,1,3,1
15050,25,3,1737.69,22.86434210526316,21.38256824833577,0.9351928058937544,0.6133333333333333,5.311622476544557,8.660254037844387,2.6081079270369223,22.86434210526316,3,1,3
15051,23,3,1383.36,9.741971830985914,10.660793434434565,1.0943157729656114,0.8936170212765957,8.686362157888299,9.72045289097024,2.2172439219220688,9.741971830985914,3,1,3
15052,319,1,207.73,7.418928571428572,14.535892827446316,1.959298123374076,0.0,0.0,0.0,1.5058993902459572,7.418928571428572,1,2,1
15053,5,3,693.95,10.057246376811596,10.200020167808487,1.0141961115048428,4.0588235294117645,23.5966620159876,5.813670351765061,2.359206934327033,10.057246376811596,3,1,3
15054,12,2,302.1,2.6500000000000004,2.596744387869011,0.9799035425920796,0.247787610619469,2.6340184314740727,10.63014581273465,0.9829967659428708,2.6500000000000004,0,2,3
15057,275,2,1489.5,59.58,47.13920873328274,0.7911918216395224,1.6666666666666667,8.16496580927726,4.898979485566357,1.5960983603552277,59.58,1,0,2
15058,25,11,2102.54,7.904285714285714,8.899672055498323,1.125929954608499,1.0716981132075472,7.104639365554016,6.629328985464134,1.725365195185542,7.904285714285714,3,2,3
15059,41,9,1337.72,5.644388185654009,4.835940584849943,0.8567696667534583,1.228813559322034,8.546156052121889,6.954802856209537,1.3585926019785024,5.644388185654009,2,2,3
15060,8,4,294.25,2.5586956521739133,2.656383414561302,1.0381787346628708,0.0,0.0,0.0,1.197940925018945,2.5586956521739133,0,0,2
15061,4,48,54534.14,135.32044665012407,233.34063639096885,1.7243560908003766,0.8855721393034826,4.298331265369478,4.853733619883512,3.298569568881324,135.32044665012407,3,1,3
15062,71,4,987.86,17.330877192982456,6.46448547303478,0.373003939792058,5.107142857142857,23.23295353307732,4.549109782700454,2.167167666193203,17.330877192982456,2,1,2
15063,213,1,370.8,74.16,101.46340719688058,1.3681689212092851,0.0,0.0,0.0,1.3321790402101223,74.16,1,2,1
15065,38,4,3158.13,20.37503225806452,20.44301955528864,1.0033367945808878,1.6363636363636365,12.367371250906718,7.557837986665216,2.1360813520743447,20.37503225806452,3,1,3
15066,53,1,893.59,21.275952380952383,12.046816816583178,0.5662175117184541,0.0,0.0,0.0,1.9622302959550004,21.275952380952383,2,0,0
15067,78,3,1744.76,21.27756097560976,14.778929659449364,0.6945781838618766,2.5185185185185186,22.666666666666664,8.999999999999998,2.0351779024372334,21.27756097560976,2,1,2
15068,46,2,553.36,5.320769230769231,3.987561897698404,0.7494333478398041,2.0388349514563107,20.69191484145016,10.14889156509222,1.7169208849819988,5.320769230769231,2,1,3
15069,179,1,1109.53,15.850428571428573,4.430248933272944,0.2795034161573874,0.0,0.0,0.0,1.9451255065104087,15.850428571428573,1,0,1
15070,373,1,106.2,106.2,0.0,0.0,0.0,0.0,0.0,0.0,106.2,1,3,1
15071,94,2,982.07,37.77192307692308,39.70728165152893,1.0512380206500067,7.28,36.4,5.0,2.1085541816177145,37.77192307692308,2,1,2
15073,10,3,1043.41,19.322407407407407,12.01675260424555,0.6219076303938621,3.320754716981132,24.03584949524169,7.238068313908008,1.4230036021767745,19.322407407407407,2,1,3
15074,105,1,735.67,17.943170731707315,5.619599825176339,0.3131887841453775,0.0,0.0,0.0,1.727186680222529,17.943170731707315,0,0,0
15075,78,1,773.03,28.63074074074074,21.776542235577526,0.7606000289259062,0.0,0.0,0.0,1.890826094572164,28.63074074074074,0,0,0
15076,173,1,880.85,17.976530612244897,8.884373583015577,0.4942207022396132,0.0,0.0,0.0,1.872502586567041,17.976530612244897,1,0,1
15078,7,32,9743.11,22.14343181818182,8.568627940279569,0.3869602512671016,0.7995444191343963,4.268489169714759,5.338651696594813,1.6876585184903148,22.14343181818182,2,1,3
15079,213,4,895.61,19.055531914893617,17.163195431746008,0.9006935890533406,3.3043478260869565,16.601030175821943,5.023995974261904,1.9603781836787464,19.055531914893617,2,0,2
15081,22,5,504.8,15.296969696969697,5.580560279246434,0.3648147567653176,10.6875,35.10301659677624,3.284492780984911,1.5098411901790103,15.296969696969697,2,0,3
15083,257,1,88.2,17.64,9.63252303397194,0.54606139648367,0.0,0.0,0.0,1.3321790402101223,17.64,1,3,1
15087,282,1,306.94,20.462666666666667,11.71626187744847,0.5725676945387602,0.0,0.0,0.0,1.6170531525095535,20.462666666666667,1,0,1
15088,21,2,1160.07,20.352105263157892,13.310464161816732,0.6540092039476529,0.8035714285714286,6.013377943029549,7.483314773547883,1.8190962147927885,20.352105263157892,2,1,3
15089,10,6,2420.84,16.69544827586207,10.095612150508089,0.604692487658694,0.8055555555555556,4.942010261367881,6.134909289973921,2.16469243724437,16.69544827586207,2,1,3
15090,308,1,381.32,16.57913043478261,4.97084400465123,0.2998253752936596,0.0,0.0,0.0,2.019842184881483,16.57913043478261,1,0,1
15091,68,1,480.71,16.023666666666667,6.268176044076955,0.3911823788194725,0.0,0.0,0.0,1.5179216905846646,16.023666666666667,0,0,0
15092,215,2,457.81,17.608076923076922,5.274567674591554,0.2995538750559848,2.72,13.6,5.0,1.5944465841488271,17.608076923076922,1,0,2
15093,18,6,4597.02,42.565000000000005,44.3120734692046,1.0410448365841558,3.2803738317757007,15.800522079100393,4.81668336884257,2.31396061616064,42.565000000000005,3,1,3
15095,104,4,1370.6,29.161702127659577,12.900390172587626,0.4423743893999842,2.152173913043478,10.852480292652707,5.042566600626512,2.1268991273488016,29.161702127659577,2,1,2
15096,43,1,219.39,19.94454545454545,11.028455343914995,0.5529559632757416,0.0,0.0,0.0,1.6417347121875214,19.94454545454545,0,0,0
15097,4,1,248.08,9.9232,6.120922261663951,0.6168294765462704,0.0,0.0,0.0,1.6754450842702322,9.9232,0,0,0
15098,182,3,39916.5,13305.5,22226.80778362021,1.6704977478200902,0.0,0.0,0.0,0.6365141682948128,13305.5,0,2,2
15099,84,1,410.48,17.84695652173913,15.474018528071968,0.867039627133247,0.0,0.0,0.0,2.197653559417036,17.84695652173913,2,0,0
15100,334,3,876.0,292.0,101.15176716202244,0.3464101615137754,19.5,17.67766952966369,0.9065471553673686,0.6365141682948128,292.0,1,3,2
15101,9,2,317.53000000000003,39.69125,30.378663300556383,0.765374315511766,50.0,132.28756555322954,2.6457513110645907,1.9061547465398496,39.69125,2,0,3
15103,31,2,703.36,20.096,12.8919414409796,0.6415177866729498,1.6176470588235294,9.432422182837986,5.8309518948453,1.8065622321692525,20.096,2,1,3
15104,197,2,993.54,14.828955223880596,6.040792676845597,0.4073646852151448,1.2878787878787878,10.462776733243285,8.12403840463596,1.9062571094093184,14.828955223880596,2,0,2
15105,18,7,2298.93,22.76168316831683,22.573795740606265,0.9917454510582024,1.15,6.615523525402319,5.752629152523756,1.6932994016597522,22.76168316831683,3,1,3
15106,18,5,1422.52,14.2252,5.194676078020222,0.3651742033869627,2.515151515151515,12.51803893192934,4.977051623538172,2.0624865898575178,14.2252,2,1,3
15107,311,6,319.5,19.96875,11.627637693587348,0.5822917154848124,3.933333333333333,8.092912831313463,2.0575202113508806,1.9273921261392744,19.96875,1,0,2
15108,142,4,1300.25,21.67083333333333,10.938438256770256,0.504753928403165,1.4406779661016949,7.6727713521316625,5.325805997361978,1.7266756289148308,21.67083333333333,2,0,2
15109,246,1,484.95,17.319642857142856,4.014080294222527,0.231764611275865,0.0,0.0,0.0,1.7004333880566886,17.319642857142856,1,0,1
15110,24,4,996.1,28.46,23.20907783858823,0.8154981672026784,8.647058823529411,35.29261434706956,4.081458802042058,1.7051219357349536,28.46,2,1,3
15111,29,3,1567.48,18.660476190476192,7.0419156253199375,0.377370628350521,4.120481927710843,33.67433617516588,8.172426615610433,1.898150629071333,18.660476190476192,2,0,3
15113,10,3,3509.43,36.179690721649486,35.68119709237651,0.986221727733712,0.4479166666666667,3.227740913318287,7.206119248338501,2.5350454201047192,36.179690721649486,3,1,2
15114,30,10,2760.56,14.012994923857867,5.774068938549051,0.4120510262027136,1.3622448979591837,6.858750956127431,5.034888342325755,1.7787750133628497,14.012994923857867,2,1,3
15115,18,1,340.11,16.195714285714285,9.461075293764743,0.5841715361767065,0.0,0.0,0.0,1.5390846424277735,16.195714285714285,0,0,0
15116,18,4,1352.75,30.06111111111111,28.533694613260803,0.9491896193655416,4.25,16.448828331780106,3.870312548654143,2.0131936321019306,30.06111111111111,3,1,3
15117,15,5,1551.78,19.64278481012658,26.09451720271604,1.3284530403888226,2.5384615384615383,13.638840933817733,5.372876731503956,1.9141120854982396,19.64278481012658,3,1,3
15118,134,1,244.8,244.8,0.0,0.0,0.0,0.0,0.0,0.0,244.8,0,3,1
15119,246,1,266.4,19.02857142857143,8.29317871426953,0.4358277102093597,0.0,0.0,0.0,2.044931174849591,19.02857142857143,1,0,1
15120,134,1,358.82,17.086666666666666,8.278181160939482,0.4844819251427711,0.0,0.0,0.0,1.7316872368195768,17.086666666666666,0,3,1
15121,50,2,457.72,16.34714285714286,4.678321048270184,0.2861858545651602,8.814814814814815,45.80312135571031,5.196152422706632,1.9393583608348224,16.34714285714286,2,0,3
15122,114,3,1633.78,19.924146341463413,11.658118026891694,0.5851250953036021,2.246913580246914,14.213137289315766,6.3256270353548185,2.01605087640686,19.924146341463413,2,1,2
15123,7,2,2199.31,20.74820754716981,12.723662979411897,0.6132415511308823,1.8857142857142857,19.32282144438096,10.2469507659596,2.051544709068403,20.74820754716981,2,1,2
15124,23,2,184.19,12.279333333333334,4.967788336109031,0.4045649874674817,12.071428571428571,45.16714988319972,3.741657386773941,1.5065950881316383,12.279333333333334,0,0,3
15125,25,15,11528.48,90.77543307086614,67.00172455439741,0.7381041575653053,1.9285714285714288,7.748216384617632,4.017593680912846,2.5237657640725337,90.77543307086614,3,1,3
15127,66,1,406.53,25.408125,13.127059695529688,0.5166481074667921,0.0,0.0,0.0,1.320888343149322,25.408125,0,0,0
15128,60,4,1471.0,14.42156862745098,7.153111452762333,0.4960009301031665,1.5544554455445545,9.106563838819504,5.858362724336114,2.195348566526677,14.42156862745098,2,1,3
15129,50,11,3447.4,41.04047619047619,59.63266154266534,1.4530207024377468,2.8433734939759034,9.94678760217104,3.4982346227974426,2.247525656503848,41.04047619047619,3,1,3
15130,170,1,330.11,15.005,5.603096720309482,0.373415309584104,0.0,0.0,0.0,1.5774894200113123,15.005,1,0,1
15132,18,5,977.93,18.80634615384616,15.273162548430149,0.8121281201296285,4.764705882352941,17.531215856630272,3.679390982255736,1.712235594034368,18.80634615384616,2,1,3
15133,128,3,982.42,33.87655172413793,26.746223268216777,0.7895202406081783,6.178571428571429,25.464650256746367,4.121446284328892,1.991784089791897,33.87655172413793,2,1,2
15134,15,8,1387.99,19.01356164383561,9.559893707257627,0.5027934211556329,3.083333333333333,10.505196567869516,3.407090778768492,1.8251517019375243,19.01356164383561,2,1,3
15135,239,1,139.05,15.45,2.1633307652783924,0.1400214087558829,0.0,0.0,0.0,1.002718264517516,15.45,1,3,1
15136,3,4,1286.7,18.92205882352941,7.249032577518258,0.3830995688748282,1.388059701492537,9.29965008119904,6.699747907960599,1.62601309821935,18.92205882352941,2,1,3
15139,240,2,178.96,13.766153846153848,5.860519798421665,0.4257194757458741,8.0,27.712812921102035,3.4641016151377544,1.4583192224643482,13.766153846153848,1,0,2
15140,52,7,2354.25,29.428125,17.435118865599822,0.5924644830616909,2.6582278481012658,11.55908575475938,4.3484179744094815,2.251948607002157,29.428125,2,1,3
15142,46,1,498.74,19.18230769230769,11.391055195263451,0.5938313250929337,0.0,0.0,0.0,1.9012915108076176,19.18230769230769,0,0,0
15143,226,1,259.45,18.53214285714285,3.337871681571561,0.1801125594218611,0.0,0.0,0.0,1.475076311054695,18.53214285714285,1,3,1
15144,8,17,6580.4400000000005,30.32460829493088,18.799327434741773,0.6199363649450438,1.3703703703703705,6.896028641542786,5.032237116801492,2.0843865886336834,30.32460829493088,3,1,3
15145,4,4,1194.73,17.83179104477612,9.588394014320542,0.5377134573999784,3.6818181818181817,23.05722585949282,6.262456406282001,1.9761205276434144,17.83179104477612,2,1,3
15146,165,2,1327.16,14.584175824175825,9.478628834961553,0.6499255733909258,1.4,13.281566172707194,9.48683298050514,1.9219364577996392,14.584175824175825,2,0,2
15147,240,1,623.5,22.267857142857142,15.243506293729936,0.684552006775362,0.0,0.0,0.0,1.538185027330405,22.267857142857142,1,0,1
15148,11,1,301.29,15.0645,4.953336435384262,0.3288085522509384,0.0,0.0,0.0,1.5430293192600038,15.0645,0,0,0
15149,134,1,520.8000000000001,22.643478260869568,14.36526986383721,0.6344109194858982,0.0,0.0,0.0,1.7124545873300328,22.643478260869568,0,0,1
15150,17,10,5291.33,15.517096774193549,6.188287519891306,0.3988044677392896,0.7294117647058823,5.830219788292906,7.9930432581435005,2.1202731628877096,15.517096774193549,2,1,3
15152,10,13,4745.69,17.511771217712177,6.820198093629958,0.3894636361358872,0.6333333333333333,3.79331244835632,5.989440707931031,2.2310622794197803,17.511771217712177,2,1,3
15153,31,1,329.25,14.965909090909092,4.850521483099385,0.3241047004652588,0.0,0.0,0.0,1.858519155892035,14.965909090909092,0,0,0
15154,75,1,254.28,3.581408450704225,3.944000614233017,1.1012428960616023,0.0,0.0,0.0,0.5472113712163952,3.581408450704225,0,3,0
15156,1,3,961.49,17.481636363636365,9.828021307887102,0.5621911532452657,0.5740740740740741,3.824458782042445,6.661960459041678,1.5149518504443404,17.481636363636365,2,1,3
15157,4,3,1936.07,15.48856,11.600323876457486,0.7489607734003345,2.846774193548387,22.578514988879764,7.931263055583827,1.8500317865721303,15.48856,2,1,3
15158,45,1,401.4,57.34285714285715,50.22328202281147,0.8758419884396618,0.0,0.0,0.0,0.9556998911125344,57.34285714285715,0,3,0
15159,2,30,18641.01,26.254943661971836,24.2112812282482,0.922160852446097,0.4936530324400564,3.470867749704769,7.030986384401947,2.443289696843123,26.254943661971836,3,1,3
15160,357,1,158.16,39.54,45.09366252590268,1.140456816537751,0.0,0.0,0.0,1.039720770839918,39.54,1,3,1
15163,18,2,304.47,10.49896551724138,12.992951755478698,1.2375459024169284,6.178571428571429,32.69392691529816,5.291502622129181,2.171831761041603,10.49896551724138,3,1,3
15164,69,3,824.58,8.164158415841584,6.145363498984699,0.7527246760744313,2.69,18.935667269718675,7.03928151290657,1.875773707281239,8.164158415841584,2,1,2
15165,373,1,487.75,18.064814814814813,4.12512971392357,0.2283516192228322,0.0,0.0,0.0,1.9798552283466773,18.064814814814813,1,0,1
15167,321,1,158.8,4.071794871794872,2.983921714609881,0.7328271213462554,0.0,0.0,0.0,1.0847116536887185,4.071794871794872,1,3,1
15168,26,1,106.56,21.312,15.4978617880016,0.7271894607733482,0.0,0.0,0.0,1.3321790402101223,21.312,0,0,0
15171,331,1,1289.5,257.9,274.1056821738652,1.0628370770603537,0.0,0.0,0.0,0.9502705392332348,257.9,1,3,1
15172,9,5,1624.05,14.764090909090909,6.194760777671495,0.4195829472884852,2.073394495412844,10.852296584064035,5.234072246296371,2.317905777159916,14.764090909090909,2,1,3
15174,323,1,135.75,12.340909090909092,5.956523238509952,0.4826648664722612,0.0,0.0,0.0,1.8462202193216333,12.340909090909092,1,0,1
15175,72,1,224.14,9.745217391304347,4.598980983539344,0.4719218462630718,0.0,0.0,0.0,1.3361675461339688,9.745217391304347,0,0,0
15178,260,1,40.5,13.5,5.5677643628300215,0.4124269898392608,0.0,0.0,0.0,0.0,13.5,1,3,1
15179,18,5,2206.9500000000003,23.73064516129033,18.62669874403357,0.7849217169374575,3.260869565217391,20.289048399317124,6.221974842457252,2.396916940057412,23.73064516129033,3,1,3
15180,367,1,87.5,14.583333333333334,2.807964862078347,0.1925461619710866,0.0,0.0,0.0,1.2424533248940002,14.583333333333334,1,3,1
15181,66,3,689.48,43.0925,58.72933934584997,1.3628668410013336,13.533333333333331,35.826699275154844,2.647293049888289,1.2440166957928942,43.0925,0,2,2
15182,154,2,622.85,21.477586206896557,6.342069657213315,0.2952878222030763,4.071428571428571,21.543974961525954,5.291502622129182,1.8294963117202991,21.477586206896557,2,0,2
15184,29,2,402.2,6.487096774193549,6.429030058934081,0.9910488902384708,2.639344262295082,20.613937669196247,7.810249675906652,1.3484932803022585,6.487096774193549,0,2,3
15185,70,1,310.62,14.791428571428572,15.745971639030182,1.064533527846352,0.0,0.0,0.0,1.5174643245838402,14.791428571428572,0,2,0
15186,14,2,411.41,21.653157894736843,7.389641438175151,0.3412731516621566,8.555555555555555,36.29814810090944,4.242640687119285,2.055586143763578,21.653157894736843,2,1,3
15187,2,16,4777.18,52.49648351648352,68.37554413959597,1.3024785577900002,2.2666666666666666,7.146618592269408,3.15291996717768,2.136141205962647,52.49648351648352,3,1,3
15189,1,41,16225.39,76.53485849056604,72.77715605913512,0.9509020790586018,1.4786729857819905,4.643815153839423,3.1405288380131995,2.7240883874598216,76.53485849056604,3,1,3
15192,120,3,1044.32,20.47686274509804,14.191527682416162,0.6930518536494793,4.9,26.386646282557702,5.385029853583205,2.321602162274629,20.47686274509804,2,1,2
15193,61,1,499.32,26.28,16.647016416029498,0.6334481132431315,0.0,0.0,0.0,1.8857642807655584,26.28,0,0,0
15194,3,15,7616.53,24.569451612903222,22.98991423768752,0.9357113296584052,1.161812297734628,5.998351880003521,5.162926827078239,2.4183729137875254,24.569451612903222,3,1,3
15195,3,1,3861.0,3861.0,0.0,0.0,0.0,0.0,0.0,0.0,3861.0,0,3,1
15197,11,3,1079.61,33.7378125,73.29769427057761,2.1725680724136343,11.161290322580646,46.634820162759326,4.1782642342356615,1.833412276260451,33.7378125,3,2,2
15198,92,2,193.64,19.364,9.778078884252608,0.5049617271355407,3.4444444444444446,10.333333333333334,3.0,0.9404479886553264,19.364,0,3,2
15199,59,4,1268.7,97.5923076923077,78.55295943436782,0.8049093344736987,20.58333333333333,43.614964765721766,2.118945656634256,2.1383972463477243,97.5923076923077,2,1,2
15201,87,5,1236.54,17.92086956521739,15.307364215721025,0.8541641442126826,2.338235294117647,11.543054116301716,4.936652074896331,1.4336559275659289,17.92086956521739,2,1,2
15203,26,6,1827.8,12.871830985915492,6.328807560224295,0.4916788891300196,2.00709219858156,12.04366843372229,6.000555650723827,1.3606285775636535,12.871830985915492,2,1,3
15204,357,1,316.58,35.175555555555555,19.57198451301701,0.556408682219828,0.0,0.0,0.0,1.831020481113516,35.175555555555555,1,0,1
15205,85,2,653.24,17.655135135135136,13.446665555615064,0.7616291494056661,1.1666666666666667,7.000000000000001,6.0,1.8966005467543816,17.655135135135136,2,1,2
15206,10,4,420.3,46.7,21.75,0.4657387580299785,33.125,50.93255344080051,1.5375865189675626,0.6365141682948128,46.7,0,3,2
15208,1,5,870.12,20.717142857142857,12.033849674110696,0.5808643478056467,8.560975609756097,33.52465419693975,3.915985248075584,2.105574490320562,20.717142857142857,2,1,3
15210,225,1,331.18,16.559,10.677938841121764,0.644842009850943,0.0,0.0,0.0,2.125159672733044,16.559,1,0,1
15211,60,2,894.4100000000001,17.20019230769231,5.660942030101966,0.3291208568389242,5.96078431372549,42.5685145544515,7.1414284285428495,1.7674707159843108,17.20019230769231,2,0,2
15212,241,1,101.8,20.36,11.249133299948046,0.5525114587400808,0.0,0.0,0.0,1.3321790402101223,20.36,1,3,1
15213,319,2,328.35,13.68125,4.269070067254745,0.3120380131387661,0.4782608695652174,2.2936585546278225,4.79583152331272,1.8778382404072835,13.68125,1,0,2
15214,2,8,1661.44,15.104,6.26980329791098,0.4151087988553349,2.18348623853211,12.060929527484127,5.5237030188897895,1.875519189826269,15.104,2,1,3
15215,47,3,734.94,20.998285714285718,9.584010116645665,0.4564186927947835,1.4411764705882353,8.403430671982932,5.8309518948453,1.6893976440057743,20.998285714285718,2,0,3
15216,88,1,96.6,48.3,21.637467504308358,0.4479806936709804,0.0,0.0,0.0,0.6931471805599453,48.3,0,3,0
15218,11,11,5756.89,34.680060240963854,37.417204137280144,1.0789255807890206,1.8484848484848484,8.565818387144176,4.633967324192751,2.624242770301524,34.680060240963854,3,1,3
15219,176,1,305.75,33.97222222222222,30.5430138402294,0.8990584613640706,0.0,0.0,0.0,0.9950269901795212,33.97222222222222,1,3,1
15220,52,6,1778.96,15.204786324786324,7.583805522555895,0.4987775139064621,1.9482758620689653,9.527849182526849,4.890400465367763,1.8770692001173297,15.204786324786324,2,1,3
15221,366,1,403.25,80.65,18.73933029753198,0.2323537544641286,0.0,0.0,0.0,1.6094379124341005,80.65,1,0,1
15222,319,1,585.0,117.0,48.42003717470692,0.4138464715786916,0.0,0.0,0.0,0.5004024235381879,117.0,1,3,1
15223,226,2,755.75,37.7875,41.41889943326788,1.0961005473574033,1.2105263157894737,5.27656187902292,4.358898943540673,1.847900800509066,37.7875,1,2,2
15224,358,2,322.08,23.005714285714284,18.081554440617403,0.7859592715121823,0.3076923076923077,1.1094003924504583,3.605551275463989,1.8095142558492825,23.005714285714284,1,0,2
15225,234,1,409.4,17.8,5.382125298362418,0.3023665897956414,0.0,0.0,0.0,1.398839483784281,17.8,1,0,1
15226,311,1,154.41,19.30125,8.568197739314845,0.4439193181433765,0.0,0.0,0.0,1.4941751382893085,19.30125,1,0,1
15227,37,5,1219.4,21.024137931034485,8.220471458388813,0.391001594707685,4.894736842105263,25.46824648356004,5.203190141802589,2.2436908733461447,21.024137931034485,2,1,3
15228,66,4,3386.71,27.09368,17.326986481842,0.6395213378855142,1.8306451612903225,12.9725926063365,7.0863501461926255,2.1248341365234564,27.09368,2,1,2
15230,239,2,429.6,18.678260869565214,14.000193392227226,0.749544804518683,0.0454545454545454,0.2132007163556104,4.69041575982343,1.3151201098609264,18.678260869565214,1,0,2
15232,113,2,612.06,19.74387096774193,10.872788565165598,0.5506918366175433,0.9,4.9295030175464944,5.47722557505166,1.3823341392004411,19.74387096774193,0,0,2
15234,277,1,197.0,14.071428571428571,5.162520042267457,0.3668795969124081,0.0,0.0,0.0,1.7298201303799214,14.071428571428571,1,3,1
15235,218,12,2247.51,15.716853146853149,5.708313731863454,0.3631969885146112,1.0633802816901408,4.776144604907216,4.491473734416058,2.1036399254350098,15.716853146853149,2,1,2
15236,299,1,321.05,21.40333333333333,20.52779010674716,0.9590931368983256,0.0,0.0,0.0,1.5821699429252505,21.40333333333333,1,0,1
15237,2,4,1412.32,14.265858585858584,4.758855549716055,0.3335835358997178,2.2857142857142856,14.859479254379684,6.501022173791112,2.060959472507569,14.265858585858584,2,1,3
15238,29,3,1071.99,21.4398,25.11740379554725,1.1715316278858594,3.122448979591837,15.472600316178845,4.955277225442897,2.0966468422182016,21.4398,3,1,3
15239,10,2,780.59,15.930408163265309,6.087407753984064,0.3821250335582304,1.4166666666666667,9.814954576223638,6.928203230275509,1.770534282304709,15.930408163265309,2,0,3
15240,45,5,1706.57,21.879102564102563,12.289251896318271,0.5616890299916354,3.4545454545454546,15.99798133198575,4.6309945961011385,2.3513643286637538,21.879102564102563,2,1,3
15241,67,8,1756.44,15.967636363636364,11.18997593091448,0.7007910047599649,1.9541284403669723,10.30676272154187,5.274352754216262,2.0943242556798976,15.967636363636364,2,1,3
15243,74,1,316.68,14.394545454545456,4.120192699229962,0.2862329145606264,0.0,0.0,0.0,1.6527152834516898,14.394545454545456,0,0,0
15244,65,2,631.57,18.57558823529412,11.478752226343978,0.61794824911838,5.515151515151516,31.682133383937,5.744562646538027,1.926405463929768,18.57558823529412,2,1,2
15245,134,3,2515.84,28.267865168539327,32.97610820633872,1.1665581397720626,1.431818181818182,9.563815251951423,6.679490017235914,2.000175561468517,28.267865168539327,3,2,2
15246,238,2,514.15,15.58030303030303,3.387706160561012,0.2174351907002108,3.75,21.213203435596423,5.65685424949238,1.5405845222393522,15.58030303030303,1,0,2
15247,122,1,356.0,59.333333333333336,30.09389749877317,0.5072005196422444,0.0,0.0,0.0,1.0114042647073518,59.333333333333336,0,3,1
15249,32,13,6688.46,19.109885714285717,9.363324966493591,0.4899728395284949,0.6303724928366762,3.969466093537888,6.297016666566923,2.072943302628494,19.109885714285717,2,1,3
15251,9,11,10484.99,94.45936936936936,44.36084896062948,0.4696288918377482,2.0727272727272728,7.778716069275529,3.752889331668018,2.532334938931457,94.45936936936936,3,1,3
15252,36,2,740.78,16.83590909090909,6.528604793497833,0.3877785724694304,3.395348837209302,22.264791268560284,6.557438524302002,1.5304928602458372,16.83590909090909,2,0,3
15253,16,5,918.2,17.324528301886794,6.261035662067707,0.3613971793613466,2.9423076923076925,14.881773905356033,5.057857797898781,1.7087980175667528,17.324528301886794,2,0,3
15254,127,1,300.36,16.686666666666667,5.475078296512405,0.3281109646331844,0.0,0.0,0.0,2.062069541300165,16.686666666666667,0,0,1
15255,67,1,890.85,18.95425531914894,13.267133589156533,0.6999554118991491,0.0,0.0,0.0,1.6910500693682766,18.95425531914894,0,0,0
15256,149,1,98.45,16.408333333333335,7.625379771963275,0.4647260399368171,0.0,0.0,0.0,1.3296613488547582,16.408333333333335,0,3,1
15257,283,1,317.15,45.30714285714286,53.641047937279566,1.1839424107234966,0.0,0.0,0.0,1.475076311054695,45.30714285714286,1,0,1
15258,169,2,623.16,18.328235294117647,5.97422112108056,0.3259572471223105,1.4545454545454546,8.355727485873498,5.7445626465380295,1.557650773414427,18.328235294117647,2,0,2
15260,100,7,1810.77,23.516493506493507,11.62741969907812,0.4944367958542583,3.539473684210526,17.460386241984978,4.933045927103563,2.086180157561377,23.516493506493507,2,1,2
15261,135,1,254.82,13.41157894736842,6.913270060107345,0.5154702579940332,0.0,0.0,0.0,1.4301030049597612,13.41157894736842,0,3,1
15262,324,1,178.95000000000002,17.895000000000003,3.860947638425917,0.2157556657404815,0.0,0.0,0.0,1.64341771979318,17.895000000000003,1,3,1
15263,107,1,156.51,13.0425,4.250249457919554,0.3258768992079398,0.0,0.0,0.0,1.7045514452672972,13.0425,0,0,1
15264,64,1,393.74,17.11913043478261,6.166293208789127,0.3601989734397062,0.0,0.0,0.0,1.8802503456810629,17.11913043478261,0,0,0
15265,151,2,1506.12,18.36731707317073,7.424515788140455,0.4042242946295895,1.037037037037037,9.333333333333334,9.000000000000002,1.8135982322161064,18.36731707317073,2,0,2
15266,338,1,119.3,19.883333333333333,9.815531909512934,0.4936562569746656,0.0,0.0,0.0,1.0986122886681096,19.883333333333333,1,3,1
15267,22,5,1717.36,156.12363636363636,83.16646526968997,0.5326961836578176,15.9,29.94977276856853,1.88363350745714,1.594166699118017,156.12363636363636,2,1,3
15269,24,1,408.8,204.4,121.05668093913695,0.5922538206415702,0.0,0.0,0.0,0.6931471805599453,204.4,0,3,0
15270,16,7,2379.49,58.03634146341463,57.74839823562631,0.995038570307368,7.3,26.12514262014807,3.578786660294256,2.3074441733287,58.03634146341463,3,1,3
15271,7,15,2493.34,9.444469696969698,7.727965395067915,0.818252971635609,1.3307984790874523,7.553933440843912,5.676241414119854,1.9026947050697764,9.444469696969698,3,1,3
15272,57,2,721.94,11.45936507936508,8.750309095557316,0.7635945826801548,0.4516129032258064,3.556003556005334,7.874007874011811,1.7875369512152544,11.45936507936508,2,1,3
15274,4,2,716.57,15.24617021276596,6.934590221174945,0.4548414535847473,0.3043478260869565,2.06418738616856,6.782329983125269,1.6967665509548389,15.24617021276596,2,0,3
15275,38,1,615.14,15.003414634146342,5.163671954024625,0.3441664501008057,0.0,0.0,0.0,2.1979678785920407,15.003414634146342,2,0,0
15276,66,1,128.63,2.6251020408163264,2.178736371585775,0.8299625453448105,0.0,0.0,0.0,0.5063001336579153,2.6251020408163264,0,3,0
15277,47,1,255.9,21.325,13.829718001463371,0.6485213599748358,0.0,0.0,0.0,1.4735023850806486,21.325,0,0,0
15279,355,1,290.51,15.29,5.637105246095336,0.3686792181880534,0.0,0.0,0.0,2.0413452698399546,15.29,1,0,1
15280,172,1,113.12,7.07,6.544141400265329,0.9256211315792544,0.0,0.0,0.0,1.840748728569281,7.07,1,0,1
15281,59,9,2332.15,16.778057553956835,6.092649988364792,0.3631320234044577,1.9492753623188408,9.704632398087847,4.97858465032016,2.165000989363667,16.778057553956835,2,1,3
15286,50,1,240.55,80.18333333333334,30.139522778792188,0.3758826370250532,0.0,0.0,0.0,1.0986122886681096,80.18333333333334,0,0,0
15287,22,2,486.69,24.3345,24.12573434388224,0.9914210007964924,2.526315789473684,11.011955225786965,4.358898943540674,1.7262612680766165,24.3345,2,1,3
15288,43,5,2306.52,26.210454545454542,24.978083952776142,0.9529817161109814,3.67816091954023,17.873258089055557,4.85929204296198,2.0173137633119267,26.210454545454542,3,1,3
15289,29,3,939.78,16.20310344827586,16.027314208124604,0.9891508907097694,3.842105263157895,20.329244833213107,5.291173312754096,1.2140444747766757,16.20310344827586,0,2,2
15290,5,18,7943.22,38.93735294117647,25.1008076696333,0.6446459703502098,1.7044334975369455,6.734816443231461,3.951351843861233,2.292952581449188,38.93735294117647,3,1,3
15291,26,15,4668.3,45.32330097087379,48.592846047911,1.0721382822301122,3.3529411764705883,12.740088019671637,3.799675374288032,2.523259412922142,45.32330097087379,3,1,3
15292,201,1,178.39,7.432916666666666,4.804006913768571,0.6463151854389019,0.0,0.0,0.0,1.053879023906201,7.432916666666666,1,3,1
15296,51,6,3672.86,18.93226804123712,14.009270728054574,0.7399679054585764,1.4145077720207253,10.498720005870146,7.422172018801971,2.141338867766865,18.93226804123712,3,1,3
15297,10,3,641.94,16.46,4.593172851320236,0.2790505985006218,1.394736842105263,6.245168829796359,4.477668217589843,1.5896512562596998,16.46,2,0,3
15298,2,12,4799.9,24.999479166666664,71.13764268695694,2.845564990082238,1.8848167539267016,9.540348103708183,5.061684688356287,2.153641077125625,24.999479166666664,3,1,3
15299,67,7,4507.01,643.8585714285715,222.34152561832823,0.3453266532198281,50.5,55.46079696506353,1.0982336032685849,1.945910149055314,643.8585714285715,2,0,2
15300,64,1,496.44,17.73,5.107254825427437,0.2880572377567646,0.0,0.0,0.0,1.9449422180997165,17.73,0,0,0
15301,51,12,5049.95,20.867561983471077,40.44857671082912,1.9383470260142472,1.2987551867219918,8.15283427878408,6.277421920725122,2.153368333519767,20.867561983471077,3,1,3
15303,290,1,574.02,18.516774193548382,6.96828691865118,0.3763229408002972,0.0,0.0,0.0,1.579159931465783,18.516774193548382,1,0,1
15304,61,8,694.4,30.191304347826087,18.01730640355338,0.596771381454101,13.863636363636363,25.95654877371844,1.8722756492518215,1.3488557482513723,30.191304347826087,2,0,2
15306,64,3,1174.35,20.24741379310345,12.821127514304344,0.6332229708601795,1.456140350877193,8.115395808141892,5.573223627278167,1.9938891763070896,20.24741379310345,2,1,2
15307,96,1,205.3,17.108333333333334,2.7706114629785024,0.1619451415282125,0.0,0.0,0.0,1.4451858789480825,17.108333333333334,0,0,0
15308,274,1,310.47,16.340526315789475,3.363989816479848,0.2058678987120079,0.0,0.0,0.0,1.4882408357580277,16.340526315789475,1,0,1
15311,1,91,60632.75,25.626690617075237,46.60632422305558,1.8186633974502149,0.1365750528541226,0.8952984590430475,6.555358686182067,2.3598532407479302,25.626690617075237,3,1,3
15312,75,4,924.85,19.677659574468084,12.88398183333053,0.6547517393810185,6.021739130434782,26.1206509451258,4.337725427710422,1.5724041430053253,19.677659574468084,2,1,2
15313,110,1,52.0,52.0,0.0,0.0,0.0,0.0,0.0,0.0,52.0,0,3,1
15314,199,1,327.97,13.665416666666667,5.152592407176485,0.3770534432180858,0.0,0.0,0.0,1.6827494392771076,13.665416666666667,1,0,1
15315,64,2,570.5,15.41891891891892,6.05738474177676,0.3928540498610694,1.4166666666666667,8.5,6.0,1.3759309793585484,15.41891891891892,0,0,2
15316,327,1,165.0,165.0,0.0,0.0,0.0,0.0,0.0,0.0,165.0,1,3,1
15318,4,1,312.62,9.473333333333333,7.662399537133696,0.8088387970232614,0.0,0.0,0.0,1.2665990424477556,9.473333333333333,0,0,0
15319,284,1,204.5,12.78125,6.010126870541088,0.4702299752012587,0.0,0.0,0.0,1.2123138802671547,12.78125,1,0,1
15320,44,1,267.13,7.420277777777778,11.075888996531702,1.4926515324940717,0.0,0.0,0.0,1.258311078287656,7.420277777777778,0,2,0
15321,71,3,2748.31,28.92957894736842,16.4481966233765,0.5685598346695852,2.3404255319148937,22.691267417693453,9.695359714832655,1.8933107615762368,28.92957894736842,2,1,2
15322,86,1,679.68,16.18285714285714,6.726207312324113,0.4156378106132485,0.0,0.0,0.0,1.8414218617481868,16.18285714285714,0,0,0
15325,104,1,161.74,3.3695833333333334,3.8000610064158526,1.1277539774203098,0.0,0.0,0.0,1.7792271319350057,3.3695833333333334,0,0,1
15326,334,1,311.71,10.748620689655173,5.13358182123076,0.4776037753543103,0.0,0.0,0.0,1.7139446885878298,10.748620689655173,1,0,1
15327,53,1,208.75,20.875,9.357327788067131,0.4482552233804615,0.0,0.0,0.0,1.3592367006650063,20.875,0,0,0
15329,39,3,1049.7,18.41578947368421,9.536328087029023,0.5178343345342997,2.357142857142857,13.53974428579341,5.744133939427507,2.030739574128825,18.41578947368421,2,1,3
15330,32,2,714.9599999999999,54.99692307692307,65.47506489555336,1.1905223280214192,2.333333333333333,8.082903768654761,3.4641016151377544,1.6715952780212544,54.99692307692307,2,1,2
15332,366,4,1661.06,47.45885714285714,23.82426491322371,0.5019982854098166,0.088235294117647,0.5144957554275265,5.8309518948453,2.0394284947949184,47.45885714285714,1,0,2
15333,208,1,1028.56,64.285,67.12463065075293,1.0441725231508583,0.0,0.0,0.0,1.8364223867541591,64.285,1,0,1
15334,157,3,350.82,3.579795918367347,3.449885693487176,0.9637101589468766,0.1649484536082474,1.1786327917260575,7.145461299839224,1.744677054790791,3.579795918367347,2,2,2
15335,54,1,170.22,4.863428571428571,3.6952950553668233,0.7598127537177699,0.0,0.0,0.0,1.0753286228773629,4.863428571428571,0,3,0
15339,66,2,574.07,6.675232558139536,4.286818847074527,0.642197677719458,2.9529411764705884,27.224772456241357,9.219544457292889,2.01134428158781,6.675232558139536,2,1,2
15341,81,1,2020.52,118.85411764705884,41.78886201172861,0.3515979323141499,0.0,0.0,0.0,1.334592953237241,118.85411764705884,0,0,0
15342,130,1,406.09,16.920416666666668,6.496440817640184,0.3839409481232347,0.0,0.0,0.0,1.3266081413496496,16.920416666666668,0,3,1
15343,87,1,364.5,17.357142857142858,6.026323209766585,0.3471955758713259,0.0,0.0,0.0,1.182323923910242,17.357142857142858,0,3,0
15344,1,3,563.94,21.69,9.346134174085025,0.4308959969610429,2.92,10.230347012687302,3.5035434974956514,1.4531084284149929,21.69,0,0,3
15345,46,1,393.54,19.677,6.042744322521715,0.3070968299294463,0.0,0.0,0.0,1.583275505245873,19.677,0,0,0
15346,333,1,252.42,14.848235294117648,3.6151283436658894,0.2434719191915066,0.0,0.0,0.0,1.839789586841252,14.848235294117648,1,0,1
15347,366,1,201.6,40.32000000000001,44.64893055830116,1.1073643491642151,0.0,0.0,0.0,1.3321790402101223,40.32000000000001,1,0,1
15348,72,1,158.04,17.56,9.86521160442086,0.561800205263147,0.0,0.0,0.0,1.0608569471580214,17.56,0,3,0
15349,158,2,463.91,6.533943661971831,6.285024031974338,0.961903615507702,0.4142857142857143,3.4661629670697414,8.366600265340754,1.814667095417672,6.533943661971831,2,2,2
15350,373,1,115.65,23.130000000000003,4.628660713424566,0.2001150330058178,0.0,0.0,0.0,0.5004024235381879,23.130000000000003,1,3,1
15351,12,7,1934.66,8.83406392694064,9.369251848345709,1.0605823011731828,1.6192660550458715,19.74251291119508,12.192260098131804,1.817130471908461,8.83406392694064,3,1,3
15353,255,2,770.12,12.624918032786884,13.904463027262242,1.1013507565872809,1.8833333333333333,14.588237270714604,7.745966692414834,1.9576214404672616,12.624918032786884,1,2,2
15355,29,2,277.05,19.789285714285715,11.133338337061016,0.5625942491205712,1.7692307692307692,6.379052256590135,3.605551275463989,1.3316643102930148,19.789285714285715,0,3,3
15356,31,10,2718.03,5.446953907815631,3.801703636798631,0.697950395971537,0.6686746987951807,5.372695580189402,8.034842038841807,1.9222257037383368,5.446953907815631,3,1,3
15358,5,22,8347.2,15.149183303085302,8.45789225113405,0.5583068131079716,0.6472727272727272,4.246839799914769,6.561128904362705,1.9758752931518264,15.149183303085302,2,1,3
15360,40,1,427.93,32.917692307692306,13.08615945305456,0.3975418243397502,0.0,0.0,0.0,1.303875529336385,32.917692307692306,0,0,0
15361,362,1,418.92,59.84571428571429,66.37944432255688,1.1091762395156548,0.0,0.0,0.0,1.1537419427010902,59.84571428571429,1,3,1
15363,373,1,326.0,20.375,8.478502226218968,0.4161228086487837,0.0,0.0,0.0,1.754105330999288,20.375,1,0,1
15364,96,2,913.19,31.489310344827587,44.02862185402277,1.3982085149494192,5.642857142857143,29.85919336772896,5.291502622129181,1.33390560514241,31.489310344827587,0,2,2
15365,26,7,2314.32,20.301052631578948,16.375742062138773,0.8066449735057468,2.5486725663716814,21.22329883408229,8.327197111983676,2.158730882866617,20.301052631578948,3,1,3
15366,75,2,602.51,13.69340909090909,4.91629655622529,0.3590264866540186,6.558139534883721,43.00459683379452,6.557438524302001,2.0871956028639254,13.69340909090909,2,1,2
15367,57,4,1877.59,19.764105263157894,10.384301213414863,0.5254121588176397,2.3085106382978724,19.588248943759147,8.48523226135189,2.2321455558810865,19.764105263157894,2,1,3
15368,21,1,446.94000000000005,111.735,115.09287076096416,1.030052094338964,0.0,0.0,0.0,1.039720770839918,111.735,0,3,0
15370,41,7,2386.05,25.383510638297874,29.20899344886065,1.1507073968244173,3.10752688172043,14.01199979954402,4.509051838607591,1.9971974108861368,25.383510638297874,3,1,3
15372,137,1,2007.4,74.34814814814816,39.46832313456111,0.530858187024584,0.0,0.0,0.0,1.99351456576623,74.34814814814816,2,0,1
15373,8,12,2415.91,18.302348484848483,17.879963704552207,0.9769218261445548,2.740458015267176,11.76342950141506,4.292504915558141,1.844482205311559,18.302348484848483,3,1,3
15374,129,1,168.0,56.0,33.580351397804044,0.5996491321036437,0.0,0.0,0.0,1.0986122886681096,56.0,0,3,1
15376,40,3,1221.56,10.530689655172411,6.152029672023476,0.5842000736392181,1.5739130434782609,12.036538575087327,7.647524509033385,2.0053544243718253,10.530689655172411,2,1,3
15379,169,7,3703.29,19.089123711340207,10.832346099809913,0.5674616741770487,0.9585492227979274,6.348256155639639,6.6227753407483805,2.097507978370278,19.089123711340207,2,1,2
15380,9,5,1690.26,46.95166666666667,54.85995414299423,1.1684346486030506,10.142857142857142,39.2788993325056,3.872567539824496,1.8779326282025863,46.95166666666667,3,1,3
15381,214,2,596.85,74.60625,98.96918148559466,1.3265534923092188,7.714285714285714,20.410081542498272,2.6457513110645907,1.4941751382893085,74.60625,1,2,2
15382,15,6,5955.71,19.7208940397351,11.350132268845885,0.5755384236625787,0.9269102990033222,8.620207272561773,9.29993687828349,2.086695687653759,19.7208940397351,2,1,3
15384,170,2,642.41,15.668536585365851,7.9379822880174045,0.5066192522045323,4.725,29.88352388859119,6.32455532033676,1.850037218594419,15.668536585365851,2,0,2
15385,40,1,316.88,26.406666666666663,41.98896334067136,1.590089497879501,0.0,0.0,0.0,1.5396544474400973,26.406666666666663,0,2,0
15386,186,1,394.14,12.714193548387096,4.167736215416028,0.3278018538536988,0.0,0.0,0.0,1.3321860763356348,12.714193548387096,1,3,1
15388,270,1,140.54,14.053999999999998,4.6193029777229375,0.3286824375781228,0.0,0.0,0.0,1.5571130980576458,14.053999999999998,1,3,1
15389,172,1,500.0,500.0,0.0,0.0,0.0,0.0,0.0,0.0,500.0,1,3,1
15392,5,4,1535.53,18.28011904761905,14.234174428901872,0.7786696788911694,4.265060240963855,30.42787727635807,7.13421981338339,1.847748928296872,18.28011904761905,2,1,3
15393,16,2,231.86,19.32166666666667,9.989639936484505,0.5170175072794532,24.0,79.5989949685296,3.3166247903554,1.0986122886681098,19.32166666666667,0,3,2
15394,10,4,2183.54,25.68870588235294,11.708388200674896,0.4557796042469412,4.142857142857143,22.70138409725612,5.479644437268719,1.8562079167323504,25.68870588235294,2,1,3
15395,326,1,107.45,15.35,1.6643316977093243,0.1084255177660797,0.0,0.0,0.0,0.6829081047004717,15.35,1,3,1
15396,113,1,288.18,20.58428571428572,18.00366147131262,0.8746313435990584,0.0,0.0,0.0,1.475076311054695,20.58428571428572,0,0,1
15397,290,1,94.0,15.666666666666666,1.5727894540168648,0.1003908162138424,0.0,0.0,0.0,1.0114042647073518,15.666666666666666,1,3,1
15398,16,2,1345.53,18.43191780821918,6.529678539291504,0.3542593129608999,0.8611111111111112,7.306770072260991,8.48528137423857,1.938535638690172,18.43191780821918,2,1,3
15399,1,3,815.77,16.3154,7.516511134339725,0.4607003894688286,1.5510204081632653,8.438654179058501,5.44071124702456,1.7422800849818938,16.3154,2,0,3
15400,92,5,716.2,59.68333333333334,31.07869288620665,0.5207264934857299,16.818181818181817,30.8182354518171,1.8324356214593955,2.022808529414704,59.68333333333334,2,0,2
15402,149,2,626.77,14.923095238095238,12.210425471122226,0.8182233830386482,1.146341463414634,7.340166808764484,6.403124237432848,2.058196801146029,14.923095238095238,2,0,2
15405,189,1,349.1,43.6375,40.57732996566996,0.929872929605728,0.0,0.0,0.0,1.9061547465398496,43.6375,1,0,1
15406,31,2,510.71,9.636037735849058,9.787913531812638,1.015761228850169,5.173076923076923,37.303588196146656,7.211102550927977,2.0542827921037,9.636037735849058,2,1,3
15407,34,4,1046.74,7.072567567567567,17.540224756804374,2.480036364337894,1.8435374149659864,14.41398706178919,7.818657188498195,1.3746018398105504,7.072567567567567,3,2,3
15408,264,1,267.18,7.858235294117647,6.135656083853025,0.7807931239276998,0.0,0.0,0.0,1.2294279393555718,7.858235294117647,1,0,1
15410,84,8,3450.84,28.285573770491805,21.9187145989008,0.7749079009939311,1.4297520661157024,6.4818033065407965,4.533515607464951,1.8302616980667303,28.285573770491805,3,1,2
15411,26,4,1348.93,13.764591836734697,8.555403449411415,0.6215515542261782,1.6082474226804124,9.108783193790355,5.663794678190158,1.935088995001421,13.764591836734697,2,1,3
15412,171,1,190.53,19.053,30.2268784178732,1.586462941157466,0.0,0.0,0.0,1.6957425341696346,19.053,1,2,1
15414,10,3,774.9000000000001,19.86923076923077,12.992168366612129,0.6538838124891895,6.105263157894737,33.42501852568506,5.47478751713807,2.0112429616479286,19.86923076923077,2,1,3
15415,313,1,559.61,11.906595744680851,6.360617715625528,0.5342095971022673,0.0,0.0,0.0,2.2616704540333883,11.906595744680851,1,0,1
15416,65,4,3984.32,20.75166666666667,15.113195833679764,0.728288290113875,1.1361256544502618,9.39161460614966,8.26635202661099,2.243397360595896,20.75166666666667,3,1,2
15417,85,1,508.8,18.17142857142857,2.422251346846895,0.1332999955025807,0.0,0.0,0.0,0.6389115161618192,18.17142857142857,0,3,0
15419,25,1,135.86,16.9825,8.244460911077553,0.485468035393938,0.0,0.0,0.0,1.6674619334292948,16.9825,0,0,0
15421,59,4,950.36,17.93132075471698,5.915523917799756,0.3298989516008534,4.807692307692308,25.03725730573669,5.207749519593232,1.8062160499650004,17.93132075471698,2,0,3
15422,323,2,97.7,16.283333333333335,4.019660018790975,0.2468573194753925,0.0,0.0,0.0,1.0114042647073518,16.283333333333335,1,3,2
15423,38,1,43.5,21.75,20.152543263816604,0.9265537132789244,0.0,0.0,0.0,0.6931471805599453,21.75,0,3,0
15424,254,2,383.34,22.54941176470588,14.125082508868855,0.6264058085531659,0.0,0.0,0.0,1.5992212565872683,22.54941176470588,1,0,2
15426,19,5,1404.07,5.105709090909091,7.145352513543352,1.399482889901801,1.2737226277372262,15.073017738560466,11.83383054546008,1.4122624019385968,5.105709090909091,3,2,3
15427,33,3,1430.54,4.899109589041096,4.704310726411403,0.9602379046458888,0.0446735395189003,0.7620734962887139,17.05872210923198,1.7901311871409886,4.899109589041096,3,2,3
15428,15,1,93.78,15.63,5.830413364419371,0.3730270866551101,0.0,0.0,0.0,1.2424533248940002,15.63,0,0,0
15429,27,2,397.35,4.845731707317073,5.579753308960782,1.1514779698874646,0.5925925925925926,5.333333333333333,9.0,1.556520705208011,4.845731707317073,2,2,3
15432,23,1,171.19000000000003,17.119000000000003,6.416822422352048,0.3748362884719929,0.0,0.0,0.0,1.2206072645530175,17.119000000000003,0,0,0
15433,214,2,533.3,13.00731707317073,3.2831037330476205,0.2524043747514578,1.325,8.380035799446206,6.32455532033676,1.4724860687270327,13.00731707317073,1,0,2
15434,8,5,1041.48,18.936,10.904034863127332,0.5758362306256513,3.537037037037037,16.326518494447793,4.615874338744402,1.963596515038274,18.936,2,1,3
15435,22,1,149.29,5.147931034482759,2.8488084969363507,0.553389017423499,0.0,0.0,0.0,1.1414504573804096,5.147931034482759,0,3,0
15436,12,3,1067.75,3.669243986254296,3.4389536468369317,0.9372376597794868,0.7586206896551724,11.096478983974372,14.627176842511677,1.2226573583430842,3.669243986254296,2,2,3
15437,262,1,200.16,4.448,3.9964555887345066,0.8984837204888729,0.0,0.0,0.0,0.960868988202924,4.448,1,3,1
15438,131,1,156.57999999999998,6.263199999999999,3.968545829393936,0.633629108026877,0.0,0.0,0.0,1.2288658649922397,6.263199999999999,0,3,1
15440,55,3,383.68,6.188387096774194,7.131408752730367,1.1523856929453784,2.5081967213114758,13.76059949132507,5.486252084776663,1.5564347801867402,6.188387096774194,2,1,2
15442,249,1,594.0,297.0,0.0,0.0,0.0,0.0,0.0,0.0,297.0,1,3,1
15443,2,7,3213.59,8.638682795698925,7.257158387136356,0.8400769606622888,0.8490566037735849,11.21359541273767,13.207123486113256,2.1417477583829387,8.638682795698925,3,1,3
15444,9,2,1411.21,6.594439252336449,4.344294343855817,0.6587814638396445,0.1455399061032863,2.1240850004653478,14.59451951932642,1.8224502604038788,6.594439252336449,2,1,3
15445,264,1,113.5,22.7,4.981465647778774,0.219447825893338,0.0,0.0,0.0,1.0549201679861442,22.7,1,3,1
15447,331,1,155.17000000000002,17.241111111111113,5.395248938752604,0.3129293062368591,0.0,0.0,0.0,1.5810937501718234,17.241111111111113,1,3,1
15448,313,1,494.64,17.665714285714284,5.893646565690026,0.3336206207328981,0.0,0.0,0.0,1.7742151919245983,17.665714285714284,1,0,1
15449,26,3,974.52,16.242,5.580071623378496,0.3435581593017175,3.9661016949152543,22.67154231835426,5.716329046080775,1.8271032767917996,16.242,2,0,3
15450,30,1,429.84,14.328,6.297293562070658,0.4395096009262045,0.0,0.0,0.0,1.901397642436018,14.328,0,0,0
15452,30,3,528.48,9.437142857142858,7.570766435149378,0.8022307757500097,4.236363636363636,26.372659549563284,6.225305902257428,1.997332233271244,9.437142857142858,2,1,3
15453,2,7,1371.77,4.91673835125448,4.730863356762529,0.962195467561432,0.6546762589928058,4.579363899225327,6.994852549366159,1.6992556432139112,4.91673835125448,3,2,3
15454,362,1,179.1,7.164,5.099867645341396,0.7118743223536287,0.0,0.0,0.0,1.395221188326627,7.164,1,0,1
15456,283,3,434.59,7.492931034482758,5.087324809215405,0.6789499043569651,1.3157894736842106,9.933992677987831,7.549834435270751,2.1523154701063696,7.492931034482758,1,0,2
15457,262,1,237.07,4.087413793103448,3.121386084567115,0.7636579613822612,0.0,0.0,0.0,1.0709434213045,4.087413793103448,1,3,1
15458,25,1,161.64,23.09142857142857,8.948615216094293,0.3875297359110372,0.0,0.0,0.0,1.0042424730540764,23.09142857142857,0,3,0
15460,354,1,214.26,3.826071428571428,3.021716958390275,0.789770137542497,0.0,0.0,0.0,0.9200064786406312,3.826071428571428,1,3,1
15462,94,3,234.6,21.327272727272728,11.856229662847367,0.5559186968939517,9.2,19.446793508899557,2.113781903141256,0.7595473914748635,21.327272727272728,0,3,2
15463,29,1,126.14,18.02,9.147611710167851,0.5076366098872281,0.0,0.0,0.0,1.475076311054695,18.02,0,0,0
15464,338,1,1044.65,6.739677419354839,7.657249889437594,1.1361448646559391,0.0,0.0,0.0,1.3431392021652435,6.739677419354839,1,3,1
15465,20,18,7354.62,75.82082474226804,106.14571896955016,1.3999546869921715,3.552083333333333,9.985115018357302,2.811058773496484,2.4557442721701515,75.82082474226804,3,1,3
15466,85,1,334.53,5.868947368421052,4.238582008597808,0.7222048082087558,0.0,0.0,0.0,1.9443088431889497,5.868947368421052,0,0,0
15467,9,3,524.88,10.093846153846156,8.778847160422794,0.869722702983511,2.784313725490196,18.909588811489478,6.791472037929318,2.119017941269606,10.093846153846156,2,1,3
15468,51,2,467.51,19.47958333333333,3.5284070542639654,0.1811335999279912,0.0,0.0,0.0,1.6115749655530427,19.47958333333333,0,0,2
15469,50,2,538.55,22.43958333333333,14.79914670841199,0.6595107622354244,3.0,14.38749456993816,4.79583152331272,1.7448087722290948,22.43958333333333,2,0,3
15471,2,1,454.48,6.225753424657534,10.270437067110008,1.649669745421208,0.0,0.0,0.0,1.8252115898544852,6.225753424657534,3,2,0
15472,113,1,371.56,4.888947368421053,3.1386606820733234,0.6419910965592975,0.0,0.0,0.0,1.5909639935615076,4.888947368421053,0,0,1
15473,14,7,1771.2,161.01818181818183,66.59041700097421,0.4135583711668452,4.4,9.868017925489282,2.2427313467021093,1.3667110520552042,161.01818181818183,2,0,3
15475,77,1,454.11,15.65896551724138,8.019238628282608,0.5121180335605814,0.0,0.0,0.0,0.7371823152157603,15.65896551724138,0,3,0
15478,40,2,1399.92,31.81636363636364,27.617691001182312,0.8680341762758027,0.3720930232558139,2.4399771253216747,6.557438524302,2.496375639891776,31.81636363636364,3,1,3
15480,116,1,905.5,20.122222222222224,16.225587240933105,0.8063516574732078,0.0,0.0,0.0,1.8924848600573905,20.122222222222224,0,0,1
15482,16,12,10879.76,112.16247422680412,99.41605136402484,0.8863575099368378,3.5416666666666665,17.69919217107866,4.997418965951622,2.488163985107718,112.16247422680412,3,1,3
15483,161,4,225.26,2.681666666666666,2.7480774586746097,1.0247647453106066,1.2650602409638554,11.525247298917488,9.1104335791443,1.1816021819662312,2.681666666666666,0,2,2
15484,1,4,3590.41,19.200053475935828,19.89537079396569,1.0362143427830204,0.4032258064516129,3.377795590535126,8.376933064527114,2.788644274649537,19.200053475935828,3,1,3
15485,30,3,2564.5,30.17058823529412,30.878087058044034,1.0234499512317188,4.071428571428571,33.473883261211235,8.221655537841356,2.151211319868148,30.17058823529412,3,1,3
15488,93,1,91.32,45.66,43.3597878223591,0.9496230359693189,0.0,0.0,0.0,0.6931471805599453,45.66,0,3,1
15489,23,3,1134.28,22.6856,14.34450917634354,0.6323178217170161,3.816326530612245,22.291322554404207,5.841041738854578,2.114447300326382,22.6856,2,1,3
15491,95,6,3100.09,20.130454545454548,13.678223680727402,0.679479127003416,0.9019607843137256,7.125532949488163,7.900047400519485,1.9764401876273971,20.130454545454548,2,1,2
15492,28,2,659.46,18.84171428571429,10.069666004658654,0.534434704399134,1.3529411764705883,7.888934916555407,5.8309518948453,1.6311465456759242,18.84171428571429,2,0,3
15493,33,5,1953.41,6.759204152249136,5.488310025305751,0.8119757743194526,0.8194444444444444,9.08661593979414,11.088751655342003,1.2713249016798935,6.759204152249136,2,2,3
15494,21,2,1280.58,10.49655737704918,10.362382601234462,0.9872172588597388,0.8181818181818182,9.0,11.0,2.166188811813462,10.49655737704918,3,1,3
15497,18,2,1262.2,84.14666666666668,54.8763527873172,0.6521512373710647,21.571428571428573,80.71289505755217,3.7416573867739418,1.6792043316027068,84.14666666666668,2,1,2
15498,3,27,13316.4,26.00859375,25.58108041350695,0.9835626123964104,0.6966731898238747,4.58043245334459,6.574721864210916,2.54779459466698,26.00859375,3,1,3
15500,8,4,1131.56,16.640588235294118,6.8137205481672245,0.4094639234997448,1.0597014925373134,6.730483788759565,6.351301603477336,2.0956840478740744,16.640588235294118,2,1,3
15502,16,12,10384.93,48.75553990610329,222.0687734037621,4.554739293861521,1.6462264150943395,12.699678501198417,7.714417886114797,2.384388062758786,48.75553990610329,3,1,3
15503,363,1,141.04,2.1369696969696967,1.8277535347204183,0.8553015689984943,0.0,0.0,0.0,0.2286318735828612,2.1369696969696967,1,3,1
15504,81,1,52.83,4.063846153846153,2.6733703399190647,0.6578424080815416,0.0,0.0,0.0,1.4388829502169862,4.063846153846153,0,0,1
15505,53,5,3610.96,37.22639175257732,38.00889594844781,1.0210201461659607,1.0520833333333333,5.312091057531748,5.049116252703444,2.323572673664415,37.22639175257732,3,1,2
15506,23,3,972.08,6.03776397515528,8.16879879290365,1.352950997507908,0.725,7.562693939506048,10.431301985525584,2.1670972886424704,6.03776397515528,3,1,3
15507,172,1,475.86,10.574666666666667,8.434249872341399,0.7975901404937648,0.0,0.0,0.0,1.937995647678909,10.574666666666667,1,0,1
15508,189,6,1000.27,10.8725,9.304486407518274,0.8557816884358035,0.4835164835164835,3.226152291516724,6.672269512000497,1.9389829738412812,10.8725,2,0,2
15510,331,1,250.0,250.0,0.0,0.0,0.0,0.0,0.0,0.0,250.0,1,3,1
15511,12,5,900.53,5.699556962025317,5.321654158922818,0.933696109079992,0.4585987261146497,3.167322022320322,6.906521632004036,1.113348651843392,5.699556962025317,2,2,3
15512,156,2,121.0,17.285714285714285,4.802231624091926,0.2778150526334172,33.833333333333336,82.87440296416419,2.449489742783178,0.9556998911125344,17.285714285714285,0,3,2
15513,33,19,14758.22,47.9162987012987,47.74178210848649,0.9963578866159902,1.0879478827361564,6.110268173132972,5.616324338777911,2.555461968058766,47.9162987012987,3,1,3
15514,12,11,4023.72,24.239277108433736,68.02501685602248,2.806396269645932,2.109090909090909,16.649550708732676,7.894183525692218,2.5583941537086217,24.239277108433736,3,1,3
15516,45,3,62.43,4.162,2.662378635731589,0.6396873223766434,0.0714285714285714,0.2672612419124244,3.7416573867739418,1.0775733728921972,4.162,0,3,2
15517,233,1,267.03,9.89,8.246409008681386,0.8338128421315861,0.0,0.0,0.0,2.2595939489075323,9.89,1,0,1
15518,64,8,1921.55,9.150238095238096,7.546898246881368,0.8247761608311454,1.263157894736842,9.213422043355434,7.293959117656386,2.288280671142334,9.150238095238096,3,1,3
15520,2,1,343.5,19.08333333333333,7.451560436658653,0.3904747827070037,0.0,0.0,0.0,0.4258484492385814,19.08333333333333,0,3,0
15521,40,8,3000.2,16.217297297297296,26.02068088963175,1.6045016880814191,1.1521739130434785,7.716896205830176,6.697683499399775,2.27331712346506,16.217297297297296,3,1,3
15522,33,2,397.99,7.106964285714286,7.95456322317125,1.119263148565517,0.9818181818181818,7.281358514603013,7.416198487095662,2.3274224184624,7.106964285714286,3,1,3
15523,84,1,412.0100000000001,41.20100000000001,71.38226615281356,1.7325372236793657,0.0,0.0,0.0,1.6957425341696346,41.20100000000001,0,2,0
15524,25,1,440.0,440.0,0.0,0.0,0.0,0.0,0.0,0.0,440.0,0,3,0
15525,2,3,734.37,4.7075000000000005,4.706902909557409,0.9998731618815526,2.3870967741935485,28.531911297628994,11.952557435493226,1.4008523752785402,4.7075000000000005,2,2,3
15526,33,2,148.44,37.11,55.359736271048114,1.491774084372086,0.0,0.0,0.0,1.039720770839918,37.11,0,2,2
15527,19,8,2428.53,14.990925925925929,18.46010436521428,1.2314185565608466,2.062111801242236,10.737602991935509,5.20709060753499,2.089616420330262,14.990925925925929,3,1,3
15528,254,1,229.33,8.820384615384615,13.313802606549109,1.5094356070739845,0.0,0.0,0.0,1.3919310518985526,8.820384615384615,1,2,1
15529,23,11,3962.6,5.985800604229607,6.318970612379892,1.055660057890145,0.5113464447806354,4.797594868022201,9.382278721191346,2.15770530181006,5.985800604229607,3,1,3
15530,22,4,1497.31,13.993551401869158,10.20330544409705,0.7291433854835567,2.1132075471698117,14.540793686805005,6.880911298220225,2.3365428859584645,13.993551401869158,2,1,3
15531,8,2,1972.39,9.00634703196347,7.655317776835752,0.8499914282302333,0.1009174311926605,1.490028015252912,14.7648230602334,2.15055986008327,9.00634703196347,3,1,3
15532,25,4,1564.73,6.23398406374502,5.758637691654601,0.9237491839520588,1.324,13.94693845865386,10.533941434028597,1.182034745376627,6.23398406374502,2,2,3
15533,19,3,807.57,9.729759036144578,10.165473244403907,1.0447816031867507,0.8414634146341463,6.980518768431383,8.295688971179324,1.7686560823655586,9.729759036144578,2,1,3
15535,173,4,502.9,6.984722222222222,6.570537734381854,0.9407013658291778,2.1690140845070425,13.04715175868222,6.015245291340504,0.8862191660900613,6.984722222222222,0,2,2
15537,163,1,110.92,4.621666666666667,4.641271065284731,1.004241846076754,0.0,0.0,0.0,0.3445982481028227,4.621666666666667,0,3,1
15539,7,1,538.46,13.13317073170732,12.70349429075016,0.9672831146617326,0.0,0.0,0.0,1.7975709973091467,13.13317073170732,0,0,0
15540,11,1,213.3,14.22,7.737182026699754,0.5441056277566634,0.0,0.0,0.0,1.6170531525095535,14.22,0,0,0
15541,114,1,85.13000000000001,2.9355172413793107,2.687686985132246,0.9155752680469296,0.0,0.0,0.0,0.880241970754113,2.9355172413793107,0,3,1
15543,288,1,127.86,4.566428571428571,3.5007260773706745,0.766622322590168,0.0,0.0,0.0,1.523256283255257,4.566428571428571,1,0,1
15544,9,9,3546.71,13.693861003861004,5.964688968607927,0.4355739383455239,1.3953488372093024,9.212086971793829,6.601995663118911,1.819183796683777,13.693861003861004,2,1,3
15545,54,2,288.97,3.612125,3.410762078899781,0.9442536121811348,4.0,35.55277766926235,8.888194417315587,0.7900225071924383,3.612125,0,2,3
15547,7,14,4910.6,7.065611510791367,9.757649545947976,1.3810056682348069,0.5043227665706052,4.7581459022077,9.434723588948984,2.1310050030545757,7.065611510791367,3,1,3
15549,77,3,1681.46,14.749649122807018,15.1635848687072,1.028064107996991,2.106194690265487,16.60000152315957,7.88151332822282,2.393740299011519,14.749649122807018,3,1,2
15550,4,4,575.63,9.43655737704918,7.762191246730505,0.822565999080244,4.933333333333334,22.57707451786681,4.576434023891921,1.8812430032304068,9.43655737704918,2,1,3
15551,37,1,436.06,15.036551724137931,9.817926125155696,0.6529373426352227,0.0,0.0,0.0,2.132741318906976,15.036551724137931,2,0,0
15552,217,1,90.12,5.301176470588236,4.715048889397836,0.8894344331975499,0.0,0.0,0.0,1.7115472862863528,5.301176470588236,1,0,1
15553,60,1,428.93,7.798727272727273,5.969237824213423,0.7654117929073234,0.0,0.0,0.0,2.010294437185473,7.798727272727273,0,0,0
15554,278,1,217.2,15.514285714285714,2.639597038843718,0.1701397723011604,0.0,0.0,0.0,1.3337360272028096,15.514285714285714,1,3,1
15555,12,16,4794.86,5.4057046223224345,6.362416730540359,1.1769819431619064,0.3972911963882618,4.982699277411808,12.541680567576314,2.178019358315822,5.4057046223224345,3,1,3
15556,24,1,279.77,9.024838709677418,9.530499766877476,1.056029927344611,0.0,0.0,0.0,2.0336244043526923,9.024838709677418,0,0,0
15557,29,1,468.91,24.679473684210528,20.86041106276677,0.845253481888995,0.0,0.0,0.0,1.968382408728381,24.679473684210528,0,0,0
15561,12,4,800.5899999999999,29.65148148148148,28.13471339325847,0.9488468025056256,7.769230769230769,29.27429957120436,3.7679791527292736,2.208249713310499,29.65148148148148,3,1,3
15562,352,1,134.55,134.55,0.0,0.0,0.0,0.0,0.0,0.0,134.55,1,3,1
15563,22,4,1400.44,12.393274336283186,10.362930108468175,0.8361737041621947,3.0,22.38886467110964,7.462954890369879,2.362452416032074,12.393274336283186,3,1,3
15565,50,2,173.16000000000005,21.645000000000003,5.495886773630933,0.2539102228519719,2.857142857142857,7.559289460184544,2.6457513110645903,0.9743147528693494,21.645000000000003,0,3,2
15567,19,1,186.01,26.572857142857146,33.01894239891486,1.2425815643911835,0.0,0.0,0.0,1.549826045878202,26.572857142857146,0,2,0
15568,3,3,758.29,14.307358490566036,15.105624290175369,1.0557940726889377,1.3269230769230769,6.821882765377538,5.141129040574376,2.2849797733049058,14.307358490566036,3,1,3
15569,104,5,1375.71,44.37774193548388,69.79035099064805,1.572643130245538,7.566666666666666,36.59063695323817,4.835766998225308,1.900825575930937,44.37774193548388,3,2,2
15570,7,12,4148.82,13.005705329153605,7.936404025520139,0.6102248070875392,1.119496855345912,7.9860799872704495,7.1336332470561885,2.2466043016294965,13.005705329153605,3,1,3
15571,12,4,650.4300000000001,11.411052631578947,18.31895833792048,1.605369717358466,1.1607142857142858,6.157853184686676,5.305227359114674,1.855848750670659,11.411052631578947,3,2,3
15572,5,7,2533.42,11.95009433962264,17.149398093442272,1.4350847454467723,1.2843601895734598,11.33745129429882,8.827314476372882,2.3993353901491004,11.95009433962264,3,1,3
15573,32,2,591.1899999999999,6.094742268041236,6.907335486758429,1.13332692064407,0.5520833333333334,5.409289848646186,9.797958971132717,1.4542766433801069,6.094742268041236,2,2,3
15574,178,4,675.64,4.445,5.84154247977761,1.3141827851018244,1.2781456953642385,14.679309220985091,11.484848146988336,1.0500244091467124,4.445,2,2,2
15576,38,1,921.37,21.427209302325583,36.85762461183002,1.7201318235982186,0.0,0.0,0.0,2.1994803710253703,21.427209302325583,3,2,0
15577,151,3,258.88,6.637948717948718,6.96719689140595,1.04960089139691,4.052631578947368,24.98209885413743,6.164414002968977,1.3212981376188948,6.637948717948718,0,2,2
15578,162,1,127.1,9.776923076923076,14.370711177377054,1.4698603092517837,0.0,0.0,0.0,1.072016968563193,9.776923076923076,0,2,1
15579,69,2,327.6,6.825,4.888329131935334,0.7162387006498658,5.212765957446808,35.73692291698417,6.855654600401046,1.2729759139605124,6.825,0,0,2
15581,121,13,3675.77,25.176506849315068,208.00313352942203,8.261794806338704,1.6482758620689657,8.71344031629263,5.286396844612684,1.116069494309079,25.176506849315068,3,2,2
15582,25,3,682.9100000000001,15.52068181818182,5.710767633705067,0.3679456676326644,4.534883720930233,21.34785462312236,4.707475634842366,1.6895253171472944,15.52068181818182,2,0,3
15584,24,4,720.86,5.908688524590164,5.669177932567198,0.9594646779862916,1.1322314049586777,8.621622187616756,7.614717406581223,1.4720494343911026,5.908688524590164,2,2,3
15585,177,1,455.3,14.687096774193549,6.634818858893027,0.4517447498916842,0.0,0.0,0.0,1.856980663209544,14.687096774193549,1,0,1
15587,50,4,913.68,101.52,66.47217462968997,0.6547692536415483,37.625,72.39364119668443,1.924083486955068,1.310783678099714,101.52,0,0,2
15589,256,3,478.53,16.50103448275862,4.003868080483088,0.2426434587883927,1.9285714285714288,10.205040771249134,5.2915026221291805,1.7426026157539518,16.50103448275862,1,0,2
15592,47,1,388.58,16.190833333333334,10.913099793434,0.6740295307077462,0.0,0.0,0.0,1.8265904755029976,16.190833333333334,0,0,0
15593,71,1,199.8,39.96,34.60705130461132,0.8660423249402232,0.0,0.0,0.0,0.0,39.96,0,3,0
15594,16,5,1771.78,17.201747572815535,5.667186151595189,0.3294540934056736,2.1372549019607843,14.8777455013086,6.961146977676502,2.03389848307948,17.201747572815535,2,1,3
15596,101,5,1406.59,18.2674025974026,7.272557720383453,0.398116682522644,3.4473684210526314,16.259884982653563,4.71660785756363,2.1062781639053467,18.2674025974026,2,1,2
15597,35,1,324.57,14.753181818181815,6.032795598002036,0.4089148817082441,0.0,0.0,0.0,1.0712835199056294,14.753181818181815,0,0,0
15598,53,1,240.68,17.19142857142857,5.14596011396372,0.2993328967736915,0.0,0.0,0.0,1.6114722042607263,17.19142857142857,0,0,0
15599,27,2,761.74,14.648846153846154,6.695633535854207,0.4570758314706051,3.4705882352941178,24.78495748729577,7.1414284285428495,1.755213614321992,14.648846153846154,2,0,3
15601,11,14,6776.56,16.52819512195122,9.865907619918618,0.5969137916828942,0.8655256723716381,5.525254832198819,6.383698379574342,1.8578312060102788,16.52819512195122,2,1,3
15602,8,9,1297.87,28.214565217391307,21.418983761194617,0.7591463343901564,7.888888888888889,25.81597657390955,3.2724477347209286,2.200922918598688,28.214565217391307,3,1,3
15603,79,1,48.48,24.24,14.594683963690343,0.6020909225944862,0.0,0.0,0.0,0.0,24.24,0,3,0
15604,52,1,216.39,12.728823529411766,5.787905366314464,0.4547085873993525,0.0,0.0,0.0,1.14991713779093,12.728823529411766,0,0,0
15605,36,5,1198.23,17.88402985074627,5.997743024924861,0.3353686543234317,5.075757575757576,23.406317757300293,4.611393946214386,1.9525468223444984,17.88402985074627,2,1,3
15606,61,9,2920.16,37.92415584415584,21.88962481649633,0.5771947807209938,3.421052631578948,11.72036763689005,3.4259536169370914,1.5376349979584578,37.92415584415584,2,1,2
15607,337,1,104.76,8.05846153846154,5.1416629057044805,0.6380452250301474,0.0,0.0,0.0,1.118968866881627,8.05846153846154,1,3,1
15608,28,4,1093.68,18.228,12.666959395963303,0.6949176758812433,1.5423728813559323,8.730292158278957,5.660299311411631,2.0418827597367937,18.228,2,1,3
15609,184,1,298.48,18.655,6.130057095982059,0.3286012916634713,0.0,0.0,0.0,1.8407487285692807,18.655,1,0,1
15610,52,1,112.46,18.743333333333336,4.2631146673138725,0.227446985629408,0.0,0.0,0.0,1.5607104090414068,18.743333333333336,0,0,0
15611,10,13,1591.45,37.01046511627907,41.09893851910976,1.110468036269892,7.619047619047619,16.68788428764045,2.190284812752809,2.0569805109198214,37.01046511627907,3,1,3
15612,36,2,195.15,32.525,28.68286509398948,0.8818713326361101,5.0,11.180339887498947,2.2360679774997894,1.791759469228055,32.525,0,0,2
15615,10,23,10399.74,24.585673758865248,20.666841197390283,0.8406050369043928,0.8056872037914692,4.672166117013232,5.798982651116423,2.196762884308892,24.585673758865248,3,1,3
15618,33,4,776.851,17.263355555555556,5.481941996457572,0.3175478822072582,2.340909090909091,10.971301213489893,4.686769450422867,1.8992748926445344,17.263355555555556,2,1,3
15619,11,1,336.4,112.13333333333333,28.729311396783142,0.2562067009225607,0.0,0.0,0.0,1.0986122886681096,112.13333333333333,0,0,0
15620,57,3,1553.18,15.5318,5.059417737090291,0.325745743383915,3.04040404040404,21.36892612923537,7.028317896326584,1.9936716832135024,15.5318,2,1,2
15621,4,4,1293.03,80.814375,77.17350840530275,0.9549477850358028,1.0666666666666669,2.9146591730832085,2.732492974765508,1.9770061729088613,80.814375,3,1,3
15622,43,9,3709.56,20.051675675675675,7.820631570091488,0.3900238412283196,1.2880434782608696,9.7967692052782,7.605930522241303,2.0460375861509523,20.051675675675675,2,1,3
15623,141,1,301.03000000000003,15.843684210526318,3.497257990239267,0.220735148704601,0.0,0.0,0.0,1.864236936416466,15.843684210526318,0,0,1
15624,117,4,588.13,17.297941176470587,6.267041145844479,0.3622998298993629,4.181818181818182,14.988442517183335,3.584192775848189,1.8635509401506056,17.297941176470587,2,0,2
15625,104,4,1534.26,23.9728125,13.4479159261923,0.5609652987605146,2.0476190476190474,9.622602041344273,4.699410299261157,1.6703895652152057,23.9728125,2,1,2
15626,75,2,675.8,13.791836734693875,5.637759481637108,0.408775102989373,5.291666666666667,36.66174209354124,6.928203230275509,2.0552695530588605,13.791836734693875,2,1,2
15628,5,9,2870.24,18.51767741935484,8.18738456402056,0.4421388481183408,2.324675324675325,12.17459216312158,5.237115064583025,1.7162905014357612,18.51767741935484,2,1,3
15630,45,2,1186.35,19.7725,10.811884644976155,0.546814244277464,2.694915254237288,20.700036845950997,7.681145747868608,1.958963849356653,19.7725,2,1,3
15632,16,8,3285.31,19.67251497005988,14.115339631547345,0.7175157651693163,1.5421686746987953,7.852119891054751,5.091608991855815,2.1267902324266825,19.67251497005988,3,1,3
15634,17,1,243.55,16.236666666666668,4.603976024926199,0.2835542614407431,0.0,0.0,0.0,1.5124035237566442,16.236666666666668,0,0,0
15636,90,2,724.76,28.9904,17.700258114878814,0.6105558431369975,8.0,39.19183588453085,4.898979485566357,1.5869133610136417,28.9904,2,0,2
15637,53,1,223.36,14.890666666666668,7.206983187622036,0.4839933193693165,0.0,0.0,0.0,2.061112832579594,14.890666666666668,0,0,0
15639,134,1,425.32,17.0128,11.22038268806669,0.6595259268354822,0.0,0.0,0.0,1.4667813736119737,17.0128,0,0,1
15640,4,15,12416.11,26.084264705882354,30.02136961855661,1.1509379297084954,0.7578947368421053,5.242466544874502,6.917143357820524,2.326290438576792,26.084264705882354,3,1,3
15641,105,4,1887.2,15.858823529411763,8.152918181569952,0.5140935055144257,2.135593220338983,15.933577540365048,7.460960911758236,2.039765171730219,15.858823529411763,2,1,2
15643,192,3,664.0,20.12121212121212,13.038488878503076,0.6479971882388578,2.8125,15.909902576697318,5.65685424949238,1.9574471586833768,20.12121212121212,2,0,2
15644,166,4,803.54,3.4635344827586207,3.0491908668577525,0.8803697153981116,0.4025974025974026,5.860538052742716,14.556820324554486,1.450151714921904,3.4635344827586207,2,2,2
15645,19,1,612.01,11.769423076923076,13.535805301156987,1.150082311825237,0.0,0.0,0.0,2.021575211455371,11.769423076923076,0,2,0
15646,158,3,447.64,12.789714285714288,5.640284455547947,0.4410015993748952,6.294117647058823,25.936436768148475,4.1207422902665805,1.8962619139574604,12.789714285714288,2,0,2
15648,204,2,639.5,26.64583333333333,12.09970280506982,0.4540936158274835,2.6956521739130435,12.927893671538635,4.79583152331272,2.084201066726995,26.64583333333333,2,0,2
15649,336,2,816.0,408.0,144.2497833620557,0.3535533905932738,31.0,0.0,0.0,0.6931471805599453,408.0,1,3,2
15651,37,3,646.3,20.196875,17.920208890901588,0.8872763182869423,7.193548387096774,40.05198235197081,5.567764362830022,1.893842177567843,20.196875,2,1,3
15652,91,1,337.74,16.082857142857144,10.876822671560449,0.6762991534990507,0.0,0.0,0.0,1.9891507847431795,16.082857142857144,0,0,0
15653,93,2,877.44,146.24,207.9824084868718,1.4221991827603375,4.6,10.285912696499032,2.23606797749979,0.6365141682948128,146.24,0,2,2
15654,9,2,922.53,43.93,28.85075267649009,0.6567437440585042,0.8,3.577708763999663,4.472135954999579,2.227437653094697,43.93,2,1,3
15655,243,1,560.6700000000001,16.49029411764706,4.473092947495507,0.2712561046869767,0.0,0.0,0.0,1.2848787678241698,16.49029411764706,1,0,1
15656,45,4,748.5,15.925531914893616,5.025112505126297,0.3155381265743968,5.173913043478261,22.20640983322517,4.291995177850242,1.8808885243920568,15.925531914893616,2,1,3
15657,23,1,30.0,30.0,0.0,0.0,0.0,0.0,0.0,0.0,30.0,0,3,0
15658,190,5,1024.1,21.33541666666667,12.006819685979764,0.562764715288574,3.851063829787234,14.465819869465989,3.7563178666569135,1.6491388383934251,21.33541666666667,2,0,2
15659,44,1,306.45,27.85909090909091,10.705438295133415,0.3842709128616988,0.0,0.0,0.0,1.7677614722893296,27.85909090909091,0,0,0
15660,25,9,1600.86,17.787333333333333,8.476008680155266,0.4765193591032157,3.797752808988764,15.900385769534669,4.1867879689011405,1.8689501013739929,17.787333333333333,2,1,3
15661,317,2,309.8,61.96,78.52940850407572,1.2674210539715254,5.25,10.5,2.0,0.9502705392332348,61.96,1,3,2
15663,106,1,138.14,15.348888888888888,3.208116442885312,0.2090129432891835,0.0,0.0,0.0,1.1490596969706204,15.348888888888888,0,3,1
15664,51,1,386.43,22.731176470588235,10.2611609250324,0.4514135437868458,0.0,0.0,0.0,1.4811172559600023,22.731176470588235,0,0,0
15665,168,2,2222.21,19.323565217391305,11.137651898371844,0.5763766558123498,0.6491228070175439,6.930735005704535,10.67707825203131,2.241384660154396,19.323565217391305,2,1,2
15667,40,1,301.32000000000005,23.17846153846154,14.085894745071426,0.6077148270474197,0.0,0.0,0.0,0.6901856760188042,23.17846153846154,0,3,0
15668,218,1,76.32000000000001,76.32000000000001,0.0,0.0,0.0,0.0,0.0,0.0,76.32000000000001,1,3,1
15669,40,4,684.34,20.73757575757576,18.144984677298407,0.8749809953398127,6.9375,22.13002266663562,3.189913177172702,1.915688272066623,20.73757575757576,2,1,3
15670,297,1,173.05,14.420833333333334,3.5534527596622865,0.2464110552785174,0.0,0.0,0.0,1.583258459420477,14.420833333333334,1,3,1
15671,19,7,2657.13,34.065769230769234,49.59911796239277,1.4559811529983988,3.2337662337662336,15.775477391972464,4.878360478642088,1.9130184588984327,34.065769230769234,3,2,3
15673,88,4,2726.23,19.755289855072466,16.357989284108857,0.8280308415676675,1.72992700729927,12.128905465405794,7.011223834432885,2.334083257330541,19.755289855072466,3,1,2
15674,73,5,2446.6,21.46140350877193,30.66048931593195,1.4286339336288083,1.592920353982301,13.50901628023563,8.480660220370146,2.1533303259534056,21.46140350877193,3,1,2
15675,81,3,323.69,15.413809523809524,6.491732030968681,0.4211633743715972,9.9,31.617616675052005,3.193698654045657,2.3345491092125648,15.413809523809524,2,0,2
15676,19,3,3435.76,17.00871287128713,8.332475239008469,0.4898945206532792,1.3134328358208955,17.523306441899496,13.341608313718934,2.175441637189539,17.00871287128713,2,1,3
15677,49,1,657.23,19.916060606060608,8.322299839660435,0.41786877456719,0.0,0.0,0.0,1.7559095184317657,19.916060606060608,0,0,0
15678,53,1,352.7,29.391666666666666,15.073423833376614,0.5128468556861905,0.0,0.0,0.0,1.8200759753606215,29.391666666666666,0,0,0
15679,24,4,781.28,7.102545454545455,6.024619282404071,0.8482338227836983,1.4403669724770642,12.155955096516632,8.439484748537025,2.54328466785997,7.102545454545455,3,1,3
15680,9,3,1333.68,17.09846153846154,8.864148434707502,0.5184178947777467,4.6103896103896105,37.14982320711487,8.057848977317873,2.115795183175078,17.09846153846154,2,1,3
15681,25,5,1426.16,26.90867924528302,16.11513168968554,0.5988822990080591,4.884615384615385,25.126077263924422,5.143921329622322,1.4029087058915917,26.90867924528302,2,1,3
15683,117,1,193.75,19.375,8.136517477807482,0.4199492891771603,0.0,0.0,0.0,1.4978661367769954,19.375,0,3,1
15687,9,9,2993.1,18.030722891566263,5.590371220531923,0.310046982261969,1.9212121212121207,12.015735556378884,6.254247213888064,2.066995578302387,18.030722891566263,2,1,3
15689,120,2,254.1,28.23333333333333,21.963833909406617,0.7779398078892544,30.125,85.20636713297898,2.8284271247461903,1.1490596969706204,28.23333333333333,0,0,2
15690,4,2,239.76,12.618947368421052,9.271398009611689,0.7347203961570823,5.333333333333333,22.62741699796952,4.242640687119286,1.1137712633489112,12.618947368421052,0,3,2
15691,252,1,136.8,68.4,33.092597359530416,0.4838099029171113,0.0,0.0,0.0,0.0,68.4,1,3,1
15692,28,1,191.04,15.92,5.571538060862222,0.3499709837225014,0.0,0.0,0.0,1.0281838593329258,15.92,0,3,0
15694,1,14,6479.4,83.06923076923077,82.44423295447987,0.9924761815059155,4.766233766233766,15.914157966626432,3.3389377750142657,2.4860261347482946,83.06923076923077,3,1,3
15695,267,2,409.98,18.635454545454547,5.969843841997503,0.3203487109711329,0.0,0.0,0.0,1.577489420011312,18.635454545454547,1,0,2
15696,33,8,2711.11,16.137559523809525,7.383224430453654,0.4575180292633695,1.7305389221556886,12.087251636226153,6.984674820933451,2.165584198270397,16.137559523809525,2,1,3
15699,18,1,309.65,17.202777777777776,4.543237774662931,0.2640990794249403,0.0,0.0,0.0,1.7249347863977138,17.202777777777776,0,0,0
15700,172,2,696.68,8.10093023255814,6.137680080579782,0.7576512702099404,0.0117647058823529,0.108465228909328,9.219544457292889,1.663505756456425,8.10093023255814,2,2,2
15701,2,4,1529.0,6.647826086956521,5.352830746454616,0.8052001776877448,0.4672489082969432,4.967881209740095,10.632194364770855,1.81979846618546,6.647826086956521,2,1,3
15703,265,1,211.5,42.3,37.03390338595163,0.8755059902116226,0.0,0.0,0.0,0.5004024235381879,42.3,1,3,1
15704,140,4,2293.62,19.603589743589744,18.212743949637744,0.9290514741359144,0.6379310344827587,4.9806522215192,7.807508887786852,2.3275663155591038,19.603589743589744,3,1,2
15705,201,1,143.1,23.85,17.768258215143096,0.7450003444504443,0.0,0.0,0.0,0.8675632284814613,23.85,1,3,1
15706,64,4,1060.56,19.28290909090909,13.238571965161793,0.6865443332615775,0.925925925925926,5.585871165150052,6.032740858362056,1.82476239871406,19.28290909090909,2,1,2
15707,35,4,916.98,4.473073170731707,4.314551509138807,0.9645609057705244,0.2401960784313725,2.130277153222368,8.868908964435981,1.6031647570144871,4.473073170731707,2,1,3
15708,41,7,3235.25,11.8507326007326,9.80332721382506,0.8272338549955155,1.1985294117647058,9.073964095016894,7.570914827744157,2.0307469220308465,11.8507326007326,3,1,3
15709,284,1,133.25,22.20833333333333,8.54085807554877,0.3845789752592317,0.0,0.0,0.0,1.791759469228055,22.20833333333333,1,3,1
15712,9,5,1072.36,20.233207547169812,16.796748858219427,0.830157493272436,5.326923076923077,19.78187044215095,3.7135641263243664,1.9207146459696065,20.233207547169812,2,1,3
15713,143,2,356.7,18.77368421052632,10.197260095255608,0.5431677650963178,12.333333333333334,52.32590180780452,4.242640687119286,1.995921784715989,18.77368421052632,2,0,2
15714,12,2,330.03000000000003,9.706764705882351,9.45236469390572,0.9737914722685648,2.0,11.48912529307606,5.7445626465380295,1.7186523618102267,9.706764705882351,2,1,3
15716,146,4,1101.11,9.41119658119658,12.344877631157956,1.3117224281365902,1.913793103448276,12.569506901550511,6.567850453062429,2.141989242325132,9.41119658119658,3,2,2
15717,234,1,150.3,21.47142857142857,9.458103101875889,0.4404971504533015,0.0,0.0,0.0,0.7963116401738131,21.47142857142857,1,3,1
15719,33,13,5030.07,5.402867883995703,4.827489679440777,0.8935050390072831,0.3225806451612903,2.891140434184054,8.962535345970569,1.7892253214705252,5.402867883995703,3,1,3
15720,24,1,598.73,4.677578125,6.402682969384543,1.3688029998183178,0.0,0.0,0.0,1.3632634363907266,4.677578125,0,2,0
15721,12,1,471.4,5.611904761904762,8.61817559260876,1.535695268941739,0.0,0.0,0.0,1.636511877353081,5.611904761904762,0,2,0
15722,36,5,2211.21,33.00313432835821,35.77322675057911,1.0839342225699056,3.8333333333333335,17.908814618104714,4.671864682983838,2.257417297549466,33.00313432835821,3,1,3
15723,365,1,190.7,5.018421052631579,6.099251405690299,1.215372592638864,0.0,0.0,0.0,1.1695617499388034,5.018421052631579,1,3,1
15724,201,2,218.25,19.84090909090909,8.55922946829381,0.4313930087112573,8.3,26.24690457939755,3.1622776601683795,1.6417347121875214,19.84090909090909,1,0,2
15725,15,1,415.25,12.9765625,6.269245779288688,0.4831206861823913,0.0,0.0,0.0,1.7568280351985093,12.9765625,0,0,0
15727,17,7,5159.06,17.139734219269105,22.14139849382732,1.2918169097940364,1.13,8.554747943369339,7.570573401211805,2.484708593487668,17.139734219269105,3,1,3
15729,213,1,85.0,17.0,3.4641016151377544,0.2037706832433973,0.0,0.0,0.0,0.5004024235381879,17.0,1,3,1
15730,66,3,1120.88,16.01257142857143,4.87497742416602,0.3044468807469322,2.028985507246377,14.031446840089496,6.915498799758395,1.9318392573303975,16.01257142857143,2,1,2
15732,212,2,294.12,21.00857142857143,9.274884910870329,0.4414809899095083,12.23076923076923,44.09866559990572,3.6055512754639896,1.767194997791675,21.00857142857143,1,0,2
15733,283,1,162.3,16.23,2.134400774612552,0.1315095979428559,0.0,0.0,0.0,1.0888999753452238,16.23,1,3,1
15734,115,2,1339.45,51.517307692307696,61.25544609633938,1.189026539628074,3.4,17.0,5.0,1.8848713335781608,51.517307692307696,3,2,2
15737,15,8,1188.12,16.734084507042255,5.184255994964752,0.3098021880302472,3.2285714285714286,12.829056048245596,3.97360143087253,2.1100529680917206,16.734084507042255,2,1,3
15738,19,16,4812.42,27.81745664739885,20.25481548843369,0.728133263409891,2.005813953488372,7.371905807865296,3.675268982471974,2.416005532268625,27.81745664739885,3,1,3
15739,66,1,449.12,56.14,33.58585416510945,0.598251766389552,0.0,0.0,0.0,1.559581156259877,56.14,0,0,0
15740,49,1,154.88,17.20888888888889,6.566925544812512,0.3816007870823386,0.0,0.0,0.0,1.2730283365896258,17.20888888888889,0,0,0
15743,16,4,775.96,9.022790697674418,6.4037109923328215,0.7097262041092617,1.9764705882352944,11.404861610179184,5.770316886102563,1.4840926075443537,9.022790697674418,2,1,3
15744,78,1,34.8,11.6,4.018357873559794,0.3464101615137753,0.0,0.0,0.0,0.6365141682948128,11.6,0,3,0
15745,19,4,1094.59,17.65467741935484,7.799565922713935,0.4417846748172959,3.540983606557377,21.321017619938477,6.021213309334477,2.0164333340026905,17.65467741935484,2,1,3
15746,134,1,196.88,7.031428571428571,4.8285752168045,0.6867132571643945,0.0,0.0,0.0,1.9237825890709128,7.031428571428571,0,0,1
15747,13,3,946.64,10.518222222222224,12.683606829181256,1.2058698286849414,1.7865168539325842,12.553948953247158,7.027053187666648,1.8812615600583824,10.518222222222224,3,1,3
15748,40,1,144.36,7.218000000000001,4.204722407759612,0.5825328910722654,0.0,0.0,0.0,1.496415934940139,7.218000000000001,0,0,0
15749,235,3,44534.3,4453.43,1290.3059422305844,0.2897330691692885,10.77777777777778,32.33333333333333,3.0,1.6094379124341005,4453.43,1,0,2
15750,3,8,2463.05,8.464089347079039,6.338440152309032,0.7488626233011625,1.2448275862068965,10.251443858366647,8.23523190838318,2.2089262340976026,8.464089347079039,3,1,3
15752,40,7,2626.6,6.485432098765432,5.049807821405239,0.7786386079605278,0.8143564356435643,7.663693647922917,9.410736272829356,2.1163911795954258,6.485432098765432,3,1,3
15753,305,1,79.2,79.2,0.0,0.0,0.0,0.0,0.0,0.0,79.2,1,3,1
15754,51,3,458.57,16.3775,2.92672693559812,0.1787041328406728,7.185185185185185,33.20917046312664,4.621894858270203,1.4570283439678586,16.3775,2,0,3
15755,10,6,2364.25,16.7677304964539,5.845451634609883,0.3486131671692898,2.0142857142857142,13.021280708313084,6.464465599871744,2.0347104724792926,16.7677304964539,2,1,3
15756,61,4,528.01,2.764450261780105,2.1121427350061843,0.7640371629063487,0.9842105263157894,8.291307563916883,8.424323193284534,0.5597899003459691,2.764450261780105,0,2,2
15757,66,2,714.42,15.876,6.250808456802716,0.3937269121190927,3.4545454545454546,22.914862187910032,6.633249580710799,2.133171021297707,15.876,2,1,2
15758,25,1,205.25,22.80555555555556,7.722873673560755,0.3386400149186201,0.0,0.0,0.0,1.2148896539491203,22.80555555555556,0,0,0
15759,218,3,253.04,36.14857142857143,24.646186607378315,0.6818025065272217,23.166666666666668,36.29003536326008,1.5664763466155427,1.078992207877583,36.14857142857143,1,3,2
15762,65,2,583.75,15.777027027027026,4.285190819597228,0.2716095251821797,0.3333333333333333,2.0000000000000004,6.000000000000002,2.0530506003292928,15.777027027027026,2,1,2
15763,32,2,1086.92,17.818360655737706,8.975876406666908,0.5037431097106331,0.75,5.809475019311125,7.745966692414833,1.664708214315822,17.818360655737706,2,1,3
15764,88,6,3279.9700000000003,18.22205555555556,15.088095336746491,0.8280128051824768,1.0502793296089383,9.043138651105028,8.610222439084042,2.085050477858122,18.22205555555556,3,1,2
15766,64,1,315.06,28.64181818181818,21.420811290976737,0.7478858763433762,0.0,0.0,0.0,1.2406842919533958,28.64181818181818,0,0,0
15768,116,3,621.83,23.030740740740743,45.5274065325936,1.9768103442742015,4.230769230769231,17.621141148762625,4.164996998798439,1.9950041002960384,23.030740740740743,3,2,2
15769,7,26,56252.72,432.7132307692308,304.2656703937842,0.7031577699921345,2.744186046511628,8.124306768279757,2.96055246640703,2.402139969301384,432.7132307692308,3,1,3
15773,6,1,635.6800000000001,63.568000000000005,149.4067641485262,2.350345522094862,0.0,0.0,0.0,1.4978661367769954,63.568000000000005,0,2,0
15774,69,1,270.8,10.832,6.154467889265488,0.5681746574284978,0.0,0.0,0.0,1.604152565775503,10.832,0,0,0
15775,245,1,104.9,14.985714285714286,2.391950787835857,0.1596154005228884,0.0,0.0,0.0,0.7963116401738131,14.985714285714286,1,3,1
15776,133,1,241.62,13.423333333333334,4.942980763014298,0.3682379510564413,0.0,0.0,0.0,1.952138209415365,13.423333333333334,0,0,1
15777,241,4,1047.11,49.86238095238096,65.11514085869446,1.305897143597696,5.95,19.08009433938941,3.2067385444351952,2.265238831585811,49.86238095238096,3,2,2
15780,184,3,475.28,16.38896551724138,5.202449522530975,0.3174361137716677,6.178571428571429,23.888713546790985,3.8663813832956495,1.882073459968706,16.38896551724138,2,0,2
15781,25,3,345.46000000000004,17.273000000000003,5.676464893242144,0.3286322522574041,14.736842105263158,45.11816843364785,3.061590000854676,1.5671808548329902,17.273000000000003,0,0,3
15782,10,3,2614.74,60.80790697674418,34.68048364015343,0.5703285208191246,1.880952380952381,8.51455677763842,4.526726388111565,2.084120840228655,60.80790697674418,2,1,2
15783,11,1,246.3,17.592857142857145,5.847648348592039,0.332387644662154,0.0,0.0,0.0,1.767194997791675,17.592857142857145,0,0,0
15785,33,5,2328.9700000000003,28.059879518072293,28.313924846781827,1.0090536856562735,3.1951219512195124,17.886086063650215,5.597935332898159,2.4411119472482183,28.059879518072293,3,1,3
15786,46,3,4919.0,18.49248120300752,9.056968288291452,0.489764904388194,0.2566037735849056,4.177206794470867,16.278820596099703,1.957491219043462,18.49248120300752,2,1,3
15787,26,3,933.26,4.6663,4.660266271211654,0.9987069565205096,0.1758793969849246,2.481084217529176,14.106735979665885,1.5912371389631652,4.6663,2,2,3
15789,358,1,351.3,14.052,4.609323883897362,0.3280190637558612,0.0,0.0,0.0,1.7460929019843046,14.052,1,0,1
15790,10,1,218.75,6.4338235294117645,5.230814302854264,0.813017994500777,0.0,0.0,0.0,1.38128852666744,6.4338235294117645,0,0,0
15791,44,2,1612.69,21.502533333333336,11.689446856879922,0.5436311468825342,2.1621621621621623,18.599622199011083,8.602325267042625,1.9970721459393088,21.502533333333336,2,1,3
15793,15,3,965.61,80.4675,53.440131859697146,0.6641206929468064,23.0,68.70080057757697,2.9869913294598684,1.6326309271543518,80.4675,2,1,3
15795,150,1,610.01,14.524047619047618,5.576673569004921,0.3839613939086354,0.0,0.0,0.0,1.9160744259163915,14.524047619047618,1,0,1
15796,1,8,2708.61,20.519772727272727,13.266478243532486,0.6465216949454843,2.2748091603053435,11.6724879920623,5.131194385772353,1.785208924253502,20.519772727272727,2,1,3
15797,113,4,2207.4,275.925,120.6319520572508,0.437191091989674,29.285714285714285,45.6315471492924,1.5581503904636431,1.2130075659799042,275.925,2,0,2
15799,76,3,884.14,9.021836734693878,7.773863340116137,0.8616719154561285,2.6597938144329896,18.651344119313347,7.012327052610057,2.648976737625905,9.021836734693878,3,1,2
15800,107,2,696.89,5.956324786324786,5.806354515156086,0.9748216766968416,1.1982758620689655,12.905826003305108,10.770329614269013,1.5087129349301107,5.956324786324786,2,2,2
15801,46,3,1063.95,16.62421875,5.9630877280965935,0.3586988247550937,0.984126984126984,6.361405970310245,6.464009292412023,1.9561245640612213,16.62421875,2,1,3
15802,143,1,451.42,451.42,0.0,0.0,0.0,0.0,0.0,0.0,451.42,0,3,1
15803,51,1,415.8200000000001,51.977500000000006,35.83669219030765,0.6894654839172266,0.0,0.0,0.0,1.4941751382893085,51.977500000000006,0,0,0
15804,1,13,4206.39,16.05492366412214,15.505313283918666,0.9657668643151704,0.7394636015325671,4.072555200978398,5.507445116349025,2.217408440477929,16.05492366412214,3,1,3
15805,23,17,5488.18,18.355117056856187,11.677357438564457,0.6361908454407058,1.1308724832214765,7.51785662671077,6.647837610563234,2.221309279274676,18.355117056856187,3,1,3
15806,46,3,784.58,25.30903225806452,27.73621235314809,1.095901734619275,7.666666666666667,29.195338944632137,3.808087688430279,2.026771046065245,25.30903225806452,3,1,3
15807,50,3,903.9,18.83125,9.782012068403054,0.5194563328723826,0.5531914893617021,3.7924897789452574,6.855654600401044,1.5555210002586022,18.83125,2,1,3
15808,306,4,3651.27,18.72446153846154,16.456425251369918,0.878873083616696,0.3195876288659793,2.835914713862552,8.873668620795728,2.4065594863188022,18.72446153846154,3,1,2
15809,36,5,515.77,14.736285714285714,4.005651952307541,0.2718223594446438,7.794117647058823,27.53485880112446,3.532774336748044,1.7912408297364248,14.736285714285714,2,0,3
15810,79,4,1391.98,15.640224719101123,6.258981724023067,0.4001848973678163,2.4545454545454546,13.37686207118371,5.449832695667437,1.9218660759081705,15.640224719101123,2,1,2
15811,22,6,2218.62,16.681353383458646,5.897724366222253,0.3535519109660778,2.575757575757576,14.569717215067744,5.656478448202772,2.077285874016803,16.681353383458646,2,1,3
15812,107,5,1801.14,43.930243902439024,68.32244790286005,1.5552485448200928,5.225,16.335406723449307,3.126393631282164,2.3055667718255872,43.930243902439024,3,2,2
15813,208,2,1303.91,32.59775,33.77057089997526,1.035978584410742,0.7948717948717948,4.963972767957701,6.244997998398398,2.2807790125245733,32.59775,2,2,2
15814,17,4,1945.33,27.018472222222226,25.544746636669,0.9454548882915328,0.4507042253521127,2.7139256353343124,6.021522503398005,2.327973495935764,27.018472222222226,3,1,3
15815,64,5,2100.6,42.86938775510204,44.4814757515307,1.0376046423997929,4.0625,15.616966019671503,3.844176250996063,2.400024523924972,42.86938775510204,3,1,2
15819,49,4,1905.45,15.491463414634149,6.570335056821413,0.4241261707150719,1.852459016393443,11.746405907957753,6.340980180401972,1.8652363233481732,15.491463414634149,2,1,3
15820,320,1,206.98,12.175294117647056,20.842552662056253,1.7118726217748397,0.0,0.0,0.0,1.7582428597165525,12.175294117647056,1,2,1
15821,44,2,570.96,9.209032258064516,6.07488911311534,0.6596663952170924,0.2786885245901639,2.176626958859232,7.810249675906656,1.7241919433401849,9.209032258064516,2,1,3
15822,3,2,885.47,26.83242424242424,16.02232544574582,0.5971255262285703,11.125,62.93250352560273,5.656854249492381,2.219562681341693,26.83242424242424,2,1,3
15823,372,1,15.0,15.0,0.0,0.0,0.0,0.0,0.0,0.0,15.0,1,3,1
15825,172,1,532.94,26.647,54.2666823343656,2.036502508138462,0.0,0.0,0.0,1.400138654928281,26.647,0,2,1
15826,56,3,1654.31,24.32808823529412,14.55632521460318,0.5983341179059646,2.298507462686567,18.814094430871,8.185352771872449,1.9510568698538244,24.32808823529412,2,1,3
15827,73,14,1836.09,15.966,4.683026424357232,0.2933124404583009,2.587719298245614,9.631081141590885,3.7218415259029176,2.059729649948614,15.966,2,1,2
15829,99,2,636.14,12.473333333333333,6.675794684280416,0.5352053461475481,0.82,5.798275605729689,7.071067811865475,1.656318536366658,12.473333333333333,2,0,2
15830,38,1,576.0,14.76923076923077,6.05319723461359,0.4098518960936284,0.0,0.0,0.0,1.854227941312508,14.76923076923077,0,0,0
15831,58,3,794.64,12.04,13.899044792857032,1.1544057136924446,4.061538461538461,25.846226104523534,6.363654154522841,2.176409356146228,12.04,3,1,2
15832,254,1,836.79,15.49611111111111,3.866734967408047,0.2495293780279813,0.0,0.0,0.0,1.5636751518996068,15.49611111111111,1,0,1
15834,70,4,2225.15,8.271933085501859,12.472547555246845,1.5078153348589536,0.7686567164179104,8.90811537515909,11.589198643410857,1.81785270875922,8.271933085501859,3,2,2
15835,44,4,954.09,19.0818,8.433362969752448,0.4419584614529262,5.816326530612245,23.61820755034464,4.06067428058557,1.832939565054973,19.0818,2,0,3
15836,50,1,137.37,13.737,4.573974809239285,0.3329675190535986,0.0,0.0,0.0,1.3592367006650063,13.737,0,0,0
15837,65,1,391.98,16.3325,4.696048523932694,0.2875278447226508,0.0,0.0,0.0,2.185567343754036,16.3325,2,0,0
15838,11,19,33643.08,201.45556886227547,237.2564972172796,1.1777112866980577,2.1144578313253013,8.15784630714126,3.858126743548288,2.6210383274379234,201.45556886227547,3,1,3
15839,33,3,1048.49,16.911129032258064,6.502331764568797,0.3845001568000318,1.8688524590163933,10.39627402780449,5.56291855873749,2.089093090632272,16.911129032258064,2,1,3
15840,59,2,355.56,13.168888888888889,5.525627241341603,0.419597073675957,4.346153846153846,22.161123270614794,5.099019513592785,2.242778146140029,13.168888888888889,2,0,2
15841,73,4,1224.06,26.04382978723404,30.870021658362816,1.1853103752618763,5.739130434782608,25.91218913742565,4.515002652733257,1.922474686880871,26.04382978723404,3,1,2
15843,304,1,118.95,14.86875,2.4938406267098503,0.1677236234861606,0.0,0.0,0.0,1.0821955300387671,14.86875,1,3,1
15844,46,1,130.73999999999998,11.885454545454545,4.666322671304169,0.3926078429275345,0.0,0.0,0.0,0.6001660731596457,11.885454545454545,0,3,0
15845,18,8,3711.77,26.89688405797101,14.38781798183554,0.5349250846613083,2.2992700729927007,10.747342327773309,4.674240948904582,2.017618122945071,26.89688405797101,2,1,3
15847,38,2,389.27,17.694090909090907,10.573058150696449,0.5975474074943404,11.857142857142858,54.3362546687621,4.58257569495584,2.074489732990498,17.694090909090907,2,1,3
15850,19,2,234.88,2.525591397849462,2.519134367528721,0.9974433590777037,1.608695652173913,15.430066640223531,9.591663046625438,1.1730203722802486,2.525591397849462,0,2,3
15852,187,2,160.71,7.305000000000001,12.59480268848642,1.7241345227223026,0.4761904761904761,2.182178902359924,4.58257569495584,0.9977832779091834,7.305000000000001,1,2,2
15853,52,1,110.8,3.693333333333333,3.0369816382823864,0.8222874471883718,0.0,0.0,0.0,1.3769848721712772,3.693333333333333,0,0,0
15854,4,12,2969.12,21.51536231884058,40.66567657530883,1.890076307927136,2.56934306569343,11.257543627979077,4.381487150662311,1.9839754792113533,21.51536231884058,3,1,3
15855,137,5,712.24,8.903,6.610955885612836,0.7425537330801792,1.5949367088607596,7.317907413065518,4.588211790731554,2.269302862549212,8.903,2,1,2
15856,4,27,16143.64,25.706433121019103,35.7473909780664,1.3906009756303843,0.5582137161084529,4.070980680997049,7.292871105671856,2.716985668954406,25.706433121019103,3,1,3
15857,19,1,297.0,21.214285714285715,18.757679745921383,0.8842003920636343,0.0,0.0,0.0,1.376055285260417,21.214285714285715,0,0,0
15858,16,5,1427.57,7.59345744680851,10.327818684711492,1.360094365057938,1.8663101604278076,16.724146755484487,8.961075768697992,1.9812628913303003,7.59345744680851,3,2,3
15860,41,8,965.16,6.943597122302158,6.766705683530788,0.9745245244423512,2.340579710144928,13.025800549427048,5.565202711519915,1.665250432448102,6.943597122302158,3,2,3
15861,12,8,3146.92,5.82762962962963,8.13653648125594,1.3961999986902136,0.4693877551020408,6.909430667742496,14.720091422581838,2.015440588227193,5.82762962962963,3,2,3
15862,8,4,832.88,5.665850340136054,6.137081078919306,1.0831703469901282,2.493150684931507,17.95136977785471,7.200274691117548,1.6406505555278947,5.665850340136054,3,2,3
15863,26,2,68.84,3.824444444444445,2.961492513665488,0.7743588792268853,9.823529411764708,40.50344938106761,4.123105625617661,0.2145591551764051,3.824444444444445,0,3,2
15864,22,6,1936.32,96.816,67.50724361913046,0.6972736285234926,15.36842105263158,35.96326911094428,2.340075729821717,2.1774844871094983,96.816,2,1,3
15865,41,3,895.13,22.37825,16.05268184120248,0.7173341007988775,4.410256410256411,21.10215497690617,4.784790954065934,2.046418624349676,22.37825,2,1,3
15866,101,1,211.89,4.927674418604651,4.0851227394332685,0.8290163660183612,0.0,0.0,0.0,0.7705939474263728,4.927674418604651,0,3,1
15867,5,15,3810.14,8.300958605664487,7.545502778443957,0.9089917366043706,0.7816593886462883,4.96688507515658,6.354283140842775,1.6975997597328836,8.300958605664487,3,1,3
15869,277,2,149.64,9.976,7.16055145522027,0.7177778122714786,0.0,0.0,0.0,1.8989267893363289,9.976,1,0,2
15870,33,1,351.44,4.749189189189189,3.864982148058776,0.8138193687581079,0.0,0.0,0.0,1.925938878270239,4.749189189189189,0,0,0
15872,15,2,316.25,2.928240740740741,2.9733265390564467,1.015396889227182,0.0,0.0,0.0,0.9422613792101244,2.928240740740741,0,3,2
15874,64,7,4405.88,36.71566666666667,47.40923353906816,1.2912535122809017,1.831932773109244,11.546016502681262,6.302642035867295,2.721038978974593,36.71566666666667,3,1,2
15877,2,2,490.33,3.891507936507936,6.258976410559199,1.608367890462462,0.128,1.4310835055998652,11.180339887498947,1.2596472664526883,3.891507936507936,3,2,3
15880,369,1,329.03,3.427395833333333,3.954943407617376,1.1539208191692796,0.0,0.0,0.0,1.04573589872823,3.427395833333333,1,3,1
15881,312,5,501.39,17.289310344827587,26.72346600315301,1.545664082034818,1.8214285714285716,9.253842330815772,5.080540887506698,1.6761389064361043,17.289310344827587,1,2,2
15882,199,4,516.36,22.450434782608696,19.642112337401464,0.8749101087617819,7.681818181818182,36.030921064098166,4.69041575982343,2.042592104175593,22.450434782608696,2,0,2
15883,2,2,396.48,8.091428571428573,6.833063612563059,0.8444817317786265,0.6458333333333334,4.474464586219599,6.928203230275508,1.6983607176200364,8.091428571428573,2,1,3
15885,93,3,379.35,21.075000000000003,8.601201181504003,0.4081234249823963,12.647058823529411,52.14515938281159,4.123105625617661,1.878967493188813,21.075000000000003,2,0,2
15886,60,1,181.09,15.090833333333334,16.80787989352469,1.1137807649361988,0.0,0.0,0.0,1.7917594692280554,15.090833333333334,0,0,0
15888,81,1,168.31,14.025833333333331,21.43181087599092,1.5280240657827282,0.0,0.0,0.0,1.6762349391347309,14.025833333333331,0,2,1
15889,157,2,420.07,4.942,4.692761599375301,0.9495673005615743,2.523809523809524,23.1310963650152,9.16515138991168,1.4370585159649525,4.942,2,2,2
15891,227,1,511.68,8.528,7.4775251502673905,0.876820491354056,0.0,0.0,0.0,2.0361657245671503,8.528,1,0,1
15894,253,2,258.25,6.97972972972973,12.741803135629867,1.8255439148821109,3.1944444444444446,19.166666666666664,5.999999999999999,1.5584908011204712,6.97972972972973,1,2,2
15895,150,1,179.17,16.288181818181815,40.50159350400471,2.486563200000289,0.0,0.0,0.0,0.8855741515766717,16.288181818181815,0,2,1
15897,194,2,208.59,9.481363636363636,22.917610673984512,2.417121793123636,0.0,0.0,0.0,1.6096120660994164,9.481363636363636,1,2,2
15898,1,5,1383.83,16.474166666666665,35.15566125923814,2.1339872280381287,4.397590361445783,27.22845523731814,6.191676122458646,2.2413808117184457,16.474166666666665,3,1,3
15899,369,1,56.25,14.0625,4.262897097827564,0.303139349178849,0.0,0.0,0.0,1.039720770839918,14.0625,1,3,1
15900,24,1,337.28000000000003,7.176170212765958,6.091867191874858,0.8489022711637758,0.0,0.0,0.0,1.8832522123126028,7.176170212765958,0,0,0
15901,17,3,351.73,3.168738738738739,2.874852444313721,0.9072544887238024,1.2545454545454546,9.324365205671684,7.43246501901366,1.435622556074348,3.168738738738739,2,2,3
15903,10,7,5126.76,69.28054054054054,66.74122834760873,0.963347396352286,3.863013698630137,19.7049874316216,5.100936462795662,1.2016709532741647,69.28054054054054,3,1,2
15904,8,1,164.68,5.489333333333334,5.770402444181523,1.0512027770551715,0.0,0.0,0.0,1.5329207293727296,5.489333333333334,0,2,0
15906,20,7,1567.69,10.451266666666667,9.53128295459884,0.91197395096596,1.563758389261745,9.869638228022374,6.311485390452076,1.951060520110152,10.451266666666667,3,1,3
15907,4,3,882.72,3.905840707964602,4.420612873681399,1.1317954837910054,0.9111111111111112,11.666156451428485,12.8043180564459,1.2253369602853763,3.905840707964602,2,2,3
15909,174,1,191.94,27.42,23.99797491456311,0.8751996686565686,0.0,0.0,0.0,0.9556998911125344,27.42,1,3,1
15910,1,8,1228.88,4.619849624060151,3.7568399978911233,0.8131952993286885,1.181132075471698,8.497171022182458,7.194090482039462,2.005864876156544,4.619849624060151,3,2,3
15912,178,2,264.62,13.927368421052632,11.909131809995063,0.8550884452796697,3.0,12.727922061357855,4.242640687119285,2.0592293789763123,13.927368421052632,1,0,2
15916,16,8,1502.86,9.95271523178808,8.515435470076275,0.8555891806166359,2.313333333333333,13.126200381882198,5.6741500209865405,2.1348381189044825,9.95271523178808,3,1,3
15917,248,1,123.1,10.258333333333333,8.055512887382644,0.7852652692818175,0.0,0.0,0.0,1.4241299173467734,10.258333333333333,1,0,1
15918,191,2,334.23,8.35575,7.600601152844123,0.9096252464284024,2.051282051282051,12.810252304406973,6.244997998398399,1.6618522247515826,8.35575,1,2,2
15919,20,2,525.69,4.308934426229508,3.7902268423309056,0.8796204507682673,2.884297520661157,31.727272727272734,11.000000000000002,1.2475270254955573,4.308934426229508,2,2,3
15920,154,4,167.5,2.7916666666666665,2.012346776284495,0.7208406362810131,0.0,0.0,0.0,0.7991859280391111,2.7916666666666665,0,3,2
15921,173,1,323.03000000000003,13.459583333333336,17.63435369537606,1.3101708469461828,0.0,0.0,0.0,1.870194487483377,13.459583333333336,1,0,1
15922,373,1,369.5,33.59090909090909,17.00185016669977,0.5061443892657577,0.0,0.0,0.0,1.515707952085713,33.59090909090909,1,0,1
15923,373,1,127.08,6.051428571428572,4.855696948651435,0.8024050670576025,0.0,0.0,0.0,1.5270526643698823,6.051428571428572,1,0,1
15925,194,1,207.15,17.2625,10.558002673543204,0.6116149267802002,0.0,0.0,0.0,1.3522093992338284,17.2625,1,3,1
15930,67,1,426.63,20.31571428571429,6.422272628461496,0.3161233977865865,0.0,0.0,0.0,1.6576995541557231,20.31571428571429,0,0,0
15932,4,8,2495.87,21.703217391304342,20.805847379321627,0.9586526736656906,2.473684210526316,11.20620129073278,4.5301664792324,1.956106221214963,21.703217391304342,3,1,3
15933,21,3,1107.46,14.965675675675676,6.561754710416581,0.4384536223166769,0.8767123287671232,5.974355394051247,6.814499121339704,1.877542184480647,14.965675675675676,2,1,3
15935,239,2,416.86,34.73833333333334,86.47375869258975,2.489289220148436,0.1818181818181818,0.6030226891555273,3.3166247903554,0.8369882167858358,34.73833333333334,1,2,2
15937,64,1,145.35000000000002,20.76428571428572,5.95599937637913,0.2868386352573368,0.0,0.0,0.0,1.1537419427010902,20.76428571428572,0,3,0
15938,112,5,404.58,22.47666666666667,14.035652502697213,0.6244543601971174,12.294117647058824,26.32670864797372,2.1414069235193933,1.8422068775305656,22.47666666666667,2,0,2
15939,90,15,6115.01,80.46065789473684,78.65882630424511,0.9776060544664078,3.1466666666666665,8.106876182688461,2.5763377699221808,2.507432594849376,80.46065789473684,3,1,2
15940,311,1,35.8,35.8,0.0,0.0,0.0,0.0,0.0,0.0,35.8,1,3,1
15942,134,1,337.44,24.102857142857143,11.99464972302326,0.497644310462084,0.0,0.0,0.0,1.569152946203119,24.102857142857143,0,3,1
15944,277,1,325.1,54.18333333333334,64.54540778914226,1.1912409927248648,0.0,0.0,0.0,1.2424533248940002,54.18333333333334,1,0,1
15945,365,1,181.0,90.5,108.753022946491,1.2016908612871935,0.0,0.0,0.0,0.6931471805599453,90.5,1,3,1
15947,83,1,1708.24,58.9048275862069,61.26187130558508,1.0400144405130236,0.0,0.0,0.0,2.0772253925759943,58.9048275862069,2,2,0
15948,8,2,955.24,15.920666666666667,3.701151843919865,0.2324746771860389,0.5932203389830508,4.556611884328835,7.681145747868609,1.672498684479263,15.920666666666667,2,0,3
15949,17,2,364.72,19.19578947368421,7.821237693890111,0.4074454819694892,3.0,12.727922061357855,4.242640687119285,1.6595892270053696,19.19578947368421,0,0,3
15950,32,4,1744.71,17.986701030927836,11.576760370246207,0.643628887272889,3.395833333333333,26.307285029322863,7.746930560782193,2.2962836311140618,17.986701030927836,2,1,3
15951,9,2,708.22,17.273658536585366,4.937793918389851,0.2858568674338255,6.9,43.63943171032364,6.324555320336759,2.0272192621373724,17.273658536585366,2,1,3
15952,34,4,781.91,9.30845238095238,7.547557251693069,0.8108283678968397,2.289156626506024,12.676586945906232,5.537666929001143,2.0387649650678137,9.30845238095238,2,1,3
15953,15,8,1657.28,17.085360824742267,20.04871052908056,1.1734437882076745,3.6458333333333335,17.646815228796903,4.840269319898579,2.223892329327133,17.085360824742267,3,1,3
15955,24,14,4416.26,24.13256830601093,17.317424511722574,0.717595586683128,1.89010989010989,12.08528674831352,6.393959849398433,2.0843724626963733,24.13256830601093,3,1,3
15957,32,1,428.89,10.211666666666666,9.218434583966078,0.9027355557988652,0.0,0.0,0.0,1.94139206948882,10.211666666666666,0,0,0
15958,74,1,104.35,14.907142857142857,14.863389826781008,0.9970649620265172,0.0,0.0,0.0,1.549826045878202,14.907142857142857,0,0,0
15963,20,2,470.76,16.812857142857144,6.801868946401508,0.4045635366200233,0.925925925925926,4.811252243246881,5.196152422706631,1.8255846545507803,16.812857142857144,2,0,3
15965,17,4,808.87,7.287117117117117,8.257513976250786,1.1331660852347565,3.172727272727273,32.23447897353981,10.159864432920855,1.998334271590375,7.287117117117117,3,1,3
15967,23,2,397.68,4.971,4.026687428342263,0.8100356926860316,3.734177215189873,33.1900930773177,8.888194417315587,1.4386593854659715,4.971,2,2,3
15969,3,3,666.1,33.305,17.358191604815108,0.5211887585892541,9.578947368421051,32.223724506217955,3.3640151957040723,1.495615780172503,33.305,2,0,3
15970,304,1,314.1,28.55454545454545,16.921073466914773,0.592587736822867,0.0,0.0,0.0,0.9347698978582794,28.55454545454545,1,3,1
15971,18,12,4199.85,119.9957142857143,145.23225333087353,1.2103120031859644,8.529411764705882,17.35936616305122,2.035236032909453,2.4435604715706822,119.9957142857143,3,1,3
15973,367,1,307.82000000000005,76.95500000000001,84.8068871024046,1.102032188972836,0.0,0.0,0.0,1.3862943611198906,76.95500000000001,1,0,1
15974,39,7,3442.15,19.557670454545452,16.415284575208098,0.839327189470716,1.4057142857142857,8.199451301278405,5.832942998876914,2.064475857169905,19.557670454545452,3,1,3
15975,84,1,371.01,15.45875,4.328026272221956,0.2799725897774371,0.0,0.0,0.0,1.4847764102701837,15.45875,0,0,0
15976,165,2,427.64,4.454583333333333,3.1997029193238897,0.7182945474115926,0.5684210526315789,5.540283101259832,9.746794344808963,1.5196635282649276,4.454583333333333,2,2,2
15977,17,2,1054.73,16.226615384615386,12.898355185463943,0.7948888218360682,0.328125,2.625,8.0,2.1084619973462444,16.226615384615386,2,1,3
15978,77,1,1098.78,22.42408163265306,12.995829446141451,0.5795479011821577,0.0,0.0,0.0,1.6949799129464784,22.42408163265306,0,0,0
15980,89,3,2398.86,55.78744186046512,39.68539950380116,0.7113679742308636,3.928571428571429,25.46005274374516,6.48074069840786,2.1059817629957016,55.78744186046512,2,1,2
15981,25,8,3408.48,35.13896907216495,24.451872179708108,0.6958619682179994,2.958333333333333,11.462448224452125,3.874630385730295,2.064587366347181,35.13896907216495,3,1,3
15983,22,4,1465.12,13.081428571428573,15.479558031795252,1.183323208720834,3.1531531531531534,32.081486646067155,10.174414336324157,2.3562441008680146,13.081428571428573,3,1,3
15984,3,10,2780.63,10.777635658914727,19.18985449136634,1.7805254416346352,1.404669260700389,9.996076260855585,7.116320218947051,2.162023287883296,10.777635658914727,3,1,3
15985,123,2,1142.42,30.876216216216218,24.383741777320868,0.7897257101248858,3.138888888888889,18.83333333333333,6.0,1.9140650010464333,30.876216216216218,2,1,2
15986,30,1,168.12,12.008571428571427,3.746594057669851,0.3119933191017006,0.0,0.0,0.0,1.6307991045856436,12.008571428571427,0,0,0
15987,12,7,1432.77,11.193515625,36.858500095301565,3.292843940198776,2.787401574803149,17.036203244044092,6.111858225970621,1.8377799190294424,11.193515625,3,2,3
15988,19,1,156.78,6.03,5.575558088658031,0.9246364989482638,0.0,0.0,0.0,1.429164814093305,6.03,0,0,0
15990,44,2,792.11,15.232884615384616,10.466948604271664,0.6871284637514063,4.764705882352941,34.02680604188064,7.14142842854285,2.268568190454638,15.232884615384616,2,1,3
15992,4,1,41.99,13.996666666666664,0.8256108849411647,0.0589862504125623,0.0,0.0,0.0,0.6365141682948128,13.996666666666664,0,3,0
15993,9,7,2777.67,5.115414364640884,4.9670256013327645,0.9709918390318832,0.059040590405904,0.6933946353597471,11.744371636405717,2.0396888181379165,5.115414364640884,3,1,3
15994,55,1,414.27,12.9459375,12.965730727046983,1.0015289141514074,0.0,0.0,0.0,2.043668985638955,12.9459375,0,0,0
15996,88,6,1032.58,8.130551181102362,5.323163414869708,0.6547112608112232,2.1984126984126986,12.387748684095806,5.634860412260186,1.5359500853611043,8.130551181102362,2,1,2
15998,37,5,3080.22,6.111547619047618,4.673599681383007,0.7647162343654141,0.6421471172962226,7.367634951807415,11.473437711328575,1.9181993399271609,6.111547619047618,3,1,3
16000,3,3,12393.7,1377.0777777777778,501.02960435930777,0.3638353711348322,0.0,0.0,0.0,0.3488320958430319,1377.0777777777778,0,3,2
16003,30,5,2735.37,26.55699029126213,39.503590326652365,1.4875025329828118,3.215686274509804,21.79364402346229,6.777291739003517,2.142257249128726,26.55699029126213,3,1,3
16005,12,4,578.71,2.8791542288557217,2.342565427281494,0.8136297124355555,1.29,13.508080589263232,10.471380301754444,0.7440066614490569,2.8791542288557217,0,2,3
16006,211,1,101.4,12.675,10.152576027787234,0.8009921915413991,0.0,0.0,0.0,1.7328679513998633,12.675,1,0,1
16007,48,4,1693.81,4.445695538057743,4.4041978003892766,0.9906656366111396,0.4368421052631579,6.083735011491139,13.926622315461644,1.7668306812041183,4.445695538057743,3,2,3
16008,24,3,478.78,14.508484848484848,9.046642374802696,0.623541497908202,5.625,24.249709010558743,4.311059379654887,2.043562619025247,14.508484848484848,2,1,3
16009,22,4,972.11,11.855,11.058047876524416,0.9327750212167368,1.691358024691358,12.964029056690515,7.664863894831619,1.7899665729150598,11.855,2,1,3
16010,246,3,392.4,4.9670886075949365,5.968526672964962,1.2016146971565544,1.4743589743589745,12.570553469072657,8.526114526849279,1.4932700081961217,4.9670886075949365,1,2,2
16011,8,16,3352.96,15.966476190476191,10.79103654984101,0.6758558633167744,1.6794258373205742,7.055930924209351,4.201394766836907,2.1261155977831647,15.966476190476191,3,1,3
16012,35,3,1415.29,15.05627659574468,19.76716349539951,1.3128852521868692,1.2795698924731185,9.985168992710976,7.803535431278325,2.575806611835568,15.05627659574468,3,1,3
16013,4,47,37130.6,267.126618705036,304.7112288507913,1.140699606531001,2.557971014492753,6.631068344242502,2.592315669987154,2.9717847377436923,267.126618705036,3,1,3
16014,38,3,646.83,4.687173913043479,4.125817059382261,0.8802355397782292,1.8394160583941608,15.237450755912482,8.283852196666707,1.2573644422152277,4.687173913043479,2,2,3
16015,4,3,704.55,3.892541436464088,6.759522513930185,1.7365319353081592,0.2444444444444444,2.312516881344929,9.46029633277471,1.9247505194698544,3.892541436464088,3,2,3
16016,3,8,1465.51,6.542455357142857,5.7609586543241385,0.8805499372700337,1.6143497757847534,12.689080586447467,7.860180474382738,1.6491660973201303,6.542455357142857,3,2,3
16017,47,1,211.88,6.62125,4.243725349113639,0.6409251046424224,0.0,0.0,0.0,1.5658770799995831,6.62125,0,0,0
16018,39,2,408.9,14.603571428571428,12.394102903094147,0.8487035492458698,5.222222222222222,27.13546265191241,5.196152422706631,2.0692024658203625,14.603571428571428,2,1,3
16019,47,9,3786.24,23.664,28.15063722817303,1.1895975840167778,1.9748427672955973,10.986729443630004,5.563343890245767,2.2382907441250275,23.664,3,1,3
16020,17,3,851.01,18.500217391304343,13.39073618242277,0.7238150719632525,1.0666666666666669,7.155417527999327,6.708203932499369,1.9260328134298157,18.500217391304343,2,1,3
16022,260,1,602.63,8.48774647887324,7.230016834041478,0.8518181889666046,0.0,0.0,0.0,1.94706835408528,8.48774647887324,1,0,1
16023,46,3,719.81,7.126831683168317,5.225055584525979,0.7331526570027145,2.2,16.30145311735655,7.40975141698025,1.665374954531331,7.126831683168317,2,1,3
16024,12,1,251.03,3.9846031746031754,3.3273324709514407,0.8350473874434958,0.0,0.0,0.0,2.066270504841752,3.9846031746031754,0,0,0
16025,30,1,439.66,15.702142857142857,3.811718147777357,0.2427514628070918,0.0,0.0,0.0,1.7378761829677427,15.702142857142857,0,0,0
16026,43,1,236.09,7.3778125,3.1489360562403177,0.4268116133664711,0.0,0.0,0.0,2.322673387040798,7.3778125,2,0,0
16027,92,6,934.62,58.41375,49.92343028745788,0.8546520346229762,13.866666666666667,22.196739357284844,1.6007263959580416,2.009709181894145,58.41375,2,1,2
16029,39,63,80850.84,335.4806639004149,615.3476878253931,1.83422698843846,1.3166666666666669,3.796019349394349,2.883052670426088,2.6786100913460418,335.4806639004149,3,1,3
16030,310,1,331.24,11.422068965517242,5.989089711008048,0.5243436831881215,0.0,0.0,0.0,2.2220219620816666,11.422068965517242,1,0,1
16031,92,2,547.9,5.590816326530612,5.787333783049991,1.035150046977367,1.5876288659793814,15.636330943057734,9.848857801796106,1.5088700234012056,5.590816326530612,2,2,2
16033,6,20,8778.82,7.782641843971631,7.669987819836309,0.985524963579998,0.3149955634427684,2.798943053330753,8.885658650996504,1.784100167662032,7.782641843971631,3,1,3
16034,196,3,437.7000000000001,19.895454545454548,14.320705199207104,0.7197978395763223,6.476190476190476,27.054794487519302,4.177578560572834,1.7510841931826246,19.895454545454548,1,0,2
16036,87,2,758.9200000000001,13.798545454545456,12.18696547442174,0.8832065317730401,3.259259259259259,23.950566373879965,7.348469228349535,2.227865383507271,13.798545454545456,2,1,2
16037,270,3,855.02,21.923589743589744,21.10946750521141,0.9628654682969344,2.3157894736842106,10.224785104879578,4.415248113470726,1.6237346954192535,21.923589743589744,1,0,2
16038,8,3,471.78,18.14538461538461,7.745664196578229,0.4268669064204374,7.72,33.94053623618814,4.396442517640951,1.9180654188610584,18.14538461538461,2,1,3
16040,65,3,1313.55,20.20846153846154,8.512741411916249,0.421246387099506,3.15625,18.032790899332458,5.713359492857808,2.329691209247412,20.20846153846154,2,1,2
16041,31,3,3166.4,527.7333333333333,296.74456804913325,0.5623002173745577,22.0,49.193495504995376,2.23606797749979,1.791759469228055,527.7333333333333,2,1,2
16042,22,5,1177.47,16.821,5.342847080680508,0.3176295749765476,4.478260869565218,27.79050234271338,6.205646154198133,2.0545641694936827,16.821,2,1,3
16043,38,4,773.99,19.845897435897434,12.303190582752084,0.6199362171699005,7.342105263157895,30.378936795969093,4.1376329686266144,1.997367238337732,19.845897435897434,2,1,3
16045,120,4,1340.7,16.15301204819277,6.907701558183174,0.4276417015955869,2.0609756097560976,11.244035522840717,5.455685874987803,1.8392666542746572,16.15301204819277,2,0,2
16048,373,2,256.44,32.055,19.98705795544421,0.6235238794398444,0.0,0.0,0.0,0.6931471805599453,32.055,1,3,2
16049,40,3,1074.81,3.5946822742474915,3.77215052900553,1.0493696636360412,0.1140939597315436,1.912321209590656,16.76093295464751,1.4089885139405507,3.5946822742474915,2,2,3
16050,174,1,137.9,13.79,6.4492841980073,0.4676783319802247,0.0,0.0,0.0,2.025326220770068,13.79,1,0,1
16052,54,1,362.06,10.648823529411764,9.841863510629166,0.9242207351306182,0.0,0.0,0.0,2.185437997747357,10.648823529411764,0,0,0
16053,33,2,1511.95,17.999404761904763,10.2994518922114,0.572210694100835,1.072289156626506,9.76901913908244,9.110433579144296,2.123730285581164,17.999404761904763,2,1,3
16054,145,1,783.9,11.198571428571428,7.048249096116778,0.6293882341219218,0.0,0.0,0.0,1.9362249754669716,11.198571428571428,0,0,1
16055,221,1,134.8,16.85,4.517584689695527,0.2681059163024051,0.0,0.0,0.0,1.559581156259877,16.85,1,3,1
16056,45,1,650.75,9.859848484848484,7.530627819863718,0.7637670935244033,0.0,0.0,0.0,1.9842094293957329,9.859848484848484,0,0,0
16057,16,7,2263.12,18.703471074380165,5.141650142179357,0.274903525753695,2.2333333333333334,14.30621498212738,6.405767902445095,2.0238353541575327,18.703471074380165,2,1,3
16059,66,6,1453.16,8.163820224719101,5.470295544669349,0.6700656548151229,1.689265536723164,11.39874135907711,6.747749901527253,1.8677394009543555,8.163820224719101,2,1,2
16062,10,4,1153.62,18.0253125,23.09531609001312,1.2812713283064092,5.603174603174603,25.313861867810107,4.5177713815071865,1.5687809684755882,18.0253125,3,1,3
16063,260,1,335.32,14.57913043478261,2.911470907608352,0.1997012730376717,0.0,0.0,0.0,1.7875020844913672,14.57913043478261,1,0,1
16065,365,1,367.14,5.02931506849315,6.076058282025884,1.2081283831450933,0.0,0.0,0.0,1.6954056912506268,5.02931506849315,1,0,1
16066,17,5,1521.04,15.05980198019802,17.19754453288016,1.1419502431368642,1.06,6.652743035695119,6.276172675184074,2.426301862756159,15.05980198019802,3,1,3
16070,22,2,852.15,25.82272727272727,28.13611716645609,1.0895873572646262,0.28125,1.590990257669732,5.656854249492381,1.6450732906739196,25.82272727272727,2,1,3
16071,45,1,326.24,15.535238095238096,4.5110449111570805,0.2903750096073402,0.0,0.0,0.0,1.615840063074387,15.535238095238096,0,0,0
16072,288,1,584.3199999999999,25.405217391304344,21.48941787560592,0.8458663251967007,0.0,0.0,0.0,1.6442048294477003,25.405217391304344,1,0,1
16073,297,1,122.4,122.4,0.0,0.0,0.0,0.0,0.0,0.0,122.4,1,3,1
16076,3,10,2234.73,17.323488372093024,12.323667565600829,0.7113848724286633,1.5703125,7.838611874691032,4.99175283562414,2.0013135950277783,17.323488372093024,3,1,3
16078,284,1,79.2,79.2,0.0,0.0,0.0,0.0,0.0,0.0,79.2,1,3,1
16079,17,3,1352.0,64.38095238095238,85.91805432531406,1.3345259917393455,1.15,3.828906673684992,3.3294840640739065,2.3345491092125648,64.38095238095238,3,1,3
16080,82,2,217.16,21.716,12.433230741310428,0.5725377943134291,21.33333333333333,63.99999999999999,3.0,1.4184836619456564,21.716,0,0,2
16081,56,5,2799.42,12.553452914798209,11.02537949363326,0.8782746522780495,1.3873873873873874,11.023357489346877,7.945407021542228,2.295025070898677,12.553452914798209,3,1,3
16083,101,2,1317.62,42.50387096774193,38.28714855556795,0.900792038085796,8.633333333333333,47.28671413127934,5.477225575051661,1.90302085618145,42.50387096774193,2,1,2
16084,299,1,436.18,11.47842105263158,9.479589318939984,0.8258617866929235,0.0,0.0,0.0,1.9055990634016704,11.47842105263158,1,0,1
16085,23,5,981.51,5.877305389221557,3.84909963452975,0.6549089046127581,1.783132530120482,14.093667774568305,7.903881251953845,1.7624760652371023,5.877305389221557,2,1,3
16086,59,5,1121.39,28.753589743589743,17.964790049189858,0.6247842516148747,8.026315789473685,24.94587312682689,3.10801042235876,2.340852263852908,28.753589743589743,2,1,3
16091,155,2,315.06,17.503333333333334,4.082721122573263,0.2332539205431306,2.5294117647058822,10.429031876562318,4.123105625617661,1.7728817984730108,17.503333333333334,2,0,2
16092,115,3,817.86,16.036470588235293,4.575873172861946,0.2853416621621784,2.76,13.908681769723136,5.039377452798238,1.4835821573459294,16.036470588235293,2,0,2
16093,107,1,17.0,17.0,0.0,0.0,0.0,0.0,0.0,0.0,17.0,0,3,1
16094,12,4,1078.23,17.114761904761906,7.719785191968636,0.4510600401528654,3.338709677419355,24.191140193912812,7.245655517017365,1.831302833569023,17.114761904761906,2,1,3
16096,264,1,320.62,26.718333333333334,32.67056440877443,1.2227770348240696,0.0,0.0,0.0,1.7917594692280554,26.718333333333334,1,0,1
16097,240,1,185.05,18.505,4.753270803702788,0.2568641342179296,0.0,0.0,0.0,1.4184836619456564,18.505,1,3,1
16098,88,7,2005.63,29.934776119402983,35.43095185809055,1.1836050390610764,4.2727272727272725,14.592459016213136,3.415256365496692,2.4028525742058893,29.934776119402983,3,1,2
16099,50,3,731.9,18.766666666666666,8.462652729970088,0.4509406428048004,4.605263157894737,19.801091252598702,4.299665529135718,1.6616985347659547,18.766666666666666,2,0,3
16101,71,1,1290.7,16.982894736842105,4.332599163178142,0.2551154694363824,0.0,0.0,0.0,2.0420155578709878,16.982894736842105,2,0,0
16102,42,3,1842.14,32.31824561403509,25.309771201963468,0.7831418668026955,1.5178571428571428,8.364407431988933,5.510668425780945,1.491526964794465,32.31824561403509,2,1,2
16103,7,6,1429.64,29.784166666666668,24.53111925813288,0.8236295321831917,4.76595744680851,16.56372774410273,3.475425017735841,2.2224050903581176,29.784166666666668,3,1,3
16104,62,1,298.21,10.650357142857144,9.977048283952396,0.93678063093346,0.0,0.0,0.0,1.8904873145567245,10.650357142857144,0,0,0
16105,249,1,336.96,25.92,27.691175489675405,1.0683323877189586,0.0,0.0,0.0,1.711845135233912,25.92,1,0,1
16106,66,1,108.38,18.063333333333333,3.640448690294464,0.2015380341554418,0.0,0.0,0.0,0.8675632284814613,18.063333333333333,0,3,0
16107,18,7,3204.1600000000003,103.36,75.62255712858874,0.7316423870799993,5.4,13.005569098897862,2.4084387220181225,2.360369022605102,103.36,3,1,3
16108,85,1,842.5,17.552083333333332,6.113004957459881,0.3482780272499398,0.0,0.0,0.0,1.6370990625929975,17.552083333333332,0,0,0
16109,219,2,611.88,33.99333333333333,37.28249234284261,1.0967589432097258,5.235294117647059,21.58567062823364,4.123105625617661,1.3784974217829835,33.99333333333333,1,2,2
16110,45,3,1320.95,3.8624269005847953,3.2630624865038187,0.8448218103518725,0.7771260997067448,12.02779398672064,15.477274526308449,1.3331030678403142,3.8624269005847953,2,2,3
16112,143,4,195.74,12.23375,11.6768139918387,0.9544754463544456,12.866666666666667,45.50646212614309,3.5367716678349552,1.7710163687835907,12.23375,0,2,2
16113,183,1,161.38,5.379333333333333,5.5091246775366844,1.024127774978935,0.0,0.0,0.0,1.3260640378709971,5.379333333333333,1,3,1
16114,171,1,135.75000000000003,16.968750000000004,2.212454600018464,0.1303840648261341,0.0,0.0,0.0,0.7356219397587946,16.968750000000004,1,3,1
16115,10,8,1660.88,5.952974910394265,4.353927620251609,0.7313868588038864,1.0035971223021585,6.543107929893099,6.519655930144379,1.9132744419346344,5.952974910394265,2,1,3
16116,212,1,612.78,18.02294117647059,8.532941703635803,0.4734489016019081,0.0,0.0,0.0,1.845272303399323,18.02294117647059,1,0,1
16117,190,1,232.21,7.740333333333334,6.053130557011792,0.782024532579793,0.0,0.0,0.0,1.943426054583364,7.740333333333334,1,0,1
16119,8,2,423.36,26.46,13.863090564516993,0.5239263251896066,4.266666666666667,16.52472894381831,3.872983346207417,1.5808185358593017,26.46,0,0,3
16120,59,4,1309.14,43.638000000000005,36.95135183939311,0.8467700591088755,0.0,0.0,0.0,2.216280471258511,43.638000000000005,2,1,2
16121,57,2,854.66,4.189509803921569,4.017188776975031,0.9588684512003678,0.7783251231527094,11.089426020228824,14.247806848775005,1.576257243580484,4.189509803921569,2,2,3
16122,73,4,684.42,18.011052631578945,19.14069314306969,1.0627192943465245,7.864864864864865,36.622065420667845,4.656413816373575,2.3035436424974307,18.011052631578945,3,1,2
16123,52,1,307.78000000000003,19.23625,8.774122463243833,0.4561243726424762,0.0,0.0,0.0,1.559581156259877,19.23625,0,0,0
16124,317,1,249.0,22.63636363636364,9.61844818328536,0.4249113655266625,0.0,0.0,0.0,1.294545165844896,22.63636363636364,1,0,1
16125,367,1,289.35,22.25769230769231,9.409344782224172,0.4227457479485544,0.0,0.0,0.0,1.7782333057997075,22.25769230769231,1,0,1
16126,29,4,6287.77,53.741623931623934,27.937141695835948,0.5198417846729135,2.293103448275862,14.398681848714826,6.279124415229022,2.5560616613350526,53.741623931623934,2,1,3
16127,39,1,656.25,16.40625,6.071947133101497,0.3700996347795198,0.0,0.0,0.0,1.9126292668107163,16.40625,0,0,0
16128,18,5,1880.22,21.126067415730336,11.954623926442698,0.5658707648325197,2.988636363636364,16.806877572925504,5.623594016796366,1.736699673871978,21.126067415730336,2,1,3
16131,52,6,3506.54,44.95564102564102,33.60119859448985,0.7474300850325987,2.415584415584416,12.990229779328535,5.377675768861813,1.8782353205346003,44.95564102564102,2,1,2
16133,4,33,14589.04,43.16284023668639,49.2981656345936,1.142143690365688,0.8902077151335311,4.315302810879343,4.847523490887796,2.522065213369726,43.16284023668639,3,1,3
16134,22,2,618.09,17.659714285714287,6.183226116687311,0.3501317188177383,9.911764705882351,57.795023193025486,5.830951894845301,1.2756385185170442,17.659714285714287,0,0,3
16135,263,1,517.55,24.64523809523809,34.77526385508061,1.4110337956848475,0.0,0.0,0.0,1.7371266940163292,24.64523809523809,1,0,1
16136,60,3,709.38,19.172432432432437,10.09732896622925,0.526658732626353,6.027777777777778,33.21659319514967,5.510586889517918,1.6368673602804629,19.172432432432437,2,0,2
16139,19,3,635.4100000000001,20.49709677419355,8.658961906044084,0.4224482131023537,6.233333333333333,23.72207372067618,3.8056802760443063,1.6887376811567627,20.49709677419355,2,0,3
16140,66,2,725.1800000000001,20.719428571428573,19.246471631239345,0.9289093840058704,8.970588235294118,52.30706846846521,5.830951894845303,1.7953875328178348,20.719428571428573,2,1,2
16141,88,1,620.4,20.68,7.811716664176916,0.3777425853083615,0.0,0.0,0.0,1.7000835907191187,20.68,0,0,0
16142,250,1,535.34,14.46864864864865,7.183616453106706,0.4964953277635672,0.0,0.0,0.0,1.878607395594136,14.46864864864865,1,0,1
16143,3,6,2424.94,20.725982905982907,24.06622271909788,1.1611619496294554,3.1293103448275863,16.52220122844663,5.279821880164763,1.977198805478608,20.725982905982907,3,1,3
16144,247,1,175.2,175.2,0.0,0.0,0.0,0.0,0.0,0.0,175.2,1,3,1
16145,9,11,3799.49,16.96200892857143,8.86093583310956,0.5223989605490582,1.5605381165919283,7.746819380877355,4.96419747682658,2.2965878440575977,16.96200892857143,3,1,3
16146,157,3,734.13,25.314827586206896,21.41344180994226,0.8458853506713055,2.642857142857143,10.00819769808836,3.786885615492893,1.8953426049921764,25.314827586206896,2,0,2
16147,134,1,375.0,17.045454545454547,6.229591997090697,0.3654693971626542,0.0,0.0,0.0,1.8616655863030327,17.045454545454547,0,0,1
16148,296,1,76.32000000000001,76.32000000000001,0.0,0.0,0.0,0.0,0.0,0.0,76.32000000000001,1,3,1
16149,5,2,280.52,15.584444444444443,5.122612180865887,0.3287003395678952,8.058823529411764,33.22738062997762,4.123105625617661,1.2740230624414666,15.584444444444443,0,0,3
16150,43,5,2053.02,17.547179487179488,6.036172692131228,0.3439967486821139,2.827586206896552,16.906533783059174,5.979139996447757,2.158578851662088,17.547179487179488,2,1,3
16152,269,1,1829.04,63.07034482758621,31.8574425575158,0.5051096937015911,0.0,0.0,0.0,2.100042326432838,63.07034482758621,1,0,1
16153,50,5,1824.23,20.496966292134832,11.75680309867966,0.5735874729515958,3.4545454545454546,17.919301281347526,5.187166160390073,2.259606023761762,20.496966292134832,2,1,3
16156,9,9,3092.04,24.1565625,19.08193379978481,0.7899275321058122,2.338582677165354,10.470836652220074,4.477428467447641,2.109116544170972,24.1565625,3,1,3
16157,16,3,656.69,36.48277777777778,25.85647439812036,0.7087309676805896,3.294117647058824,11.682062670406031,3.5463404535161174,1.9559838465843624,36.48277777777778,2,1,3
16159,282,1,348.2,24.87142857142857,9.216909925318168,0.3705822485768362,0.0,0.0,0.0,0.9922819748525736,24.87142857142857,1,3,1
16160,65,2,1025.44,51.272000000000006,46.637716112718536,0.909613748492716,1.0526315789473684,4.588314677411236,4.358898943540675,1.7820471559051687,51.272000000000006,2,1,2
16161,2,19,5533.67,11.748768577494692,7.971860281810807,0.6785273051578591,0.7595744680851064,4.725702509771496,6.221513108102529,2.179178871829992,11.748768577494692,3,1,3
16162,252,1,37.4,18.7,9.616652224137043,0.5142594772265799,0.0,0.0,0.0,0.0,18.7,1,3,1
16163,232,2,856.6,142.76666666666668,159.71269726188544,1.1186973891796783,26.4,59.03219460599445,2.23606797749979,1.5607104090414068,142.76666666666668,1,2,2
16164,17,3,822.48,24.19058823529412,18.43226435738332,0.7619601548378476,0.7575757575757576,3.3263183761320776,4.390740256494342,1.8317121716756783,24.19058823529412,2,1,3
16168,11,27,3787.6,38.648979591836735,43.49170629526745,1.1253002473693658,3.5876288659793816,9.238452902271648,2.575086010115948,2.226111041866281,38.648979591836735,3,1,3
16169,8,4,1822.97,21.44670588235294,13.25105003819871,0.617859456407341,0.7976190476190477,4.635587229419864,5.811781004048784,1.9368337216234053,21.44670588235294,2,1,3
16170,51,6,1885.05,15.0804,7.969443397409642,0.5284636612695712,1.564516129032258,8.521843702460675,5.446951644871772,2.1286565652326503,15.0804,2,1,3
16171,59,1,73.19999999999999,24.399999999999995,0.8660254037844386,0.035492844417395,0.0,0.0,0.0,0.6365141682948128,24.399999999999995,0,3,0
16172,95,5,1140.21,16.524782608695652,10.096100092827871,0.610967195871921,2.117647058823529,10.294947915846452,4.861503182483046,1.8257995742719657,16.524782608695652,2,1,2
16173,16,6,1418.32,16.884761904761906,6.142775652236699,0.3638058793416737,0.963855421686747,4.602347712488386,4.7749357517067,2.1754885775632573,16.884761904761906,2,1,3
16174,126,3,1009.55,43.89347826086957,67.39894675523806,1.535511639215963,1.0909090909090908,3.7405002327686057,3.4287918800378887,2.280677146585925,43.89347826086957,3,2,2
16175,94,4,1037.59,17.88948275862069,6.576407173123868,0.3676130417999251,2.526315789473684,11.620648591374344,4.599840067419011,1.678210688494733,17.88948275862069,2,0,2
16177,50,1,331.95,22.13,8.840891196189283,0.3994980206140661,0.0,0.0,0.0,1.415369135079188,22.13,0,0,0
16178,138,1,197.9,24.7375,11.80928055145008,0.4773837514482094,0.0,0.0,0.0,1.4941751382893085,24.7375,0,3,1
16179,61,1,215.83,19.62090909090909,11.197438505788236,0.5706890773463865,0.0,0.0,0.0,1.6726254461503207,19.62090909090909,0,0,0
16180,100,8,10254.18,63.29740740740741,67.74122131528485,1.070205306818892,0.9316770186335404,4.944851139825248,5.307473556745767,2.381641499054668,63.29740740740741,3,1,2
16181,73,1,305.54,27.77636363636364,38.32879838260712,1.379906991584337,0.0,0.0,0.0,1.798652206252129,27.77636363636364,0,2,0
16182,72,4,6617.65,236.34464285714284,143.5490646145755,0.6073717723373274,8.185185185185185,24.059281012719456,2.939369173499662,1.4295005513736685,236.34464285714284,2,0,2
16183,67,1,338.71000000000004,22.58066666666667,17.585301275564802,0.7787768862255972,0.0,0.0,0.0,1.5472867333409477,22.58066666666667,0,0,0
16184,64,6,1158.79,25.750888888888888,11.520007461768063,0.4473634875858119,3.2954545454545454,10.654357216442495,3.233046327748068,2.085368464126682,25.750888888888888,2,1,2
16185,17,2,529.41,17.07774193548387,5.079383630374471,0.297427121780111,7.166666666666667,39.2534499545369,5.477225575051661,1.7922139531881398,17.07774193548387,2,0,3
16186,23,12,4006.94,18.38045871559633,9.762425464027068,0.5311306760664999,1.5898617511520738,10.277739721217651,6.46454933189632,2.059139584049073,18.38045871559633,2,1,3
16187,32,15,6911.4400000000005,23.428610169491527,14.63252382550522,0.6245579110176808,0.8333333333333334,4.886015893169495,5.863219071803394,2.320758336465475,23.428610169491527,3,1,3
16188,45,4,981.86,14.65462686567164,6.076603499154275,0.4146542627699839,2.984848484848485,15.742634345322774,5.274182064930472,2.086744803721128,14.65462686567164,2,1,3
16189,16,2,215.48,19.58909090909091,13.731234798477123,0.7009633505812528,6.9,21.819715855161817,3.162277660168379,1.1685184057430875,19.58909090909091,0,3,2
16190,40,1,215.08,35.84666666666667,27.55254301632912,0.7686221782498358,0.0,0.0,0.0,1.5607104090414068,35.84666666666667,0,0,0
16191,3,13,5180.52,38.66059701492538,47.64310562848108,1.232342728957028,2.654135338345865,18.82899324332829,7.094209918874398,2.114812967421408,38.66059701492538,3,1,3
16193,237,1,314.45,16.55,5.6995545634919775,0.3443839615403007,0.0,0.0,0.0,1.4861241287946156,16.55,1,0,1
16198,75,1,400.681,26.71206666666667,11.27297912498648,0.4220182311484627,0.0,0.0,0.0,1.5226999259857523,26.71206666666667,0,0,0
16200,4,2,1068.87,6.21436046511628,5.71999459659662,0.9204478286551392,0.9298245614035088,12.15903389513978,13.076696830622028,1.723907804397535,6.21436046511628,2,2,3
16201,3,4,1863.47,16.78801801801802,7.127969087248015,0.4245866950820403,0.9545454545454546,6.677892272591476,6.995887142714879,1.5783129002547236,16.78801801801802,2,1,3
16202,361,1,365.27,20.292777777777776,13.968688854028269,0.6883576515249237,0.0,0.0,0.0,2.029154562810915,20.292777777777776,1,0,1
16203,59,4,592.9,16.939999999999998,3.696675772191264,0.2182217102828373,9.147058823529411,31.07969458231159,3.39778011510802,1.2519488597550588,16.939999999999998,0,0,2
16204,23,1,384.18,7.6836,6.270020264915336,0.8160263762969617,0.0,0.0,0.0,1.7158985027107991,7.6836,0,0,0
16205,31,4,757.63,7.810618556701031,11.671857786862184,1.4943576750203027,1.5416666666666667,11.81071473096105,7.661004149812573,1.9373510649746688,7.810618556701031,3,2,3
16206,55,4,537.0600000000001,8.524761904761906,11.079828643303872,1.299722944416162,4.354838709677419,19.999259637274893,4.592422583374235,1.8039781576359355,8.524761904761906,3,1,2
16207,25,1,394.38,20.75684210526316,15.12107471659324,0.7284862812903078,0.0,0.0,0.0,1.689245309956389,20.75684210526316,0,0,0
16208,45,2,664.26,10.064545454545454,8.634417388357111,0.857904356173139,3.753846153846154,30.264475239766863,8.06225774829855,1.9925142773764104,10.064545454545454,2,1,3
16209,89,5,2262.62,49.18739130434783,177.98067669690417,3.618420737047136,3.466666666666667,13.046420616747373,3.7633905625232806,1.8384320058928731,49.18739130434783,3,2,2
16210,2,18,21086.3,171.43333333333334,452.75777216069145,2.641013642780623,2.9836065573770494,12.716218320430384,4.262029217287107,2.701073740329396,171.43333333333334,3,1,3
16211,89,1,547.02,23.783478260869565,33.95374227717036,1.427618866540379,0.0,0.0,0.0,1.64119520035892,23.783478260869565,0,2,0
16212,19,2,690.34,16.837560975609758,3.694687930318206,0.2194313021743582,6.6,41.74206511422261,6.32455532033676,2.0404181208958527,16.837560975609758,2,1,3
16213,79,1,159.0,26.5,25.00615924127494,0.9436286506141488,0.0,0.0,0.0,0.6365141682948128,26.5,0,3,0
16214,171,3,1062.75,24.15340909090909,18.135403374330632,0.7508423885867305,2.2790697674418605,12.683558125901104,5.565234687895382,1.8925563202658329,24.15340909090909,2,0,2
16215,81,1,242.35,17.310714285714287,3.9949091917776367,0.230776681183771,0.0,0.0,0.0,1.574097336848973,17.310714285714287,0,0,0
16216,267,1,914.93,24.72783783783784,26.350530474855844,1.065622099581024,0.0,0.0,0.0,1.9839903167784767,24.72783783783784,1,0,1
16217,235,2,304.25,20.28333333333333,13.256193521017511,0.6535510363689817,3.2857142857142856,12.294017127971522,3.741657386773941,1.7140875411870102,20.28333333333333,1,0,2
16218,30,7,3084.68,36.72238095238095,27.483163460213923,0.7484036368952273,4.120481927710843,18.211760867946158,4.419813310057108,2.2311448588485967,36.72238095238095,3,1,3
16221,37,3,860.86,9.061684210526316,8.427280631104336,0.929990544287006,3.5106382978723403,26.282888124982488,7.486640859843497,2.324267653350008,9.061684210526316,3,1,3
16222,318,1,773.55,6.340573770491803,5.171162616720009,0.8155669824055861,0.0,0.0,0.0,1.5252821731200472,6.340573770491803,1,0,1
16224,57,4,1295.3,13.492708333333333,6.555541565675428,0.4858580948852321,2.0105263157894737,13.203396352907069,6.567134311655347,1.8978863856455188,13.492708333333333,2,1,3
16225,45,5,1096.32,8.181492537313432,7.850729146488424,0.9595717542592026,1.7293233082706767,12.64139893219345,7.310026339050995,1.8450342395665968,8.181492537313432,3,2,3
16226,203,3,255.12,31.89,21.785347631575025,0.6831404086414244,4.428571428571429,10.06408039940631,2.2725342837369085,1.320888343149322,31.89,1,3,2
16227,225,1,314.22,52.370000000000005,62.26902119031582,1.1890208361717742,0.0,0.0,0.0,1.0114042647073518,52.370000000000005,1,3,1
16229,87,2,1010.6,21.50212765957447,15.898372754600336,0.7393860275739321,2.717391304347826,18.43024451936214,6.782329983125267,1.8673866304539344,21.50212765957447,2,1,2
16230,190,2,542.03,15.486571428571429,6.526899517452707,0.4214554233360602,0.8823529411764706,5.144957554275265,5.8309518948453,1.481156479553803,15.486571428571429,1,0,2
16232,44,4,990.88,26.78054054054054,17.624825601335107,0.658120607186944,4.722222222222222,20.02799627822601,4.241222741271391,2.121105065546689,26.78054054054054,2,1,3
16233,71,3,536.6800000000001,24.394545454545455,18.14948319538989,0.7439975968893524,14.0,56.45529204600752,4.032520860429108,1.4265780016951106,24.394545454545455,0,0,2
16235,41,5,867.3100000000001,18.854565217391304,7.079750374294198,0.375492634948903,6.444444444444445,23.32240003589561,3.618993109018284,1.979609884478394,18.854565217391304,2,1,3
16236,78,1,432.2,21.61,9.484872165717364,0.4389112524626267,0.0,0.0,0.0,1.1393620327464706,21.61,0,3,0
16239,57,2,414.2,21.8,11.771009585701078,0.5399545681514256,7.333333333333333,31.11269837220809,4.242640687119285,1.716784685943997,21.8,2,0,2
16240,24,2,3718.8,27.546666666666667,38.93381580879064,1.4133766629522255,0.3955223880597014,4.578502655581208,11.575836902790224,2.1912443823763907,27.546666666666667,3,2,2
16241,10,13,2590.31,3.954671755725191,4.438122468626252,1.1222480000270991,0.5443425076452599,4.9611374954250085,9.113999780921224,1.3472274739300212,3.954671755725191,3,2,3
16242,8,7,3579.86,12.259794520547944,9.707481967183876,0.7918144101774068,0.9140893470790378,7.68582489093126,8.40817685436465,2.3947339765180584,12.259794520547944,3,1,3
16243,34,2,409.1,8.02156862745098,11.782344312156049,1.4688329501832278,0.42,2.9698484809835,7.071067811865476,1.4003784345633228,8.02156862745098,3,2,3
16244,212,2,1522.75,16.733516483516482,4.739304537265727,0.2832222708200172,1.7777777777777777,16.865480854231357,9.48683298050514,1.8348353050420072,16.733516483516482,2,0,2
16245,24,3,1413.66,15.707333333333334,5.373322952378891,0.3420900822786951,2.617977528089888,17.587124434174157,6.717828646530043,2.0118006606163368,15.707333333333334,2,1,3
16247,170,1,114.56,7.16,5.27503428108924,0.7367366314370446,0.0,0.0,0.0,1.840748728569281,7.16,1,0,1
16248,62,1,152.94,21.84857142857143,5.91686693155375,0.2708125311944308,0.0,0.0,0.0,0.410116318288409,21.84857142857143,0,3,0
16249,53,5,1800.07,26.08797101449275,19.841713530405517,0.7605694409650627,2.7058823529411766,11.572044058309023,4.276624978070726,2.4292748706016414,26.08797101449275,3,1,3
16250,261,2,389.44,16.226666666666667,4.731409999113388,0.291582374637226,4.869565217391305,23.35361437439237,4.79583152331272,1.643904952343887,16.226666666666667,1,0,2
16253,67,2,3683.86,29.95008130081301,18.890410634175275,0.6307298616135137,1.540983606557377,17.02072025599348,11.04536101718726,2.322734871171105,29.95008130081301,2,1,2
16255,17,8,2619.91,9.70337037037037,7.811898472417364,0.8050706274462437,1.278810408921933,9.13008991539376,7.139517986165471,2.239552377140406,9.70337037037037,3,1,3
16256,267,1,752.4300000000001,57.87923076923077,34.54542962089642,0.5968536409654764,0.0,0.0,0.0,1.7782333057997075,57.87923076923077,1,0,1
16257,177,1,46.95,23.475,2.156675682618969,0.0918711685886674,0.0,0.0,0.0,0.0,23.475,1,3,1
16258,45,5,5203.51,38.54451851851852,46.74498654127583,1.212753157594054,1.2835820895522387,8.632524561519691,6.725338902579295,2.3076781131819253,38.54451851851852,3,1,2
16260,51,1,1035.45,57.525000000000006,54.69743044292687,0.9508462484646132,0.0,0.0,0.0,1.7249347863977138,57.525000000000006,0,0,0
16261,17,4,728.54,6.122184873949579,5.334627710814469,0.8713601141830536,1.923728813559322,13.625113050365158,7.0826578852118445,1.458176694286332,6.122184873949579,2,2,3
16265,9,9,5447.0,21.112403100775197,14.14195110206029,0.6698409003729676,1.377431906614786,9.40710940946443,6.8294551362496,2.112147034469673,21.112403100775197,3,1,3
16266,74,7,861.89,14.12934426229508,9.561681314645533,0.6767250579463476,2.1666666666666665,8.23832850141187,3.802305462190094,2.1219639521603217,14.12934426229508,2,1,2
16268,71,2,667.65,14.836666666666666,9.331341860048369,0.6289378921623253,0.0,0.0,0.0,2.0972617025274958,14.836666666666666,2,0,2
16270,353,1,1141.24,21.134074074074075,17.68536443402343,0.8368175663640122,0.0,0.0,0.0,1.928767465976542,21.134074074074075,1,0,1
16271,3,5,1404.64,10.804923076923078,10.530698074297902,0.9746203651175585,2.744186046511628,21.24605811592156,7.742207618513787,2.3713177675307517,10.804923076923078,3,1,3
16272,117,1,411.7,16.468,8.921157903172286,0.5417268583417711,0.0,0.0,0.0,0.958944995575212,16.468,0,3,1
16274,373,1,351.75,5.411538461538462,5.115966193804827,0.9453811019113396,0.0,0.0,0.0,1.0211121488981525,5.411538461538462,1,3,1
16275,197,1,559.87,16.965757575757575,8.725363541961674,0.5142925980758662,0.0,0.0,0.0,1.7474025585136963,16.965757575757575,1,0,1
16276,177,1,810.6,135.1,198.47086436049,1.4690663535195412,0.0,0.0,0.0,1.2424533248940002,135.1,1,2,1
16278,100,1,566.38,24.625217391304343,42.77734296963173,1.737135647977559,0.0,0.0,0.0,1.6639451196530306,24.625217391304343,0,2,1
16279,21,3,1502.78,14.177169811320754,8.287730662418648,0.5845828732192182,1.4666666666666666,10.705917366889524,7.299489113788312,2.475753641860258,14.177169811320754,2,1,3
16281,72,1,2062.06,121.29764705882351,82.89864530930313,0.6834316025033963,0.0,0.0,0.0,1.9869667702348368,121.29764705882351,2,0,0
16282,340,1,168.3,15.3,11.149327333969527,0.7287142048346096,0.0,0.0,0.0,2.0198149924929463,15.3,1,0,1
16283,6,5,1570.81,9.462710843373491,7.3023196315095795,0.7716942589050173,1.2121212121212122,7.921711350265506,6.535411863969042,2.3833802930353127,9.462710843373491,3,1,3
16284,31,2,812.68,7.89009708737864,6.602719804293609,0.8368363191443641,0.1862745098039215,1.8812803316556808,10.099504938362076,2.149410842164871,7.89009708737864,2,1,3
16287,170,1,142.5,17.8125,5.923326165014288,0.33253760926396,0.0,0.0,0.0,1.4941751382893085,17.8125,1,3,1
16292,122,1,302.25,17.779411764705884,6.990579795864785,0.3931839752843716,0.0,0.0,0.0,1.7930940134110525,17.779411764705884,0,0,1
16293,22,10,2248.99,19.059237288135595,8.528286584236676,0.4474621127439107,2.9316239316239314,15.526799132648987,5.296313406763649,2.063481191285762,19.059237288135595,2,1,3
16295,10,4,1328.55,16.817088607594936,5.7493328825709975,0.3418744478740799,0.6923076923076923,4.188133180840784,6.04952570565891,2.098537921085878,16.817088607594936,2,1,3
16297,269,1,301.9,15.095,4.146397929465246,0.2746868452775917,0.0,0.0,0.0,2.0820073618652764,15.095,1,0,1
16298,23,3,598.2,22.15555555555556,17.196565250370682,0.7761739581411039,6.269230769230769,26.664669797029465,4.253260213023105,1.451749754706546,22.15555555555556,0,0,3
16302,127,1,233.22,21.201818181818183,10.81502826457871,0.5100990948905146,0.0,0.0,0.0,1.5465986860485124,21.201818181818183,0,3,1
16303,26,3,5360.63,33.09030864197531,19.338542001310408,0.5844170935528633,1.9006211180124224,18.44390311489955,9.704145102937344,2.291222808075363,33.09030864197531,2,1,2
16305,139,1,361.22,16.41909090909091,4.590098981286641,0.2795586556345332,0.0,0.0,0.0,1.0729208762973772,16.41909090909091,0,3,1
16306,214,6,632.27,15.42121951219512,9.82146277168578,0.636879772311065,3.8,14.301156489007344,3.763462233949302,1.7101513848281078,15.42121951219512,1,0,2
16308,38,4,2560.0,640.0,261.2789058968723,0.4082482904638629,74.0,33.18132004607411,0.4483962168388393,1.039720770839918,640.0,0,0,2
16309,106,2,706.57,16.823095238095238,14.141509990802849,0.8406009590185255,3.268292682926829,20.92728409307321,6.4031242374328485,1.8726130386947248,16.823095238095238,2,1,2
16311,18,2,616.26,16.655675675675674,6.6974761168918215,0.4021137447262477,0.8611111111111112,5.166666666666666,5.999999999999999,1.777014575331063,16.655675675675674,2,0,3
16313,3,2,274.15000000000003,17.134375000000002,3.1895286354987733,0.1861479415209934,3.066666666666667,11.877148928369412,3.872983346207417,1.541976432762825,17.134375000000002,0,0,3
16315,331,1,226.37,16.169285714285714,2.598098311297098,0.160681081230549,0.0,0.0,0.0,1.9459101490553132,16.169285714285714,1,0,1
16316,64,8,2938.91,19.46298013245033,28.551330635534352,1.4669557509300004,1.94,11.840228321760074,6.103210475134059,2.165906158493572,19.46298013245033,3,1,2
16317,120,3,1341.65,19.444202898550724,10.23812775936354,0.5265388256222445,2.6029411764705883,17.072400443171734,6.558888305851287,2.057955847693276,19.444202898550724,2,1,2
16318,35,1,328.15000000000003,17.27105263157895,6.517717643075205,0.3773781356648754,0.0,0.0,0.0,1.909660421540432,17.27105263157895,0,0,0
16319,218,1,404.4,134.8,13.856406460551028,0.1027923327934052,0.0,0.0,0.0,0.0,134.8,1,3,1
16320,172,2,1038.46,18.543928571428573,7.902579942035371,0.4261545719180139,0.7272727272727273,5.393598899705937,7.416198487095664,1.8409788449482225,18.543928571428573,2,0,2
16321,72,5,373.65,31.137500000000003,13.771283115104549,0.4422732433594395,22.727272727272727,69.61765711238911,3.063176912945121,1.5890269151739729,31.137500000000003,2,0,2
16322,1,2,326.75,8.83108108108108,5.854592586538738,0.6629531008475388,0.9722222222222222,5.833333333333333,6.0,1.9113063711300131,8.83108108108108,2,1,3
16323,196,1,207.50000000000003,207.50000000000003,0.0,0.0,0.0,0.0,0.0,0.0,207.50000000000003,1,3,1
16324,128,3,408.59,3.680990990990992,3.436720676605681,0.9336400673125396,0.4363636363636363,4.576620428378843,10.488088481701515,1.359219550975462,3.680990990990992,2,2,2
16325,47,3,594.24,33.013333333333335,18.465894795222766,0.5593465709376847,11.647058823529411,33.03206997841376,2.836086816328454,1.6479184330021646,33.013333333333335,2,0,3
16326,6,14,3039.2200000000003,10.130733333333334,9.115257641364307,0.8997628642906048,1.0836120401337792,7.158537798981849,6.606181487332015,1.4281998158821638,10.130733333333334,3,1,3
16327,14,6,3820.27,12.051324921135649,10.235634923621582,0.8493368978601097,1.1139240506329111,9.364217394426852,8.406513342724105,2.5917814016736624,12.051324921135649,3,1,3
16330,18,3,251.91,6.4592307692307696,17.64067748200991,2.7310802342042253,2.473684210526316,15.24881358629168,6.164414002968977,0.9804365387449911,6.4592307692307696,0,2,2
16332,28,7,1582.8,10.482119205298012,8.99085784629932,0.8577328372448809,1.82,13.530512373915156,7.43434745819514,2.0691490679108058,10.482119205298012,3,1,3
16333,8,22,26626.8,591.7066666666667,532.8805293360365,0.9005822637388511,6.704545454545454,13.929355893311689,2.077598845104116,3.1293164702302203,591.7066666666667,3,1,3
16337,37,1,151.05,15.105,3.813605031113387,0.2524730242378938,0.0,0.0,0.0,1.6957425341696346,15.105,0,0,0
16338,157,1,214.8,19.527272727272727,14.201185929991263,0.727248813919478,0.0,0.0,0.0,1.8462202193216333,19.527272727272727,1,0,1
16339,284,1,94.05,5.225,2.6196794819663136,0.5013740635342228,0.0,0.0,0.0,0.4505612088663046,5.225,1,3,1
16340,107,1,534.31,3.789432624113475,4.548150451879102,1.200219373986924,0.0,0.0,0.0,1.7923069065010606,3.789432624113475,0,2,1
16341,25,4,1971.87,25.608701298701305,22.488418735841588,0.878155376703232,2.3026315789473686,14.797314834651234,6.426262442477107,2.30890350691129,25.608701298701305,3,1,3
16342,75,4,322.41,21.494000000000003,9.931672136582613,0.462067187893487,7.357142857142857,14.652944796483444,1.9916623995220213,1.956463203826685,21.494000000000003,2,0,2
16343,16,2,328.58,7.641395348837209,6.453805662588086,0.8445847084158734,0.0,0.0,0.0,1.8676989807725968,7.641395348837209,0,0,3
16344,158,1,101.1,50.55,21.001071401240463,0.4154514619434314,0.0,0.0,0.0,0.6931471805599453,50.55,0,3,1
16345,44,1,565.46,15.282702702702704,15.96838606759004,1.044866629824977,0.0,0.0,0.0,2.12611458014545,15.282702702702704,2,2,0
16347,11,2,847.45,9.97,10.3874591283363,1.0418715274158776,0.2976190476190476,2.7277236279499046,9.16515138991168,1.8330786828109429,9.97,2,1,3
16348,32,7,1415.65,6.376801801801802,7.635448239346747,1.1973789489880815,0.9276018099547512,6.793326146419963,7.323536967603959,1.806026161096328,6.376801801801802,3,2,3
16349,291,1,53.5,5.944444444444445,6.061353213415118,1.0196668957146928,0.0,0.0,0.0,0.0,5.944444444444445,1,3,1
16350,21,4,1116.47,19.58719298245614,7.12799504829523,0.3639110032090679,5.553571428571429,33.581878036636546,6.046897652899185,2.022098062560988,19.58719298245614,2,1,3
16351,333,1,153.9,19.2375,3.0061544015093906,0.1562653360108845,0.0,0.0,0.0,0.7356219397587946,19.2375,1,3,1
16352,18,2,494.44,17.658571428571427,7.454696612693342,0.422157400605561,0.7407407407407407,3.849001794597506,5.196152422706633,1.5690081065216674,17.658571428571427,2,0,3
16353,4,23,6675.71,71.0181914893617,99.7528381245287,1.404609664545898,3.838709677419355,11.19422436734836,2.916142482250413,1.9920462119769728,71.0181914893617,3,1,3
16354,63,2,395.8,10.148717948717948,7.311634628772786,0.7204490917689202,0.2368421052631578,1.459992790176863,6.164414002968978,1.53750313166636,10.148717948717948,2,0,2
16356,198,3,211.77,6.831290322580646,4.7520071141469495,0.6956236508407962,2.6,10.237187113655784,3.9373796590983785,1.4426726183570753,6.831290322580646,1,3,2
16357,33,3,658.88,19.378823529411765,6.779097001056456,0.3498198428179934,5.424242424242424,23.72634388057701,4.374130436084029,1.920483254061918,19.378823529411765,2,0,3
16358,1,4,2027.5,18.60091743119266,12.222363878569327,0.657083927380546,1.6759259259259258,11.673781393869122,6.965571218441244,1.77922474822548,18.60091743119266,2,1,3
16359,7,9,1750.92,26.52909090909091,39.004978093621794,1.4702719451368642,4.953846153846154,14.782200835412214,2.9839846406888006,2.3089825722830177,26.52909090909091,3,1,3
16360,5,6,3450.41,5.425172955974842,5.20987123043897,0.9603143112149528,0.1275590551181102,1.558869867139071,12.220769946090249,1.809360813054244,5.425172955974842,3,1,3
16361,10,4,891.21,8.569326923076924,6.984966000490337,0.8151125593866709,0.5922330097087378,3.671396841626304,6.199243847336217,1.906298966906236,8.569326923076924,2,1,3
16362,32,5,709.99,9.220649350649351,9.084756222674727,0.9852620869955268,0.75,4.610495273467556,6.147327031290074,1.9882125835025573,9.220649350649351,3,1,3
16363,53,1,109.36,21.872000000000003,11.89999663865499,0.5440744622647672,0.0,0.0,0.0,0.5004024235381879,21.872000000000003,0,3,0
16364,12,2,705.79,13.572884615384616,9.67158428057313,0.7125666027994202,2.450980392156863,17.503501050350124,7.14142842854285,1.8025192434644093,13.572884615384616,2,1,3
16365,18,9,1540.42,30.2043137254902,66.00035337041467,2.1851300436836367,6.9,23.58852194070113,3.4186263682175557,1.6337048453829954,30.2043137254902,3,2,3
16366,19,1,327.3,18.183333333333334,7.864533193581244,0.4325132828733956,0.0,0.0,0.0,1.7728817984730108,18.183333333333334,0,0,0
16367,37,2,800.67,6.304488188976378,4.576415681506516,0.7258980498224331,2.5793650793650795,28.9533012071793,11.22497216032182,2.076708346940162,6.304488188976378,2,1,3
16368,2,2,479.91,6.955217391304348,10.158319628394956,1.4605322963873475,0.3676470588235294,3.0316953129541617,8.24621125123532,1.7123074413481858,6.955217391304348,3,2,3
16369,18,3,1545.41,13.20863247863248,11.195384663732469,0.8475809045215823,1.5344827586206895,12.167977242126874,7.929693034195041,2.5736343356501186,13.20863247863248,3,1,3
16370,82,4,1301.91,5.890995475113122,5.26031246090411,0.8929411816944399,0.6454545454545455,5.702817318064931,8.835350774466795,1.6994973361210124,5.890995475113122,2,2,2
16372,33,2,355.73,3.866630434782609,3.074161112114876,0.7950491167868006,0.0,0.0,0.0,1.1366026734072154,3.866630434782609,0,0,2
16374,66,2,466.73,4.281926605504587,4.08265742185075,0.9534627278763562,1.8148148148148149,18.860108793527772,10.392304845413264,1.346999368385606,4.281926605504587,2,2,3
16376,9,2,974.96,7.991475409836066,11.388630089955363,1.4250973075557505,0.0661157024793388,0.7272727272727272,10.999999999999998,2.2118105213968944,7.991475409836066,3,1,3
16377,267,1,676.2,135.24,155.87394907424397,1.152572826635936,0.0,0.0,0.0,0.9502705392332348,135.24,1,3,1
16378,247,3,362.95,15.780434782608696,8.909274268097807,0.5645772369920087,2.8181818181818183,10.679916013743089,3.789647617779805,1.4688378256798664,15.780434782608696,1,0,2
16379,4,4,2157.4,19.975925925925928,9.510036315568607,0.476074868861319,0.6915887850467289,4.542070043728652,6.56758776593197,1.7683244093583537,19.975925925925928,2,1,3
16380,61,1,1743.15,56.23064516129032,136.07606723044,2.4199627594548034,0.0,0.0,0.0,2.2527543678209363,56.23064516129032,3,2,0
16383,75,2,643.76,6.568979591836735,5.591004831915909,0.8511222715418154,1.9896907216494848,19.596180987078856,9.84885780179611,1.8331738544643637,6.568979591836735,2,1,2
16384,90,2,584.5,17.71212121212121,5.815080479653611,0.3283107884150029,5.4375,30.759144981614817,5.656854249492381,1.6155817965100867,17.71212121212121,2,0,2
16385,60,3,554.86,9.73438596491228,10.420564492788811,1.0704901706537906,5.446428571428571,30.454687439095267,5.591680316686344,2.018603513753284,9.73438596491228,2,1,2
16386,29,2,302.57,3.735432098765432,4.340978590531956,1.1621088205476036,2.8125,25.155764746872634,8.94427190999916,1.3864689338890797,3.735432098765432,0,2,3
16387,323,1,94.36,23.59,12.049912862755482,0.5108059712910336,0.0,0.0,0.0,1.039720770839918,23.59,1,3,1
16389,53,4,1382.0700000000002,40.64911764705883,33.188884627751875,0.8164724488221028,6.909090909090909,25.65317187547628,3.712959087239988,1.894856862293613,40.64911764705883,2,1,2
16392,270,1,217.89,5.0672093023255815,4.069721720673408,0.8031485336130917,0.0,0.0,0.0,1.9377488620727688,5.0672093023255815,1,0,1
16393,2,13,3040.96,9.299571865443426,8.694748563177358,0.9349622422389626,1.1042944785276074,6.713122393487151,6.079105278546697,2.250936703497364,9.299571865443426,3,1,3
16394,57,5,1555.34,18.73903614457831,14.7279092628511,0.7859480684716149,2.817073170731707,14.415464988479776,5.117178047858622,2.164200054028312,18.73903614457831,2,1,3
16395,61,5,1482.06,7.194466019417476,6.475970024811286,0.9001321303531064,1.3073170731707318,12.515801585805294,9.573654198097332,2.055949766881284,7.194466019417476,3,1,3
16398,154,2,1705.8,20.80243902439024,11.700690974739889,0.5624672645847526,1.2222222222222223,11.000000000000002,9.0,2.067792623999717,20.80243902439024,2,0,2
16399,19,2,408.02,5.666944444444444,4.498649449569231,0.793840400884723,3.0422535211267605,25.634483816987228,8.426149773176357,1.7074213882419031,5.666944444444444,2,1,3
16400,95,1,303.93,10.480344827586206,8.59497963213685,0.8201046600597791,0.0,0.0,0.0,2.123476676335651,10.480344827586206,0,0,0
16401,1,12,4098.32,22.033978494623653,25.05839390637601,1.1372614306803617,1.7405405405405403,7.627733275595004,4.382393341568558,2.350556596753405,22.033978494623653,3,1,3
16402,265,2,293.45,5.148245614035088,7.483469669594402,1.453596085080528,1.8571428571428568,13.897584579446068,7.483314773547883,1.140054285233486,5.148245614035088,1,2,2
16403,312,1,177.5,17.75,3.4983329363188607,0.1970891795109217,0.0,0.0,0.0,0.9433483923290392,17.75,1,3,1
16404,70,1,443.05,19.26304347826087,6.070592628538014,0.3151419263206733,0.0,0.0,0.0,1.813261632874258,19.26304347826087,0,0,0
16405,302,2,167.25,33.45,43.5710196116639,1.3025715877926427,1.75,3.5,2.0,0.9502705392332348,33.45,1,3,2
16406,19,1,154.35,2.661206896551724,2.091436237467019,0.7858976467320188,0.0,0.0,0.0,1.2557174345595252,2.661206896551724,0,0,0
16407,13,10,2079.68,12.379047619047618,10.321013924458033,0.8337486244561421,1.7724550898203593,8.756874508929517,4.940533929024424,2.197095006867423,12.379047619047618,3,1,3
16409,36,5,2022.98,8.757489177489177,7.270485942650165,0.8302021041988493,1.2130434782608697,9.348320464141397,7.706500741048463,2.1970655835691995,8.757489177489177,3,1,3
16411,19,2,211.7,4.8113636363636365,4.195918055659539,0.8720849997591862,8.116279069767442,53.22200104607903,6.557438524302,1.5626518493294823,4.8113636363636365,0,1,3
16412,54,1,135.99,4.533,3.953617418220328,0.8721856206089406,0.0,0.0,0.0,1.4208911160459985,4.533,0,0,0
16413,57,1,262.2,8.458064516129031,6.578374885108956,0.7777636210464441,0.0,0.0,0.0,2.0751750125894928,8.458064516129031,0,0,0
16414,22,2,126.25,18.035714285714285,7.224767256096346,0.4005811547934608,43.0,105.32805893967664,2.449489742783178,1.2770342594661392,18.035714285714285,0,3,2
16415,44,1,200.27,4.2610638297872345,5.921495563895027,1.389675395731094,0.0,0.0,0.0,1.3745367990184776,4.2610638297872345,0,2,0
16416,27,3,1051.4,14.808450704225354,16.536769130627604,1.11671163046848,0.4142857142857143,2.44648732002423,5.905314220748141,2.311611573926968,14.808450704225354,3,1,3
16418,45,3,631.12,6.643368421052632,5.975279146070101,0.8994351611051141,1.925531914893617,14.533786637180947,7.547933391685134,1.5681464364858173,6.643368421052632,2,2,3
16419,113,6,958.71,19.1742,17.19217751520399,0.8966307598337345,4.020408163265306,16.78105305088446,4.173967510118469,2.3597906681365446,19.1742,3,1,2
16422,17,51,34684.4,93.99566395663958,72.1044032579919,0.7671035048090499,0.8885869565217391,2.606025330866051,2.9327746842773905,2.908547962565436,93.99566395663958,3,1,3
16423,25,1,346.12,19.22888888888889,12.445157285839382,0.6472114617621313,0.0,0.0,0.0,1.5418327382863624,19.22888888888889,0,0,0
16424,191,1,133.56,26.712,10.47471813463255,0.3921353000386549,0.0,0.0,0.0,1.0549201679861442,26.712,1,3,1
16425,302,1,302.7,14.414285714285716,4.929861632367152,0.3420122044258678,0.0,0.0,0.0,1.817940427253165,14.414285714285716,1,0,1
16426,2,10,1863.76,5.279773371104816,6.726158607079107,1.2739483561718916,0.7670454545454546,10.097938878472652,13.16472031563842,1.7953396673047908,5.279773371104816,3,2,3
16427,263,2,241.06,26.784444444444446,15.147761477451969,0.5655432394302983,2.625,7.424621202458749,2.82842712474619,1.6769877743224173,26.784444444444446,1,0,2
16429,106,1,284.55,142.275,194.2068774528853,1.3650105602030242,0.0,0.0,0.0,0.6931471805599453,142.275,0,3,1
16430,57,1,300.85,50.14166666666667,35.47523666822629,0.707500149607305,0.0,0.0,0.0,1.791759469228055,50.14166666666667,0,0,0
16431,213,3,623.28,8.201052631578946,9.01923523423834,1.0997655593025828,1.12,9.699484522385712,8.660254037844386,1.974127243954175,8.201052631578946,2,2,2
16432,64,1,287.40000000000003,35.925000000000004,43.98165169379483,1.2242630951647828,0.0,0.0,0.0,1.2130075659799042,35.925000000000004,0,2,0
16433,28,1,184.26,10.838823529411764,14.297052966587616,1.319059483512371,0.0,0.0,0.0,1.9254081650860664,10.838823529411764,0,2,0
16434,29,7,1511.8,14.128971962616822,8.887361912477596,0.6290168836057036,2.509433962264151,12.631212499216351,5.033490695176441,1.9534084610398248,14.128971962616822,2,1,3
16438,6,5,798.35,6.04810606060606,5.531303579299839,0.9145513527495192,0.5648854961832062,3.9185932260702185,6.936969089394576,1.855681043031684,6.04810606060606,2,1,3
16440,8,5,3640.67,12.91017730496454,12.778953684235058,0.9898356453494236,0.7295373665480427,9.038695552191474,12.389626586174654,2.2691719476421444,12.91017730496454,3,1,3
16441,67,2,381.2,15.883333333333333,7.090128880086165,0.446387967266705,9.73913043478261,46.70722874878475,4.79583152331272,1.704551445267297,15.883333333333333,2,0,2
16442,2,3,609.3,3.563157894736842,4.072593547646802,1.142973078364686,2.1058823529411765,19.994095891503108,9.49440307697075,1.140073321984408,3.563157894736842,2,2,3
16444,46,4,654.67,7.793690476190475,8.415584049309505,1.0797944920983067,2.602409638554217,14.100631156117858,5.418298083137881,2.037182231053729,7.793690476190475,3,1,3
16445,34,1,230.51,3.658888888888889,2.6148484882469685,0.7146564346863867,0.0,0.0,0.0,1.139906517627415,3.658888888888889,0,3,0
16446,1,2,168472.5,56157.5,97265.13175258388,1.732006085608937,102.0,144.2497833620557,1.4142135623730951,0.6365141682948128,56157.5,0,2,2
16447,136,1,255.91,7.526764705882353,8.643080511648483,1.148312834184082,0.0,0.0,0.0,1.4270361526557225,7.526764705882353,0,3,1
16448,198,1,182.99,9.631052631578948,9.04320118759382,0.93896290816046,0.0,0.0,0.0,1.909660421540432,9.631052631578948,1,0,1
16449,198,2,707.69,17.69225,6.621208150465811,0.3742434201679159,2.102564102564102,13.130508612017143,6.244997998398398,1.964852693410155,17.69225,2,0,2
16450,150,1,311.92,28.35636363636364,18.23444612415045,0.6430459969404173,0.0,0.0,0.0,1.0361987848192835,28.35636363636364,0,3,1
16451,88,1,266.97,19.06928571428572,11.15314268528121,0.5848746960105515,0.0,0.0,0.0,1.5367224694372197,19.06928571428572,0,0,0
16454,45,2,6.9,3.45,3.464823227814083,1.004296587772198,19.0,0.0,0.0,0.6931471805599453,3.45,0,3,2
16455,64,7,1841.18,18.59777777777778,7.510294778795242,0.403827536200007,3.122448979591837,16.2495140648184,5.204092739713082,1.6827789402764397,18.59777777777778,2,1,3
16456,99,5,2158.18,19.61981818181818,22.20249167692416,1.1316359545828698,2.4954128440366974,15.261076034347312,6.115651793175944,2.160668078957774,19.61981818181818,3,1,2
16457,218,1,208.36,23.151111111111117,11.313081415384188,0.4886625683358498,0.0,0.0,0.0,1.7351264569629228,23.151111111111117,1,0,1
16458,3,18,3482.74,17.241287128712873,8.024880794622014,0.4654455746089707,1.736318407960199,6.478821218254865,3.731355486731312,1.3186485819106046,17.241287128712873,2,1,3
16460,28,3,811.23,6.145681818181818,6.879013020940018,1.1193246289758545,0.4045801526717557,3.917963807808255,9.68402375137512,1.8101582667048124,6.145681818181818,3,1,3
16461,178,1,142.92,4.46625,3.727199718546818,0.8345255457143731,0.0,0.0,0.0,0.6415518483235773,4.46625,1,3,1
16462,74,3,136.0,45.333333333333336,19.62990915244728,0.4330127018922193,104.5,9.192388155425116,0.0879654368940202,0.6365141682948128,45.333333333333336,0,3,2
16463,21,4,1422.4,17.346341463414635,7.9958372676260945,0.4609523734148901,2.234567901234568,16.95455072018887,7.587395626161869,2.0934346050622654,17.346341463414635,2,1,3
16464,20,3,1298.66,5.646347826086957,4.953612916500808,0.8773127460576178,0.5283842794759825,5.641740392706772,10.677343387850003,1.8937766281388135,5.646347826086957,2,1,3
16466,34,7,1595.96,10.931232876712327,11.078380928040602,1.013461249338284,1.7655172413793103,9.891785167152763,5.602768942332621,2.230429966995449,10.931232876712327,3,1,3
16468,74,1,74.9,37.45,35.28462838120873,0.9421796630496322,0.0,0.0,0.0,0.6931471805599453,37.45,0,3,0
16469,24,4,625.42,3.6574269005847952,2.793947521335715,0.7639106938511836,1.3058823529411765,13.090511970687636,10.02426592349954,0.8255744953447712,3.6574269005847952,0,2,3
16470,52,4,752.77,4.590060975609756,5.112570157551978,1.1138349108473031,1.8773006134969328,15.046337073686717,8.014878898728545,1.7367238743191864,4.590060975609756,3,2,3
16471,275,1,223.95,17.22692307692308,4.815280165984435,0.2795206169135862,0.0,0.0,0.0,1.6260206924207543,17.22692307692308,1,3,1
16473,165,3,316.11,17.561666666666667,6.92454139488037,0.3942986463821032,10.058823529411764,31.189883352289275,3.100748637362092,1.979596215361333,17.561666666666667,2,0,2
16474,7,7,1810.65,5.372848664688427,6.58048496215503,1.22476648289081,0.4017857142857143,3.848147035610245,9.577610399741054,1.6487117851850293,5.372848664688427,3,2,3
16475,88,4,544.3,19.439285714285717,14.380422372762478,0.7397608422512391,6.814814814814815,23.547067491821306,3.4552762080389954,1.63967824844761,19.439285714285717,2,0,2
16477,64,7,2494.46,17.085342465753424,5.410327055495405,0.3166648293026664,2.103448275862069,11.049587811524814,5.253082730069174,1.9186001641886576,17.085342465753424,2,1,3
16478,25,3,331.0,19.47058823529412,9.505777500149737,0.488212137469926,2.4375,9.75,4.0,2.0069548922107656,19.47058823529412,2,1,3
16479,10,2,300.83,8.595142857142857,6.795277067211318,0.790595011642443,0.0,0.0,0.0,1.7306090858518814,8.595142857142857,0,0,3
16480,76,1,769.29,14.514905660377355,15.729580979142147,1.083684685742092,0.0,0.0,0.0,2.2212965391955906,14.514905660377355,2,2,0
16482,16,1,220.62,12.256666666666668,4.411076966002747,0.3598920559697645,0.0,0.0,0.0,1.831020481113516,12.256666666666668,0,0,0
16483,192,1,139.35,7.334210526315789,4.102135373178589,0.5593151926113613,0.0,0.0,0.0,0.9591824302739718,7.334210526315789,1,3,1
16484,174,2,404.3,16.172,4.077812935058859,0.2521526672680471,0.7083333333333334,3.470110468942836,4.898979485566356,1.675889043126392,16.172,1,0,2
16485,77,1,363.65,8.658333333333333,8.015280198886792,0.9257301480908712,0.0,0.0,0.0,2.1098457893465885,8.658333333333333,0,0,0
16488,33,3,498.8,17.2,12.430350529478815,0.7226947982255125,4.071428571428571,16.313885409149382,4.006919223299849,1.9586367889941585,17.2,2,1,3
16491,47,1,731.5,18.756410256410252,9.592886203953288,0.5114457442982615,0.0,0.0,0.0,1.926734324058074,18.756410256410252,0,0,0
16493,80,4,1351.63,24.13625,12.462175873417934,0.5163261017522579,4.509090909090909,20.08673113467613,4.454718598416078,1.7210661751762335,24.13625,2,1,2
16494,297,1,826.53,16.5306,11.80480849968714,0.7141185740195237,0.0,0.0,0.0,2.2073261231964385,16.5306,1,0,1
16495,3,3,648.26,7.366590909090909,8.392429934085664,1.139255598370312,3.126436781609196,29.16146094758801,9.327379053088814,1.5490078081245726,7.366590909090909,3,2,3
16496,9,3,1599.52,16.837052631578945,8.590652871145451,0.5102230811486058,3.265957446808511,23.20603162783651,7.105429879533002,2.060459361681087,16.837052631578945,2,1,3
16497,50,6,2965.69,21.80654411764706,13.491061149196996,0.6186702980725536,2.088888888888889,14.88035199926032,7.1235727656033445,1.9338149207257989,21.80654411764706,2,1,3
16498,161,2,100.97,6.731333333333334,6.965797940823504,1.0348318224458013,0.0,0.0,0.0,1.2868726303980162,6.731333333333334,0,3,2
16499,360,2,365.45,19.23421052631579,7.320975432724095,0.3806226110870374,0.2222222222222222,0.9428090415820632,4.242640687119285,1.6081537102428884,19.23421052631579,1,0,2
16500,5,6,400.86,36.441818181818185,43.58494552438533,1.19601457059382,32.4,92.0630218926144,2.841451292981926,1.6417347121875214,36.441818181818185,3,1,3
16503,107,4,1431.93,17.046785714285715,5.610062852280752,0.3290979863482036,3.036144578313253,17.454083164142233,5.7487654866024025,2.121749753306397,17.046785714285715,2,1,2
16504,25,1,465.88,5.613012048192771,6.538552785153862,1.1648919918600724,0.0,0.0,0.0,2.1201321033486504,5.613012048192771,0,2,0
16505,32,1,777.6,194.4,110.36451603663204,0.5677187038921401,0.0,0.0,0.0,0.0,194.4,0,3,0
16506,20,2,90.3,30.100000000000005,8.921322771876378,0.2963894608596802,10.0,14.142135623730953,1.4142135623730951,0.6365141682948128,30.100000000000005,0,3,2
16509,297,1,363.7000000000001,27.97692307692308,16.100642008222003,0.5754972397769756,0.0,0.0,0.0,1.605207107455459,27.97692307692308,1,0,1
16510,372,1,248.1,19.084615384615383,6.260204489983554,0.3280236129374696,0.0,0.0,0.0,1.8848713335781608,19.084615384615383,1,0,1
16511,22,3,918.33,5.7756603773584905,5.222594719624089,0.904242004965786,1.5379746835443038,13.626330859305195,8.859918830330127,1.3680275589967577,5.7756603773584905,2,2,3
16513,5,4,874.59,24.98828571428572,19.31430397791389,0.7729343340616589,1.0588235294117647,4.263596265997706,4.026729806775611,1.9799458204047984,24.98828571428572,2,1,3
16515,52,5,1624.14,14.631891891891891,18.282759713780703,1.2495144065349404,2.3363636363636364,12.705757759123536,5.438262075889451,2.227450730283675,14.631891891891891,3,1,3
16516,30,1,101.7,16.95,1.694402549573153,0.0999647521872066,0.0,0.0,0.0,1.2424533248940002,16.95,0,3,0
16517,277,1,162.70000000000002,9.57058823529412,6.050724616304475,0.6322207650717643,0.0,0.0,0.0,1.6459168300174678,9.57058823529412,1,0,1
16518,61,2,484.32,12.108,9.698069117890666,0.8009637527164408,5.6923076923076925,35.548450144729344,6.244997998398398,2.125887634255565,12.108,2,1,2
16519,25,2,215.08,16.544615384615383,13.075439836696772,0.7903139198301007,28.33333333333333,98.14954576223636,3.4641016151377544,1.605207107455459,16.544615384615383,0,0,3
16520,186,3,1046.57,6.708782051282051,5.970986014964494,0.8900253383285028,1.1483870967741936,10.92346072153406,9.512002313695389,1.803445018437188,6.708782051282051,2,2,2
16523,2,21,9418.47,32.477482758620695,22.83208463538272,0.7030127551779629,1.055363321799308,4.8638098731470025,4.608659191276996,2.402850226614092,32.477482758620695,3,1,3
16525,2,26,13027.45,71.18825136612023,40.85744101062215,0.5739351680446942,1.934065934065934,5.942267732758546,3.07242252091493,2.635779406795921,71.18825136612023,3,1,3
16526,172,1,290.36,19.357333333333333,15.402448073818226,0.7956905948039448,0.0,0.0,0.0,1.806507165261669,19.357333333333333,1,0,1
16527,81,1,228.06,16.29,9.759812419382786,0.5991290619633387,0.0,0.0,0.0,1.7298201303799214,16.29,0,0,0
16528,4,1,244.41,14.377058823529412,5.046401892321254,0.3510037730430887,0.0,0.0,0.0,1.5068833488641131,14.377058823529412,0,0,0
16529,190,1,455.25,15.175,10.55288610629404,0.6954125934954887,0.0,0.0,0.0,2.052690447939071,15.175,1,0,1
16531,22,7,1244.59,16.163506493506492,5.983179661226122,0.3701659453429735,4.407894736842105,20.942573946599104,4.75115110430308,2.114868287421303,16.163506493506492,2,1,3
16532,18,3,6748.8,1687.2,888.233482818566,0.5264541742642046,106.66666666666669,101.47577707676514,0.9513354100946732,0.5623351446188083,1687.2,0,3,2
16533,19,3,1082.81,6.1523295454545455,6.229064293357327,1.0124724703603492,0.2685714285714285,2.746342544684148,10.225743517440977,1.6760977328338147,6.1523295454545455,2,1,3
16535,5,1,593.75,19.15322580645161,15.304811963801182,0.7990722877942512,0.0,0.0,0.0,2.1252957008456512,19.15322580645161,2,0,0
16536,110,1,548.12,10.15037037037037,7.862207180367994,0.7745734287015101,0.0,0.0,0.0,2.0274706651380274,10.15037037037037,0,0,1
16539,3,4,1388.81,30.86244444444444,22.47097250348825,0.7281008652421653,8.386363636363637,38.22529048916401,4.558029218220098,1.7523495275107546,30.86244444444444,2,1,3
16542,54,1,119.62,23.924,16.68088366963813,0.6972447613124114,0.0,0.0,0.0,1.6094379124341005,23.924,0,0,0
16545,165,1,339.3,113.1,110.82919290511865,0.9799221300187324,0.0,0.0,0.0,1.0986122886681096,113.1,0,3,1
16546,291,2,787.15,31.486,20.2607251433243,0.6434836163159595,3.375,16.53405576378645,4.898979485566356,1.831091258168144,31.486,1,0,2
16549,10,10,4034.9,4.362054054054054,5.140849570298119,1.1785387128617215,0.3474025974025974,7.105114188671154,20.452104393558088,1.5909123036866186,4.362054054054054,3,2,3
16550,109,5,2298.97,9.159243027888444,6.250607124488083,0.6824370862805992,1.032,9.63672360125931,9.337910466336542,2.156980459299247,9.159243027888444,2,1,2
16551,96,3,922.12,28.81625,21.631312541269065,0.7506636894553963,7.741935483870968,37.29787102229427,4.817641673713009,2.315124244296682,28.81625,2,1,2
16552,243,2,379.73,22.33705882352941,18.437844154315425,0.8254374177003718,8.125,32.5,4.0,1.9213363139659516,22.33705882352941,1,0,2
16553,163,12,5719.82,68.09309523809523,50.31734171288326,0.7389492508299552,2.325301204819277,9.587985919552404,4.123330732242744,2.8492694044249687,68.09309523809523,3,1,2
16554,42,3,837.1,16.098076923076924,6.546503044497412,0.4066636701873915,5.666666666666667,29.203881020622354,5.153626062462768,1.8787746269343804,16.098076923076924,2,0,3
16555,35,2,285.89,16.81705882352941,4.374448200496096,0.2601196943175125,4.625,18.5,4.0,1.7582428597165525,16.81705882352941,2,0,3
16556,67,7,3313.79,16.008647342995168,9.177355844542555,0.5732749087360121,1.4077669902912622,8.313300413784642,5.905309949102194,1.9544208937317624,16.008647342995168,2,1,2
16557,24,2,281.85,25.622727272727275,13.963333478012396,0.5449589081360169,11.3,35.733737559902686,3.162277660168379,1.7201934592198251,25.622727272727275,0,0,3
16558,1,20,8338.49,18.127152173913043,16.808100156473326,0.9272333566362412,0.7777777777777778,4.267101051395887,5.48627278036614,2.372296902097081,18.127152173913043,3,1,3
16560,27,2,841.41,15.02517857142857,7.712658777754787,0.513315614925266,6.0181818181818185,44.63203089506664,7.416198487095664,2.061734313247928,15.02517857142857,2,1,3
16561,6,2,511.12,16.48774193548387,3.696610798806044,0.2242035818652906,1.8,9.859006035092987,5.47722557505166,1.5534181674800491,16.48774193548387,2,0,3
16563,54,1,1077.74,56.72315789473684,65.70661974536944,1.1583737962421543,0.0,0.0,0.0,1.9356732692787169,56.72315789473684,2,2,0
16565,364,1,173.7,57.9,69.36863484313353,1.1980765948727727,0.0,0.0,0.0,0.6365141682948128,57.9,1,3,1
16566,15,5,614.66,34.147777777777776,30.91612116214481,0.9053626084642024,16.176470588235293,35.60764541169081,2.2011998981772503,1.8735105206455305,34.147777777777776,2,1,3
16567,194,2,865.6,24.731428571428573,18.32720111856516,0.74104902859263,4.176470588235294,24.352799090236257,5.830951894845301,2.1117432420642914,24.731428571428573,2,0,2
16569,3,1,124.2,24.84,19.659043720384776,0.7914268808528493,0.0,0.0,0.0,0.9502705392332348,24.84,0,3,0
16570,15,10,3738.4,29.66984126984127,20.45318412312868,0.689359404963143,2.352,10.524361906946528,4.474643667919442,2.4724600224416475,29.66984126984127,3,1,3
16571,27,3,1421.69,16.34126436781609,7.099897281372537,0.4344766183059674,2.953488372093023,19.546570017596544,6.618130005957885,2.0290437203435654,16.34126436781609,2,1,3
16572,127,3,1009.6,17.712280701754388,6.50368000704872,0.3671847864518393,2.642857142857143,16.82036489867789,6.364462394094337,1.960587095553138,17.712280701754388,2,0,2
16573,85,2,663.61,15.800238095238097,6.292944747927204,0.3982816404408351,5.0,32.01562118716425,6.40312423743285,1.7558083070375157,15.800238095238097,2,1,2
16574,71,1,451.44,16.122857142857143,5.624561781872012,0.3488563926378175,0.0,0.0,0.0,0.9049961161305496,16.122857142857143,0,3,0
16581,183,1,105.84,11.76,5.536442901358236,0.47078596099985,0.0,0.0,0.0,1.2730283365896258,11.76,1,3,1
16582,113,1,313.62,52.27,64.6616903583567,1.237070793157771,0.0,0.0,0.0,1.3296613488547582,52.27,0,2,1
16583,374,1,233.45,16.675,1.976472187432018,0.1185290667125647,0.0,0.0,0.0,1.4701319204088412,16.675,1,3,1
16584,80,2,936.08,33.431428571428576,26.370765198280782,0.7888016254506687,6.444444444444445,33.4863156129983,5.196152422706632,1.5667865470516449,33.431428571428576,2,1,2
16586,249,1,463.95,57.99375,38.07324179882019,0.6565059476033226,0.0,0.0,0.0,1.4941751382893085,57.99375,1,0,1
16587,232,1,225.15,17.31923076923077,5.252639751493944,0.3032836631997391,0.0,0.0,0.0,1.844621476365503,17.31923076923077,1,0,1
16589,71,3,459.24,13.916363636363636,3.892705372056351,0.279721446907629,2.78125,11.20695168763711,4.029465775330197,1.5587443921404327,13.916363636363636,2,0,2
16591,69,1,213.5,21.35,30.849113079273085,1.444923329239957,0.0,0.0,0.0,1.6094379124341,21.35,0,2,0
16592,4,16,4113.68,19.044814814814817,10.303633405789231,0.5410204040300834,1.302325581395349,8.091575415037529,6.213173979403816,1.799316972279177,19.044814814814817,2,1,3
16593,51,3,330.03,12.223333333333333,14.182367438261007,1.1602700385814844,10.653846153846152,37.63715431080549,3.5327292854907686,1.6341049165869992,12.223333333333333,0,1,2
16594,75,1,181.09,3.416792452830189,3.25945180241243,0.95395077325009,0.0,0.0,0.0,0.4119855504234699,3.416792452830189,0,3,0
16595,61,1,360.16,4.237176470588236,3.855120161108163,0.9098323347795252,0.0,0.0,0.0,1.9411386349258712,4.237176470588236,0,0,0
16596,16,2,250.15,20.84583333333333,9.226874245015663,0.4426243891272754,31.818181818181817,105.52897060221729,3.3166247903554003,1.583258459420477,20.84583333333333,0,0,3
16597,4,1,90.04,12.862857142857145,8.5364350761617,0.6636499948148812,0.0,0.0,0.0,1.475076311054695,12.862857142857145,0,0,0
16598,286,1,145.05,14.505,3.241180340554965,0.2234526260292978,0.0,0.0,0.0,1.5047882836811908,14.505,1,3,1
16600,4,6,813.52,13.121290322580643,5.573383904221855,0.4247588283776121,5.426229508196721,25.72512326915296,4.740883744466255,1.8362863034155377,13.121290322580643,2,1,3
16601,41,1,242.7,8.09,7.552167078806379,0.9335187983691444,0.0,0.0,0.0,1.6727508935053337,8.09,0,0,0
16602,36,1,528.08,18.209655172413797,12.213573094471172,0.6707196253212847,0.0,0.0,0.0,1.4791475340911524,18.209655172413797,0,0,0
16603,75,2,482.47,14.19029411764706,5.180918068459061,0.3651029376491969,0.4848484848484848,2.7852424952911656,5.744562646538029,1.8195309648234528,14.19029411764706,2,0,2
16607,18,14,3347.71,19.46343023255814,29.66225808719492,1.5239995074237394,1.95906432748538,8.77922462417496,4.481335554429607,2.363905493827384,19.46343023255814,3,1,3
16609,15,7,5493.46,19.903840579710145,9.183289909392348,0.4613828106498068,0.8545454545454545,6.360858242769225,7.4435575181342,2.264091050566289,19.903840579710145,2,1,3
16610,219,1,75.66,12.61,3.078278739815484,0.2441140951479368,0.0,0.0,0.0,0.4505612088663046,12.61,1,3,1
16611,186,1,129.49,12.949000000000002,5.568693144116789,0.4300481229528758,0.0,0.0,0.0,1.5047882836811908,12.949000000000002,1,3,1
16612,33,4,1187.66,17.994848484848486,5.989432807979847,0.3328415247854351,4.276923076923077,20.27969095880446,4.7416543608715465,1.6675173496941702,17.994848484848486,2,0,3
16613,70,1,618.59,20.619666666666667,7.109744882824599,0.3448040648648345,0.0,0.0,0.0,1.4631543102041231,20.619666666666667,0,0,0
16614,183,1,506.19,19.468846153846155,10.609141841609274,0.5449291528513821,0.0,0.0,0.0,1.6189649204909942,19.468846153846155,1,0,1
16616,15,2,500.42,15.164242424242424,13.614212709128427,0.8977839003262023,4.4375,25.10229073212244,5.656854249492381,1.883097353149465,15.164242424242424,2,1,3
16617,236,1,151.85,30.37,24.093609111131524,0.7933358284863855,0.0,0.0,0.0,1.6094379124341005,30.37,1,0,1
16618,31,5,2647.59,27.579062500000003,23.130917158330025,0.8387129605413535,3.0526315789473686,19.95439930220296,6.536785978307867,2.072552953814211,27.579062500000003,3,1,3
16619,264,1,226.21,16.157857142857143,4.642193080151514,0.2873025203223606,0.0,0.0,0.0,1.3316643102930148,16.157857142857143,1,3,1
16620,4,2,178.96,19.884444444444444,6.951811114938163,0.3496105276846416,32.125,90.86322138247137,2.82842712474619,1.1490596969706204,19.884444444444444,0,3,2
16621,52,4,813.48,28.05103448275862,27.48187290155713,0.979709782840582,8.0,24.020053350543645,3.002506668817956,1.7112904312903243,28.05103448275862,2,1,2
16623,246,1,129.45000000000002,25.890000000000004,22.48689618422249,0.8685552794214945,0.0,0.0,0.0,1.0549201679861442,25.890000000000004,1,3,1
16624,81,2,810.57,16.886875,18.642391426844952,1.103957447831227,2.4680851063829787,16.92033901375577,6.855654600401044,2.182622954839692,16.886875,3,1,2
16625,275,1,333.08,14.481739130434782,4.127152498640628,0.2849901148935224,0.0,0.0,0.0,1.562929826292065,14.481739130434782,1,0,1
16626,1,17,4413.1,24.65418994413408,23.39907111350693,0.9490910537530852,1.449438202247191,7.344641362568159,5.067233188128419,2.2697101644633952,24.65418994413408,3,1,3
16627,79,1,322.8,16.14,5.033051810414412,0.3118371629748706,0.0,0.0,0.0,1.7339835697484476,16.14,0,0,0
16628,30,5,2188.05,18.701282051282053,13.431280431583216,0.7182010513906154,1.7586206896551724,10.790995190963358,6.136056088979164,1.873017915718804,18.701282051282053,2,1,3
16629,74,2,408.63,6.8105,7.669301213389321,1.1260995834945042,0.3728813559322034,2.864156041578125,7.681145747868608,1.5095451625535126,6.8105,2,2,2
16633,17,6,2883.1,18.967763157894737,8.081331704349214,0.4260561267597657,1.4172185430463575,8.18238564714394,5.773552489339884,2.1201348819680983,18.967763157894737,2,1,3
16634,223,2,217.9,24.211111111111112,12.18015234350996,0.5030810972537385,18.625,52.67945519839779,2.82842712474619,1.8891591637540213,24.211111111111112,1,0,2
16637,32,4,1154.47,16.73144927536232,9.372026473589044,0.5601443317519242,2.823529411764706,14.70601580273076,5.208380596800477,1.686309341421885,16.73144927536232,2,0,3
16638,23,10,1680.72,17.88,15.527057548970191,0.8684036660497871,3.6666666666666665,17.540222925888234,4.783697161605882,2.318275985144003,17.88,3,1,3
16639,31,3,1257.51,25.1502,18.313236039676276,0.7281546882202239,4.163265306122449,25.25564865759037,6.066307765793766,1.6977974788012613,25.1502,2,1,3
16641,106,1,231.1,19.258333333333333,5.126717598359922,0.2662077506720859,0.0,0.0,0.0,1.4735023850806486,19.258333333333333,0,0,1
16642,5,2,688.33,20.245,10.321043595930158,0.509807043513468,6.121212121212121,35.16368650305096,5.744562646538029,1.742326588860738,20.245,2,0,3
16643,246,1,487.51,18.055925925925926,6.925101642830433,0.3835362235778172,0.0,0.0,0.0,2.0229154823704296,18.055925925925926,1,0,1
16644,178,2,833.78,13.448064516129032,4.064032899178536,0.3022020673907616,0.5573770491803278,4.353253917718464,7.810249675906656,1.9371518389677085,13.448064516129032,2,0,2
16647,170,2,214.06,15.29,8.01268417525037,0.524047362671705,2.6923076923076925,9.70725343394151,3.605551275463989,1.7298201303799214,15.29,1,0,2
16648,43,1,290.66,15.297894736842109,5.633301359817912,0.368240300820685,0.0,0.0,0.0,1.2015591547737916,15.297894736842109,0,0,0
16650,72,1,518.42,21.60083333333333,16.879446188284387,0.7814256944539666,0.0,0.0,0.0,1.5312646501273104,21.60083333333333,0,0,0
16652,59,7,6773.97,57.406525423728816,34.00587795789696,0.5923695556714661,1.811965811965812,11.117655750117985,6.135687371527378,2.346661748638291,57.406525423728816,3,1,3
16653,16,2,1212.66,17.574782608695653,6.817155394490746,0.3878941518808746,0.8088235294117647,6.6697296884991575,8.246211251235321,2.048689489506656,17.574782608695653,2,1,3
16654,141,4,601.27,20.733448275862067,9.092648630256228,0.4385497534841762,8.071428571428571,27.345428992292053,3.3879292556822014,1.8177791367688925,20.733448275862067,2,0,2
16655,18,6,3789.52,14.688062015503876,19.527203675619692,1.3294608679489437,1.2101167315175096,10.598985376060558,8.758647079252615,2.3770771625061613,14.688062015503876,3,1,3
16656,22,15,8625.8,118.16164383561645,106.30855755004572,0.899687530565668,4.652777777777778,11.318885778815222,2.4327157494767047,2.6079225181851022,118.16164383561645,3,1,3
16657,10,4,874.43,4.554322916666666,5.162211421889734,1.1334750557538384,1.2722513089005236,11.81209080203242,9.28440058925182,1.877898194377622,4.554322916666666,3,1,3
16658,368,1,123.24,15.405,23.994521398495472,1.5575800972733187,0.0,0.0,0.0,1.3862943611198906,15.405,1,2,1
16659,189,1,39.12,19.56,1.1879393923933996,0.0607330977706237,0.0,0.0,0.0,0.6931471805599453,19.56,1,3,1
16660,16,4,1267.65,79.228125,109.90782569764234,1.3872324467812702,20.133333333333333,55.56189170217127,2.759696607723739,2.0467385326945515,79.228125,3,2,3
16665,362,1,135.4,15.044444444444444,15.348848581498803,1.0202336575590047,0.0,0.0,0.0,1.2148896539491203,15.044444444444444,1,3,1
16666,19,1,118.98,3.718125,2.988363925564104,0.8037287411165854,0.0,0.0,0.0,1.4380715787970386,3.718125,0,0,0
16667,68,2,567.1800000000001,10.907307692307691,7.626881796821344,0.6992451310601746,4.235294117647059,30.246049815005,7.141428428542848,1.941541368020275,10.907307692307691,2,1,2
16668,15,6,306.72,15.336000000000002,7.594392945491188,0.4952003746407921,14.052631578947368,28.5646900992788,2.032693302944933,1.1097385521061456,15.336000000000002,0,3,2
16669,24,3,1348.88,8.646666666666667,7.510988022575246,0.8686570573525728,0.3483870967741935,4.337384376073493,12.44989959798873,2.217675688073292,8.646666666666667,3,1,3
16670,17,11,4095.9,16.25357142857143,5.311087097593509,0.3267643127502049,1.342629482071713,8.07874590875139,6.017107486933528,2.1267513843383514,16.25357142857143,2,1,3
16671,28,3,1692.27,282.045,277.7758730883588,0.9848636674585926,27.0,56.54201977290872,2.0941488804781008,1.791759469228055,282.045,2,1,2
16672,2,20,8134.94,71.35912280701754,44.584298151945816,0.6247876430953176,2.256637168141593,6.584314099571835,2.9177548754965383,2.0361492425488743,71.35912280701754,3,1,3
16674,55,2,304.24,3.2713978494623657,3.206265127567619,0.9800902473829496,0.4673913043478261,4.483059902227109,9.591663046625442,1.1856273093158922,3.2713978494623657,0,2,3
16676,34,4,1592.12,17.888988764044942,9.595490897118836,0.5363909063660883,3.4318181818181817,22.01921598327893,6.4161953858561125,2.0045911883318657,17.888988764044942,2,1,3
16678,3,12,3109.99,19.07969325153374,13.017784483862355,0.6822847889766733,1.6975308641975309,7.781239986586658,4.583857737552868,2.0082934441046434,19.07969325153374,3,1,3
16679,366,1,129.75,43.25,50.891428551377885,1.1766804289335928,0.0,0.0,0.0,1.0986122886681096,43.25,1,3,1
16680,43,1,183.7,18.37,3.5412019302930338,0.1927709270709327,0.0,0.0,0.0,1.0296530140645737,18.37,0,3,0
16681,73,6,1770.34,40.23500000000001,26.484250387818253,0.6582391049538523,4.1395348837209305,14.102653237952945,3.40682072602234,2.054875046232421,40.23500000000001,2,1,2
16682,5,5,1028.0,34.266666666666666,24.54310231540357,0.7162383944183921,6.241379310344827,16.838847883081453,2.697936953642885,2.1012076422777994,34.266666666666666,2,1,3
16684,4,28,66653.56,240.6265703971119,208.8601693426319,0.8679846494007079,1.2536231884057971,7.251895395327309,5.784748928064558,3.3108170935783665,240.6265703971119,3,1,3
16685,61,2,324.24,5.229677419354839,4.210928781837952,0.8051985704229985,0.0,0.0,0.0,1.8628769463655648,5.229677419354839,0,0,2
16686,47,7,2959.88,5.440955882352942,5.41294065409492,0.9948510466058208,0.5616942909760589,5.964173982524607,10.618185155773316,1.62146589262994,5.440955882352942,3,2,3
16688,1,4,1260.86,20.33645161290323,10.57003452338209,0.5197580543832697,0.9508196721311476,4.807723749371756,5.056399115718572,1.995887312941323,20.33645161290323,2,1,3
16689,76,2,422.6,32.50769230769231,18.422917862382786,0.5667248750851305,0.5,1.7320508075688774,3.464101615137755,1.7782333057997075,32.50769230769231,2,0,2
16690,72,2,225.58,18.798333333333336,13.278520477094052,0.7063669018757365,11.727272727272728,38.89496345053151,3.3166247903554,1.8143075196071248,18.798333333333336,0,0,2
16692,256,2,1276.0,425.3333333333333,603.5947177811726,1.4191098380435092,16.0,22.62741699796952,1.4142135623730951,0.6365141682948128,425.3333333333333,1,2,2
16693,69,2,477.86,8.099322033898305,5.792843939875087,0.7152257825568787,3.5,26.65520587052368,7.615773105863909,1.590007932955742,8.099322033898305,2,0,2
16696,135,4,657.9,65.78999999999999,60.473142799097175,0.9191844170709406,12.333333333333334,23.388031127053,1.8963268481394324,0.9433483923290392,65.78999999999999,0,3,2
16697,241,1,112.75,5.369047619047619,3.2293759532793715,0.6014802218968232,0.0,0.0,0.0,0.6680178186607535,5.369047619047619,1,3,1
16698,227,2,1998.0,399.6,244.37021095051665,0.6115370644407323,6.5,13.0,2.0,1.3321790402101223,399.6,1,0,2
16700,9,13,5076.55,16.482305194805196,7.369215008935539,0.4470985655124338,1.1498371335504889,6.157812268506739,5.355377808588014,2.16593594632365,16.482305194805196,2,1,3
16701,9,13,5398.3,37.488194444444446,29.59970035410554,0.7895739123411439,2.4335664335664338,9.826351063296435,4.037839661067214,2.915041296277652,37.488194444444446,3,1,3
16705,1,20,14034.99,51.98144444444444,40.37760931003165,0.776769667360543,1.312267657992565,7.674285789300078,5.848110134055867,2.611198869517577,51.98144444444444,3,1,3
16706,37,3,531.35,4.319918699186992,4.885485276487754,1.130920653068587,0.6229508196721312,5.676292394947005,9.111943055046508,1.200727989152147,4.319918699186992,2,2,3
16708,46,1,656.63,24.31962962962963,18.10230382309676,0.744349486352455,0.0,0.0,0.0,1.5919686820320054,24.31962962962963,0,0,0
16709,85,5,3029.87,38.35278481012658,28.271109741068905,0.7371331672792706,2.5,14.337988773810714,5.735195509524286,1.993931278322547,38.35278481012658,2,1,2
16710,19,10,2467.99,6.263934010152285,5.492309729391923,0.8768147494035298,0.8804071246819338,7.33063517566688,8.326415098373076,2.013608473922699,6.263934010152285,3,1,3
16711,3,5,1651.03,75.04681818181818,67.3632701520971,0.8976166049957519,16.761904761904763,42.628517170908914,2.543178581218997,2.134356682630404,75.04681818181818,3,1,3
16712,9,11,3611.31,8.245,13.47291735093332,1.6340712372266006,0.5995423340961098,5.234614833071481,8.731017870428387,1.887046617274488,8.245,3,2,3
16713,19,15,6910.78,11.16442649434572,13.847039036674248,1.2402821626070226,0.5501618122977346,4.594575228428638,8.351316150496759,2.112013321640361,11.16442649434572,3,1,3
16714,219,3,1129.06,12.977701149425286,26.68222475562429,2.0560054857485994,1.1395348837209305,10.567611773936964,9.273618495495704,2.3243947888639704,12.977701149425286,3,2,2
16715,78,1,301.72,15.88,22.93674296358962,1.444379279823024,0.0,0.0,0.0,1.7346687950803548,15.88,0,2,0
16716,267,2,901.2,450.6,401.3538090014844,0.8907097403494993,44.0,0.0,0.0,0.6931471805599453,450.6,1,3,2
16717,24,6,3843.08,19.40949494949495,10.562357006389778,0.5441850513820103,1.7258883248730963,15.177722324072494,8.794150876006709,2.1462840128354115,19.40949494949495,2,1,3
16718,369,1,606.0500000000001,13.773863636363638,10.647878752806164,0.7730495258204292,0.0,0.0,0.0,2.2918901327576653,13.773863636363638,1,0,1
16719,15,7,1770.22,9.031734693877551,6.4084561964297935,0.7095487648429232,1.7897435897435898,10.56993877011679,5.905839713962103,1.7828997964347522,9.031734693877551,2,1,3
16720,26,1,152.95,6.117999999999999,5.301241206862156,0.8664990530994044,0.0,0.0,0.0,1.3125855679945675,6.117999999999999,0,0,0
16721,262,1,292.47,7.904594594594595,5.760922280809344,0.7288067986116378,0.0,0.0,0.0,1.5228942364697162,7.904594594594595,1,0,1
16722,17,13,4730.81,21.025822222222224,19.797546798883136,0.9415825259836488,1.5401785714285714,8.108468250358532,5.264628661102352,2.1973518728540267,21.025822222222224,3,1,3
16723,91,2,576.4,13.723809523809525,25.5233231409618,1.8597841289389236,0.3902439024390244,2.498780190217697,6.4031242374328485,2.050274072258709,13.723809523809525,3,2,2
16725,302,7,758.27,5.229448275862069,4.967035050559497,0.9498200935433646,0.4652777777777778,2.758111227756696,5.927880847715883,0.8809772347127323,5.229448275862069,1,3,2
16726,26,5,1358.74,7.633370786516854,6.691719893067652,0.8766402262140234,1.88135593220339,15.454939721246577,8.214787779761693,2.2339038843450174,7.633370786516854,3,1,3
16727,364,1,256.32,5.825454545454545,4.613695212030563,0.7919888784696659,0.0,0.0,0.0,1.9755480937873744,5.825454545454545,1,0,1
16728,46,4,1048.28,3.985855513307985,4.9528055826318536,1.2425953640555745,0.8282442748091603,8.720713658528622,10.52915658310829,1.387901190327943,3.985855513307985,3,2,3
16729,38,21,7205.33,10.983734756097562,8.966091589801762,0.8163062736765638,0.2961832061068702,1.935717892264555,6.535542368212802,2.5760127913804385,10.983734756097562,3,1,3
16730,52,3,743.11,9.062317073170732,7.774700391000826,0.8579152912248088,3.2839506172839505,22.16598439495821,6.749792240569981,2.377931418341253,9.062317073170732,2,1,3
16732,32,1,603.75,21.5625,12.499331426564826,0.5796791386232962,0.0,0.0,0.0,1.749649218712148,21.5625,0,0,0
16734,52,3,646.76,12.437692307692307,10.92551441161335,0.8784197374665937,1.196078431372549,8.54170851257086,7.14142842854285,1.9592561510009152,12.437692307692307,2,1,3
16735,79,5,2247.41,19.374224137931037,11.461217717446807,0.5915704100381461,2.208695652173913,15.748848831321707,7.1303843133936855,2.647801147019865,19.374224137931037,2,1,2
16737,53,1,417.6,417.6,0.0,0.0,0.0,0.0,0.0,0.0,417.6,0,3,0
16738,298,1,3.75,3.75,0.0,0.0,0.0,0.0,0.0,0.0,3.75,1,3,1
16739,177,1,323.0,24.846153846153847,11.821792403904986,0.4757996942748136,0.0,0.0,0.0,1.8392967479776603,24.846153846153847,1,0,1
16742,47,1,464.9,464.9,0.0,0.0,0.0,0.0,0.0,0.0,464.9,0,3,0
16743,29,7,2213.13,11.648052631578947,9.188350278683115,0.7888314527161948,1.7248677248677249,10.821494843472586,6.273811427657419,2.2009638935687548,11.648052631578947,3,1,3
16744,11,7,1291.91,5.4741949152542375,6.182310917872915,1.1293552775487516,0.676595744680851,4.524114531391111,6.686584370295038,1.7072812163671514,5.4741949152542375,3,2,3
16745,87,17,7180.7,20.22732394366197,21.786630544949094,1.077089119926599,0.615819209039548,3.139689909279074,5.098395540755927,2.6877905914489704,20.22732394366197,3,1,2
16746,5,18,6680.11,15.045292792792791,12.606216806457644,0.8378844453260792,0.7787810383747178,4.431561153518836,5.690381423214042,2.2664846320722782,15.045292792792791,3,1,3
16747,38,2,836.0600000000001,19.90619047619048,9.894460128330731,0.4970544283782153,0.7317073170731707,4.685212856658182,6.4031242374328485,2.297174241800812,19.90619047619048,2,1,3
16748,18,5,1515.9,21.969565217391303,9.800124614271136,0.4460773127414132,4.632352941176471,24.49727637115842,5.288300930916738,0.8414610503045981,21.969565217391303,0,2,2
16750,45,5,623.93,6.567684210526315,8.250087743264102,1.2561638895550618,1.9680851063829787,11.37858026147694,5.78154888961531,1.3583740974877765,6.567684210526315,3,2,3
16751,31,1,1764.72,70.5888,183.6376717052722,2.601512870388393,0.0,0.0,0.0,2.065211625709446,70.5888,3,2,0
16752,373,1,207.5,23.05555555555556,21.528984016385397,0.933787258542017,0.0,0.0,0.0,1.3689223607402192,23.05555555555556,1,0,1
16753,58,1,223.92,6.5858823529411765,9.676220498585948,1.4692367673808604,0.0,0.0,0.0,1.731153027633329,6.5858823529411765,0,2,0
16754,372,1,2002.4,1001.2,682.7823079137303,0.6819639511723234,0.0,0.0,0.0,0.6931471805599453,1001.2,1,3,1
16755,114,3,1475.43,8.942,8.245934785565849,0.922157770696248,1.2195121951219512,11.076448668143142,9.082687907877377,2.1115412526468216,8.942,2,1,2
16756,215,1,239.4,18.415384615384617,4.898594382379186,0.2660055429027962,0.0,0.0,0.0,1.5857708352080968,18.415384615384617,1,3,1
16757,319,1,106.83,15.261428571428572,12.39924248838268,0.8124562147213213,0.0,0.0,0.0,0.410116318288409,15.261428571428572,1,3,1
16758,65,1,369.34,16.78818181818182,15.482706062345398,0.9222384073525716,0.0,0.0,0.0,2.0475592960447475,16.78818181818182,0,0,0
16759,8,3,789.79,18.804523809523808,7.934746127581863,0.4219594289095054,0.5609756097560976,3.59199652343794,6.403124237432849,2.14850463070957,18.804523809523808,2,1,3
16761,97,1,316.62,24.35538461538461,15.18204675232373,0.6233548347552539,0.0,0.0,0.0,1.951259504143956,24.35538461538461,0,0,0
16762,20,3,1207.24,19.162539682539684,12.795914414532673,0.6677567079582837,2.0,12.824157531527854,6.412078765763927,1.984907338962444,19.162539682539684,2,1,3
16763,199,1,611.8499999999999,26.60217391304348,25.65242979037653,0.9642982514973608,0.0,0.0,0.0,1.7006903871322572,26.60217391304348,1,0,1
16764,4,13,2790.9500000000003,3.987071428571429,3.930049651939216,0.9856983308040096,0.1917024320457797,1.6826741721970948,8.777531689296785,1.1923542728424352,3.987071428571429,3,2,3
16765,294,1,34.0,34.0,0.0,0.0,0.0,0.0,0.0,0.0,34.0,1,3,1
16766,273,2,1145.6,33.69411764705882,9.115253322714343,0.2705295155135194,0.0,0.0,0.0,1.395498677715188,33.69411764705882,1,0,2
16767,31,11,5575.56,25.22877828054299,26.01837577647904,1.031297492377782,1.290909090909091,7.635946538254233,5.915169853577222,2.1216509860266357,25.22877828054299,3,1,3
16768,48,3,478.09,8.85351851851852,10.533725739380191,1.189778472518836,4.2075471698113205,24.14328899473535,5.738091106372079,1.264972384267374,8.85351851851852,0,2,2
16769,260,1,361.54,9.51421052631579,7.305704410079412,0.7678728981109079,0.0,0.0,0.0,1.298079037786009,9.51421052631579,1,0,1
16770,58,5,757.1,5.407857142857143,6.646250501962794,1.228998904074483,2.237410071942446,16.782747669276997,7.500970823245989,1.642477075763567,5.407857142857143,3,2,3
16771,33,5,2242.61,8.829173228346457,6.107910158755016,0.6917873283021898,1.1976284584980237,13.101877754836478,10.939851722685244,2.153982348891056,8.829173228346457,2,1,3
16773,57,1,171.59,6.599615384615385,5.928234462818913,0.8982696895698568,0.0,0.0,0.0,1.3741147566621612,6.599615384615385,0,0,0
16774,68,4,661.52,13.781666666666666,13.266060733159884,0.9625875486631914,2.3191489361702127,9.2926019732827,4.006901768296211,2.350837363775675,13.781666666666666,3,1,2
16775,10,11,1691.51,10.773949044585986,10.12399806742286,0.939673839696714,2.2564102564102564,10.405254128670608,4.61141944338811,1.7104265638485403,10.773949044585986,3,1,3
16776,60,1,371.54,5.232957746478873,6.249546816567971,1.194266630716278,0.0,0.0,0.0,1.8747416321930244,5.232957746478873,0,2,0
16777,80,2,222.62,4.6379166666666665,4.024787008152471,0.8678006306321022,3.74468085106383,25.672238503629444,6.855654600401045,0.6107786100236533,4.6379166666666665,0,2,2
16778,74,2,245.94,15.37125,5.219169633827461,0.3395410024446587,13.266666666666667,51.381579059685066,3.872983346207417,1.749778989184166,15.37125,0,0,2
16779,2,22,10611.72,32.05957703927492,34.48815207806813,1.0757519363345955,1.0757575757575757,5.2282567723116005,4.860069675669939,2.1404514672402835,32.05957703927492,3,1,3
16780,100,2,422.24,7.156610169491525,5.396543788634854,0.7540642372334605,2.7241379310344827,20.746416391836163,7.615773105863909,1.9951941401067723,7.156610169491525,2,1,2
16781,372,1,311.25,18.308823529411764,5.514051235653488,0.3011690634734435,0.0,0.0,0.0,1.8238733159854377,18.308823529411764,1,0,1
16782,10,13,2267.9500000000003,12.393169398907103,11.254417731324285,0.9081145725577476,1.912087912087912,8.542578895162402,4.467670571607923,1.9284711633595133,12.393169398907103,3,1,3
16784,20,1,107.6,35.86666666666667,10.161364737737411,0.2833094257733479,0.0,0.0,0.0,0.0,35.86666666666667,0,3,0
16788,123,2,594.39,4.016148648648649,4.03298078916581,1.0041911149187233,0.891156462585034,10.804697894834428,12.124355652982144,1.074708057178792,4.016148648648649,2,2,2
16789,8,1,80.80000000000001,16.160000000000004,2.9904849105120066,0.1850547593138617,0.0,0.0,0.0,1.0549201679861442,16.160000000000004,0,3,0
16790,4,6,1545.62,16.61956989247312,4.910496945094187,0.2954647428823121,0.3478260869565217,1.8243456307429504,5.244993688385983,1.8964093631154089,16.61956989247312,2,0,3
16791,29,7,1705.78,5.432420382165605,4.76875699992269,0.877832837749138,0.9584664536741214,7.934519693648954,8.278348880373741,1.5203332261309457,5.432420382165605,2,2,3
16792,282,2,110.38,9.198333333333332,6.777813851535066,0.7368523846568291,0.0,0.0,0.0,1.4451858789480825,9.198333333333332,1,0,2
16793,57,1,243.84,15.24,5.501602190877369,0.3609975190864415,0.0,0.0,0.0,1.6674619334292948,15.24,0,0,0
16794,1,10,1196.5,4.303956834532374,3.7503890760768703,0.8713816658164395,0.631768953068592,4.319839819063425,6.83768931360325,1.796100185216222,4.303956834532374,3,2,3
16795,365,1,414.88,6.286060606060606,5.551657515148171,0.883169581565222,0.0,0.0,0.0,1.969661492987373,6.286060606060606,1,0,1
16796,89,1,305.62,16.97888888888889,9.269285072303797,0.5459300153833792,0.0,0.0,0.0,1.087856558505821,16.97888888888889,0,3,0
16800,11,1,1162.65,7.452884615384616,5.664545081482613,0.7600473338591043,0.0,0.0,0.0,1.642199238905983,7.452884615384616,0,0,0
16801,163,4,1594.23,21.2564,13.008344166186022,0.6119730606399024,1.4594594594594594,8.90465353050493,6.101336678308934,1.8419209771525156,21.2564,2,0,2
16803,65,1,332.3,13.845833333333331,4.360204339713676,0.3149109363621072,0.0,0.0,0.0,1.7912970120862222,13.845833333333331,0,0,0
16804,23,3,536.99,8.949833333333334,8.570780177621367,0.9576469034009608,4.186440677966102,32.15666101226349,7.681145747868607,1.639254656302995,8.949833333333334,2,2,3
16805,174,2,460.59,4.699897959183674,4.420997343954589,0.9406581552086448,1.9175257731958764,18.885438671485318,9.848857801796104,1.7479714003284084,4.699897959183674,2,2,2
16806,103,4,762.16,8.195268817204301,7.81371364018831,0.9534420181294124,1.4565217391304348,8.761069034421304,6.01506232214,1.6344593892250543,8.195268817204301,2,1,2
16807,143,3,1121.59,16.740149253731342,6.428016917567759,0.3839880290275768,1.9393939393939397,11.167092849258609,5.758032250398969,2.032842760543898,16.740149253731342,2,0,2
16808,99,2,288.42,12.54,13.777480967803289,1.0986826928072797,7.954545454545454,37.31012536223182,4.69041575982343,2.0168325557927025,12.54,2,2,2
16809,23,5,914.69,6.138859060402685,5.003362049419308,0.8150312623549802,1.601351351351351,9.943199135377933,6.209255156269764,1.8437983192218648,6.138859060402685,2,1,3
16810,192,1,309.54,20.636000000000003,12.244121504974192,0.5933379291032269,0.0,0.0,0.0,1.8413903748459728,20.636000000000003,1,0,1
16811,5,2,547.07,19.53821428571429,7.48846473588072,0.3832727303720916,0.4444444444444444,2.309401076758504,5.196152422706633,2.163279100968787,19.53821428571429,2,1,3
16812,361,1,479.35,31.956666666666667,32.94393433583502,1.0308939502190992,0.0,0.0,0.0,1.459481873869085,31.956666666666667,1,0,1
16813,8,10,1652.18,3.878356807511737,4.057214764651548,1.0461169423074723,0.4517647058823529,3.320626353335824,7.350344792540235,1.6939984298999655,3.878356807511737,3,2,3
16814,14,21,6416.7,20.11504702194357,20.796859944880254,1.0338956663731826,1.0849056603773586,4.667731887007857,4.3024311306333285,2.383158992975898,20.11504702194357,3,1,3
16816,103,4,417.06,14.895,4.981727723502271,0.3344563762002196,9.37037037037037,32.96285572504084,3.5177751169015914,1.8860451119181791,14.895,2,0,2
16817,3,9,1604.75,18.65988372093023,11.508894615923712,0.6167720436014577,4.258823529411765,19.636065543484296,4.610678373470069,1.892697771709118,18.65988372093023,2,1,3
16818,11,11,3349.57,17.81686170212766,8.481907655598334,0.476060700105532,1.0160427807486632,5.67912224005742,5.589451888898618,1.8961152684064169,17.81686170212766,2,1,3
16820,96,1,497.61,19.138846153846156,7.655362213206153,0.3999907910680251,0.0,0.0,0.0,1.812116047441572,19.138846153846156,0,0,0
16823,227,1,358.38,9.431052631578948,7.728474129835296,0.8194709998709226,0.0,0.0,0.0,1.936486585244968,9.431052631578948,1,0,1
16824,16,2,460.64,17.716923076923077,7.160926068173456,0.4041856499055876,5.92,29.6,5.0,1.7762595979647529,17.716923076923077,2,0,3
16825,39,2,775.18,27.685,22.41156951550132,0.8095203003612541,5.444444444444445,28.290163190291658,5.196152422706631,1.9455137572194563,27.685,2,1,3
16826,51,1,341.7,15.53181818181818,4.447351953009723,0.2863381415458411,0.0,0.0,0.0,1.7273001866478723,15.53181818181818,0,0,0
16828,93,2,128.5,16.0625,4.369680439443731,0.2720423619887148,2.7142857142857144,7.181324987175317,2.6457513110645903,1.2554823251787537,16.0625,0,3,2
16829,157,1,197.22,17.92909090909091,8.409287073879042,0.4690303103775959,0.0,0.0,0.0,1.594166699118017,17.92909090909091,1,3,1
16830,39,1,325.91,14.170000000000002,3.946877937629368,0.2785376102773018,0.0,0.0,0.0,1.85876147146248,14.170000000000002,0,0,0
16832,184,3,199.15,16.595833333333335,15.434001106372746,0.9299925346546468,3.0,6.767569726275452,2.2558565754251507,1.3522093992338284,16.595833333333335,1,3,2
16833,1,4,1106.53,23.5431914893617,15.743837870650127,0.6687214805929854,7.217391304347826,39.340063290622,5.450731660748831,2.0333137269227737,23.5431914893617,2,1,3
16834,228,1,413.46,17.2275,6.10750589527915,0.3545207311147381,0.0,0.0,0.0,1.2525188485528214,17.2275,1,0,1
16835,128,2,180.85,18.085,3.396898094831027,0.1878295877705848,27.11111111111111,81.33333333333333,3.0,1.2798542258336676,18.085,0,3,2
16836,40,2,251.87,22.89727272727273,18.02964009119932,0.7874143050112857,7.6,24.033310217279684,3.1622776601683795,1.3896811919839047,22.89727272727273,0,0,2
16837,31,11,3170.98,19.218060606060607,16.5472184272533,0.8610243648641095,1.2865853658536586,8.630638279009114,6.708173828234572,2.126155284407208,19.218060606060607,3,1,3
16838,197,2,588.85,23.554,30.357400113755897,1.2888426642504838,3.75,18.37117307087384,4.898979485566357,2.060642481664174,23.554,3,2,2
16839,9,34,16594.35,62.38477443609022,58.43263511882774,0.9366489764051126,1.2981132075471695,4.455779808210536,3.4325047941156743,2.6190430314659348,62.38477443609022,3,1,3
16841,37,6,1869.82,16.119137931034484,14.335251143155157,0.8893311295236964,2.1565217391304348,12.162345763143009,5.6397974304897005,2.021543721448217,16.119137931034484,3,1,3
16842,101,3,1264.19,20.066507936507936,10.432182396042109,0.5198803114647742,3.2419354838709675,19.782991107921408,6.102216162642424,2.057478103042969,20.066507936507936,2,1,2
16843,43,16,10196.57,26.97505291005291,18.373502461500458,0.681129431803751,0.7400530503978779,4.836839239313768,6.535800692549429,2.564275101438878,26.97505291005291,3,1,3
16846,50,1,214.32,19.483636363636364,6.749298145329294,0.3464085460928622,0.0,0.0,0.0,1.4681399390162089,19.483636363636364,0,0,0
16847,43,1,193.44,16.12,3.637841517863431,0.2256725507359448,0.0,0.0,0.0,1.286057336874379,16.12,0,0,0
16848,53,1,281.42,20.10142857142857,9.800368797725348,0.4875458857513853,0.0,0.0,0.0,1.3690391777047684,20.10142857142857,0,0,0
16849,187,1,124.57,15.57125,3.1688728843459235,0.2035079318838194,0.0,0.0,0.0,1.4941751382893085,15.57125,1,3,1
16850,334,1,332.41,17.495263157894737,5.999257702620895,0.3429075429433441,0.0,0.0,0.0,1.721954449406054,17.495263157894737,1,0,1
16851,4,3,342.45,17.1225,8.670908939788566,0.5064043766849798,2.473684210526316,8.846646703397669,3.5763039864799087,1.5657306529961337,17.1225,0,0,3
16852,10,2,144.91,16.10111111111111,10.186382385867471,0.6326508969208976,20.625,58.336309447890166,2.82842712474619,1.8891591637540213,16.10111111111111,0,0,2
16855,24,2,328.40000000000003,17.284210526315793,4.943347174390011,0.2860036428544768,1.0555555555555556,4.478342947514801,4.242640687119286,1.8678801716292,17.284210526315793,2,0,3
16856,15,1,35.400000000000006,17.700000000000003,0.0,0.0,0.0,0.0,0.0,0.0,17.700000000000003,0,3,0
16858,369,1,375.69000000000005,37.569,21.05358900520289,0.5603979079880457,0.0,0.0,0.0,1.8866967846580784,37.569,1,0,1
16859,145,2,747.81,14.380961538461538,6.299761981067185,0.4380626402635611,2.2745098039215685,16.243248974724914,7.14142842854285,2.190903634290002,14.380961538461538,2,0,2
16861,60,2,173.76,28.96,9.24441452986613,0.3192132089042172,19.6,43.82693235899588,2.23606797749979,1.0986122886681096,28.96,0,3,2
16863,31,2,502.8,19.338461538461537,10.279230590781664,0.5315433479720033,13.4,67.0,5.0,1.709026789844581,19.338461538461537,2,0,3
16866,141,3,207.74,18.885454545454547,18.94801116932137,1.0033124235223598,1.9,4.067486256208428,2.140782240109699,1.893788232391138,18.885454545454547,0,2,2
16869,23,4,817.12,6.434015748031496,6.2256883676059225,0.9676209402363816,1.1984126984126984,10.461372637484882,8.729357300152948,2.0267898407921656,6.434015748031496,3,1,3
16871,22,6,2812.34,20.528029197080293,12.538281489304012,0.6107883698395818,1.8235294117647056,12.450722039417322,6.827815311938531,1.9728651071210852,20.528029197080293,2,1,3
16872,77,3,680.02,97.14571428571428,62.36540971220689,0.641977982979101,17.833333333333332,31.990102636075843,1.7938375309949073,1.549826045878202,97.14571428571428,0,0,2
16873,5,6,7123.62,25.53268817204301,23.42395676783507,0.9174105213677856,1.2805755395683454,10.042889092696791,7.842480808341876,2.240859962067061,25.53268817204301,3,1,3
16875,67,5,2095.53,18.71008928571429,7.854192602260125,0.4197838119488311,2.4414414414414414,16.491697461937786,6.754901912454223,2.1066856507897467,18.71008928571429,2,1,2
16877,12,6,846.62,5.427051282051282,5.777415564402894,1.064558867079506,1.2451612903225806,10.027457068769944,8.053139096680525,1.6337990877677628,5.427051282051282,3,2,3
16878,84,1,13.3,4.433333333333334,4.435744958102679,1.0005439755118823,0.0,0.0,0.0,0.6365141682948128,4.433333333333334,0,3,1
16880,31,7,1491.43,8.571436781609195,7.973025455744241,0.930185412187966,0.9017341040462428,6.19326785653921,6.868175251162072,2.057810466623855,8.571436781609195,3,1,3
16881,67,1,432.0,432.0,0.0,0.0,0.0,0.0,0.0,0.0,432.0,0,3,0
16882,67,3,705.12,18.08,18.97854300879923,1.0496981752654442,6.552631578947368,30.260756290383807,4.618107385681063,1.7952737881497858,18.08,2,1,2
16883,187,2,272.48,7.364324324324325,5.9184370781015705,0.8036632849741563,5.111111111111111,30.66666666666667,6.000000000000002,1.6634507140671146,7.364324324324325,1,2,2
16884,38,2,429.84,16.53230769230769,7.139338517085353,0.431841618844731,0.0,0.0,0.0,1.824496547759174,16.53230769230769,0,0,3
16885,15,3,450.41,4.691770833333334,4.092050571995895,0.872176139321076,3.5789473684210527,31.459727361957388,8.790217939370446,1.1395278022991384,4.691770833333334,0,2,3
16887,35,1,192.33,5.342499999999999,6.706897675421285,1.2553856201069322,0.0,0.0,0.0,1.6605302850777923,5.342499999999999,0,2,0
16889,195,3,1578.67,11.693851851851852,7.270906242679012,0.6217717083124824,1.0522388059701493,9.013204318826844,8.565740274629766,2.264800470744348,11.693851851851852,2,0,2
16891,2,5,742.43,3.991559139784946,3.351861804421989,0.8397374777723019,1.9891891891891893,17.880943581387196,8.989061311295194,0.791235734561398,3.991559139784946,0,2,3
16892,1,5,518.19,5.3421649484536085,5.151861157792907,0.9643770283214882,1.8958333333333333,15.815701170317173,8.34234787005741,1.4121790633712072,5.3421649484536085,2,2,3
16893,367,1,145.93,3.242888888888889,2.5058165265331107,0.7727111881997532,0.0,0.0,0.0,0.6912039008848763,3.242888888888889,1,3,1
16895,65,1,202.27,3.26241935483871,2.7689417316118936,0.8487387519648855,0.0,0.0,0.0,0.7938461708257374,3.26241935483871,0,3,0
16897,299,2,289.78,7.831891891891891,4.507397523231385,0.5755183530939377,0.3888888888888889,2.333333333333333,6.0,1.0112698022447566,7.831891891891891,1,0,2
16898,26,3,501.03,3.191273885350318,3.8023919135525137,1.1914965779050048,2.1923076923076925,19.432634800390808,8.864008856318613,1.1222359000713171,3.191273885350318,0,2,3
16899,8,6,1271.06,10.333821138211382,9.487367746357863,0.9180890223923476,2.8688524590163933,16.80119575618223,5.856416806440664,1.9672404434611248,10.333821138211382,3,1,3
16900,17,3,887.11,11.229240506329116,7.27782190792454,0.6481134591268711,0.5769230769230769,4.871116117254056,8.443267936573697,1.835544129468771,11.229240506329116,2,1,3
16902,116,1,1706.88,38.79272727272728,40.91703309185758,1.0547604143476597,0.0,0.0,0.0,2.751344838853041,38.79272727272728,3,0,1
16903,29,1,363.2,6.485714285714286,5.83883919258641,0.9002615495177284,0.0,0.0,0.0,1.67098529311667,6.485714285714286,0,0,0
16904,4,16,3653.75,5.49436090225564,7.145453221246588,1.3005067101276715,0.536144578313253,4.408467878398631,8.222535593417671,1.5107825142375948,5.49436090225564,3,2,3
16905,5,7,3037.6,15.2643216080402,16.736160675575274,1.0964234838159994,1.8383838383838385,15.743313508197769,8.563670534679005,2.4723209556340398,15.2643216080402,3,1,3
16906,82,4,559.59,6.506860465116279,11.65588690058052,1.7913227067137094,1.9411764705882355,12.34075028703923,6.357356208474755,1.1196709339148363,6.506860465116279,3,2,2
16907,29,5,928.76,6.634,10.31197367874255,1.5544126739135589,2.402877697841727,14.560080140158304,6.059434549347317,1.061652444849144,6.634,3,2,2
16909,72,1,379.14,21.063333333333333,16.130471347184894,0.7658081032054864,0.0,0.0,0.0,1.798105502624266,21.063333333333333,0,0,0
16910,4,8,1508.96,2.7687339449541284,2.6441635319820915,0.9550081678309827,0.1544117647058823,2.0351557565764256,13.18005632830447,0.9889497610005352,2.7687339449541284,2,2,3
16912,29,11,2555.58,25.5558,14.889880787252329,0.5826419359696167,2.9494949494949494,13.620493066514667,4.617906895838877,2.175329495301145,25.5558,3,1,3
16913,290,1,113.44,14.18,22.61163227822605,1.5946144060808216,0.0,0.0,0.0,1.0735428464085233,14.18,1,2,1
16914,36,1,183.76,6.125333333333333,10.190780394919283,1.6637103387438974,0.0,0.0,0.0,1.262412621041516,6.125333333333333,0,2,0
16915,9,6,621.6800000000001,10.906666666666668,20.2710186625894,1.858589730677512,4.875,17.01877305694028,3.4910303706544163,1.277713853551009,10.906666666666668,3,2,2
16916,24,2,562.41,4.135367647058823,3.480225388207394,0.8415758126566129,2.577777777777778,29.95107121067069,11.61895003862225,1.525252733904223,4.135367647058823,2,1,3
16917,277,1,391.52,43.50222222222222,37.558641408395545,0.8633729379739474,0.0,0.0,0.0,1.5810937501718234,43.50222222222222,1,0,1
16918,50,6,1068.82,8.35015625,6.406334584615399,0.7672113422566673,2.094488188976378,15.270280852536262,7.290698001022952,2.2339609449592133,8.35015625,2,1,3
16919,156,11,2592.25,7.951687116564417,8.309705497342971,1.045024203735677,0.6369230769230769,6.44472147945652,10.118524061948644,2.002035621426325,7.951687116564417,3,1,2
16921,61,1,154.18,2.803272727272728,2.4323148968782307,0.8676697323148441,0.0,0.0,0.0,1.557998084783866,2.803272727272728,0,0,0
16923,12,19,7069.08,11.292460063897764,13.358320853251076,1.1829416068477332,0.5456,3.821948757858,7.005038045927419,2.26454201398762,11.292460063897764,3,1,3
16924,21,3,829.89,10.245555555555557,9.50968585180394,0.9281766908820676,0.775,5.231295795135516,6.75005909049744,2.063345878042216,10.245555555555557,2,1,3
16926,371,1,230.25,16.446428571428573,9.16123657016374,0.5570350140381861,0.0,0.0,0.0,1.4377014436429416,16.446428571428573,1,0,1
16927,116,3,543.05,90.50833333333333,88.0855176329609,0.9732310207122096,49.0,72.14568594171102,1.4723609375859392,1.3296613488547582,90.50833333333333,0,0,2
16928,80,17,2814.7,13.797549019607844,13.81119089590403,1.0009887173639898,1.4039408866995071,6.098562096105336,4.343888089506608,2.4715740287424603,13.797549019607844,3,1,2
16929,4,7,1295.39,16.823246753246753,6.436505557643438,0.3825959193281905,1.947368421052632,8.208767242961807,4.215312908547955,2.087714533733537,16.823246753246753,2,1,3
16930,26,3,378.89,7.148867924528302,9.273511628532544,1.297200021938359,0.8076923076923077,5.824352060364906,7.211102550927979,2.00015237214071,7.148867924528302,3,1,3
16931,5,21,4554.87,5.140936794582393,3.8324803849576727,0.7454828833912929,0.4,2.975085078064063,7.437712695160157,1.719015075561612,5.140936794582393,3,1,3
16932,53,1,150.23000000000002,3.129791666666667,2.522623161561835,0.8060035396057249,0.0,0.0,0.0,0.90362043267424,3.129791666666667,0,3,0
16933,1,2,563.23,12.800681818181818,12.273643229659402,0.9588273034195866,5.511627906976744,36.14216116882731,6.557438524302001,2.1919256041888637,12.800681818181818,2,1,3
16934,55,2,931.03,15.262786885245902,9.101354501967924,0.5963101346036577,0.0,0.0,0.0,2.163798108103959,15.262786885245902,2,0,2
16936,26,1,261.9,4.676785714285714,4.871498969289863,1.0416339911425443,0.0,0.0,0.0,1.4602692716249006,4.676785714285714,0,2,0
16938,9,4,2711.6800000000003,11.539063829787237,54.17737946900338,4.695127808301788,1.2735042735042734,13.882476638714184,10.90100514583597,1.909986907442187,11.539063829787237,3,2,3
16940,52,3,3049.88,9.99960655737705,6.681214077936733,0.6681476955718597,0.7796052631578947,9.596519162784412,12.30945917926777,2.287761137369177,9.99960655737705,2,1,2
16942,13,9,1904.99,6.877220216606498,5.852883396788408,0.8510536543028514,0.7681159420289855,6.755781206503429,8.795262325447862,1.7627294175584078,6.877220216606498,3,2,3
16943,212,3,816.73,24.74939393939394,13.81855001876869,0.5583389254947985,3.3125,13.074075554810872,3.9468907335278094,1.389681191983905,24.74939393939394,1,0,2
16945,22,19,4345.5,17.451807228915662,6.972637097377269,0.3995366786898953,1.3306451612903225,6.616409210224415,4.972331770108045,1.7343516273866295,17.451807228915662,2,1,3
16947,236,1,406.48,19.35619047619048,5.465340315287307,0.2823561961745557,0.0,0.0,0.0,1.7768429883314822,19.35619047619048,1,0,1
16948,139,3,435.02,22.89578947368421,15.68907380446995,0.6852383850970738,10.333333333333334,31.786049474202844,3.076069303955114,2.0592293789763123,22.89578947368421,2,0,2
16949,4,6,1286.27,21.437833333333334,43.55813769702245,2.0318348883370887,5.271186440677966,21.51409362325445,4.081451844926085,2.185505206536882,21.437833333333334,3,1,3
16950,57,3,1178.56,28.06095238095238,29.837142494575108,1.0632975705709973,7.536585365853658,38.96286537266966,5.169830033266848,2.3905603046459705,28.06095238095238,3,1,2
16951,135,3,1277.75,14.857558139534884,7.25933102347212,0.488595161822424,1.988235294117647,18.11240966170712,9.109791841687011,1.6656122740254715,14.857558139534884,2,0,2
16952,109,2,167.61,10.475625,8.54923229984229,0.8161071344041323,0.0,0.0,0.0,1.4500064999181648,10.475625,0,0,2
16953,30,1,20.8,20.8,0.0,0.0,0.0,0.0,0.0,0.0,20.8,0,3,0
16954,1,9,2085.08,38.61259259259259,35.49224327616224,0.9191882982488736,6.69811320754717,23.339126034705345,3.4844329009560093,1.851047606503057,38.61259259259259,3,1,3
16955,185,4,518.67,20.7468,9.649975699451268,0.4651308008681468,7.791666666666667,31.196403313685774,4.003816468066624,2.1897070975426693,20.7468,2,0,2
16956,18,1,308.74,19.29625,12.119123661937495,0.6280559000809741,0.0,0.0,0.0,1.5808185358593017,19.29625,0,0,0
16957,239,2,416.64,26.04,17.91356283192524,0.6879248399356851,2.8,10.844353369380768,3.8729833462074175,1.2440166957928942,26.04,1,0,2
16959,87,1,117.35,16.764285714285716,9.243813890277934,0.5513992094754626,0.0,0.0,0.0,1.549826045878202,16.764285714285716,0,0,0
16960,39,3,507.05,5.02029702970297,4.13133718194135,0.8229268422760603,2.12,19.1940015882488,9.05377433407962,1.6333122013097598,5.02029702970297,2,2,3
16961,116,1,234.17,16.726428571428574,3.752118595679507,0.2243227584212883,0.0,0.0,0.0,1.767194997791675,16.726428571428574,0,0,1
16963,187,1,110.55,15.792857142857144,1.9685926807892864,0.1246508255587969,0.0,0.0,0.0,0.9556998911125344,15.792857142857144,1,3,1
16965,227,1,201.19,7.738076923076923,8.33288714395234,1.076867964326064,0.0,0.0,0.0,2.214076669521663,7.738076923076923,1,0,1
16966,8,7,2154.97,76.96321428571427,61.485139851992265,0.7988899687029443,8.481481481481481,25.25008814968676,2.977084629002369,2.045570641468632,76.96321428571427,3,1,3
16967,189,1,319.02,15.19142857142857,6.26828069386996,0.4126195679621,0.0,0.0,0.0,0.9532562528406858,15.19142857142857,1,3,1
16968,4,2,439.43,14.17516129032258,5.541722879494994,0.3909460193076139,3.433333333333333,18.8051411410107,5.477225575051661,2.120829799617139,14.17516129032258,2,1,3
16969,39,3,650.41,15.48595238095238,7.376782317754184,0.4763531577707534,3.682926829268293,16.977100789578657,4.609676373329304,1.9504625791210144,15.48595238095238,2,0,3
16971,38,1,357.21,8.712439024390243,19.17886203356286,2.2013195133845005,0.0,0.0,0.0,0.892269487090495,8.712439024390243,0,2,0
16976,267,1,251.52,125.76,69.91871852372581,0.5559694539100336,0.0,0.0,0.0,0.6931471805599453,125.76,1,3,1
16978,78,1,344.33,8.828974358974358,4.622866958974471,0.5236018104725245,0.0,0.0,0.0,1.9687590907333457,8.828974358974358,0,0,0
16979,4,6,1852.0,20.808988764044944,22.6394954592102,1.0879671144004903,3.3068181818181817,18.945995819057853,5.729373306106842,2.1694375786003857,20.808988764044944,3,1,3
16980,255,2,1028.46,12.697037037037038,26.584992685933,2.0937950018090863,0.45,4.024922359499621,8.944271909999157,2.130518157011003,12.697037037037038,3,2,2
16982,61,1,384.06,17.457272727272727,4.304214083251305,0.2465570739767971,0.0,0.0,0.0,1.531153319067113,17.457272727272727,0,0,0
16983,13,7,1905.87,13.327762237762236,12.702967182467471,0.9531207832081144,2.492957746478873,13.02139346013291,5.223270822991167,2.4037379325977093,13.327762237762236,3,1,3
16984,88,2,4459.52,11.1488,13.008125533093212,1.166773601920674,0.1027568922305764,2.0525673147192114,19.97498435543818,2.162188365730295,11.1488,3,1,2
16985,17,10,5464.12,45.53433333333333,36.510610009274,0.8018259483892888,2.8403361344537816,12.593368710526844,4.433759989800871,2.225904741586446,45.53433333333333,3,1,3
16986,30,2,1873.2,624.4,1009.6534851125904,1.616997894158537,0.0,0.0,0.0,1.0986122886681096,624.4,0,2,2
16987,3,7,1616.8,12.63125,18.949382887340253,1.5001985462515788,1.5748031496062993,11.012633210940978,6.99302208894752,1.8141888145960696,12.63125,3,2,3
16988,5,1,126.12,18.017142857142854,7.996534070636924,0.4438291983385543,0.0,0.0,0.0,1.549826045878202,18.017142857142854,0,0,0
16989,7,6,1133.25,94.4375,47.80505453021012,0.5062083868189027,12.818181818181818,19.5847807331008,1.5278906954901332,1.8143075196071248,94.4375,2,1,3
16990,219,1,179.0,179.0,0.0,0.0,0.0,0.0,0.0,0.0,179.0,1,3,1
16992,11,5,1614.31,17.358172043010754,5.98522146374547,0.3448071288218053,2.9456521739130435,15.091926471625158,5.12345843317164,2.0953599358980477,17.358172043010754,2,1,3
16996,30,6,1456.96,39.3772972972973,19.242897340266826,0.4886799923058097,8.916666666666666,28.391522879700755,3.184096023891674,2.1724913196579707,39.3772972972973,2,1,3
16997,288,3,702.0,58.5,34.28291384666977,0.5860327153276884,3.363636363636364,7.566673341340001,2.2495515339118923,1.4451858789480825,58.5,1,0,2
16998,150,4,295.0,73.75,86.43026090438465,1.171935741076402,51.0,49.56813492557492,0.9719242142269592,1.039720770839918,73.75,0,2,2
16999,23,2,484.82,21.07913043478261,34.68812947511315,1.6456148218464637,2.272727272727273,10.66003581778052,4.690415759823429,1.8913187591243728,21.07913043478261,3,2,3
17001,1,11,3989.57,23.60692307692308,11.483723419319563,0.486455747828715,2.1011904761904763,8.801632864943306,4.188879097196814,2.384056100509962,23.60692307692308,3,1,3
17002,86,3,1493.73,30.484285714285715,18.257143122624637,0.5989034249888581,4.25,21.39248227467632,5.03352524110031,1.978474065175696,30.484285714285715,2,1,2
17004,46,2,1312.14,30.51488372093023,44.21109795881858,1.4488371760857828,1.0952380952380951,7.097954098256229,6.48074069840786,2.1221584895662664,30.51488372093023,3,2,2
17006,5,4,781.78,17.76772727272727,14.208804323235054,0.799697344805882,1.6046511627906976,7.135222941368709,4.446588209838471,2.1192093921387345,17.76772727272727,2,1,3
17007,51,6,889.9300000000001,17.114038461538463,10.978682956050426,0.6415015941867586,5.980392156862745,25.076275796918832,4.193082182435608,2.283354765052694,17.114038461538463,2,1,3
17010,18,1,195.36,17.76,8.527855533485544,0.4801720458043662,0.0,0.0,0.0,1.540305825226517,17.76,0,0,0
17011,30,1,270.9,18.06,5.983047479575701,0.3312872358569048,0.0,0.0,0.0,0.9881542242901944,18.06,0,0,0
17014,8,3,583.4300000000001,8.103194444444446,10.732528130609996,1.324481129533825,0.8028169014084507,4.839184459950308,6.027756081692488,1.5567507268501954,8.103194444444446,3,2,3
17015,29,3,1838.61,8.59163551401869,7.314304888229754,0.8513285830497863,0.7323943661971831,8.311661073817064,11.34861415848099,2.174098713583879,8.59163551401869,3,1,3
17017,3,20,8694.26,34.50103174603175,24.02678672245124,0.6964077741012705,1.4462151394422311,8.462156676493874,5.851243321762982,1.910864287246707,34.50103174603175,3,1,3
17018,41,2,920.1,57.50625,21.232065961653376,0.3692131892038409,19.0,73.58668357794092,3.872983346207417,1.2468296415485096,57.50625,0,0,2
17019,11,4,1258.08,5.517894736842105,5.790076194013615,1.0493270477514185,1.5638766519823788,17.338103695973466,11.086618419678809,1.8511126222760088,5.517894736842105,3,1,3
17022,31,1,71.0,10.142857142857142,5.191370128349915,0.5118252239218226,0.0,0.0,0.0,1.475076311054695,10.142857142857142,0,0,0
17024,45,3,95.85,31.95,7.32512798523002,0.2292684815408457,55.5,3.5355339059327378,0.0637033136204097,1.0986122886681096,31.95,0,3,2
17025,61,3,357.77,39.75222222222222,28.005741276467663,0.7045075648830504,39.0,110.3086578651014,2.82842712474619,1.5810937501718234,39.75222222222222,0,0,2
17026,185,2,154.83,38.7075,55.32806001478816,1.429388620158578,61.333333333333336,106.23244953089112,1.732050807568877,1.039720770839918,38.7075,1,2,2
17027,79,6,877.5600000000001,5.92945945945946,5.511970249589423,0.9295906797703114,1.6054421768707483,12.12410585497308,7.551879494411198,1.6994083244035325,5.92945945945946,2,2,2
17029,111,2,716.0,358.0,0.0,0.0,126.0,0.0,0.0,0.0,358.0,0,3,2
17030,64,1,146.87,13.351818181818182,7.166989351438745,0.5367800290449118,0.0,0.0,0.0,1.9722469794234416,13.351818181818182,0,0,0
17031,12,2,380.35,17.288636363636364,10.924305925627952,0.6318778240142368,6.809523809523809,31.205158303746916,4.582575694955841,0.3676494774001422,17.288636363636364,0,2,2
17033,86,3,1030.14,36.79071428571429,52.213331767717285,1.419198642413734,10.074074074074074,36.38144701093796,3.611393637115165,2.075357862204996,36.79071428571429,3,2,2
17034,16,3,745.52,24.850666666666665,18.403631563162847,0.7405689275873021,9.310344827586206,39.77804800952751,4.272457008430733,1.700318372729897,24.850666666666665,2,1,3
17035,246,2,433.53,15.483214285714286,6.343387372673085,0.4096944765871944,2.4074074074074074,12.509255832441893,5.196152422706631,2.043963243893994,15.483214285714286,1,0,2
17037,88,1,1267.32,16.8976,5.3271032745102,0.315257981873769,0.0,0.0,0.0,1.888793568291502,16.8976,2,0,0
17038,30,1,112.4,5.109090909090909,2.6572289703497143,0.5200981970435383,0.0,0.0,0.0,0.5763820666248933,5.109090909090909,0,3,0
17040,138,1,449.73,29.982000000000003,46.29976831166961,1.5442521616859983,0.0,0.0,0.0,1.806507165261669,29.982000000000003,0,2,1
17041,27,3,1071.49,15.528840579710144,7.22137992683814,0.4650302055565909,4.897058823529412,31.879970648258148,6.510024036280942,2.4248304653440043,15.528840579710144,2,1,3
17042,3,5,1036.58,10.686391752577318,7.7007578341310845,0.7206134692071189,2.520833333333333,13.986443938152677,5.548341396953127,2.202389247967609,10.686391752577318,2,1,3
17043,32,4,1735.18,17.01156862745098,19.394643730572565,1.1400855591456802,2.297029702970297,15.255520020278198,6.64141173296594,2.231151929258345,17.01156862745098,3,1,3
17044,25,1,948.48,158.08,55.496525296634566,0.3510660760161599,0.0,0.0,0.0,1.3296613488547582,158.08,0,0,0
17045,113,3,339.44,15.42909090909091,14.431529935424598,0.9353454471463032,6.380952380952381,21.53480018592277,3.37485674555506,1.9439981771714585,15.42909090909091,2,2,2
17046,157,1,642.02,29.182727272727277,27.279709044290147,0.9347895688208828,0.0,0.0,0.0,1.896430164101954,29.182727272727277,1,0,1
17047,85,3,1100.9,16.93692307692308,5.494198907449147,0.3243917966974243,1.859375,14.875,8.0,1.830075786966534,16.93692307692308,2,1,2
17048,118,3,925.35,21.519767441860463,11.203740975646973,0.5206255600073699,5.047619047619048,26.19341974800614,5.189262402906877,1.869983294860483,21.519767441860463,2,0,2
17049,3,9,5655.03,17.839211356466876,16.256238033720614,0.9112643888165818,0.8544303797468354,6.067164761726131,7.100829869279472,2.1256237428430773,17.839211356466876,3,1,3
17050,96,6,3185.64,10.342987012987011,9.418332918170048,0.9106008647544528,0.6547231270358306,6.502739656791272,9.932045147437416,2.176232642470968,10.342987012987011,3,1,2
17051,194,1,240.89,5.73547619047619,4.392378766810371,0.765826344829738,0.0,0.0,0.0,1.7073815408764752,5.73547619047619,1,0,1
17052,28,1,399.09,4.808313253012048,6.217910561783147,1.293158376877399,0.0,0.0,0.0,1.731215952582677,4.808313253012048,0,2,0
17053,131,1,498.48,38.34461538461539,16.529364081024923,0.4310739308564515,0.0,0.0,0.0,0.8981370031878679,38.34461538461539,0,3,1
17054,28,5,1356.33,16.34132530120482,8.673253077932424,0.5307557935520052,2.6219512195121952,14.4475554290037,5.510230442689783,1.966098199123001,16.34132530120482,2,1,3
17058,82,3,1179.89,19.030483870967743,8.679344129375735,0.4560758511567142,2.5737704918032787,15.750617994641187,6.119666864159952,2.2600938377624717,19.030483870967743,2,1,2
17059,30,5,3080.39,5.9929766536964975,5.815628528099247,0.9704073391495924,0.6588693957115009,7.57505442227891,11.497050055115626,1.7390722439211763,5.9929766536964975,3,1,3
17060,266,1,234.24,46.848,59.477546351543445,1.269585603473861,0.0,0.0,0.0,1.3321790402101223,46.848,1,0,1
17061,74,11,5232.2300000000005,52.850808080808086,63.89261749818137,1.2089241360414116,1.5714285714285714,6.280390033196359,3.996611839306774,2.56445955475372,52.850808080808086,3,1,2
17062,314,4,533.33,7.7294202898550735,5.784866637350875,0.7484217988435121,0.7941176470588235,5.388098613845124,6.785013069286453,2.245883168934569,7.7294202898550735,1,0,2
17063,21,7,1461.14,18.732564102564105,7.6206217893867745,0.4068114619900682,3.467532467532468,18.942839513419543,5.462916264169682,2.0518590430553507,18.732564102564105,2,1,3
17064,59,3,855.45,14.02377049180328,10.547212769879762,0.7520953637999479,4.45,24.24341602041641,5.447958656273351,1.9044291097746768,14.02377049180328,2,1,2
17068,12,21,4552.14,15.378851351351353,8.7550076729892,0.5692887897131466,1.1796610169491526,4.936838465491806,4.184963641724376,1.7511554262406108,15.378851351351353,2,1,3
17069,28,9,2709.7000000000003,18.94895104895105,9.982373882427607,0.5268035078374534,2.401408450704225,13.27882111487233,5.529597062498154,2.01543625544399,18.94895104895105,2,1,3
17070,114,1,304.24,4.9070967741935485,4.950552009987975,1.00885558972934,0.0,0.0,0.0,1.3137228216048575,4.9070967741935485,0,0,1
17071,28,9,2429.03,17.350214285714287,11.01845433465939,0.6350615706073266,1.9928057553956835,9.298976414667711,4.666273363317012,2.1181424394208417,17.350214285714287,2,1,3
17073,18,4,1446.09,8.310862068965516,6.503015383584061,0.7824718217701712,0.5260115606936416,3.996461332968465,7.597668248390598,2.0109919627898942,8.310862068965516,2,1,3
17075,18,4,834.12,10.832727272727272,9.364262782734947,0.8644418480201783,3.9210526315789473,27.34996071070657,6.975157765146641,1.9006427101897945,10.832727272727272,2,1,3
17076,36,3,841.0799999999999,33.6432,24.242211587779416,0.7205679479888778,13.625,50.996003679742856,3.742825958146265,1.8077985965657817,33.6432,2,1,3
17078,36,2,378.2,13.507142857142856,17.697888523805833,1.310261445443055,0.0,0.0,0.0,2.294559542822356,13.507142857142856,3,2,3
17079,78,1,118.8,59.400000000000006,0.0,0.0,0.0,0.0,0.0,0.0,59.400000000000006,0,3,0
17080,22,2,287.62,35.9525,23.181194194555943,0.64477280285254,35.285714285714285,93.35722483327912,2.6457513110645907,1.4941751382893085,35.9525,0,0,3
17081,25,2,288.91,4.585873015873016,3.5666604217755458,0.7777494949010397,0.3225806451612903,2.5400025400038104,7.874007874011813,0.5727338921058032,4.585873015873016,0,2,3
17082,33,2,2003.85,24.73888888888889,28.96004842882692,1.1706285015020983,3.5625,31.863968679372004,8.94427190999916,2.3232491240761326,24.73888888888889,3,1,2
17083,109,3,1405.78,27.034230769230767,22.51055920823092,0.8326687524562931,3.803921568627451,26.046895867141743,6.847379841362005,1.9499446415252275,27.034230769230767,2,1,2
17084,35,2,2747.99,18.44288590604027,11.348344818905815,0.6153237013296868,0.0,0.0,0.0,2.3894509630838514,18.44288590604027,2,0,2
17085,123,5,1562.4,8.4,6.4811866614487,0.7715698406486547,1.281081081081081,10.73479303170804,8.379479792683492,1.9948689797577408,8.4,2,1,2
17086,7,6,2050.08,21.355,27.4117883208551,1.283623897019672,0.5789473684210527,2.6680893927750517,4.608518042065998,2.43127579768922,21.355,3,1,3
17088,28,4,1991.01,17.313130434782607,5.921995628137497,0.3420522735876827,1.9649122807017545,12.793755269116357,6.511107592318146,2.062337279594401,17.313130434782607,2,1,3
17090,4,7,1974.65,32.37131147540984,36.45459858853703,1.1261390696582982,5.783333333333333,21.07298991493144,3.643744653878636,2.376174011758408,32.37131147540984,3,1,3
17091,3,9,3827.76,19.629538461538463,7.442866251203691,0.3791666455014734,1.8711340206185567,11.1298921479711,5.948206822882627,1.841874203131345,19.629538461538463,2,1,3
17092,50,4,1774.03,14.306693548387097,9.877469782474554,0.6904089857707281,1.83739837398374,14.371747092387142,7.821791559131055,2.653767840993495,14.306693548387097,3,1,3
17094,322,1,302.0,21.571428571428573,19.028093747098044,0.8820970611237503,0.0,0.0,0.0,0.8760057656431737,21.571428571428573,1,3,1
17095,23,3,1324.16,17.894054054054056,14.130745738294417,0.7896894519044425,4.260273972602739,32.50556678703077,7.629924036827159,2.04899763968376,17.894054054054056,2,1,3
17096,15,4,1022.13,21.294375,10.196185750386416,0.4788206157910911,5.191489361702128,21.60780685999385,4.162159518113571,1.994342427297148,21.294375,2,1,3
17097,2,8,954.42,4.523317535545024,4.626575138585427,1.0228278475320352,1.7190476190476192,15.91551014587541,9.25833000175578,1.3431049153113026,4.523317535545024,3,2,3
17100,18,2,971.74,14.949846153846154,4.540519825797652,0.3037168261848307,0.0,0.0,0.0,1.7156125803733628,14.949846153846154,2,0,2
17101,10,4,1621.73,38.61261904761905,36.516195208228936,0.945706251192008,4.048780487804878,20.003688684230458,4.940670096707523,2.022157793341272,38.61261904761905,3,1,3
17102,262,1,25.5,25.5,0.0,0.0,0.0,0.0,0.0,0.0,25.5,1,3,1
17105,159,2,665.78,7.397555555555555,4.124410291143195,0.5575369133991522,1.651685393258427,15.58196883609349,9.4339811320566,2.366802032222002,7.397555555555555,2,0,2
17107,33,6,10797.48,25.955480769230768,36.4826160848535,1.405584292936783,0.5831325301204819,6.0892877207569605,10.44237357071958,2.459718329205752,25.955480769230768,3,1,3
17109,29,6,881.29,7.597327586206896,8.579818621550848,1.1293206096743391,1.7478260869565216,17.46316598687874,9.991363624333609,1.9686046127285328,7.597327586206896,3,1,3
17110,165,1,163.29999999999998,13.608333333333333,7.60994664099479,0.559212245510946,0.0,0.0,0.0,1.583258459420477,13.608333333333333,1,3,1
17111,47,1,231.61,7.986551724137931,5.223598428465947,0.6540492829563165,0.0,0.0,0.0,2.136745821359121,7.986551724137931,0,0,0
17114,6,8,801.12,6.5131707317073175,4.45573830004418,0.6841120068222415,2.672131147540984,12.414629215613754,4.64596553467754,0.8886211931666952,6.5131707317073175,0,0,3
17115,8,3,837.5,21.47435897435897,14.034248671107516,0.6535351619978426,5.894736842105263,29.15734525572088,4.946335355881221,2.158491391875056,21.47435897435897,2,1,3
17117,288,1,116.2,12.911111111111111,4.861376976856568,0.3765266161076515,0.0,0.0,0.0,1.1490596969706204,12.911111111111111,1,3,1
17118,318,1,157.02,15.702000000000002,6.476668896894451,0.4124741368548242,0.0,0.0,0.0,1.193549604098133,15.702000000000002,1,0,1
17119,3,2,606.91,17.340285714285713,5.99062428530876,0.3454743701468201,1.6470588235294117,9.603920767980496,5.830951894845302,1.953309600793447,17.340285714285713,2,1,3
17120,233,1,307.46,17.08111111111111,3.730700752482724,0.2184108942453946,0.0,0.0,0.0,1.7060571156426698,17.08111111111111,1,0,1
17122,119,1,138.32,19.76,5.037975783983088,0.2549582886631117,0.0,0.0,0.0,1.2770342594661392,19.76,0,3,1
17123,162,1,345.3,38.36666666666667,18.387359788724424,0.4792535131726609,0.0,0.0,0.0,1.2148896539491203,38.36666666666667,1,3,1
17124,185,1,294.24,9.491612903225809,7.66939549846192,0.8080181499874916,0.0,0.0,0.0,1.9820518731258927,9.491612903225809,1,0,1
17125,50,1,230.5,6.585714285714285,6.933973602197113,1.0528810241947897,0.0,0.0,0.0,1.414365039218488,6.585714285714285,0,2,0
17126,152,5,989.45,3.989717741935484,3.925403241485764,0.983879937226206,0.8502024291497976,10.16119221325078,11.951497507966392,1.6414339062534902,3.989717741935484,2,2,2
17128,335,1,157.09,11.220714285714283,7.111962256849873,0.6338243783557084,0.0,0.0,0.0,1.6731183626432509,11.220714285714283,1,0,1
17131,5,5,2463.17,18.38186567164179,15.07564725317361,0.820136950322253,0.518796992481203,3.5603062171660014,6.862619230189538,2.294041823630493,18.38186567164179,3,1,3
17133,16,7,4892.240000000001,181.1940740740741,161.46231911595345,0.8911015436958821,9.538461538461538,24.222684854046665,2.539475025021021,2.5676593624897297,181.1940740740741,3,1,3
17134,107,2,413.2,17.965217391304346,7.180726013917849,0.399701593223888,7.136363636363637,33.47251246783084,4.69041575982343,1.714203171343286,17.965217391304346,2,0,2
17135,16,7,1139.73,21.91788461538461,17.302986066282163,0.7894459875994073,6.941176470588236,34.9493414900515,5.035074621448097,2.239655012472862,21.91788461538461,3,1,3
17138,276,1,380.5,15.854166666666666,3.709327744867064,0.2339654819364245,0.0,0.0,0.0,1.7129412425800845,15.854166666666666,1,0,1
17139,16,12,10650.77,22.328658280922436,17.142359859638702,0.7677290611897225,0.5672268907563025,4.552118937373139,8.025217089591164,2.315572235913052,22.328658280922436,3,1,3
17140,247,1,454.12,25.22888888888889,45.18775066826757,1.7911114067401044,0.0,0.0,0.0,1.952138209415365,25.22888888888889,1,2,1
17142,239,1,579.0,38.6,46.34301842934767,1.20059633236652,0.0,0.0,0.0,1.4897503188505912,38.6,1,0,1
17144,1,2,984.57,20.511875,17.38363165742601,0.8474911073427471,1.7659574468085106,12.106794294325248,6.855654600401044,2.06348583191549,20.511875,2,1,3
17146,106,3,749.78,21.422285714285717,26.17190175896036,1.2217137847950232,7.411764705882353,31.04553610332666,4.188683442512327,1.5547361680627614,21.422285714285717,2,1,2
17147,23,4,1714.59,21.167777777777776,16.544429349481955,0.781585555326952,3.6,19.152023391798583,5.320006497721828,1.9792208736827863,21.167777777777776,2,1,3
17148,52,1,124.88,13.875555555555556,4.187944337951232,0.3018217412040446,0.0,0.0,0.0,1.0608569471580214,13.875555555555556,0,3,0
17152,195,3,1689.5,120.67857142857144,189.48459214231812,1.570159390347709,5.230769230769231,18.85980667165779,3.605551275463989,2.007556307437838,120.67857142857144,3,2,2
17153,24,1,213.78,15.27,4.696928620017389,0.3075919201059194,0.0,0.0,0.0,1.4680602034990462,15.27,0,0,0
17154,75,1,329.34,14.319130434782608,6.322728059831221,0.4415581021926219,0.0,0.0,0.0,1.2745867321914788,14.319130434782608,0,0,0
17155,18,2,251.7,12.585,19.882093371727866,1.579824662036382,8.421052631578947,36.70651741928988,4.358898943540674,1.808209563093396,12.585,3,2,3
17157,8,2,319.0,24.53846153846154,19.63018162853393,0.7999760538274013,14.0,48.49742261192856,3.464101615137754,1.2852930241200995,24.53846153846154,0,0,3
17158,32,3,1266.97,18.91,8.54484817319947,0.4518692846747472,4.954545454545454,28.958554903480632,5.844845943821779,2.052408347631272,18.91,2,1,3
17159,22,3,1538.88,15.236435643564358,6.68784009739444,0.4389373114452318,1.49,10.918888277298253,7.328112937784062,2.0440927685023222,15.236435643564358,2,1,3
17160,31,6,3518.03,15.362576419213974,5.794832687559663,0.3772044824663697,0.912280701754386,7.168901762804124,7.858219239996829,1.7513741327020975,15.362576419213974,2,1,3
17162,29,10,1715.46,16.494807692307692,5.63700464093139,0.341744186781892,2.6601941747572817,13.216562246249412,4.968269749502515,1.9404168208662416,16.494807692307692,2,1,3
17163,22,2,293.1,58.620000000000005,29.210135227348744,0.4982964044242364,14.0,28.0,2.0,1.6094379124341005,58.620000000000005,0,0,3
17164,33,7,2467.35,17.134375,6.506924522346215,0.3797584984772549,1.6643356643356644,9.958324464489854,5.983363018580038,1.4817187334941535,17.134375,2,1,3
17165,284,1,158.68,15.868,2.6211142668720115,0.1651823964502149,0.0,0.0,0.0,1.2206072645530175,15.868,1,3,1
17166,39,2,206.34,17.195,12.872979100002102,0.7486466472813086,15.0,49.749371855331,3.3166247903554,1.5396544474400973,17.195,0,0,2
17169,58,2,835.78,15.477407407407409,4.808587909141736,0.3106843273273514,2.358490566037736,17.17007049358613,7.280109889280519,1.665238244860787,15.477407407407409,2,0,3
17171,289,1,224.91,14.056875,9.06409452639001,0.6448157592914506,0.0,0.0,0.0,1.3633631023481716,14.056875,1,0,1
17172,79,1,317.76,21.184,12.67876334663598,0.5985065779189945,0.0,0.0,0.0,1.1699929969668563,21.184,0,3,0
17173,5,8,3766.6,43.79767441860465,21.862159716487763,0.4991625698555588,1.4588235294117646,7.261367018708817,4.977549972502012,1.2947059453460037,43.79767441860465,2,1,3
17174,218,1,59.9,14.975,5.225179422756696,0.3489268395830849,0.0,0.0,0.0,1.039720770839918,14.975,1,3,1
17175,44,4,1443.69,22.915714285714287,15.52180066398659,0.6773430873879817,4.032258064516129,19.398299521498103,4.81077828133153,1.9593542050031616,22.915714285714287,2,1,3
17176,202,1,306.13,20.408666666666665,17.401567608640757,0.8526557806474745,0.0,0.0,0.0,2.2110688711446103,20.408666666666665,1,0,1
17179,178,3,711.79,8.897375,9.804552771415349,1.1019601591947452,2.316455696202532,15.661928610157776,6.761160438264832,2.007716932503394,8.897375,2,2,2
17180,56,4,783.97,6.27176,7.295117685048656,1.163169139930204,2.0806451612903225,17.759731913212075,8.535685105574796,1.9621240901697168,6.27176,3,1,3
17181,57,2,239.92,10.431304347826089,21.672137391831814,2.0776057019511995,14.363636363636363,67.37142636837291,4.690415759823431,0.8002853336058784,10.431304347826089,0,2,2
17183,8,6,3347.31,45.85356164383562,41.30307290726627,0.9007604082772248,1.3194444444444444,6.489051209730427,4.918017758953587,2.250743842528824,45.85356164383562,3,1,3
17186,47,2,144.0,72.0,0.0,0.0,13.0,0.0,0.0,0.0,72.0,0,3,2
17187,227,1,203.95,20.395,12.152193446269504,0.5958417968261587,0.0,0.0,0.0,1.834371970281624,20.395,1,0,1
17188,11,7,2474.23,29.455119047619046,33.71844329232811,1.1447396711524642,4.204819277108434,22.27092550463034,5.296523830614093,2.001930094517507,29.455119047619046,3,1,3
17189,106,2,383.75,6.395833333333333,6.914702658329378,1.0811261485335837,4.288135593220339,32.93779447814843,7.681145747868607,1.6416618736579096,6.395833333333333,2,2,2
17190,59,2,444.74,23.40736842105263,44.166006641874,1.886842033987512,8.222222222222221,34.88393453853635,4.242640687119287,2.2051551011994586,23.40736842105263,3,2,2
17191,28,7,2093.68,8.871525423728812,8.513990501458489,0.9596985968936054,1.4382978723404256,11.053841680329915,7.685363298454232,2.1867746567622834,8.871525423728812,3,1,3
17193,36,7,1699.3,53.103125,33.86035082011541,0.6376338646758625,4.516129032258065,16.798553445147068,3.719679691425422,1.9804855751378363,53.103125,2,1,3
17194,274,2,262.62,9.055862068965515,17.327652037225143,1.9134182814695344,3.071428571428572,16.25247233939677,5.2915026221291805,0.8327213014523246,9.055862068965515,1,2,2
17197,30,1,1013.01,34.93137931034483,26.552396007589262,0.7601301904424326,0.0,0.0,0.0,1.8152270274989968,34.93137931034483,0,0,0
17198,24,3,692.22,7.210625,9.321285749633244,1.2927153678957433,3.642105263157895,34.98416535102632,9.605478925859828,1.5509550372770695,7.210625,3,2,3
17201,54,1,289.78000000000003,7.625789473684211,12.616685998157458,1.654476043653749,0.0,0.0,0.0,1.4801120971560997,7.625789473684211,0,2,0
17203,36,6,3560.08,24.054594594594597,38.46301643355421,1.598988346375931,0.1564625850340136,1.4367995268790448,9.183023063096504,2.5478890594575816,24.054594594594597,3,1,3
17204,175,4,1564.56,27.448421052631577,20.15400171088625,0.7342499472826332,1.5535714285714286,9.119249655849668,5.869861847443464,2.222985355050616,27.448421052631577,2,1,2
17205,54,1,384.08,29.544615384615383,18.51897433057269,0.6268138572626666,0.0,0.0,0.0,2.098147389135067,29.544615384615383,0,0,0
17206,53,1,204.24,29.177142857142854,9.70626896097863,0.332666875865895,0.0,0.0,0.0,0.410116318288409,29.177142857142854,0,3,0
17211,27,8,2317.2200000000003,10.982085308056874,7.661236031838796,0.6976121398563735,1.619047619047619,11.78303130946476,7.27775463231647,2.335997241917565,10.982085308056874,3,1,3
17212,253,1,226.85,56.7125,46.865132294702846,0.8263633642442645,0.0,0.0,0.0,1.039720770839918,56.7125,1,3,1
17213,40,7,2781.23,17.71484076433121,5.943606628144437,0.3355156677508428,2.076923076923077,16.15111639466587,7.7764634492835665,2.029976589450456,17.71484076433121,2,1,3
17214,60,6,1059.12,10.486336633663369,9.6798256929319,0.923089352468202,2.96,17.64516702079975,5.961205074594511,1.5530042032901872,10.486336633663369,2,2,3
17217,234,1,113.5,12.61111111111111,20.432905106986407,1.6202303609064113,0.0,0.0,0.0,1.1490596969706204,12.61111111111111,1,2,1
17218,4,10,1951.97,7.202841328413284,6.399172548412785,0.8884233674799636,1.3296296296296295,10.954054597726534,8.23842546347121,1.7074867176419068,7.202841328413284,3,2,3
17219,32,1,114.23,4.5692,3.1973516645290463,0.6997618104983467,0.0,0.0,0.0,1.9803317612376332,4.5692,0,0,0
17220,24,14,3187.55,6.8255888650963605,5.388838312123543,0.7895052600780205,0.7188841201716738,5.448522305292893,7.579138490347725,2.030071334574969,6.8255888650963605,3,1,3
17221,7,2,334.48,5.39483870967742,10.62937959757279,1.970286818492923,0.4590163934426229,3.5850326381210875,7.810249675906655,1.3167695326305335,5.39483870967742,3,2,3
17222,65,1,328.65,12.17222222222222,11.539250853344434,0.947998700868096,0.0,0.0,0.0,1.9935145657662297,12.17222222222222,0,0,0
17223,310,2,416.89,8.685208333333334,12.35970752762539,1.423075538693705,1.2340425531914894,8.460169506877884,6.855654600401044,1.3907554455901314,8.685208333333334,1,2,2
17226,309,1,393.49,18.73761904761905,25.481036655670405,1.3598865784875815,0.0,0.0,0.0,2.2403222533113087,18.73761904761905,1,0,1
17227,19,6,939.32,19.985531914893617,34.94462867280866,1.748496303306655,7.565217391304348,25.38297957636008,3.355221438254494,2.6884491506708184,19.985531914893617,3,1,3
17228,16,8,1906.09,9.16389423076923,6.550087784075646,0.7147712117936375,1.7053140096618358,11.989684918285146,7.030778408172876,2.2324386713615283,9.16389423076923,3,1,3
17229,96,2,318.76,6.782127659574468,7.086697561712003,1.0449077217984193,1.0,6.782329983125269,6.782329983125269,1.607533096286838,6.782127659574468,2,2,2
17230,264,8,3638.41,52.73057971014492,43.6590399265267,0.8279643456703183,1.3823529411764706,7.590310814560429,5.49086314244797,2.801568588893368,52.73057971014492,3,1,2
17231,12,10,3124.72,5.884595103578154,5.049936556288805,0.8581621109697367,0.6490566037735849,5.375278518005214,8.281679112042918,1.7457818372024,5.884595103578154,3,1,3
17232,3,2,417.77,11.936285714285711,8.714119065771191,0.7300528216530429,0.3235294117647059,1.8864844365675968,5.8309518948453,1.9699201905478043,11.936285714285711,2,1,3
17233,35,1,190.88,7.6352,7.087515502628547,0.9282684805412492,0.0,0.0,0.0,1.675889043126392,7.6352,0,0,0
17234,183,1,149.89,10.706428571428573,8.78977781039111,0.8209813152676999,0.0,0.0,0.0,1.7298201303799214,10.706428571428573,1,0,1
17235,25,2,550.0600000000001,18.967586206896552,20.25760750490196,1.0680118853255225,12.392857142857142,65.57683606710093,5.291502622129181,2.2254090484878417,18.967586206896552,3,1,3
17236,13,6,916.13,8.725047619047618,9.824220572314118,1.1259790205461917,3.3365384615384617,18.630599413420946,5.583810775203972,1.9398359133151797,8.725047619047618,3,1,3
17237,11,2,314.69,16.562631578947368,20.465086758266917,1.2356180635135257,0.6111111111111112,2.592724864350674,4.242640687119285,2.1010096288875437,16.562631578947368,3,1,3
17238,3,17,3719.1,6.701081081081081,5.519305460306769,0.8236440349735842,0.6516245487364621,4.773677739896901,7.325810160395798,1.8684800079967103,6.701081081081081,3,1,3
17239,313,1,382.5,25.5,16.23953509186763,0.6368445134065738,0.0,0.0,0.0,1.8640435797520256,25.5,1,0,1
17242,108,2,1135.04,28.376,17.18384763337884,0.6055768125662123,1.8461538461538465,11.529227073966275,6.244997998398399,2.0362980255760164,28.376,2,1,2
17243,1,26,8540.05,22.067312661498708,27.222194360787626,1.2335980723326925,0.9300518134715026,4.585440368594032,4.930306357318374,2.549162107317553,22.067312661498708,3,1,3
17244,53,1,954.9,30.80322580645161,32.691776579347575,1.061310162278537,0.0,0.0,0.0,2.102171465791273,30.80322580645161,2,2,0
17245,205,1,171.45000000000002,19.05,7.198437330421097,0.3778707260063568,0.0,0.0,0.0,0.9649629230074276,19.05,1,3,1
17247,15,1,280.09000000000003,5.186851851851852,5.399477900712209,1.0409932758701106,0.0,0.0,0.0,1.0284686643712515,5.186851851851852,0,3,0
17248,120,1,318.65,4.618115942028985,7.162895051288377,1.551042706853595,0.0,0.0,0.0,1.5554165791387824,4.618115942028985,0,2,1
17250,4,2,381.97,6.820892857142858,8.373355421006176,1.227604009677058,4.672727272727273,34.65387293061064,7.416198487095662,1.6115618211913052,6.820892857142858,2,2,3
17251,363,1,269.83,7.2927027027027025,4.429612880407302,0.607403463569915,0.0,0.0,0.0,1.7877725739778676,7.2927027027027025,1,0,1
17252,117,2,348.91,4.057093023255813,3.096403555656169,0.7632074339698794,0.8117647058823529,7.484100794743638,9.219544457292889,1.074053855490327,4.057093023255813,0,2,2
17253,18,1,178.26,9.903333333333332,4.937136583796201,0.4985328088653182,0.0,0.0,0.0,1.4264444338582805,9.903333333333332,0,0,0
17254,5,2,271.19,2.443153153153153,2.852402809110555,1.1675088012510475,0.0909090909090909,0.9534625892455924,10.488088481701515,1.3140010148517822,2.443153153153153,0,2,3
17255,41,2,291.48,3.9389189189189193,3.8089248357370753,0.9669975224528048,3.5342465753424657,30.196615976601688,8.544003745317532,1.4549393294491857,3.9389189189189193,0,2,3
17256,107,2,240.0,15.0,23.111555551282137,1.5407703700854758,13.6,52.67257350842087,3.872983346207417,2.133381930264545,15.0,3,2,2
17259,148,2,581.23,5.010603448275862,5.036206351540051,1.0051097444705983,1.9130434782608696,20.515105781286906,10.723805294763608,1.5371392559811847,5.010603448275862,2,2,2
17262,52,5,1253.36,104.44666666666669,121.72664437794694,1.1654430750425762,28.454545454545453,57.9229896265095,2.035632223295861,1.7917594692280554,104.44666666666669,3,1,2
17263,208,1,63.440000000000005,2.758260869565217,1.870035615056844,0.6779763421549087,0.0,0.0,0.0,0.8378972277814775,2.758260869565217,1,3,1
17265,139,2,550.01,4.50827868852459,3.7400492091655817,0.8295958319270577,0.3388429752066115,3.727272727272727,11.0,1.730088556840364,4.50827868852459,2,2,2
17266,2,3,296.58,4.062739726027397,3.402986947877953,0.8376088987628653,2.0,16.970562748477146,8.485281374238573,1.1993099387906636,4.062739726027397,0,2,3
17267,127,2,317.2,8.572972972972973,11.090863823903003,1.2937010135069706,0.0,0.0,0.0,1.5351652276784349,8.572972972972973,0,2,2
17268,108,4,763.64,127.27333333333333,104.561739592772,0.8215526132164791,27.2,40.97194161862481,1.506321383037677,1.5607104090414068,127.27333333333333,2,0,2
17272,42,4,2148.63,18.847631578947368,17.67160540821837,0.9376035038777706,1.9469026548672568,15.516604417275868,7.969892268873514,1.8302173904307708,18.847631578947368,3,1,3
17274,35,1,107.82,4.312799999999999,5.516675871090006,1.2791402038327784,0.0,0.0,0.0,1.3636643633520402,4.312799999999999,0,2,0
17277,228,2,1065.35,15.43985507246377,11.93004579311186,0.7726786124041097,1.3970588235294117,11.520442189225813,8.24621125123532,1.9455858315055845,15.43985507246377,2,0,2
17278,241,1,246.04,16.40266666666667,8.768160310925847,0.5345570015602653,0.0,0.0,0.0,1.8594288151492289,16.40266666666667,1,0,1
17279,58,1,187.83,20.87,26.1326562943762,1.2521636940285674,0.0,0.0,0.0,1.4270610433807247,20.87,0,2,0
17282,130,3,1685.46,18.937752808988765,46.00235504724457,2.429134835122024,1.9090909090909087,14.041511825172822,7.355077622709573,2.047264342479512,18.937752808988765,3,2,2
17284,60,6,1647.48,5.661443298969072,5.465545874183876,0.9653979710755264,0.9448275862068966,8.071290751746982,8.542607000024178,1.899910290290991,5.661443298969072,3,2,3
17286,22,1,151.37,3.440227272727273,3.27642423399342,0.9523859833237132,0.0,0.0,0.0,1.1763301429638908,3.440227272727273,0,0,0
17287,26,7,1049.06,8.598852459016394,9.230503169107918,1.0734575587966044,2.84297520661157,14.479875842275494,5.093212142195741,1.9616250487265008,8.598852459016394,3,1,3
17288,9,7,1417.63,10.12592857142857,12.095340377342923,1.1944919709853836,2.489208633093525,17.548015663231734,7.049636350257835,1.7091436896688998,10.12592857142857,3,2,3
17289,32,3,931.02,8.952115384615384,12.72802463132765,1.4217896088785156,1.4271844660194175,14.385178879903272,10.079411051905014,1.8380768371333016,8.952115384615384,3,2,3
17290,4,2,513.01,5.343854166666667,5.384070925041496,1.0075257963860034,0.1263157894736842,1.2311740225021852,9.746794344808968,1.5308101596135288,5.343854166666667,2,2,3
17291,308,1,550.8000000000001,550.8000000000001,0.0,0.0,0.0,0.0,0.0,0.0,550.8000000000001,1,3,1
17293,8,9,1854.06,14.04590909090909,14.051221671618269,1.0003782297517942,2.6717557251908395,15.017652560642713,5.620892815554844,2.3823412102390167,14.04590909090909,3,1,3
17295,29,3,547.0,8.044117647058824,6.467575668728487,0.8040130630229196,0.5223880597014925,4.275930552470682,8.18535277187245,1.797201140888382,8.044117647058824,2,1,3
17297,17,1,128.18,2.615918367346939,2.579748791361402,0.98617327802082,0.0,0.0,0.0,0.6610910128060188,2.615918367346939,0,3,0
17298,101,2,498.42,16.614,17.440858212038012,1.049768762010233,0.7931034482758621,4.270992778072192,5.385164807134503,2.3897931169548032,16.614,2,1,2
17299,12,4,656.61,11.938363636363636,11.45251577790215,0.9593036471948618,2.9444444444444446,14.238423522374788,4.835691007598984,2.362329821591156,11.938363636363636,3,1,3
17301,21,1,163.24,2.7667796610169493,2.462048096590321,0.8898605592920175,0.0,0.0,0.0,1.247077565635792,2.7667796610169493,0,0,0
17302,15,5,1135.63,14.375063291139242,14.714734188544917,1.0236291757835283,3.705128205128205,17.63711330030415,4.760189748871016,2.027711177758816,14.375063291139242,3,1,3
17303,361,1,250.04,4.717735849056604,4.045409383823667,0.8574895910360517,0.0,0.0,0.0,1.3170895813916554,4.717735849056604,1,0,1
17306,11,19,8631.31,130.77742424242425,71.67516742618113,0.5480698816434533,5.153846153846154,11.058411347859222,2.1456619033159683,2.4519773277153627,130.77742424242425,3,1,3
17309,95,1,82.75,6.895833333333333,3.87600182553042,0.5620788145784296,0.0,0.0,0.0,1.5171063970610277,6.895833333333333,0,0,1
17311,78,2,1384.85,25.179090909090903,21.06399915185529,0.8365671035505946,4.407407407407407,32.38769771013313,7.3484692283495345,2.313832632271531,25.179090909090903,2,1,2
17312,139,3,644.3,46.021428571428565,85.21574365710228,1.8516535949083224,1.5384615384615383,4.48358830654244,2.9143323992525856,1.5367224694372197,46.021428571428565,3,2,2
17313,31,1,2328.84,97.035,63.955690979737305,0.6590992011102932,0.0,0.0,0.0,2.3835403727609594,97.035,2,0,0
17314,25,8,2527.92,19.297099236641223,11.842505808676554,0.6136935745342529,2.1846153846153844,12.22323661788545,5.595143522271509,2.039652068122693,19.297099236641223,2,1,3
17315,2,38,6281.2300000000005,13.335944798301488,20.316350775656023,1.5234279297739437,0.7191489361702128,3.03460062939144,4.219710934360878,2.326659591791265,13.335944798301488,3,1,3
17317,46,3,2600.34,288.9266666666667,204.6930560619974,0.7084602415676321,5.25,12.601020366847848,2.400194355590066,1.6769877743224173,288.9266666666667,2,1,2
17320,100,3,1200.62,16.446849315068494,11.628478079065724,0.7070337823556144,3.6944444444444446,22.012569321587957,5.958289440429822,2.18828084468158,16.446849315068494,2,1,2
17321,8,2,657.16,6.637979797979797,7.950790357298459,1.1977726054119964,0.6020408163265306,5.959900012858044,9.899494936611664,1.6757007825964143,6.637979797979797,3,2,3
17323,15,7,906.52,4.648820512820513,3.2332440610538424,0.6954977186443755,1.4175257731958764,8.895822042117961,6.275598095166853,1.6983851997877382,4.648820512820513,2,1,3
17324,18,4,986.48,20.132244897959183,31.272526631834147,1.553355166815215,7.229166666666667,44.9009498943891,6.211082406140279,2.206690859332373,20.132244897959183,3,1,3
17325,280,1,96.8,16.133333333333333,3.4644864939362474,0.2147408983844781,0.0,0.0,0.0,1.0114042647073518,16.133333333333333,1,3,1
17329,14,2,523.11,15.851818181818182,16.10725350085821,1.016113944540003,9.375,53.033008588991066,5.656854249492381,1.797375860728334,15.851818181818182,2,1,3
17330,23,2,363.9,60.65,21.53859326882793,0.3551293201785314,8.8,19.67739820199815,2.23606797749979,1.5607104090414068,60.65,0,0,3
17331,124,1,175.2,175.2,0.0,0.0,0.0,0.0,0.0,0.0,175.2,0,3,1
17333,86,1,494.25,17.651785714285715,9.9163647212935,0.5617768582624542,0.0,0.0,0.0,1.0987754267405243,17.651785714285715,0,3,0
17334,302,2,307.02000000000004,27.91090909090909,18.25291946760597,0.6539707971587053,0.6,1.897366596101028,3.1622776601683795,1.3667110520552042,27.91090909090909,1,0,2
17337,151,4,1981.06,3.802418426103647,4.578025429404606,1.2039772892894711,0.3019230769230769,4.031570518030862,13.352972416407953,1.3451077409034715,3.802418426103647,3,2,2
17338,17,8,6493.54,9.00629680998613,7.022565633220709,0.7797395290630582,0.475,5.238345564766702,11.028095925824635,2.0497196986897133,9.00629680998613,3,1,3
17339,94,2,243.36,27.040000000000003,22.97435962110805,0.8496434771119841,33.75,95.45941546018392,2.8284271247461903,1.1490596969706204,27.040000000000003,0,0,2
17340,30,11,12353.29,30.352063882063884,25.578436166332,0.8427247736997288,0.8226600985221675,7.264191139170547,8.83012455839294,2.4186092804121246,30.352063882063884,3,1,3
17341,157,3,682.29,4.3457961783439485,6.705432463480115,1.5429698467900426,1.3397435897435896,16.733392072631606,12.489995996796798,1.1371338137306066,4.3457961783439485,3,2,2
17343,355,1,193.64,11.390588235294118,9.636694499793636,0.8460225495584167,0.0,0.0,0.0,1.6242225882334724,11.390588235294118,1,0,1
17344,46,1,157.62,5.0845161290322585,5.70558605737084,1.122149268991854,0.0,0.0,0.0,1.027709536553159,5.0845161290322585,0,3,0
17345,15,4,519.6899999999999,6.261325301204819,7.077295847627105,1.1303191428602624,2.207317073170732,14.182877700718288,6.425392107507732,1.7901807424282865,6.261325301204819,3,2,3
17346,4,15,2622.88,5.430393374741201,6.043351757703819,1.11287550287125,0.7572614107883817,5.943007139208082,7.848025866022728,1.768269391840705,5.430393374741201,3,2,3
17347,86,1,228.96,228.96,0.0,0.0,0.0,0.0,0.0,0.0,228.96,0,3,0
17348,15,5,1156.6,5.430046948356807,5.769484746757589,1.0625110246060578,1.330188679245283,15.724356509630418,11.8211474469562,1.9586413572142856,5.430046948356807,3,1,3
17349,179,1,98.25,12.28125,12.843256638073871,1.0457613547541065,0.0,0.0,0.0,1.4941751382893085,12.28125,1,3,1
17350,8,4,1281.32,18.30457142857143,17.613033685619467,0.962220489802206,0.6086956521739131,4.485982715160204,7.36982874633462,2.1479723092434417,18.30457142857143,3,1,3
17351,36,3,587.15,21.746296296296297,27.64690108495236,1.271338379108769,9.076923076923077,32.309655618001344,3.5595383307967583,1.653484477467167,21.746296296296297,3,1,3
17353,129,2,1740.0,217.5,0.0,0.0,3.571428571428572,9.44911182523068,2.6457513110645903,0.0,217.5,0,3,2
17354,51,1,1393.06,87.06625,69.00435724165057,0.7925500092360768,0.0,0.0,0.0,2.393312122974524,87.06625,2,0,0
17356,312,1,178.22,9.38,8.282790055960074,0.8830266584179183,0.0,0.0,0.0,1.7622081710679625,9.38,1,0,1
17357,24,2,384.39,8.736136363636364,15.099605295304768,1.728407692690782,0.0,0.0,0.0,1.5598116551712968,8.736136363636364,0,2,2
17358,303,2,360.81,6.220862068965517,4.916713095641415,0.7903588025476069,0.912280701754386,6.887568256738227,7.549834435270749,1.5746513125343369,6.220862068965517,1,0,2
17359,11,1,127.86,8.524,9.331778884160142,1.0947652374659953,0.0,0.0,0.0,1.6350915928128098,8.524,0,2,0
17360,17,3,568.24,4.54592,4.013539403311681,0.8828882609706464,1.3387096774193548,14.907240068222318,11.135528725660045,1.1882751272813497,4.54592,2,2,3
17361,49,3,488.2,16.834482758620688,11.847656364448172,0.7037731146435826,8.642857142857142,32.03148252915986,3.7061219455226286,2.011379099304117,16.834482758620688,2,1,3
17362,239,2,312.23,8.920857142857143,7.438521109906256,0.8338347975746052,2.0588235294117645,12.004900959975622,5.830951894845303,2.1069590427836906,8.920857142857143,1,0,2
17364,1,11,4462.68,10.991822660098522,10.18536476691628,0.9266311040379346,0.8049382716049382,7.138237247293997,8.868055475932726,2.457566643700149,10.991822660098522,3,1,3
17365,13,8,4767.36,10.252387096774193,8.790192302327757,0.8573800637213064,0.6831896551724138,6.420880637627312,9.398386800817264,2.4287090316309685,10.252387096774193,3,1,3
17367,238,1,167.55,5.077272727272728,4.474615397388412,0.8813029430845573,0.0,0.0,0.0,1.5938590302468822,5.077272727272728,1,0,1
17368,23,8,1878.87,17.559532710280372,39.7906071068352,2.266040205246434,2.9339622641509435,14.188707023830124,4.836022329665573,2.2027531379603937,17.559532710280372,3,1,3
17370,73,4,446.18,13.52060606060606,5.09686542113995,0.3769701889318623,3.0,13.708956337773044,4.569652112591014,1.5927674593190506,13.52060606060606,2,0,2
17371,17,3,418.4,4.865116279069767,7.5427281293560435,1.5503695485770073,4.035294117647059,37.203573515899535,9.219544457292889,0.7094822692115095,4.865116279069767,0,2,3
17372,41,8,1337.18,5.3274103585657375,4.642477190782123,0.871432249126006,1.276,9.410315624921544,7.374855505424407,1.5777126094192044,5.3274103585657375,2,2,3
17373,40,4,646.92,11.349473684210526,8.080599655314803,0.7119801217352126,4.839285714285714,25.290153876892145,5.226009657217565,2.18536961349246,11.349473684210526,2,1,3
17374,219,2,495.77,17.706071428571427,5.553556977813418,0.3136526925364095,2.2962962962962963,11.931905563252268,5.196152422706632,0.9943536917623688,17.706071428571427,1,0,2
17375,199,3,400.1,5.798550724637681,4.109335596563427,0.7086832196022905,2.367647058823529,14.743482660084087,6.227060999290174,1.872447738384588,5.798550724637681,2,0,2
17376,71,2,203.2,8.466666666666667,4.636543565187764,0.5476232557308383,10.434782608695652,50.04345937369794,4.795831523312719,1.5489739267100384,8.466666666666667,0,0,2
17377,24,20,4058.32,10.045346534653463,13.472931953109343,1.3412112669913103,0.8461538461538461,5.956404959866663,7.039387679842419,2.155110217940197,10.045346534653463,3,1,3
17379,11,1,389.72,4.996410256410256,5.074714495035874,1.0156720994888593,0.0,0.0,0.0,2.2417534964740446,4.996410256410256,2,0,0
17381,9,29,20275.61,186.01477064220185,180.69666765869303,0.9714103188410872,3.259259259259259,8.396005247680135,2.576047064629132,3.157082111191853,186.01477064220185,3,1,3
17382,65,1,65.4,32.7,25.031580054003783,0.7654917447707579,0.0,0.0,0.0,0.6931471805599453,32.7,0,3,0
17383,4,1,193.39,3.946734693877551,4.029165746857066,1.0208858865297907,0.0,0.0,0.0,1.4626759931521571,3.946734693877551,0,2,0
17384,19,2,336.4,22.426666666666662,53.12512166932846,2.3688371731270124,14.214285714285714,53.18498714057246,3.741657386773942,1.6914343362809572,22.426666666666662,3,2,2
17385,15,1,256.11,5.691333333333334,4.5794385324761455,0.8046336884987956,0.0,0.0,0.0,1.9919885595950173,5.691333333333334,0,0,0
17386,8,6,2686.42,95.94357142857145,156.34576639056772,1.6295595844789332,5.777777777777778,19.78409099277135,3.4241695949027338,2.394616427071532,95.94357142857145,3,1,3
17387,20,2,746.81,9.826447368421052,8.777804540080602,0.8932836264192041,0.1733333333333333,1.5011106998930268,8.660254037844386,2.1806042333380264,9.826447368421052,2,1,3
17388,78,4,1259.56,83.97066666666666,142.26548569822685,1.6942283698064424,14.857142857142858,30.045752657359955,2.0223102750146125,2.0611128325795947,83.97066666666666,3,2,2
17389,1,34,31833.68,149.45389671361502,173.908566169417,1.163626844087326,1.4858490566037736,5.075243111479018,3.415719173439847,2.459471075327175,149.45389671361502,3,1,3
17391,164,2,508.8,169.6,58.75116339273632,0.3464101615137755,0.0,0.0,0.0,0.6365141682948128,169.6,0,3,2
17392,307,2,417.27,7.45125,7.598342657209113,1.0197406686407129,0.9272727272727272,6.87683859712507,7.416198487095664,1.7654943271392392,7.45125,1,0,2
17394,219,1,203.87,50.9675,70.36217893868836,1.3805303171371632,0.0,0.0,0.0,1.3862943611198906,50.9675,1,2,1
17396,39,8,7330.8,271.5111111111111,243.73034924076572,0.8976809392563806,12.76923076923077,45.97156311661172,3.600182653710556,2.1332952279024906,271.5111111111111,3,1,3
17397,22,2,681.41,7.65629213483146,8.046372189607402,1.0509489512555712,0.0,0.0,0.0,1.619377319913762,7.65629213483146,0,0,2
17398,115,3,653.38,17.19421052631579,8.113940833304905,0.4718995862523897,3.756756756756757,17.02841645506026,4.532743948469278,1.8967319527449904,17.19421052631579,2,0,2
17400,126,5,2097.84,10.18368932038835,8.266790097591779,0.8117677039735663,1.0975609756097562,9.469261100355451,8.627549002546077,1.979127905683618,10.18368932038835,2,1,2
17402,5,13,2633.85,44.641525423728815,64.55136884719607,1.4459937969074048,6.189655172413793,16.98240254999969,2.743675063788251,2.1147335582265754,44.641525423728815,3,1,3
17403,36,1,263.92,8.2475,7.675029473517013,0.9305885993958184,0.0,0.0,0.0,1.7647240207990005,8.2475,0,0,0
17404,4,15,31906.82,161.14555555555555,142.8036242570854,0.8861778642592057,1.766497461928934,8.17077260205755,4.625408628176257,3.048217734289004,161.14555555555555,3,1,3
17405,1,3,1031.41,12.57817073170732,8.139991374407536,0.6471522408173451,1.8271604938271604,11.564806660140054,6.329387428860435,1.785852471469357,12.57817073170732,2,1,3
17406,333,3,2184.42,19.67945945945946,39.96265174197796,2.030678323472388,0.3,3.146426544510455,10.488088481701515,2.363366716499725,19.67945945945946,3,2,2
17408,163,1,32.65,16.325,5.055813485483814,0.3096976101368339,0.0,0.0,0.0,0.6931471805599453,16.325,0,3,1
17409,185,2,771.85,59.37307692307692,39.13133130553559,0.659075347505296,5.25,18.18653347947321,3.464101615137755,1.7326587201992076,59.37307692307692,1,0,2
17410,16,5,1214.72,18.98,10.461742396381874,0.5511982295248616,3.126984126984127,15.940911116037924,5.097854823910605,1.785827640357454,18.98,2,1,3
17411,12,3,778.94,18.99853658536585,9.545889576402928,0.502453940781729,6.2,30.657914024076923,4.944824842593052,1.789873833000886,18.99853658536585,2,0,3
17412,3,7,1258.06,19.061515151515152,7.501900526876608,0.3935626558143937,5.630769230769231,22.576653615218053,4.009514986309217,1.998421956692409,19.061515151515152,2,1,3
17414,44,2,778.0,129.66666666666666,152.52507553404675,1.176285929568484,28.2,63.05711696549407,2.23606797749979,1.0114042647073518,129.66666666666666,0,2,2
17415,80,1,507.84,36.27428571428571,42.50745757453096,1.1718344479431189,0.0,0.0,0.0,1.668173971997397,36.27428571428571,0,2,0
17416,30,7,6893.42,25.62609665427509,26.79606283743261,1.0456552630290006,0.9328358208955224,7.204033162101604,7.722723549772919,2.232233495310078,25.62609665427509,3,1,3
17418,42,2,463.46,15.448666666666668,8.125170229870129,0.5259463748675265,9.689655172413794,52.18039002775157,5.385164807134503,2.070728888242327,15.448666666666668,2,1,3
17419,11,12,4226.57,20.517330097087378,10.934805390788023,0.532954596872247,1.7121951219512197,10.147447160902562,5.926571703661041,1.983051810033185,20.517330097087378,2,1,3
17420,50,3,598.83,19.961,5.365604603268927,0.2688043987409912,11.10344827586207,42.94044449466045,3.8673071128731458,1.3679656520196493,19.961,0,0,2
17422,16,6,1979.37,16.917692307692306,10.800051834535202,0.6383880045876308,2.3879310344827585,11.835665739967729,4.956452078831251,2.041934258400399,16.917692307692306,2,1,3
17423,46,2,698.41,26.86192307692308,25.352882916028427,0.9438223333238916,6.84,34.2,5.000000000000001,1.9888469971626923,26.86192307692308,2,1,3
17425,19,2,759.1700000000001,17.65511627906977,9.428552979947725,0.5340408316157804,0.9761904761904762,6.3264373484457685,6.48074069840786,1.975087340257883,17.65511627906977,2,1,3
17426,8,6,5037.26,18.58767527675277,16.093826563764583,0.8658332106701265,1.011111111111111,9.622033007994686,9.516296381533206,2.081400001183311,18.58767527675277,3,1,3
17427,72,1,100.8,50.4,28.84995667241114,0.5724197752462528,0.0,0.0,0.0,0.6931471805599453,50.4,0,3,0
17428,1,28,17256.85,52.61234756097561,55.11506386191242,1.0475689912531705,1.1009174311926606,4.773286389838679,4.3357351374368,2.658834489698418,52.61234756097561,3,1,3
17429,128,3,524.9200000000001,13.459487179487182,7.029301435951007,0.5222562600055042,2.3421052631578947,10.418995946306952,4.44856006696252,2.0324541433579046,13.459487179487182,2,0,2
17430,33,2,265.76,18.982857142857146,8.27028734369325,0.4356713681957612,25.53846153846154,92.08023257338805,3.6055512754639896,1.6731183626432509,18.982857142857146,0,0,3
17431,313,1,403.3,9.37906976744186,8.21637876843839,0.8760334417129948,0.0,0.0,0.0,2.0787807243323844,9.37906976744186,1,0,1
17432,18,2,365.76,7.62,7.420088030675831,0.973764833422025,0.4042553191489361,2.7714348384599963,6.855654600401044,1.8225552950768196,7.62,2,1,3
17433,88,1,303.16,5.614074074074074,2.96555605433292,0.5282360038724689,0.0,0.0,0.0,1.8113785364803765,5.614074074074074,0,0,0
17434,2,7,2373.82,17.715074626865672,12.168506605245677,0.6869012330770322,0.6015037593984962,3.474887941563749,5.777001202849734,2.031004671432992,17.715074626865672,2,1,3
17436,2,2,216.3,24.03333333333333,10.93503543661382,0.45499453966493,28.125,79.5495128834866,2.8284271247461903,0.9649629230074276,24.03333333333333,0,3,2
17438,254,1,388.4500000000001,22.85,8.582048852109851,0.3755820066568862,0.0,0.0,0.0,1.6766961325918528,22.85,1,0,1
17440,157,3,186.42,37.284000000000006,37.60304881256306,1.0085572581419122,22.5,45.0,2.0,1.6094379124341005,37.284000000000006,0,2,2
17442,37,6,2248.56,16.656,6.002087597027225,0.3603558835871293,1.8656716417910448,9.909205141583596,5.311333955888808,1.985848281581655,16.656,2,1,3
17443,220,1,534.24,534.24,0.0,0.0,0.0,0.0,0.0,0.0,534.24,1,3,1
17444,148,3,2940.04,21.778074074074077,47.08854353326321,2.1621996221107653,0.1865671641791045,1.8441857850392327,9.884835807810289,2.364782189680485,21.778074074074077,3,2,2
17446,177,2,120.9,13.433333333333332,0.7000000000000003,0.0521091811414392,16.625,47.02260094890541,2.8284271247461903,0.3488320958430319,13.433333333333332,1,3,2
17447,40,2,541.53,15.0425,7.787466624555861,0.517697631680629,0.8857142857142857,5.239956379316802,5.916079783099616,1.6060056668201064,15.0425,2,0,3
17449,2,7,2519.21,9.127572463768116,6.0639748361047605,0.6643578958343742,1.2872727272727271,10.65557416486848,8.277635297567322,2.013664863541702,9.127572463768116,2,1,3
17450,8,46,194390.79,578.5440178571429,820.4115593018223,1.4180624705800735,1.035820895522388,5.026745875769142,4.852910283523523,3.8770647308680712,578.5440178571429,3,1,3
17451,1,7,1721.4,17.214000000000002,7.543136287414211,0.4381977627172191,1.0303030303030305,5.387920248213887,5.229452005619361,1.9502506829930315,17.214000000000002,2,1,3
17453,18,2,486.72,25.61684210526316,18.632280844643912,0.727344954076747,2.555555555555556,10.842303978193728,4.242640687119285,1.9133036567531656,25.61684210526316,2,1,3
17454,192,4,517.53,8.484098360655738,7.946580475703407,0.9366440767064864,2.7666666666666666,12.382829372838671,4.475721460062171,1.5439453767392866,8.484098360655738,1,2,2
17455,204,1,131.7,16.4625,2.2990292982660563,0.1396525010336253,0.0,0.0,0.0,1.0735428464085233,16.4625,1,3,1
17456,365,1,249.86,14.69764705882353,7.008098466606122,0.4768177136488596,0.0,0.0,0.0,1.674990012783787,14.69764705882353,1,0,1
17457,127,5,1737.7,91.4578947368421,98.41166324165192,1.0760324576114326,11.72222222222222,24.07782859946801,2.054032771518598,2.4515830605217857,91.4578947368421,3,1,2
17458,15,1,316.5,5.861111111111111,4.214459237751231,0.7190546566779352,0.0,0.0,0.0,1.6886781798305854,5.861111111111111,0,0,0
17459,43,2,657.3,5.921621621621621,6.205466291254178,1.0479336046389989,0.1454545454545454,1.5255401427929476,10.488088481701515,1.6287729293374782,5.921621621621621,2,2,3
17460,94,6,622.4300000000001,21.463103448275863,8.538635765678045,0.3978285706098088,9.857142857142858,28.227533558454077,2.863662824770703,1.8655823906006128,21.463103448275863,2,0,2
17461,23,3,735.82,6.941698113207548,5.0417165390745,0.7262944105105826,0.0571428571428571,0.5855400437691199,10.2469507659596,2.0747036679187065,6.941698113207548,2,1,3
17462,60,2,675.69,25.02555555555556,22.00111436571642,0.8791458921611143,8.576923076923077,43.73389813581504,5.099019513592785,2.152674788782659,25.02555555555556,2,1,2
17463,16,5,1875.86,9.018557692307692,6.322108117534501,0.7010109967946307,1.4251207729468598,11.241952757672102,7.888421087586866,2.0152089693128152,9.018557692307692,2,1,3
17464,158,1,289.96000000000004,32.21777777777778,25.30143463213983,0.785325257584696,0.0,0.0,0.0,1.4270610433807247,32.21777777777778,0,3,1
17466,10,2,763.28,18.61658536585366,7.639889269405709,0.4103808039587492,1.7,10.75174404457249,6.324555320336759,2.078270652362297,18.61658536585366,2,1,3
17468,10,2,137.0,27.4,5.813776741499453,0.2121816329014399,1.0,2.0,2.0,0.5004024235381879,27.4,0,3,2
17469,16,5,1870.97,21.261022727272728,7.520719279579326,0.3537327143690068,2.1494252873563218,9.966838895700157,4.636978523667987,1.804146837317696,21.261022727272728,2,0,3
17470,45,5,1125.07,14.42397435897436,7.436190258309397,0.5155437796298301,4.1688311688311686,19.380811588434167,4.648979726820657,2.161657748310207,14.42397435897436,2,1,3
17472,191,3,697.54,4.008850574712644,3.785916532242056,0.9443895355250131,0.6184971098265896,7.341670176737934,11.87017701472582,1.4690523549925578,4.008850574712644,2,2,2
17475,79,1,194.37,13.883571428571427,5.753291508937575,0.4143956429753874,0.0,0.0,0.0,1.5934242371738905,13.883571428571427,0,0,0
17480,78,1,511.82,17.64896551724138,8.02829564941917,0.454887604691407,0.0,0.0,0.0,0.9992385405569192,17.64896551724138,0,3,0
17481,4,4,1255.59,15.312073170731706,6.56916322871065,0.4290185369063733,1.0987654320987654,6.79633161762948,6.185425404808853,1.9825299383304391,15.312073170731706,2,1,3
17483,65,3,414.04,19.71619047619048,8.955987090315883,0.4542453117974919,5.8,18.14444963705372,3.1283533856989174,1.6859123928607946,19.71619047619048,2,0,2
17486,261,1,396.87,16.53625,4.668632434059018,0.2823271560395505,0.0,0.0,0.0,1.3304073932436389,16.53625,1,0,1
17489,59,2,376.64,12.987586206896552,5.257246465031734,0.4047901112094315,5.464285714285714,28.91428218520588,5.2915026221291805,1.333350825387648,12.987586206896552,0,0,2
17490,1,7,2092.32,27.53052631578948,27.48566656251881,0.9983705450176978,2.306666666666666,12.985411079396018,5.629513473726598,2.199358724062273,27.53052631578948,3,1,3
17491,1,10,3558.87,32.65018348623853,25.92973700362448,0.7941681863611394,3.342592592592593,12.4848783577642,3.735088262156603,2.6969995328191865,32.65018348623853,3,1,3
17492,248,1,374.57,31.214166666666667,17.300076961643494,0.5542379889999784,0.0,0.0,0.0,1.4735023850806486,31.214166666666667,1,0,1
17495,8,2,497.56,18.42814814814815,6.573525009774517,0.3567111006992361,1.1923076923076923,6.079600189283705,5.099019513592785,1.7131831379700893,18.42814814814815,2,0,3
17496,359,1,271.05,27.105,9.22281139349602,0.3402623646373739,0.0,0.0,0.0,1.313834033192747,27.105,1,0,1
17498,76,1,272.22,16.012941176470587,6.715187790287292,0.419360048618338,0.0,0.0,0.0,1.5643701028927683,16.012941176470587,0,0,0
17499,290,1,622.88,15.572,9.36152359942355,0.6011767017353937,0.0,0.0,0.0,2.087392771858066,15.572,1,0,1
17500,17,3,1138.0,227.6,213.46000796402123,0.9378734972057172,3.0,3.4641016151377544,1.1547005383792517,1.3321790402101223,227.6,0,0,2
17501,221,2,288.6,16.033333333333335,4.631001670328812,0.2888358630142709,0.0,0.0,0.0,1.8498981518685604,16.033333333333335,1,0,2
17502,9,4,689.1,24.610714285714288,9.33146407018329,0.3791626671965348,0.6666666666666666,2.303842943364913,3.45576441504737,1.6880030603296237,24.610714285714288,2,0,3
17503,3,2,558.96,14.709473684210527,10.293772440988596,0.6998056260869592,0.945945945945946,5.753964555687506,6.08276253029822,1.7522578148596677,14.709473684210527,2,1,3
17504,206,9,2997.03,23.59866141732284,20.40508485345051,0.8646712833666045,0.9126984126984128,5.663948928116977,6.205717956023818,2.3361932066300897,23.59866141732284,3,1,2
17505,162,2,1145.84,22.03538461538462,10.767887891926254,0.4886634873805812,0.8627450980392157,6.161232369723243,7.1414284285428495,1.6722861348449078,22.03538461538462,2,0,2
17506,76,1,302.2,21.585714285714285,7.825667545166517,0.3625391979891835,0.0,0.0,0.0,1.376055285260417,21.585714285714285,0,0,0
17507,262,2,605.58,6.881590909090909,4.212801750538672,0.6121842763093285,0.5402298850574713,5.038928913737635,9.327379053088814,1.8086483954530077,6.881590909090909,1,0,2
17508,281,1,387.31,17.605,9.685149530522049,0.5501362982403889,0.0,0.0,0.0,1.771721769306379,17.605,1,0,1
17509,58,8,6083.64,16.713296703296706,3.848043130444772,0.2302384262517007,0.0137741046831955,0.1890009315989202,13.72146763408161,1.794602019498667,16.713296703296706,2,1,3
17510,25,1,308.48,15.424,5.4115572231056905,0.3508530357304,0.0,0.0,0.0,1.2706817223249798,15.424,0,0,0
17511,3,31,91062.38,94.5611422637591,82.04277007616697,0.8676161064903947,0.3700623700623701,2.489574055201984,6.727444497484012,3.028904004005059,94.5611422637591,3,1,3
17512,29,10,2924.99,27.85704761904762,25.19244166731705,0.9043471516375408,2.5961538461538463,10.257385907043004,3.950993090120269,1.9358148707325429,27.85704761904762,3,1,3
17513,72,1,513.2,85.53333333333335,61.52380569069721,0.7192962473581123,0.0,0.0,0.0,1.3296613488547582,85.53333333333335,0,0,0
17514,128,1,208.65,5.2162500000000005,3.266044959807991,0.6261289163303121,0.0,0.0,0.0,1.8581262890748844,5.2162500000000005,0,0,1
17515,31,4,639.02,7.345057471264368,4.858298552192943,0.661437786048615,3.3255813953488373,20.54976276403216,6.179299292680999,1.5398235517710437,7.345057471264368,2,1,3
17516,15,5,764.88,5.665777777777778,4.562596548423012,0.8052904168459192,2.014925373134328,13.57240958246133,6.73593660759192,1.644747057043212,5.665777777777778,2,1,3
17517,309,1,153.94,13.994545454545454,5.913469985780538,0.4225553452227226,0.0,0.0,0.0,1.162225544921092,13.994545454545454,1,0,1
17519,17,6,1844.02,22.488048780487805,15.990563454817012,0.7110694045048291,4.296296296296297,18.94824823330936,4.410368123270281,2.454476744263432,22.488048780487805,3,1,3
17520,54,1,546.81,18.227,7.678954288541976,0.4212955663873362,0.0,0.0,0.0,2.095092639938674,18.227,2,0,0
17521,30,3,723.21,16.071333333333335,6.437890535373721,0.4005822293549832,3.8181818181818175,20.61414362877024,5.398942378963634,1.5120939380618386,16.071333333333335,2,0,3
17522,2,5,1070.71,14.667260273972603,14.945725537226163,1.018985499544704,2.986111111111111,17.080169751733848,5.719870800580638,2.386792086331719,14.667260273972603,3,1,3
17523,11,4,652.74,19.78,38.17857211512762,1.93016036982445,0.21875,0.8700899100741849,3.977553874624845,1.921305000556144,19.78,3,2,3
17524,361,1,145.0,24.166666666666668,11.150231686681073,0.4613888973799064,0.0,0.0,0.0,1.5607104090414068,24.166666666666668,1,0,1
17525,360,1,422.7,46.96666666666667,24.642544511474465,0.5246815722812164,0.0,0.0,0.0,1.2148896539491203,46.96666666666667,1,0,1
17526,5,4,1195.9,62.942105263157885,70.38369694269856,1.1182291511926357,19.944444444444443,68.34727260983144,3.42688274923946,2.114308130951528,62.942105263157885,3,1,3
17527,54,4,939.37,19.98659574468085,12.894872468745042,0.6451760286479417,3.5434782608695654,16.73281077768284,4.72214291885528,1.8702228314697,19.98659574468085,2,1,3
17528,1,8,3628.5,14.34189723320158,12.28773883801661,0.8567721995365034,0.2658730158730158,1.7799083506739437,6.694580662236325,2.3623761104028733,14.34189723320158,3,1,3
17530,1,10,2367.12,6.069538461538461,5.570234869011019,0.9177361514896994,0.9280205655526992,8.184720579753966,8.819546552698872,2.0062051816177133,6.069538461538461,3,1,3
17531,190,1,296.7,21.192857142857143,8.703267669781745,0.410669859713328,0.0,0.0,0.0,1.569152946203119,21.192857142857143,1,0,1
17534,54,1,223.36,24.817777777777778,8.757016869028199,0.352852577996301,0.0,0.0,0.0,1.2148896539491203,24.817777777777778,0,0,0
17535,280,1,164.4,12.646153846153847,2.64909273293562,0.2094781358160769,0.0,0.0,0.0,1.303875529336385,12.646153846153847,1,3,1
17536,177,1,76.5,25.5,0.0,0.0,0.0,0.0,0.0,0.0,25.5,1,3,1
17537,30,2,887.6700000000001,11.995540540540542,10.614187086726549,0.8848444178780003,3.73972602739726,31.95223318454364,8.54400374531753,1.9169375487636573,11.995540540540542,2,1,3
17538,26,1,98.42,10.935555555555556,3.7581880977111535,0.3436668652651938,0.0,0.0,0.0,1.002718264517516,10.935555555555556,0,3,0
17540,25,2,578.9,23.156,12.759721130703966,0.5510330424384162,12.125,59.40012626249206,4.898979485566356,1.5887603575482776,23.156,2,0,3
17542,270,1,170.75,6.83,7.9313481409741,1.16125155797571,0.0,0.0,0.0,1.5523915123194278,6.83,1,0,1
17545,43,3,642.32,4.555460992907801,8.89082910123663,1.9516859248884744,0.0,0.0,0.0,1.3639198037712366,4.555460992907801,3,2,2
17548,234,1,103.3,20.66,6.103523572494826,0.2954270848254998,0.0,0.0,0.0,0.9502705392332348,20.66,1,3,1
17549,24,2,148.86,24.81,16.10736850016166,0.6492288794905948,5.4,12.074767078498866,2.23606797749979,1.5607104090414068,24.81,0,0,2
17550,197,3,267.16,6.360952380952382,9.330848341826425,1.4668948583497143,1.0975609756097562,7.027819284987272,6.403124237432848,1.2998485921299,6.360952380952382,1,2,2
17551,359,1,290.34,7.444615384615384,5.569321439416705,0.7481006273240047,0.0,0.0,0.0,1.5759260961168282,7.444615384615384,1,0,1
17552,60,4,930.41,18.987959183673468,7.803955455299531,0.4109949563199848,6.479166666666667,43.43887345397386,6.7043920443432325,2.017831369115244,18.987959183673468,2,1,2
17553,130,1,1487.6,743.8,715.8749052732608,0.9624561781033352,0.0,0.0,0.0,0.6931471805599453,743.8,0,3,1
17554,1,5,1952.45,22.18693181818182,18.016070881806783,0.8120127212471494,1.6666666666666667,8.586992145595985,5.152195287357591,2.7902002097760743,22.18693181818182,3,1,3
17555,20,2,480.31,4.574380952380952,2.3196484829062105,0.50709560638994,3.019230769230769,30.790233216694887,10.198039027185567,1.5863375675399507,4.574380952380952,2,1,3
17556,206,1,157.9,26.316666666666663,24.319429817877445,0.9241075294950264,0.0,0.0,0.0,1.5607104090414068,26.316666666666663,1,0,1
17557,14,3,541.46,15.92529411764706,11.280888433552892,0.708362957080483,2.0,8.058380730643098,4.029190365321549,2.01921287854072,15.92529411764706,2,1,3
17560,95,4,854.95,32.88269230769231,20.884099512824065,0.6351091728562205,8.56,25.25549445170298,2.950408230339133,2.397936543864098,32.88269230769231,2,1,2
17561,19,1,165.12,3.669333333333333,3.003261409020049,0.8184760380686907,0.0,0.0,0.0,1.5605168965100829,3.669333333333333,0,0,0
17562,14,7,1122.38,17.81555555555556,7.760598949652512,0.4356080238672358,2.5161290322580645,8.38175601829896,3.3312107252213816,1.8071531868217117,17.81555555555556,2,1,3
17564,24,3,454.01,9.265510204081632,4.6491007469296735,0.5017641386743772,1.1458333333333333,5.764859000077985,5.031149672795332,1.6043013217343094,9.265510204081632,2,0,3
17566,8,2,869.77,6.125140845070423,5.441921299213218,0.8884565166518471,0.1205673758865248,1.431658265813082,11.874342087037917,1.7699160829095848,6.125140845070423,2,2,3
17567,7,8,4331.48,26.25139393939393,29.32292894765929,1.117004644224095,2.207317073170732,11.415991157470156,5.1718854967544345,2.354722020213155,26.25139393939393,3,1,3
17569,332,1,344.14,11.866896551724135,9.532123172068628,0.8032532457429832,0.0,0.0,0.0,1.9957230070723035,11.866896551724135,1,0,1
17571,50,4,1425.67,5.260774907749078,6.071679167727201,1.1541415997068545,0.9148148148148147,9.948387390708914,10.87475544733363,1.448812595695101,5.260774907749078,3,2,3
17572,71,4,226.75000000000003,18.895833333333336,3.697939127119156,0.1957012988993599,27.272727272727277,54.40788712878109,1.99495586138864,0.9830877585747856,18.895833333333336,0,3,2
17573,29,3,380.6,15.224,5.029856691132793,0.3303899560649496,2.625,11.274490251660277,4.295043905394391,1.7879527534854684,15.224,2,0,3
17574,243,1,185.65,23.20625,7.1713934439947895,0.30902853515733,0.0,0.0,0.0,1.2130075659799042,23.20625,1,3,1
17576,8,19,3564.83,8.86773631840796,7.70968760021391,0.8694087558974739,0.8753117206982544,4.7025965131071255,5.372482056284778,2.17162541584674,8.86773631840796,3,1,3
17578,218,1,143.45999999999998,28.692,12.192289366644806,0.4249368941393004,0.0,0.0,0.0,1.6094379124341005,28.692,1,3,1
17579,5,3,448.9,8.978000000000002,7.944212628430478,0.8848532666997635,3.5510204081632653,19.765353973229896,5.566105429242902,1.9940575175765745,8.978000000000002,2,1,3
17580,253,3,215.72,4.793777777777778,7.691224423413553,1.6044182229446036,2.363636363636364,11.060280725422777,4.679349537678866,1.2700469806974397,4.793777777777778,1,2,2
17581,1,25,11025.24,25.114441913439634,21.524510486548703,0.8570570893327384,0.8378995433789954,6.07909176410294,7.2551558383571875,2.373737634370943,25.114441913439634,3,1,3
17582,236,1,175.27,6.043793103448277,10.8767935840463,1.799663456024092,0.0,0.0,0.0,1.6313400158586973,6.043793103448277,1,2,1
17584,7,2,1242.3,35.49428571428572,25.073394533755856,0.7064065110532519,3.5294117647058822,20.57983021710106,5.8309518948453,2.2992480905006207,35.49428571428572,2,1,3
17585,109,4,1116.68,5.368653846153847,6.7799483499795885,1.2628767926315096,1.1014492753623188,9.232401144832991,8.3820484078089,2.2627395668812613,5.368653846153847,3,2,2
17588,100,3,1240.2,53.92173913043479,61.09175808510387,1.1329708401527083,5.954545454545454,19.347639877544985,3.24922196416786,2.0740965945787,53.92173913043479,3,1,2
17589,60,4,2404.17,9.502648221343874,9.66776983148904,1.0173763782788767,0.7103174603174603,6.936781454724537,9.765748193243482,2.3312095224005374,9.502648221343874,3,1,2
17590,2,3,1468.02,7.489897959183673,7.667907613490232,1.0237666327734538,0.1897435897435897,1.9237788832521372,10.13883465497748,1.9358634851673968,7.489897959183673,3,1,3
17591,73,7,2203.67,14.03611464968153,15.49774514821685,1.1041335536945394,1.8653846153846156,10.108499482445476,5.41898941326974,1.7205057238214576,14.03611464968153,3,1,2
17593,4,5,3923.86,18.50877358490566,14.802312948690073,0.7997457465664665,1.6445497630331751,14.624562058111678,8.892745228419493,2.4857563022206217,18.50877358490566,3,1,3
17594,85,2,993.18,19.8636,8.483858084621644,0.4271057655521478,3.4489795918367347,24.142857142857142,7.0,1.4462095491680544,19.8636,2,0,2
17595,12,2,386.69,4.715731707317073,4.869558002222268,1.0326198147927952,0.2962962962962963,2.6666666666666665,9.0,1.4219449098163035,4.715731707317073,2,2,3
17596,23,7,2806.69,10.591283018867925,15.94880252982982,1.5058423518111734,1.2954545454545454,9.939924976469891,7.672924543239916,2.3694913131123823,10.591283018867925,3,1,3
17597,214,1,2044.37,37.17036363636364,37.50401267240596,1.0089762112447005,0.0,0.0,0.0,2.3215041771166542,37.17036363636364,2,0,1
17600,18,1,161.67000000000002,12.436153846153848,5.956925295348177,0.4790006113659077,0.0,0.0,0.0,1.9915093613566135,12.436153846153848,0,0,0
17601,239,1,116.01,12.89,9.227792260340498,0.7158876850535686,0.0,0.0,0.0,2.0431918705451206,12.89,1,0,1
17602,2,6,5054.42,9.173176043557168,13.932760970390731,1.518858997607103,0.5781818181818181,8.889745446393414,15.375345897850249,2.4201077855201176,9.173176043557168,3,1,3
17603,78,1,394.72,35.88363636363636,71.09981199310266,1.981399300577952,0.0,0.0,0.0,1.4142790651247086,35.88363636363636,0,2,0
17604,217,2,309.36,4.91047619047619,4.376239521579048,0.8912047125015518,1.5161290322580645,11.938011938017908,7.874007874011812,1.2405121266881922,4.91047619047619,1,2,2
17608,33,2,191.99,3.428392857142857,2.611152150286929,0.7616257118395126,0.0,0.0,0.0,1.819179749300378,3.428392857142857,0,0,2
17609,41,5,1105.78,4.745836909871245,3.818382184612969,0.8045750954211703,1.228448275862069,15.187556458324767,12.363203853794197,1.7888324018081585,4.745836909871245,2,1,3
17611,7,15,3961.12,6.986102292768959,6.198360019917704,0.8872415204016385,0.6130742049469965,4.647249305530984,7.58023950124074,1.8049899280304769,6.986102292768959,3,1,3
17612,53,6,2048.45,15.173703703703705,15.291857736909588,1.0077867629099049,1.8134328358208955,10.289908853690571,5.674270725903442,2.0657132861159315,15.173703703703705,3,1,3
17613,23,14,4544.55,14.851470588235294,12.87831666505222,0.8671408389182601,0.9114754098360656,5.378627856492469,5.901012576367637,2.301360005902437,14.851470588235294,3,1,3
17614,57,1,386.32,3.9420408163265295,3.178864790950001,0.8064007804749951,0.0,0.0,0.0,1.5350025058778276,3.9420408163265295,0,0,0
17615,130,3,329.6,23.542857142857144,21.29127536324226,0.904362424409562,7.0,20.445048300260872,2.920721185751553,1.90853528164356,23.542857142857144,2,2,2
17616,174,3,571.1999999999999,190.4,124.64605890279886,0.6546536707079773,96.5,21.920310216782973,0.2271534737490463,1.0986122886681096,190.4,1,3,2
17618,6,3,930.28,13.884776119402984,13.472920355426416,0.9703376013819172,5.378787878787879,32.68110023169832,6.075922859977716,2.084945730993504,13.884776119402984,3,1,3
17619,312,1,214.37,2.896891891891892,2.7832763415859354,0.96078018975304,0.0,0.0,0.0,1.0255353751647311,2.896891891891892,1,3,1
17620,60,1,81.44,20.36,11.169768723359196,0.548613395056935,0.0,0.0,0.0,1.039720770839918,20.36,0,3,0
17621,21,3,1379.9,53.073076923076925,38.10525630610357,0.7179771461400773,13.28,58.43552001993307,4.4002650617419485,1.9643286608205248,53.073076923076925,2,1,3
17623,33,1,527.05,15.97121212121212,6.889263729517726,0.4313550954825633,0.0,0.0,0.0,1.5273687158942175,15.97121212121212,0,0,0
17624,15,2,843.48,16.869600000000002,6.0975498458355375,0.3614519517851957,4.142857142857143,29.000000000000004,7.0,1.8289908296273256,16.869600000000002,2,0,3
17625,18,4,2020.4,6.602614379084968,5.5141571918158885,0.8351475453849049,0.780327868852459,8.571733298129018,10.984784268610715,1.9495294438616824,6.602614379084968,3,1,3
17628,81,1,75.75,15.15,2.935557868617141,0.1937661959483261,0.0,0.0,0.0,0.9502705392332348,15.15,0,3,0
17629,6,8,1814.12,14.748943089430895,13.21722360004006,0.8961471693189685,2.877049180327869,13.419227520753926,4.664232927441535,2.3742721394215662,14.748943089430895,3,1,3
17630,170,2,503.6,19.36923076923077,7.797397988086499,0.4025662186065308,2.48,12.4,5.0,1.4660636507530744,19.36923076923077,1,0,2
17631,2,3,528.33,13.546923076923076,4.352621807507549,0.3212996621293403,6.052631578947368,26.435998560951912,4.3676867187659685,2.1954517653611383,13.546923076923076,2,1,3
17633,31,4,1324.84,18.92628571428571,9.965915124312987,0.5265647615575536,1.2753623188405796,6.345178943314121,4.975197126007664,1.7044265152876643,18.92628571428571,2,0,3
17634,36,9,2358.59,7.96820945945946,9.855077732929342,1.2367995323252812,1.006779661016949,7.483311692015576,7.432919020688873,1.6183795325597583,7.96820945945946,3,2,3
17636,19,1,285.56,14.278,3.872956982652104,0.271253465657102,0.0,0.0,0.0,1.956011502714073,14.278,0,0,0
17637,31,2,547.0600000000001,15.630285714285716,6.108236717606754,0.3907949495781749,2.4411764705882355,14.234382566828234,5.8309518948453,1.7889426907475778,15.630285714285716,2,0,3
17639,276,1,108.5,15.5,10.28943633052851,0.6638346019695812,0.0,0.0,0.0,1.2770342594661392,15.5,1,0,1
17640,87,1,621.66,124.332,76.69451036417144,0.6168525429026432,0.0,0.0,0.0,1.3321790402101223,124.332,0,0,0
17642,120,2,712.29,17.80725,10.146126705072463,0.5697750469652789,1.435897435897436,8.96717661308488,6.244997998398398,2.328517575146684,17.80725,2,0,2
17643,373,1,101.55,12.69375,2.691579130229263,0.2120397148383466,0.0,0.0,0.0,1.4941751382893085,12.69375,1,3,1
17644,1,11,2895.64,18.44356687898089,11.419053466361124,0.6191347661376057,1.6346153846153846,7.883904827874804,4.823094718229291,2.3650721249139925,18.44356687898089,3,1,3
17646,219,3,1008.39,19.77235294117647,10.127347251523531,0.5121973738610063,2.9,14.507211436849929,5.002486702362044,1.903863679545639,19.77235294117647,2,0,2
17647,65,1,133.06,19.00857142857143,3.6017608127665777,0.1894808784711111,0.0,0.0,0.0,1.7478680974667578,19.00857142857143,0,0,0
17648,61,4,1797.5,19.75274725274725,8.188620839777066,0.4145560480777263,2.088888888888889,14.997111665321505,7.179468350419868,2.030133918891953,19.75274725274725,2,1,2
17649,138,1,868.49,16.70173076923077,3.4692824150122346,0.2077199341162663,0.0,0.0,0.0,2.031639320326523,16.70173076923077,2,0,1
17650,21,1,166.07999999999998,20.76,9.423834524377916,0.4539419327735027,0.0,0.0,0.0,1.0735428464085233,20.76,0,3,0
17651,12,10,3945.0,17.004310344827587,7.127525538469684,0.4191599302724884,0.696969696969697,5.436906041038205,7.800778232793946,2.0055569676691207,17.004310344827587,2,1,3
17652,25,12,4867.72,18.794285714285717,8.785993068351509,0.4674821486657081,0.9728682170542636,5.900211061818499,6.064758780673996,2.237137290024782,18.794285714285717,2,1,3
17653,37,4,1207.56,27.44454545454545,33.248005602333045,1.211461332358354,1.9069767441860463,9.716980604636138,5.095489829260414,2.3381830071114003,27.44454545454545,3,1,3
17654,277,1,117.55,5.343181818181818,4.309521447704502,0.8065459110973973,0.0,0.0,0.0,1.082534885763483,5.343181818181818,1,3,1
17655,11,7,2638.94,28.99934065934066,28.021256487102697,0.9662721927464608,3.911111111111111,16.23122558973348,4.15002927010231,2.314202631839197,28.99934065934066,3,1,3
17656,73,5,1674.69,20.423048780487804,13.916274040948467,0.6814004211870701,0.6666666666666666,3.049590136395381,4.574385204593073,1.9858752337016992,20.423048780487804,2,1,2
17658,26,2,595.42,31.337894736842102,16.77886487318938,0.5354177430899169,10.27777777777778,43.60491817317043,4.242640687119285,2.083125519751185,31.337894736842102,2,1,3
17659,17,12,2999.46,18.98392405063291,8.15502008928337,0.4295750482109355,2.2229299363057327,10.70980782591997,4.817879165241934,2.2639779328933054,18.98392405063291,2,1,3
17660,141,1,178.75,4.703947368421052,8.085709629548372,1.718920089078815,0.0,0.0,0.0,1.4741790695693813,4.703947368421052,0,2,1
17663,26,7,1802.91,20.96406976744186,10.194013742550602,0.4862612009802773,3.0352941176470587,12.052906247856065,3.970918725068858,1.960889011318653,20.96406976744186,2,1,3
17664,19,2,604.64,14.061395348837207,5.805649375678071,0.4128786106677644,4.595238095238095,29.780546542683734,6.48074069840786,2.1420490529330025,14.061395348837207,2,1,3
17666,4,2,728.16,40.45333333333333,33.63322656855516,0.8314080397632291,3.588235294117647,14.79467312721631,4.12310562561766,1.630035488098961,40.45333333333333,2,1,3
17667,66,5,2055.51,17.71991379310345,6.786684596958275,0.3829976080131742,2.008695652173913,12.749610005851029,6.34720844447129,2.1267268387794256,17.71991379310345,2,1,2
17668,1,2,347.75,23.183333333333334,9.649309128982583,0.4162175037663229,2.571428571428572,9.621404708847278,3.741657386773941,1.656551126696654,23.183333333333334,0,0,3
17669,43,7,3406.7200000000003,50.09882352941177,55.52925313579447,1.1083943538752887,3.029850746268657,10.427193685704893,3.441487571143979,2.1403541489814737,50.09882352941177,3,1,3
17670,228,1,205.7,18.7,5.739512174392524,0.3069257847268729,0.0,0.0,0.0,1.4681399390162089,18.7,1,3,1
17671,16,4,1572.71,29.67377358490566,34.426971773396104,1.1601817906607026,6.711538461538462,29.48800789052107,4.393628682828354,1.8920650605434777,29.67377358490566,3,1,3
17672,50,2,3178.17,28.892454545454545,30.50601424193445,1.0558470964777813,2.376146788990826,24.80770078722782,10.440306508910547,1.9843897618569688,28.892454545454545,3,1,2
17673,2,6,1594.97,7.316376146788991,8.129118123237488,1.1110853187619656,1.4608294930875576,10.222505366857112,6.997740266902187,2.2471386418676107,7.316376146788991,3,1,3
17674,74,2,551.04,20.40888888888889,30.90041539841935,1.5140665210462445,11.307692307692308,57.6581437306261,5.0990195135927845,1.3447559133170757,20.40888888888889,0,2,2
17675,1,31,20374.28,28.89968794326241,20.651981336935183,0.7146091465582737,0.5,2.9053342807795,5.810668561559,2.354934313613617,28.89968794326241,3,1,3
17676,4,6,1371.18,17.807532467532468,8.915326861180985,0.5006491987273267,4.723684210526316,28.099157132891857,5.948568083843401,1.780034573911602,17.807532467532468,2,1,3
17677,2,30,16345.38,53.94514851485148,63.82149922094433,1.183081351669165,1.1887417218543046,5.85830521052935,4.928156472367308,2.345334194291331,53.94514851485148,3,1,3
17678,264,1,298.11,18.631875,6.678851416972833,0.3584637304067805,0.0,0.0,0.0,1.861986108168706,18.631875,1,0,1
17679,53,2,1992.11,66.40366666666667,35.523218097787655,0.5349586834731163,1.103448275862069,5.94225082166566,5.385164807134504,2.072439435032621,66.40366666666667,2,1,2
17680,24,1,184.4,16.763636363636365,8.7460016838865,0.5217246123793464,0.0,0.0,0.0,1.4142790651247086,16.763636363636365,0,0,0
17682,10,6,2474.33,20.968898305084743,7.96539124903815,0.379866940701726,3.0427350427350426,16.19993250432574,5.3241351208036845,1.83163166980786,20.968898305084743,2,1,3
17684,44,1,239.41,15.960666666666668,5.447954356147513,0.3413362655787674,0.0,0.0,0.0,1.414175464056979,15.960666666666668,0,0,0
17685,17,7,3155.83,24.84905511811024,30.19775457943512,1.2152475993916847,2.8015873015873014,17.649938171572085,6.299977930929413,2.132755206481664,24.84905511811024,3,1,3
17686,7,7,5739.46,20.06804195804196,10.032774240440018,0.4999378744282293,1.0280701754385966,9.03704727083685,8.79030195286178,2.063678353412832,20.06804195804196,2,1,3
17690,30,15,4726.8,18.757142857142856,20.38923328708775,1.0870116756253942,1.3386454183266931,8.048904307902342,6.012723158581809,2.222968707215429,18.757142857142856,3,1,3
17691,358,2,290.40000000000003,15.28421052631579,2.1007969804853537,0.1374488382548957,0.5555555555555556,2.3570226039551585,4.242640687119285,1.5902696011065307,15.28421052631579,1,0,2
17692,127,4,740.94,16.10739130434783,9.56414913094907,0.5937739358431954,5.111111111111111,19.95360781027994,3.903966745489554,2.162615528777576,16.10739130434783,2,0,2
17693,137,1,200.47,12.529375,4.770877583492021,0.3807753845257262,0.0,0.0,0.0,1.5808185358593017,12.529375,0,3,1
17694,142,1,283.12,18.874666666666663,9.731860684419622,0.5156043736447243,0.0,0.0,0.0,1.6914343362809572,18.874666666666663,0,3,1
17695,132,2,765.34,21.866857142857143,19.574073454358924,0.8951480007611811,1.1470588235294117,6.688444820557845,5.830951894845302,1.964624417971971,21.866857142857143,2,1,2
17696,38,8,2285.71,19.875739130434784,16.984639864738345,0.8545412954595769,2.833333333333333,13.86592989306559,4.893857609317267,2.3009368946547344,19.875739130434784,3,1,3
17697,236,1,338.95,17.839473684210525,6.3940636302434735,0.3584222126408792,0.0,0.0,0.0,1.8128014196539848,17.839473684210525,1,0,1
17698,261,1,154.95,19.36875,5.525585780194323,0.2852835510910267,0.0,0.0,0.0,1.0735428464085233,19.36875,1,3,1
17700,17,4,2534.64,17.84957746478873,10.964102798442184,0.6142499910751784,1.8652482269503543,13.094829872977694,7.020422099200969,2.0668076893726663,17.84957746478873,2,1,3
17701,253,1,417.95,17.414583333333333,3.6797175921490255,0.2113009264543046,0.0,0.0,0.0,1.4549076066582776,17.414583333333333,1,0,1
17702,30,4,1824.37,24.653648648648648,37.85743952779808,1.5355714712788842,2.3835616438356166,11.989150346350542,5.029930892434423,1.903071523215849,24.653648648648648,3,2,2
17703,35,3,798.74,14.522545454545456,6.090084296133078,0.4193537775588042,1.9074074074074077,10.746247293241082,5.63395489160212,1.464613395659379,14.522545454545456,2,0,3
17704,169,2,885.19,28.554516129032255,20.54633492681192,0.7195476482237366,2.3666666666666667,12.962767194288933,5.477225575051661,2.2184188403092517,28.554516129032255,2,0,2
17705,3,9,1823.52,17.70407766990291,7.993820828920838,0.4515242746878818,2.8823529411764706,10.460007873127164,3.628982323329832,1.8677328470840728,17.70407766990291,2,1,3
17706,4,17,10504.49,27.498664921465966,19.600741416899307,0.7127888380355006,0.937007874015748,7.46826411680512,7.970332292724792,2.179154343040585,27.498664921465966,3,1,3
17707,185,2,152.4,30.48,18.76451438220558,0.615633673956876,37.75,75.5,2.0,1.0549201679861442,30.48,1,3,2
17708,188,2,263.33,7.744999999999999,8.515461961881012,1.0994786264533265,4.151515151515151,23.848638865930603,5.744562646538029,1.368837212246123,7.744999999999999,1,2,2
17709,170,1,137.45,19.635714285714283,13.755959747375991,0.7005581537405017,0.0,0.0,0.0,1.2770342594661392,19.635714285714283,1,3,1
17711,11,2,385.1,16.743478260869566,7.200521198746439,0.4300493055600314,12.681818181818182,59.482999863215305,4.690415759823429,1.5186083384323958,16.743478260869566,0,0,3
17712,45,1,522.91,18.031379310344825,12.815959560568537,0.7107586912785903,0.0,0.0,0.0,2.061569300344181,18.031379310344825,0,0,0
17714,321,1,153.0,15.3,0.848528137423858,0.0554593553871802,0.0,0.0,0.0,0.9502705392332348,15.3,1,3,1
17715,201,1,326.4,326.4,0.0,0.0,0.0,0.0,0.0,0.0,326.4,1,3,1
17716,23,11,5655.99,23.085673469387757,17.541695084863314,0.7598519968726097,0.9918032786885246,6.799292993552366,6.855485497631311,2.1273800132005314,23.085673469387757,3,1,3
17718,232,1,139.35,23.225,6.685637591135194,0.2878638360015154,0.0,0.0,0.0,1.2424533248940002,23.225,1,3,1
17719,38,15,5396.04,19.693576642335767,11.553176988001283,0.5866469660551723,0.7655677655677655,3.986648829031214,5.207440814954649,2.125909898537013,19.693576642335767,3,1,3
17720,26,4,1195.94,23.9188,21.677954252452626,0.9063144577676396,6.938775510204081,28.041938951079228,4.041338260596713,2.210555913071638,23.9188,3,1,3
17722,96,4,2424.04,21.07860869565217,28.886355058636383,1.3704108974039968,2.3596491228070176,15.718838927253133,6.661515381809878,2.280782457597998,21.07860869565217,3,1,2
17723,127,6,3276.4000000000005,327.64000000000004,295.3639908843174,0.9014894118066088,9.444444444444445,10.27267140415665,1.0876946192636452,1.8866967846580784,327.64000000000004,3,1,2
17724,71,3,1033.0,25.825,14.35623245341236,0.5559044512453963,1.7179487179487178,9.361029852106968,5.4489576751070405,1.4094337615356871,25.825,2,1,2
17725,16,11,3439.08,17.911875,10.846018094575232,0.6055210911518327,1.2827225130890052,5.782338347021719,4.507863772576116,1.7316600275737215,17.911875,2,1,3
17727,15,1,1060.25,16.064393939393938,4.09150983183014,0.2546943163412302,0.0,0.0,0.0,2.138441842224722,16.064393939393938,2,0,0
17728,4,3,2876.01,17.430363636363637,4.475032755147748,0.2567377737210157,0.5,5.0779204477442965,10.155840895488591,1.9708264257984445,17.430363636363637,2,1,2
17730,3,13,5298.4800000000005,24.304954128440368,25.6017361387047,1.0533546372238125,1.4654377880184333,6.616474522612497,4.515015633355068,1.887647273979664,24.304954128440368,3,1,3
17731,79,4,1240.11,18.509104477611935,6.887570872174172,0.3721179963355425,1.5606060606060606,8.90657283285999,5.707124339502518,1.9732041447412385,18.509104477611935,2,1,2
17732,373,1,303.97,16.887222222222224,2.574638308248492,0.1524607347714341,0.0,0.0,0.0,1.9041911973400685,16.887222222222224,1,0,1
17733,39,2,692.19,19.776857142857143,16.16155346556042,0.8171952372825593,6.529411764705882,38.07268590163696,5.8309518948453,1.738851419277081,19.776857142857143,2,1,3
17734,54,3,700.63,16.293720930232556,7.951112837134009,0.4879863151688658,4.261904761904762,19.34419875703525,4.538862278187042,1.8002586856814418,16.293720930232556,2,0,3
17735,2,19,13110.02,19.00002898550725,8.730463556041435,0.4594973809093037,0.5152394775036284,3.7490483260418737,7.276321962374229,2.112403036575764,19.00002898550725,2,1,3
17736,9,3,377.44,15.0976,8.855617463885094,0.5865579604629275,4.291666666666667,15.529716721475488,3.6185747700525406,1.4614960269533763,15.0976,0,0,3
17737,9,2,168.24,16.824,5.304409486455585,0.3152882481250347,5.444444444444445,16.333333333333332,3.0,1.2798542258336676,16.824,0,3,2
17738,19,4,1879.05,19.37164948453608,13.116905732712231,0.6771186802230311,2.7291666666666665,18.81067959077148,6.892462750817031,1.9851586706656303,19.37164948453608,2,1,3
17739,12,7,2791.35,59.39042553191489,43.25527240833578,0.728320634528734,7.521739130434782,27.259851740393096,3.624142138896192,2.1504016546927818,59.39042553191489,3,1,3
17742,113,2,355.11,23.674,14.105812783590826,0.5958356333357618,15.642857142857142,58.530211978820944,3.7416573867739418,1.8594288151492289,23.674,2,0,2
17744,4,6,2322.4,17.076470588235296,11.1973824672397,0.6557199515779362,2.6148148148148147,20.397901993808887,7.800897363071388,2.0528904869882854,17.076470588235296,2,1,3
17746,240,1,110.25,18.375,8.355701646181487,0.4547320623772237,0.0,0.0,0.0,1.5607104090414068,18.375,1,3,1
17747,113,1,71.4,71.4,0.0,0.0,0.0,0.0,0.0,0.0,71.4,0,3,1
17749,178,2,674.52,19.272,12.211412405662848,0.6336349318006875,2.294117647058824,13.37688964111569,5.830951894845302,2.0972505263953822,19.272,2,0,2
17750,5,9,1710.45,9.29592391304348,6.976243858746108,0.750462667724449,0.8415300546448088,4.1207091379902,4.896686832806536,2.4505658015167544,9.29592391304348,3,1,3
17752,359,1,80.64,80.64,0.0,0.0,0.0,0.0,0.0,0.0,80.64,1,3,1
17754,1,5,1664.65,18.703932584269666,34.533931654177515,1.8463460290282037,2.9204545454545454,15.526929954566102,5.316614147866992,2.745172490695342,18.703932584269666,3,1,3
17757,1,30,5593.39,7.558635135135136,12.445761620022193,1.646562031043146,0.4790257104194858,2.780210969191622,5.803886740770081,2.038997085892028,7.558635135135136,3,1,3
17758,19,8,3408.2,8.436138613861386,6.236924183128919,0.7393103016208213,0.56575682382134,5.388168225500237,9.523823661739454,2.101408862179456,8.436138613861386,3,1,3
17759,17,3,819.96,9.110666666666669,8.63700137831347,0.9480098102934438,1.7078651685393258,16.111967776096666,9.4339811320566,2.2242615157879837,9.110666666666669,3,1,3
17760,22,2,287.59,11.5036,9.749326421177344,0.8475022098453828,14.625,71.64757497640795,4.898979485566356,2.168777171792088,11.5036,2,1,3
17761,33,1,712.78,37.51473684210527,42.75931586195523,1.1398005013849284,0.0,0.0,0.0,1.895419547616808,37.51473684210527,0,2,0
17763,263,1,15.0,15.0,0.0,0.0,0.0,0.0,0.0,0.0,15.0,1,3,1
17764,51,2,772.55,10.880985915492955,10.631796939226298,0.9770986767006242,2.2857142857142856,19.123657749350304,8.36660026534076,1.8763091087774224,10.880985915492955,2,1,3
17765,159,3,367.63,6.564821428571428,4.560790996415755,0.6947319201351421,1.7818181818181815,9.274998071460136,5.205356060513343,1.4876852235700972,6.564821428571428,0,0,2
17767,15,1,271.2,12.914285714285716,6.66259827051622,0.515909158115194,0.0,0.0,0.0,1.7768429883314822,12.914285714285716,0,0,0
17768,8,3,2081.9,21.243877551020407,19.801280685055627,0.93209352376937,1.618556701030928,13.697204169532398,8.462603849965877,2.644114967566129,21.243877551020407,3,1,3
17769,13,10,3957.43,13.017861842105262,11.268903078885335,0.8656493067422906,1.0,8.185352771872452,8.185352771872452,2.3462983541015867,13.017861842105262,3,1,3
17770,199,5,1143.27,30.086052631578948,26.8693632972044,0.8930837031442854,2.216216216216216,10.530735795584103,4.7516734687391695,2.2227720242108835,30.086052631578948,2,0,2
17771,57,2,245.81,4.552037037037037,3.2050022103601887,0.7040808728670526,5.018867924528302,36.53791001035128,7.280109889280517,1.4556488683534063,4.552037037037037,0,0,2
17772,11,2,173.45,3.469,3.0262115131710434,0.8723584644482685,0.0,0.0,0.0,0.3250829733914482,3.469,0,3,2
17774,97,4,1213.73,7.932875816993464,5.255784867172879,0.6625320991303258,1.361842105263158,10.21396871196874,7.5001122909142435,1.7705734882217086,7.932875816993464,2,1,2
17775,255,1,56.4,18.8,2.7712812921102024,0.1474085793675639,0.0,0.0,0.0,0.0,18.8,1,3,1
17777,25,3,647.56,3.408210526315789,2.639171338179763,0.7743569001392226,0.3915343915343915,4.476312629919745,11.43274441965989,1.5921361030422116,3.408210526315789,2,1,3
17779,21,3,650.32,8.028641975308643,8.81257804973755,1.0976424253117565,1.5125,9.54535310100076,6.310977256860007,2.063293713886425,8.028641975308643,3,1,3
17781,159,2,188.02,15.668333333333337,25.36669392345129,1.6189784442155912,8.454545454545455,28.040555045732017,3.3166247903554,1.2342678660790765,15.668333333333337,0,2,2
17783,72,2,283.47,4.23089552238806,3.060132563648324,0.7232824699772028,2.6515151515151514,21.541010921383226,8.124038404635959,1.4457245383458657,4.23089552238806,0,0,2
17785,53,1,131.94,10.149230769230767,5.755990302195997,0.5671356217109895,0.0,0.0,0.0,1.844621476365503,10.149230769230767,0,0,0
17786,85,2,266.85,3.9242647058823534,3.039510131473943,0.7745425854983253,3.4477611940298507,28.221141646306503,8.18535277187245,1.4685931735418811,3.9242647058823534,0,0,2
17787,153,4,1817.54,14.19953125,10.026414629852711,0.7061088463643975,1.7007874015748032,14.076500151597886,8.27646073728209,2.0907088089773325,14.19953125,2,1,2
17788,74,2,1117.9,223.58,356.5104041258824,1.5945540930578872,13.75,27.500000000000004,2.0000000000000004,0.9502705392332348,223.58,0,2,2
17789,281,1,225.9,16.135714285714286,9.79064366100122,0.6067685314476187,0.0,0.0,0.0,1.6307991045856436,16.135714285714286,1,0,1
17790,27,14,1964.3,10.393121693121692,7.676198519699413,0.7385844933173085,1.7606382978723405,8.663720139133108,4.920783643978925,2.1349375958801566,10.393121693121692,3,1,3
17791,30,1,106.1,10.61,5.5800637192698,0.5259249499783035,0.0,0.0,0.0,1.3321790402101223,10.61,0,0,0
17793,25,1,300.34,5.77576923076923,6.533865728454027,1.1312546376759989,0.0,0.0,0.0,0.7509795608516697,5.77576923076923,0,3,0
17795,180,2,342.83,7.618444444444444,6.174776387396021,0.8105035657113465,1.9318181818181817,12.814232144554955,6.6332495807108005,2.1750240510040246,7.618444444444444,2,0,2
17796,40,4,690.0,8.518518518518519,7.521300770330741,0.8829353078214347,4.1,30.76682415125796,7.5041034515263325,1.3648290344271052,8.518518518518519,2,2,3
17797,22,3,780.43,7.0309009009009005,5.94461812360934,0.84549877852035,1.4545454545454546,15.25540142792948,10.488088481701515,2.120422840620217,7.0309009009009005,2,1,3
17799,22,10,3039.17,7.522698019801981,6.250633825758644,0.830903195808886,0.8312655086848635,6.98444007210829,8.402177161372062,2.100476214609242,7.522698019801981,3,1,3
17800,37,9,1187.21,11.526310679611653,11.419203295437551,0.9907075744224424,2.872549019607843,11.456047362024114,3.988112050943548,2.366505946348352,11.526310679611653,3,1,3
17802,82,3,1285.04,9.178857142857142,10.265300430532236,1.1183636776088783,2.079136690647482,18.192236259428405,8.749899100555531,2.049616245269654,9.178857142857142,3,1,2
17805,74,1,512.31,51.231,56.83387379019664,1.1093649116784103,0.0,0.0,0.0,2.025326220770068,51.231,0,2,0
17806,11,1,546.04,12.698604651162787,10.21370428147896,0.8043170538854212,0.0,0.0,0.0,2.283175229403796,12.698604651162787,2,0,0
17809,16,12,5411.91,88.71983606557377,100.80640238417077,1.1362329649669738,5.883333333333334,16.767696613354925,2.8500334187005536,2.8211660868566906,88.71983606557377,3,1,3
17811,4,39,7761.82,9.374178743961352,15.024331154910476,1.6027357238722202,0.3748488512696493,2.090505707121836,5.576929741257284,2.0748656544700683,9.374178743961352,3,1,3
17812,13,4,699.81,5.261729323308271,5.509384625934382,1.047067282904321,2.6818181818181817,28.68952469462209,10.69778886918112,1.2602856473085189,5.261729323308271,2,2,3
17813,14,5,1698.07,4.879511494252873,5.062407309986206,1.037482402889869,0.1613832853025936,1.711034011161049,10.602300033444356,1.1911300916669605,4.879511494252873,2,2,3
17816,37,4,36.56,2.150588235294118,1.3107558439133282,0.6094871265461318,20.4375,54.4829866410913,2.665834208738412,1.0053874327555714,2.150588235294118,0,3,2
17817,4,3,387.68,11.747878787878788,33.803198236037495,2.877387385960682,8.5,48.08326112068523,5.65685424949238,1.2057895074916591,11.747878787878788,3,2,2
17819,72,7,3704.87,77.18479166666667,90.1098367830175,1.167455852859841,6.297872340425532,20.76254455128798,3.2967553848328888,2.2616827605233745,77.18479166666667,3,1,2
17824,51,1,298.4,22.95384615384615,10.31636688185456,0.449439575952109,0.0,0.0,0.0,1.2852930241200993,22.95384615384615,0,0,0
17827,5,5,1987.33,9.24339534883721,8.55665435464341,0.9257046822864512,1.6728971962616823,18.12594213886017,10.835060384681778,2.1793315252119267,9.24339534883721,3,1,3
17828,23,4,1820.09,27.1655223880597,56.50573736714524,2.080053405929779,2.4393939393939394,12.961634260538398,5.313464976369778,2.091939567547364,27.1655223880597,3,2,3
17829,299,1,889.24,29.64133333333333,13.052573727795613,0.4403504248952682,0.0,0.0,0.0,1.296421107771301,29.64133333333333,1,0,1
17830,2,3,398.7,17.33478260869565,4.25834567703684,0.2456532494904623,13.045454545454543,55.45695651560791,4.251055900151129,1.483124116028697,17.33478260869565,0,0,3
17831,33,1,35.400000000000006,17.700000000000003,0.0,0.0,0.0,0.0,0.0,0.0,17.700000000000003,0,3,0
17832,50,1,155.37,2.547049180327869,3.1099331955645475,1.220994560915475,0.0,0.0,0.0,1.6013834612597733,2.547049180327869,0,2,0
17835,3,3,342.24,5.800677966101695,5.75530425943269,0.9921778614613392,0.3448275862068966,1.9244659695607975,5.580951311726313,1.93369397608545,5.800677966101695,2,1,3
17836,47,1,110.21,4.592083333333334,6.718882528184001,1.4631447298468017,0.0,0.0,0.0,1.465316926265725,4.592083333333334,0,2,0
17837,42,8,1541.23,9.513765432098763,8.569769416107837,0.9007757735117208,0.7329192546583851,5.870219080212375,8.009366711137224,1.8332236000379376,9.513765432098763,3,2,3
17838,27,5,2720.8,23.254700854700857,16.39994835844737,0.7052315340849538,2.956896551724138,20.69631021152838,6.999335231887149,2.087862227210557,23.254700854700857,2,1,3
17839,42,1,318.15,6.11826923076923,4.915698630320286,0.8034459493215618,0.0,0.0,0.0,2.161313014440785,6.11826923076923,0,0,0
17841,2,124,40519.84,5.2787701928087545,10.036610581900588,1.901316067059221,0.0409120521172638,0.3982555156897683,9.734430200378892,1.5851015922049694,5.2787701928087545,3,2,3
17843,303,1,205.48,5.553513513513513,3.710044336524697,0.6680535353874527,0.0,0.0,0.0,1.4264563711624223,5.553513513513513,1,0,1
17844,107,1,51.56,10.312,3.8029882986935424,0.368792503752283,0.0,0.0,0.0,0.9502705392332348,10.312,0,3,1
17846,85,1,2033.1,2033.1,0.0,0.0,0.0,0.0,0.0,0.0,2033.1,0,3,0
17848,81,9,901.2,17.67058823529412,27.503186899831427,1.5564386727601005,5.46,15.941487396355566,2.919686336328858,2.1495456816286365,17.67058823529412,3,1,2
17849,218,4,605.8000000000001,23.300000000000004,26.42219143068947,1.133999632218432,4.56,12.906974858579373,2.830476942670915,1.4180693652516905,23.300000000000004,1,2,2
17850,372,34,5391.21,18.15222222222222,12.725234630308254,0.7010290241340166,0.0,0.0,0.0,0.9650733094015111,18.15222222222222,1,3,2
17852,12,2,114.34,4.764166666666667,2.282854652035219,0.4791718702890087,0.0,0.0,0.0,1.2223576364458606,4.764166666666667,0,3,2
17854,185,2,311.26,20.750666666666667,30.825544941693742,1.485520703352201,2.9285714285714284,10.9577109184094,3.7416573867739418,1.933809998920632,20.750666666666667,1,2,2
17855,373,1,208.97,12.292352941176471,6.298406077544307,0.5123840901481228,0.0,0.0,0.0,1.4253366217394134,12.292352941176471,1,0,1
17856,2,4,1418.03,94.53533333333333,120.1773804998658,1.2712429973258583,19.857142857142858,61.43020698052652,3.093607545781911,2.5232109529528914,94.53533333333333,3,1,3
17857,4,23,26879.04,497.76,439.8670997231641,0.8836931447347398,6.622641509433962,13.12253847261142,1.9814659232148293,2.958496574594397,497.76,3,1,3
17858,6,12,5140.66,26.09472081218274,35.48271291580638,1.3597659530904316,1.8265306122448977,9.493885222582527,5.197769563201608,2.0235929940692152,26.09472081218274,3,1,3
17859,305,1,141.92,6.170434782608695,9.395829093157564,1.5227175108696729,0.0,0.0,0.0,1.4546292547143715,6.170434782608695,1,2,1
17860,369,1,226.45,4.354807692307693,5.328529757264881,1.2235970297097538,0.0,0.0,0.0,1.0032868070532042,4.354807692307693,1,3,1
17861,3,8,2097.88,9.579360730593608,9.224187468381444,0.9629230726140372,1.4403669724770642,10.780962220900758,7.48487186037059,2.424881524572052,9.579360730593608,3,1,3
17862,324,1,330.9,30.08181818181818,30.89274407306085,1.0269573430150178,0.0,0.0,0.0,1.7201934592198251,30.08181818181818,1,0,1
17863,59,6,3160.0,21.35135135135135,14.96763804471558,0.7010159590562994,2.095238095238096,12.351214977301831,5.894898057348602,1.8044976886957167,21.35135135135135,2,1,2
17864,13,3,554.85,6.165,4.605092503554315,0.7469736421012676,2.943820224719101,21.21339604126782,7.20607728119403,2.1022238310016483,6.165,2,1,3
17865,31,20,10526.32,28.449513513513512,33.09953955878967,1.163448350112117,0.8888888888888888,5.4385011433289545,6.118313786245074,2.088857895146137,28.449513513513512,3,1,3
17866,143,1,329.65000000000003,36.62777777777778,20.12993900746956,0.5495812257461733,0.0,0.0,0.0,2.0431918705451206,36.62777777777778,0,0,1
17867,30,6,1157.87,17.027500000000003,73.47271881504474,4.314944578772264,3.835820895522388,18.45928937117157,4.8123439216672965,1.1403216366082112,17.027500000000003,3,2,2
17869,107,5,428.18,10.7045,9.790084190727804,0.914576504341894,6.666666666666667,26.01349177611427,3.9020237664171407,1.2202196077269536,10.7045,0,0,2
17870,2,12,1865.89,6.910703703703703,20.762146296416837,3.004346183340146,1.342007434944238,14.406742735735786,10.735218271226945,1.8963192062544232,6.910703703703703,3,2,3
17871,205,1,155.9,15.59,8.06011441881841,0.51700541493383,0.0,0.0,0.0,1.6094379124341,15.59,1,3,1
17873,80,5,1848.96,42.99906976744186,30.31537947061521,0.7050240769061817,6.9523809523809526,23.15689054166497,3.330785625855921,1.6913719129576223,42.99906976744186,2,1,2
17874,185,6,683.46,14.857826086956525,15.39002070795567,1.035819144596554,1.5333333333333334,7.253839108925826,4.730764636255973,2.027574267278016,14.857826086956525,3,0,2
17877,170,1,237.61,19.800833333333333,24.90840145169473,1.2579471294151623,0.0,0.0,0.0,1.6762349391347309,19.800833333333333,1,0,1
17878,44,1,379.45,14.59423076923077,10.484698249573777,0.718413900352927,0.0,0.0,0.0,2.618268371350764,14.59423076923077,2,0,0
17879,174,1,178.52,29.75333333333333,49.64152522502373,1.6684357570588304,0.0,0.0,0.0,1.5607104090414068,29.75333333333333,1,2,1
17880,365,1,458.92,17.65076923076923,5.791589020693317,0.3281210549508111,0.0,0.0,0.0,1.6335809014869798,17.65076923076923,1,0,1
17881,304,1,133.35,16.66875,18.38586292119961,1.10301389853466,0.0,0.0,0.0,1.4941751382893085,16.66875,1,0,1
17883,3,4,664.34,4.6784507042253525,6.353059830811035,1.3579409579058417,1.716312056737589,14.68007699528989,8.553268001387911,1.5713772280393088,4.6784507042253525,3,2,3
17884,4,4,695.07,6.151061946902655,7.0567193615669614,1.1472359443754825,3.2767857142857144,29.531845636404217,9.012443354978943,1.9378039971177696,6.151061946902655,3,1,3
17885,12,1,156.34,2.949811320754717,2.4776985991703904,0.8399515527442157,0.0,0.0,0.0,1.073471938640536,2.949811320754717,0,3,0
17886,32,3,869.28,8.52235294117647,17.073000117809233,2.003320002779935,2.1386138613861387,18.073754287900613,8.451153625360934,1.4947658064052656,8.52235294117647,3,2,3
17887,129,1,111.35,11.135,11.557129834002904,1.0379101781771805,0.0,0.0,0.0,1.193549604098133,11.135,0,3,1
17888,21,8,716.0,11.015384615384615,10.769479455404731,0.9776762075437256,5.1875,18.30333042814626,3.528352853618556,2.379458386166325,11.015384615384615,3,1,3
17889,212,2,201.37,10.0685,11.745682420630818,1.166577188323069,5.7368421052631575,25.006314991891237,4.358898943540674,1.495615780172503,10.0685,1,2,2
17890,323,2,586.89,6.449340659340659,4.936809766595294,0.7654751124745213,0.4222222222222222,4.005551702879947,9.486832980505136,1.7116178923054908,6.449340659340659,1,0,2
17891,162,1,203.86,5.995882352941176,4.221797059308059,0.7041160601220153,0.0,0.0,0.0,0.8413112920833583,5.995882352941176,0,3,1
17892,56,3,244.1,8.717857142857143,16.79808264128024,1.9268591313226,3.6666666666666665,18.853687662140224,5.141914816947335,1.3149761881868107,8.717857142857143,0,2,2
17893,225,1,107.21,7.147333333333333,5.850609817625445,0.818572402428707,0.0,0.0,0.0,1.6350915928128098,7.147333333333333,1,0,1
17894,72,8,1118.96,5.827916666666667,11.340307475878662,1.9458595797604048,1.523560209424084,14.105177097165722,9.258037201232485,1.3486194874951436,5.827916666666667,3,2,2
17895,44,1,95.45,6.363333333333333,4.074244306207799,0.6402688799697955,0.0,0.0,0.0,1.767009191074569,6.363333333333333,0,0,0
17896,23,1,256.32,128.16,34.61994800689335,0.2701306804532877,0.0,0.0,0.0,0.0,128.16,0,3,0
17897,173,3,541.81,5.016759259259259,8.483734390734442,1.691078633098909,1.8691588785046729,18.758185188071664,10.03562907561834,1.2466141860470583,5.016759259259259,3,2,2
17898,85,2,152.06,5.430714285714286,4.342370003658975,0.7995946343709806,4.481481481481482,23.286460857314907,5.196152422706632,1.734764521025775,5.430714285714286,0,0,2
17899,159,1,154.55,4.985483870967743,4.896378143559909,0.982126965062162,0.0,0.0,0.0,1.3085150995390211,4.985483870967743,0,3,1
17900,190,2,112.2,18.7,7.945564800566413,0.4248965133992734,0.0,0.0,0.0,0.8675632284814613,18.7,1,3,2
17901,29,1,110.38,5.809473684210526,4.635993808935817,0.7980058196211318,0.0,0.0,0.0,0.5763341277567499,5.809473684210526,0,3,0
17904,21,1,181.07,5.325588235294117,6.23089282535573,1.1699914732539618,0.0,0.0,0.0,0.949409984718352,5.325588235294117,0,3,0
17905,71,4,798.99,24.21181818181818,42.581268068728406,1.7586976636353864,9.40625,37.18294733585068,3.953004367930969,2.0396750473483856,24.21181818181818,3,2,2
17906,247,1,72.9,6.075,4.138263799315756,0.6811956871301655,0.0,0.0,0.0,1.2650013752730702,6.075,1,3,1
17908,374,1,232.03,4.296851851851852,3.585860505170784,0.8345320315442931,0.0,0.0,0.0,1.226192888729484,4.296851851851852,1,0,1
17911,9,1,366.23,9.39051282051282,8.266781002974925,0.8803332854108676,0.0,0.0,0.0,2.217122051310425,9.39051282051282,2,0,0
17912,310,5,310.06,8.38,5.774813609305691,0.6891185691295574,1.4722222222222223,8.005305780226053,5.437566190342224,1.8430108309433808,8.38,1,0,2
17913,59,2,408.65,7.0456896551724135,6.73368544643051,0.9557170094040612,5.192982456140351,39.20615776912528,7.549834435270747,1.845952426800747,7.0456896551724135,2,1,2
17914,4,1,329.36,4.391466666666667,5.1622558690612825,1.1755197661513122,0.0,0.0,0.0,1.484917004155399,4.391466666666667,0,2,0
17917,45,3,335.03,3.641630434782608,2.6527212969897733,0.7284433015642157,3.4725274725274726,24.548971763640417,7.069482374972398,1.2748946123166334,3.641630434782608,0,0,3
17919,88,1,1304.04,56.69739130434783,48.64117608638995,0.857908538071661,0.0,0.0,0.0,1.5433977839034752,56.69739130434783,0,0,0
17920,4,17,4119.5,6.194736842105264,8.511523158302413,1.3739926933538305,0.5406626506024096,4.682837009352286,8.661291850166903,1.8032851449653555,6.194736842105264,3,2,3
17921,64,4,820.23,5.776267605633803,4.506332441101445,0.7801460646847898,1.4326241134751774,11.268987129373508,7.865976164562695,1.5698883587803514,5.776267605633803,2,2,2
17923,282,1,207.50000000000003,207.50000000000003,0.0,0.0,0.0,0.0,0.0,0.0,207.50000000000003,1,3,1
17924,12,7,2962.5,95.56451612903226,79.48596248557392,0.8317518437309002,12.0,44.20407221060069,3.683672684216724,1.8232227184505407,95.56451612903226,3,1,3
17925,373,1,244.08,244.08,0.0,0.0,0.0,0.0,0.0,0.0,244.08,1,3,1
17926,133,2,397.29,18.91857142857143,8.725924756559781,0.46123592309838,3.5,15.65247584249853,4.4721359549995805,2.124475079566119,18.91857142857143,2,0,2
17928,45,2,212.54,9.240869565217391,15.09567876550453,1.633577734104659,9.090909090909092,42.640143271122085,4.690415759823429,1.6877478362059284,9.240869565217391,3,2,2
17929,11,4,843.0,168.6,81.58256553945826,0.4838823578852803,74.0,60.81118318204309,0.821772745703285,1.3321790402101223,168.6,0,0,2
17930,36,5,1740.48,44.62769230769231,51.22499628632893,1.147829825776124,5.315789473684211,19.304257005880213,3.631493892195288,1.7682047294586918,44.62769230769231,3,1,3
17931,134,2,408.36,6.282461538461539,9.161514276916993,1.458268263296122,1.890625,15.125000000000002,8.000000000000002,1.4509009450398451,6.282461538461539,3,2,2
17932,29,3,1331.57,14.795222222222222,4.314614628013106,0.2916221576944355,2.033707865168539,15.716558608823895,7.728031581134403,1.7277895901193208,14.795222222222222,2,0,3
17934,52,2,704.25,33.535714285714285,26.04195164948829,0.7765438191540704,0.35,1.5652475842498528,4.47213595499958,1.9795624449571372,33.535714285714285,2,1,3
17935,138,2,145.79,5.027241379310345,5.646360962445335,1.1231529454071931,0.1071428571428571,0.5669467095138409,5.291502622129181,1.4190795978373458,5.027241379310345,0,2,2
17936,5,1,380.13,5.279583333333333,7.576958109303552,1.435143198037134,0.0,0.0,0.0,1.339422209565584,5.279583333333333,0,2,0
17937,9,7,4301.22,100.02837209302326,59.61362967078013,0.5959672083370637,8.380952380952381,27.22888744084065,3.248901342373032,1.8811723353600016,100.02837209302326,2,1,3
17939,160,1,99.14,8.261666666666667,7.328686888873853,0.8870712393230406,0.0,0.0,0.0,1.6326309271543518,8.261666666666667,1,3,1
17940,49,10,4020.04,223.33555555555557,418.0163215251743,1.8716962486575104,14.647058823529411,19.83349810443996,1.3540942480942946,1.5999714209268674,223.33555555555557,3,2,2
17941,131,1,304.56,152.28,18.4979133958401,0.1214730325442612,0.0,0.0,0.0,0.6931471805599453,152.28,0,3,1
17942,8,1,77.50000000000001,38.75000000000001,52.11376977344856,1.3448714780244788,0.0,0.0,0.0,0.6931471805599453,38.75000000000001,0,3,0
17946,233,2,149.57999999999998,7.478999999999999,10.721612653642028,1.4335623283382843,1.368421052631579,5.964809080634606,4.358898943540674,1.7820471559051687,7.478999999999999,1,2,2
17947,37,1,176.68,19.63111111111111,14.760173139604802,0.7518766032173604,0.0,0.0,0.0,1.2730283365896258,19.63111111111111,0,0,0
17948,147,1,358.56000000000006,358.56000000000006,0.0,0.0,0.0,0.0,0.0,0.0,358.56000000000006,0,3,1
17949,1,45,58510.48,835.864,799.8002500251486,0.956854524211054,5.130434782608695,9.99693047519243,1.9485542451646265,3.344589605842115,835.864,3,1,3
17950,72,3,482.2,6.791549295774648,7.249767808673465,1.0674689224716218,4.171428571428572,34.900675392564295,8.366600265340756,1.8609214484778225,6.791549295774648,2,2,2
17951,40,3,1008.54,50.42700000000001,49.33678728899968,0.9783803773573616,17.526315789473685,72.84410173716701,4.156270069087607,1.844439727056968,50.42700000000001,2,1,3
17954,5,12,2314.13,4.851425576519916,5.621313363427508,1.158693104689417,0.7584033613445378,5.605489111774302,7.391171238793817,1.8491293420952712,4.851425576519916,3,2,3
17955,199,4,557.3,29.331578947368417,35.50395209036717,1.2104343974824625,1.1111111111111112,4.470674233778968,4.023606810401072,1.8509384343524813,29.331578947368417,3,2,2
17956,249,1,12.75,12.75,0.0,0.0,0.0,0.0,0.0,0.0,12.75,1,3,1
17957,66,1,111.68,3.6025806451612907,2.984703187635174,0.8284903189173566,0.0,0.0,0.0,1.645220286911094,3.6025806451612907,0,0,0
17958,117,1,508.46,72.63714285714286,132.94297896896572,1.830234143851552,0.0,0.0,0.0,1.2770342594661392,72.63714285714286,0,2,1
17960,171,1,73.78,2.837692307692308,4.077847773217933,1.437029575815482,0.0,0.0,0.0,0.8931150746121771,2.837692307692308,0,2,1
17961,21,39,1296.44,5.206586345381527,9.175426464201768,1.7622729857041128,1.342741935483871,4.760612238840574,3.545440946644031,1.4475694125265854,5.206586345381527,3,2,3
17962,142,1,102.41,3.0120588235294115,2.950341304767426,0.9795098560891756,0.0,0.0,0.0,1.2023840932575534,3.0120588235294115,0,3,1
17964,32,2,463.21,4.726632653061224,5.168498544439308,1.093484288670478,3.5051546391752577,34.52176961454305,9.848857801796104,1.325588700289375,4.726632653061224,2,2,3
17965,38,14,2599.19,7.997507692307693,5.320684619352427,0.6652928417274376,1.0030864197530864,6.61525512370019,6.594900492550343,1.9740037483695017,7.997507692307693,3,1,3
17966,38,5,1098.43,16.15338235294118,21.002102141430672,1.300167462302819,3.3134328358208958,16.921573960770157,5.106961510682885,2.059900798552516,16.15338235294118,3,1,3
17967,372,1,112.27,2.673095238095238,3.1876549129990552,1.1924958256520914,0.0,0.0,0.0,0.7397835636619794,2.673095238095238,1,3,1
17968,374,1,265.1,3.27283950617284,2.9094149904095423,0.8889574282277363,0.0,0.0,0.0,1.1733419388690294,3.27283950617284,1,0,1
17969,166,2,228.2,16.3,19.697891335798435,1.208459591153278,14.923076923076923,53.805919033847225,3.605551275463989,1.4377014436429416,16.3,0,2,2
17970,211,1,562.79,19.40655172413793,19.64273753031204,1.012170415926099,0.0,0.0,0.0,2.452708142695037,19.40655172413793,1,0,1
17972,242,1,135.19,4.506333333333333,3.498210856338179,0.7762876373263212,0.0,0.0,0.0,0.291139838831965,4.506333333333333,1,3,1
17973,52,1,337.04,22.46933333333333,13.898556691082645,0.6185567005881784,0.0,0.0,0.0,1.6350915928128098,22.46933333333333,0,0,0
17974,25,3,703.99,4.266606060606061,4.107792193334709,0.9627774711291736,1.1829268292682926,13.736457289482573,11.612262863273928,1.6486058768263492,4.266606060606061,2,2,3
17975,15,13,4483.26,15.30122866894198,22.52722621824406,1.4722494974517446,1.178082191780822,6.416457503448841,5.4465278808344815,2.138236765855332,15.30122866894198,3,1,3
17976,372,1,321.79,5.645438596491228,6.362053259695175,1.12693693341193,0.0,0.0,0.0,1.0009701283814354,5.645438596491228,1,3,1
17977,29,1,288.14,13.72095238095238,16.963752799649583,1.2363393100320723,0.0,0.0,0.0,2.124475079566119,13.72095238095238,0,2,0
17978,365,1,300.92,25.076666666666664,42.77076302448869,1.7056000142691226,0.0,0.0,0.0,1.6326309271543518,25.076666666666664,1,2,1
17979,36,4,732.41,5.30731884057971,7.497130890616042,1.412602316878543,1.6277372262773722,13.673185060370836,8.400118176102263,1.4116715018234085,5.30731884057971,3,2,3
17980,166,3,811.45,27.048333333333336,30.054747411249743,1.1111496978710853,6.620689655172414,29.20911525180288,4.41179344949106,2.436002928992133,27.048333333333336,3,2,2
17984,145,1,152.68,3.1808333333333336,3.4486771027258047,1.0842055339981571,0.0,0.0,0.0,1.2985410776105588,3.1808333333333336,0,3,1
17985,22,1,631.35,30.06428571428572,19.02593061362008,0.632841597982136,0.0,0.0,0.0,2.1069130743124083,30.06428571428572,2,0,0
17986,56,1,20.8,20.8,0.0,0.0,0.0,0.0,0.0,0.0,20.8,0,3,0
17987,185,1,198.57,15.274615384615384,10.508481190118625,0.6879702647506779,0.0,0.0,0.0,1.925121190790818,15.274615384615384,1,0,1
17988,12,7,201.12,5.292631578947368,6.62668180966488,1.2520580189303174,8.486486486486486,32.194393595453526,3.793606888636244,0.3956889307012853,5.292631578947368,0,2,2
17990,237,3,630.84,21.753103448275866,10.80492483726362,0.4967072796281861,4.428571428571429,21.91807738835951,4.949243281242469,2.022478858209554,21.753103448275866,1,0,2
17991,225,2,93.35,18.67,24.56884714430044,1.31595324822177,0.0,0.0,0.0,0.9502705392332348,18.67,1,2,2
17994,122,4,674.89,8.542911392405063,9.521858947988116,1.1145917955386229,2.1538461538461537,12.18906996343144,5.659211054450313,2.16215943040182,8.542911392405063,3,2,2
17995,282,1,76.1,38.05,20.435385976291226,0.5370666485227655,0.0,0.0,0.0,0.6931471805599453,38.05,1,3,1
17997,74,8,1962.46,11.966219512195122,17.78139760979586,1.4859661893778833,0.5214723926380368,3.2779424126504844,6.285936626612106,2.620464446393991,11.966219512195122,3,1,2
17999,37,2,380.39,4.18010989010989,3.7582958592383022,0.8990902052911105,3.655555555555555,34.67964500651323,9.48683298050514,0.9785300155115064,4.18010989010989,0,2,3
18001,12,2,415.13,7.282982456140351,8.044054140639773,1.1045000024485512,1.3214285714285714,9.888665950759698,7.48331477354788,1.6597624871589347,7.282982456140351,2,2,3
18004,362,1,157.92,4.268108108108108,3.57059039456583,0.8365744972070397,0.0,0.0,0.0,1.296944251267231,4.268108108108108,1,0,1
18005,4,2,226.47,4.273018867924528,5.056412373985235,1.1833349044960368,0.8269230769230769,5.963027109421214,7.21110255092798,0.7793678542240144,4.273018867924528,0,2,3
18006,23,1,444.68,20.212727272727275,22.904088672594632,1.1331518188294545,0.0,0.0,0.0,2.137503113041402,20.212727272727275,0,2,0
18008,70,9,2116.19,70.53966666666666,160.85357817042768,2.2803280164412603,8.482758620689655,25.930705309198828,3.056871764092545,2.092785257637275,70.53966666666666,3,1,2
18009,235,1,247.39,7.98032258064516,5.679948640537147,0.7117442413058392,0.0,0.0,0.0,1.7151886784604258,7.98032258064516,1,0,1
18010,257,1,174.8,12.485714285714286,16.060779133455085,1.286332424876265,0.0,0.0,0.0,1.90853528164356,12.485714285714286,1,0,1
18011,373,1,102.79,3.671071428571428,2.6307023978055946,0.7166034355341634,0.0,0.0,0.0,1.3149761881868107,3.671071428571428,1,0,1
18013,155,2,187.29,6.041612903225806,5.39327426632727,0.8926878223938566,0.0,0.0,0.0,2.371688282121063,6.041612903225806,1,0,2
18014,28,1,162.22,5.407333333333333,5.548283943044342,1.0260665657214294,0.0,0.0,0.0,1.1030673966114055,5.407333333333333,0,3,0
18015,4,1,120.03,2.6093478260869567,1.82590422308621,0.6997550134296897,0.0,0.0,0.0,1.6634517551939405,2.6093478260869567,0,0,0
18016,32,5,1477.66,12.111967213114754,8.473052533684987,0.6995603921805885,2.71900826446281,16.334637604640367,6.007571884989314,2.2159706516550157,12.111967213114754,2,1,3
18017,81,3,523.0,174.33333333333334,8.08290376865476,0.0463646487685741,114.5,37.476659402887016,0.3273070690208473,0.0,174.33333333333334,0,3,2
18018,108,2,122.14,4.211724137931035,5.874686659708217,1.39484127338741,3.25,17.197383521919836,5.2915026221291805,0.4787533304102896,4.211724137931035,0,2,2
18019,52,1,38.45,7.69,3.0784330429619544,0.4003163905022047,0.0,0.0,0.0,0.6730116670092565,7.69,0,3,0
18022,36,1,612.72,3.73609756097561,3.8153359430752127,1.0212088632072314,0.0,0.0,0.0,1.6998509393061192,3.73609756097561,0,0,0
18024,153,2,389.78,18.56095238095238,37.37916784851716,2.013860446454052,0.0,0.0,0.0,1.7067706585450746,18.56095238095238,0,2,2
18027,99,1,115.31,5.490952380952381,4.377776724276725,0.7972709323546199,0.0,0.0,0.0,1.126626559028212,5.490952380952381,0,3,1
18030,4,2,230.65,25.627777777777776,32.31839753831313,1.2610690563399878,4.75,13.435028842544405,2.8284271247461903,1.7351264569629228,25.627777777777776,0,1,2
18032,334,1,73.5,14.7,3.0149626863362675,0.2050995024718549,0.0,0.0,0.0,0.6730116670092565,14.7,1,3,1
18033,65,1,93.82,2.8430303030303032,1.881193910872303,0.6616861975995096,0.0,0.0,0.0,0.9160825054413518,2.8430303030303032,0,3,0
18034,22,2,418.68,3.8061818181818174,4.343033857328875,1.141047397311016,0.0,0.0,0.0,1.9172266113518797,3.8061818181818174,0,0,3
18035,36,3,713.89,14.569183673469388,19.29156571284615,1.3241349786794343,0.1458333333333333,1.0103629710818451,6.928203230275509,1.8269389816998445,14.569183673469388,3,1,3
18036,32,3,403.12,4.288510638297873,4.763106639025032,1.1106668586732311,2.290322580645161,16.299226872276524,7.116563845641862,1.500987598159104,4.288510638297873,2,2,3
18037,154,6,70.02,3.685263157894737,4.529988187893666,1.2292170175661192,11.38888888888889,23.16218746372145,2.0337530455950543,0.2061920506332318,3.685263157894737,0,2,2
18040,19,2,357.20000000000005,18.8,5.207126526854007,0.2769748152581918,12.555555555555555,53.26871084938658,4.242640687119285,1.6489915882944806,18.8,0,0,3
18041,12,21,4097.37,8.94622270742358,12.243515138379522,1.3685681140287114,0.7702407002188184,4.341475634798657,5.636518082678938,2.3064570173576757,8.94622270742358,3,1,3
18042,54,1,165.04999999999998,23.578571428571426,22.609748213673548,0.9589108603193872,0.0,0.0,0.0,1.475076311054695,23.578571428571426,0,2,0
18043,25,3,529.29,4.6025217391304345,3.9305510179042105,0.8539994465396743,3.0,22.596499063162515,7.532166354387505,1.3674240541832383,4.6025217391304345,2,2,3
18044,4,10,2088.6,16.445669291338582,8.976947159388997,0.5458547779576762,2.7857142857142856,12.194823257666112,4.377628861726297,2.049354117363288,16.445669291338582,2,1,3
18045,45,1,178.34,4.147441860465117,3.2109752954094475,0.7742062223988238,0.0,0.0,0.0,1.060001590105672,4.147441860465117,0,3,0
18048,203,2,172.29000000000002,24.612857142857145,27.134283796386764,1.102443476549465,0.0,0.0,0.0,1.7478680974667578,24.612857142857145,1,0,2
18050,359,1,74.4,14.88,5.454081040835385,0.3665377043572167,0.0,0.0,0.0,1.0549201679861442,14.88,1,3,1
18053,71,1,300.02,15.001,7.205680434651248,0.4803466725319144,0.0,0.0,0.0,1.583275505245873,15.001,0,0,0
18055,7,10,6761.34,18.88642458100559,12.4475434251352,0.659073578047902,1.0028011204481793,7.55671388342537,7.535605744086194,2.1265427567678463,18.88642458100559,3,1,3
18056,288,1,363.65,19.139473684210525,9.224794170353078,0.4819774212476516,0.0,0.0,0.0,1.4718832548709924,19.139473684210525,1,0,1
18058,10,1,170.16,56.72,43.09342409231367,0.7597571243355724,0.0,0.0,0.0,0.6365141682948128,56.72,0,3,0
18059,23,3,306.46,17.025555555555556,9.900048260263969,0.5814816572627794,2.588235294117647,7.314872038605766,2.826200560370409,1.609546481969632,17.025555555555556,0,0,3
18061,22,10,2119.41,46.0741304347826,41.06130590422553,0.8912008868479315,7.555555555555555,15.611120097772314,2.066177659999277,2.204799192073271,46.0741304347826,3,1,3
18062,173,3,720.52,26.685925925925925,13.90001113980164,0.5208742307980962,6.269230769230769,24.201748188604377,3.860401551556526,2.140089674945963,26.685925925925925,2,0,2
18064,133,2,814.0,116.28571428571428,94.3635951796989,0.8114805482283689,17.0,41.641325627314025,2.449489742783178,1.351783994289646,116.28571428571428,0,0,2
18065,6,14,2392.83,17.465912408759124,5.366525269004106,0.3072570813027095,2.617647058823529,13.97885112829743,5.340235262495647,2.0892458660947235,17.465912408759124,2,1,3
18066,75,1,318.0,31.8,16.739772997266126,0.5264079558888719,0.0,0.0,0.0,1.6957425341696346,31.8,0,0,0
18067,40,1,396.33,10.71162162162162,9.57959855152649,0.89431823582994,0.0,0.0,0.0,1.947477315352429,10.71162162162162,0,0,0
18068,289,1,101.7,101.7,0.0,0.0,0.0,0.0,0.0,0.0,101.7,1,3,1
18069,26,5,2009.24,4.396586433260394,4.297222857488406,0.9773998356951892,0.6557017543859649,7.166611407555041,10.929681611522067,1.5414106057505068,4.396586433260394,3,2,3
18071,258,2,453.0,18.12,8.366189395417726,0.4617102315351945,4.5,22.0454076850486,4.898979485566356,2.016013771401332,18.12,1,0,2
18072,186,1,247.44,13.746666666666666,10.21333845287334,0.7429683646610091,0.0,0.0,0.0,0.6365141682948128,13.746666666666666,1,3,1
18073,114,12,3859.82,53.60861111111112,71.09856541223331,1.3262527034112466,1.1126760563380282,3.4415498824746638,3.0930385019709,2.286569152925027,53.60861111111112,3,1,2
18074,374,1,489.6,37.66153846153846,28.254373952290948,0.7502182626221043,0.0,0.0,0.0,1.9915093613566135,37.66153846153846,1,0,1
18075,23,10,2611.75,18.392605633802816,9.298274657281189,0.5055441758720891,2.3617021276595747,9.814185502733626,4.155556023680004,2.021568597246014,18.392605633802816,2,1,3
18077,8,11,2584.41,11.589282511210762,10.40454433053818,0.897772948452457,1.5945945945945943,9.164537573163486,5.7472523763906604,2.3924553648465534,11.589282511210762,3,1,3
18078,217,2,336.13,11.590689655172412,16.655447613969276,1.4369677827183205,1.4642857142857142,7.748271696689158,5.291502622129181,1.5985754382128208,11.590689655172412,1,2,2
18079,45,4,3613.15,29.37520325203252,35.822868310839205,1.2194934620021929,1.5737704918032789,12.391624759421004,7.87384489921543,2.8307694308120244,29.37520325203252,3,1,2
18080,19,2,1231.5,615.75,319.25871170572617,0.5184875545362991,223.0,0.0,0.0,0.6931471805599453,615.75,0,3,2
18081,36,3,343.45,20.20294117647059,7.881159309316335,0.3900996018587209,6.0625,19.37169326620675,3.195330848034103,1.9254081650860664,20.20294117647059,2,1,3
18082,26,1,680.84,9.726285714285714,8.185812960862698,0.8416175713242302,0.0,0.0,0.0,2.3362581215800926,9.726285714285714,2,0,0
18084,16,1,90.48,90.48,0.0,0.0,0.0,0.0,0.0,0.0,90.48,0,3,0
18085,330,2,689.95,23.79137931034483,17.99679569180063,0.7564418799365437,1.5357142857142858,8.126236169698386,5.2915026221291805,1.6226272041616043,23.79137931034483,1,0,2
18086,274,1,101.34,14.477142857142857,4.757526368067459,0.328623293630079,0.0,0.0,0.0,1.2770342594661392,14.477142857142857,1,3,1
18087,98,2,4055.72,2027.86,1661.785788602129,0.8194775717269086,192.0,0.0,0.0,0.6931471805599453,2027.86,0,3,2
18088,61,1,166.03,4.487297297297298,5.215253082518117,1.162225887208157,0.0,0.0,0.0,1.2434988558946254,4.487297297297298,0,2,0
18092,2,11,9068.26,101.8905617977528,79.25682534932574,0.7778622862699118,4.079545454545454,15.206790369904889,3.72756978426638,2.1461218743038426,101.8905617977528,3,1,3
18093,93,4,2106.52,58.51444444444444,39.48001812450333,0.6747055107390956,5.942857142857143,30.11638488689275,5.06766091846753,2.121202949792511,58.51444444444444,2,1,2
18094,82,7,3017.3,43.10428571428572,54.685455331785626,1.268677915097933,3.0144927536231885,13.38512426453907,4.44025756852498,1.7459401402390315,43.10428571428572,3,1,2
18095,313,2,580.05,27.62142857142857,23.43171233301448,0.8483164537424431,1.0,4.47213595499958,4.47213595499958,1.9102521673303827,27.62142857142857,1,0,2
18096,12,3,849.06,4.331938775510204,4.666539520208549,1.077240414058931,0.2615384615384615,3.2488392363769503,12.422032374382455,1.6881254348134138,4.331938775510204,3,2,3
18097,8,6,2662.4,25.116981132075477,17.872495664451318,0.7115702150059493,3.2857142857142856,18.928872068937384,5.760961064459204,2.225807881438873,25.116981132075477,3,1,3
18099,127,1,168.31,8.858421052631579,7.876676726723648,0.8891738922687262,0.0,0.0,0.0,1.7346687950803548,8.858421052631579,0,0,1
18101,11,2,222.4,5.5600000000000005,6.512291731007111,1.1712754911883292,3.3846153846153846,21.136916302271505,6.244997998398399,1.4112033863491602,5.5600000000000005,0,2,3
18102,1,60,259657.3,602.45313225058,691.620534827144,1.1480072022257763,0.8232558139534883,4.555425936054959,5.533426984473539,3.763020807591435,602.45313225058,3,1,3
18104,37,1,754.64,19.85894736842105,10.05231848730073,0.5061858667940047,0.0,0.0,0.0,1.2790075192745578,19.85894736842105,0,0,0
18105,38,1,113.48000000000002,6.304444444444446,10.797543414631392,1.7126875349256698,0.0,0.0,0.0,1.002718264517516,6.304444444444446,0,2,0
18106,330,1,421.9,11.402702702702705,14.452152597959747,1.2674322022387077,0.0,0.0,0.0,1.69798897846153,11.402702702702705,1,0,1
18108,254,1,271.0,15.941176470588236,3.5838280552241577,0.224815782062032,0.0,0.0,0.0,1.4828233757680689,15.941176470588236,1,0,1
18109,2,26,8004.92,18.151746031746036,28.136154093474055,1.5500522122921976,0.8045454545454546,4.0394385221511895,5.020771044481704,2.093450360682972,18.151746031746036,3,1,3
18110,20,1,198.8,5.372972972972973,4.549856447591912,0.8468042684149937,0.0,0.0,0.0,1.168761463512752,5.372972972972973,0,0,0
18112,12,2,352.69,13.565,7.255446643729109,0.534865215166171,6.16,30.8,5.0,1.9442037322141963,13.565,2,1,3
18113,369,1,76.32000000000001,76.32000000000001,0.0,0.0,0.0,0.0,0.0,0.0,76.32000000000001,1,3,1
18114,290,1,220.1,7.860714285714286,5.671768245129116,0.7215334432694923,0.0,0.0,0.0,1.1436821007027749,7.860714285714286,1,0,1
18116,68,8,1403.11,3.781967654986523,4.334131249216785,1.145999026063122,0.7945945945945946,9.407139822788816,11.838917464053951,1.1688002078433517,3.781967654986523,3,2,3
18117,26,1,315.65,4.384027777777778,4.522500448764674,1.0315857193443896,0.0,0.0,0.0,2.0357620618195056,4.384027777777778,0,0,0
18118,11,26,5625.08,4.453745051464766,5.279528744180044,1.1854133281481145,0.2741679873217115,2.5796030709158995,9.40884125865857,1.3264294904114382,4.453745051464766,3,2,3
18119,368,1,180.7,6.23103448275862,10.600595112953258,1.7012576550948784,0.0,0.0,0.0,0.8327213014523246,6.23103448275862,1,2,1
18120,214,1,111.15,6.538235294117648,4.745409933944218,0.7257936921012299,0.0,0.0,0.0,1.0710178890244566,6.538235294117648,1,3,1
18121,149,2,653.3000000000001,21.0741935483871,12.376630875482917,0.5872884695239099,0.1666666666666666,0.9128709291752768,5.477225575051661,2.029939610767796,21.0741935483871,2,0,2
18122,8,6,1793.06,5.022577030812325,4.405986488377271,0.87723621984244,0.3932584269662921,4.0639063356404215,10.333933253485643,1.8991982303217276,5.022577030812325,3,1,3
18123,24,2,574.4399999999999,16.895294117647058,15.59168411516976,0.922841828416844,0.2121212121212121,1.2185435916898848,5.744562646538028,2.3177521494223714,16.895294117647058,2,1,3
18125,30,4,1131.75,5.89453125,5.648149934702707,0.9582017119177556,1.4921465968586387,14.180739016429312,9.50358298995789,1.7570679022304592,5.89453125,2,1,3
18126,61,1,200.92,3.8638461538461537,4.414883097000531,1.1426135827395365,0.0,0.0,0.0,1.4288956434418447,3.8638461538461537,0,2,0
18127,19,3,347.08,7.545217391304347,6.5771962074801165,0.8717040035268104,2.533333333333333,16.994116628998405,6.708203932499371,1.8221533620619264,7.545217391304347,2,1,3
18129,243,1,112.55,8.039285714285715,7.594055837688717,0.9446182294770504,0.0,0.0,0.0,1.2700181519104905,8.039285714285715,1,0,1
18130,15,3,1059.39,15.13414285714286,4.768056296737831,0.3150529462914018,0.5942028985507246,3.6954616068413615,6.219191484684242,1.7877030515501893,15.13414285714286,2,0,3
18133,212,1,931.5,931.5,0.0,0.0,0.0,0.0,0.0,0.0,931.5,1,3,1
18135,29,5,681.91,34.0955,46.77835649719801,1.3719803638954704,8.421052631578947,26.41194130076117,3.1364180294653896,2.1774844871094983,34.0955,3,1,3
18136,63,3,784.33,20.640263157894736,11.75043196143136,0.5692966156265752,6.891891891891892,29.62523678647404,4.298563769017802,1.605351694228517,20.640263157894736,2,0,2
18138,295,1,152.65,19.08125,14.55325043467217,0.7626990073853741,0.0,0.0,0.0,1.320888343149322,19.08125,1,0,1
18139,18,6,8438.34,53.07132075471698,95.6832470165858,1.802918142150843,0.0,0.0,0.0,1.8467615487615407,53.07132075471698,3,2,2
18142,157,2,1019.52,67.968,63.06398057302034,0.9278481134213208,4.142857142857143,15.501152030920611,3.741657386773941,1.7140875411870102,67.968,2,2,2
18143,117,2,1000.16,16.396065573770493,5.171987779918706,0.3154407840495931,0.4166666666666667,3.227486121839513,7.7459666924148305,1.8755550210563552,16.396065573770493,2,1,2
18144,8,12,2888.75,67.18023255813954,69.31763942647581,1.031816008771427,8.547619047619047,17.018214604920825,1.9909888952832164,2.3162694245303705,67.18023255813954,3,1,3
18145,13,4,2861.55,12.94819004524887,6.250643485426157,0.4827426430707765,1.3545454545454545,11.745074835754256,8.670860616999786,2.202215382479648,12.94819004524887,2,1,3
18146,141,2,160.35,16.035,3.4325282227536014,0.2140647472874088,8.777777777777779,26.333333333333336,3.0,1.1682824501765623,16.035,0,3,2
18147,46,2,179.34,25.62,10.079821426989668,0.3934356528879651,10.333333333333334,25.311394008759507,2.449489742783178,0.7963116401738131,25.62,0,3,2
18149,51,3,612.0799999999999,38.255,32.36531167778243,0.8460413456484756,14.8,43.894679143865005,2.9658566989097976,2.166084939249829,38.255,2,1,3
18150,32,3,566.58,15.312972972972974,3.712038123056797,0.2424113285910224,4.694444444444445,20.41822637385452,4.349444671353624,1.305573147535891,15.312972972972974,0,0,3
18151,135,2,653.35,17.193421052631578,5.351678835511687,0.3112631755558951,4.1891891891891895,25.48184303233038,6.082762530298219,1.8831793990345296,17.193421052631578,2,0,2
18154,3,2,399.19,19.009047619047617,6.351374579381934,0.3341237660437902,2.0,8.94427190999916,4.47213595499958,1.61798325984057,19.009047619047617,2,0,3
18155,75,3,371.62,14.8648,3.5315625908842865,0.237578883730981,9.0,30.731657661256992,3.4146286290285546,1.4660651709986483,14.8648,0,0,2
18156,13,2,675.64,5.538032786885246,4.965657037804561,0.8966463776747327,2.9421487603305785,32.36363636363637,11.000000000000002,1.3628784757035994,5.538032786885246,2,2,3
18158,9,2,453.4,13.335294117647058,5.659525751249416,0.4244020192820471,2.393939393939394,13.752134820500128,5.744562646538028,0.6702597024060524,13.335294117647058,0,2,2
18159,301,1,530.15,23.05,33.18929865867228,1.439882805148472,0.0,0.0,0.0,1.483124116028697,23.05,1,2,1
18160,57,2,638.0600000000001,16.36051282051282,3.568789378042827,0.2181343223892271,3.763157894736842,23.19766322169904,6.164414002968975,1.7106611630963249,16.36051282051282,2,0,3
18161,15,5,1618.69,20.233625,9.679877894897569,0.4784055202613258,3.8227848101265822,17.457464418989353,4.566687712252182,2.25434524277017,20.233625,2,1,3
18164,37,1,399.65,16.652083333333334,4.7219413649073605,0.2835646009202468,0.0,0.0,0.0,1.9904785426238596,16.652083333333334,0,0,0
18165,177,1,302.46,30.246,44.17367949356268,1.4604800467355248,0.0,0.0,0.0,1.3592367006650063,30.246,1,2,1
18167,23,3,1384.86,37.428648648648654,16.063205395174638,0.4291687243630847,2.2777777777777777,11.780398031381528,5.171882062557744,0.7495172222197811,37.428648648648654,0,2,2
18168,176,6,1160.04,8.923384615384615,7.304389415594242,0.8185671390876621,1.5116279069767442,8.420692777940847,5.570612145407021,1.9938676388682168,8.923384615384615,2,0,2
18169,61,1,202.65,22.516666666666666,16.045014802112213,0.7125839290353315,0.0,0.0,0.0,1.5229550675313184,22.516666666666666,0,0,0
18170,33,3,980.31,25.79763157894737,20.11156497118828,0.7795895878907227,4.945945945945946,21.215751415118632,4.289523510160598,2.003858548806255,25.79763157894737,2,1,3
18171,59,5,1231.31,22.802037037037035,13.005588113856357,0.57036957236459,5.150943396226415,19.02063275095585,3.692650314288133,2.2612622605218986,22.802037037037035,2,1,3
18172,15,20,7561.68,40.00888888888889,54.79123475222802,1.3694765406855482,1.430851063829787,6.865437370471007,4.798149537726949,2.017555602751909,40.00888888888889,3,1,3
18173,87,4,2106.84,67.9625806451613,52.24098767364836,0.7686728075616084,6.2,22.086663162532552,3.562365026214928,2.0729420619752363,67.9625806451613,2,1,2
18174,7,1,104.0,104.0,0.0,0.0,0.0,0.0,0.0,0.0,104.0,0,3,0
18176,358,1,476.35,15.878333333333334,5.288857567359524,0.3330864427853169,0.0,0.0,0.0,1.5052583211936008,15.878333333333334,1,0,1
18177,31,6,1340.87,18.368082191780825,11.859513604595897,0.6456587835774535,3.083333333333333,16.17488054247636,5.245907202965306,1.5088306331712928,18.368082191780825,2,1,3
18178,129,4,1590.81,16.400103092783503,4.859653085793385,0.2963184474085267,2.4375,13.9456180629578,5.72127920531602,2.141111023607136,16.400103092783503,2,1,2
18179,9,6,1793.17,19.924111111111117,21.804001122072435,1.0943525159279484,3.662921348314607,22.735606745719725,6.2069601238314585,2.219233807958876,19.924111111111117,3,1,3
18180,5,6,1843.75,15.493697478991596,6.476330550491603,0.4179977412927462,1.1440677966101696,6.90630261357234,6.036620062233601,2.1910914995555104,15.493697478991596,2,1,3
18181,24,1,366.85,8.947560975609756,5.770508981228522,0.6449253597665787,0.0,0.0,0.0,1.7846456360035372,8.947560975609756,0,0,0
18183,227,2,632.07,17.082972972972975,5.331221386462156,0.3120780788506015,1.3055555555555556,7.833333333333335,6.000000000000001,2.187994526382749,17.082972972972975,2,0,2
18184,15,1,49.8,49.8,0.0,0.0,0.0,0.0,0.0,0.0,49.8,0,3,0
18185,249,1,304.25,17.897058823529413,7.067873411346834,0.3949181528114911,0.0,0.0,0.0,1.6607798617360388,17.897058823529413,1,0,1
18188,15,3,2001.04,28.183661971830983,33.05318593848563,1.172778256123056,3.914285714285714,26.296934773237528,6.718195015060682,2.092205982463589,28.183661971830983,3,1,3
18189,78,2,1090.24,16.032941176470587,4.914393741575296,0.3065185412635017,2.8358208955223883,23.212194427697995,8.18535277187245,1.55426882451008,16.032941176470587,2,0,2
18190,192,2,284.46000000000004,18.964,5.680871160557784,0.2995608078758586,9.857142857142858,36.882051383914565,3.741657386773941,1.3624474851916286,18.964,1,0,2
18191,262,1,207.8,29.685714285714287,8.210446307688064,0.2765790382763063,0.0,0.0,0.0,1.475076311054695,29.685714285714287,1,0,1
18192,72,1,957.97,21.288222222222224,15.044272285021254,0.7066946280425863,0.0,0.0,0.0,1.764288305680543,21.288222222222224,0,0,0
18193,165,1,243.76,15.235,5.572483587533779,0.3657685321650002,0.0,0.0,0.0,1.8364223867541591,15.235,1,0,1
18194,82,1,973.84,139.12,76.16040616138196,0.5474439775832516,0.0,0.0,0.0,1.2770342594661392,139.12,0,0,0
18196,95,2,686.63,4.93978417266187,5.178317457650839,1.048288199777852,1.4130434782608696,16.599502349795596,11.747340124470728,1.6785690853386894,4.93978417266187,2,2,2
18198,4,17,5425.56,34.12301886792453,49.644769221761145,1.4548762351278066,2.050632911392405,7.369931567973813,3.593978974505749,2.3379732211517177,34.12301886792453,3,1,3
18200,106,1,150.35,5.011666666666667,4.1982262948760285,0.8376906474644553,0.0,0.0,0.0,1.6605208888270833,5.011666666666667,0,0,1
18202,200,3,1396.99,20.543970588235293,8.084089983714534,0.3935018281394916,1.6567164179104477,13.560808323549882,8.185352771872452,1.8767875526051256,20.543970588235293,2,0,2
18203,157,1,160.42000000000002,8.443157894736842,11.458718200872974,1.357160240721771,0.0,0.0,0.0,1.3677377825590769,8.443157894736842,0,2,1
18204,71,3,1975.35,10.28828125,10.084028202019422,0.9801470194080688,0.6282722513089005,6.526306011601668,10.387703735132655,2.0722815642177705,10.28828125,3,1,2
18205,36,2,517.36,16.1675,6.949064917368844,0.4298169115428386,1.2258064516129032,6.825001477017446,5.5677643628300215,1.911040621646632,16.1675,2,0,3
18209,29,1,139.10000000000002,17.387500000000003,3.5501257522998904,0.2041768944529052,0.0,0.0,0.0,1.320888343149322,17.387500000000003,0,0,0
18210,2,6,2621.38,19.56253731343284,9.28938028045132,0.4748555942215462,1.9774436090225564,18.74771346276722,9.48078285379483,2.1069278004488594,19.56253731343284,2,1,3
18211,26,5,600.07,14.287380952380952,9.755364017791871,0.6827958217328955,6.121951219512195,24.073008870881942,3.93224447691697,1.7192974423314993,14.287380952380952,2,0,3
18212,326,1,216.07,6.355,6.061452096251485,0.953808355035639,0.0,0.0,0.0,1.6127751615476136,6.355,1,0,1
18213,237,1,232.48,15.498666666666669,5.390523254043243,0.3478056125716132,0.0,0.0,0.0,1.5292482930376912,15.498666666666669,1,3,1
18215,89,1,299.34000000000003,23.02615384615385,10.270402084356729,0.4460320274491797,0.0,0.0,0.0,1.412744636863848,23.02615384615385,0,0,0
18216,31,1,481.75,18.528846153846157,5.880383203107143,0.3173637016726221,0.0,0.0,0.0,2.065641960211136,18.528846153846157,2,0,0
18217,29,2,621.75,20.056451612903224,8.765195015281403,0.4370262090449915,1.3666666666666667,7.48554161923727,5.477225575051661,2.257220269049449,20.056451612903224,2,1,3
18218,211,2,641.92,32.096,39.42614806925662,1.2283819812206076,3.684210526315789,16.059101370939324,4.358898943540674,2.0388550509975096,32.096,1,2,2
18219,3,10,2069.77,18.15587719298245,7.050167111733525,0.3883132187332997,3.221238938053097,14.14891118556625,4.392381769145566,2.0135987599651046,18.15587719298245,2,1,3
18220,227,1,305.28,152.64,0.0,0.0,0.0,0.0,0.0,0.0,152.64,1,3,1
18221,22,5,1041.61,16.27515625,6.450615571016433,0.3963473819808294,2.952380952380953,12.070262807397,4.0883148218602745,2.009460921406817,16.27515625,2,1,3
18222,93,1,443.0,23.31578947368421,11.433132804747531,0.4903600977205488,0.0,0.0,0.0,1.9550839066643968,23.31578947368421,0,0,0
18223,5,14,6484.54,23.840220588235294,17.005892465523452,0.7133278151761542,1.2804428044280445,6.508309886673791,5.082858729938321,2.0186104456177643,23.840220588235294,3,1,3
18224,264,1,158.95000000000002,15.895,3.742581551104353,0.2354565304249357,0.0,0.0,0.0,1.313834033192747,15.895,1,3,1
18225,3,12,5504.96,20.46453531598513,16.32156330159246,0.7975535749811754,1.3246268656716418,7.56909680556469,5.714135053215034,2.422240443747902,20.46453531598513,3,1,3
18226,44,11,5228.05,21.603512396694217,13.443341580131586,0.6222757361524552,1.1991701244813278,7.061173130231531,5.888383129362626,2.274115890140505,21.603512396694217,3,1,3
18227,218,1,93.75,18.75,6.229967897188556,0.3322649545167229,0.0,0.0,0.0,1.3321790402101223,18.75,1,3,1
18228,57,2,779.9,25.996666666666663,13.63199515676348,0.5243747335593082,0.7586206896551724,4.0852974398951405,5.385164807134504,1.7877287935314805,25.996666666666663,2,1,2
18229,12,20,7276.9,44.37134146341463,40.77111211955727,0.918861381578336,2.147239263803681,6.685374795660212,3.113474547693184,2.288715297627728,44.37134146341463,3,1,3
18230,9,7,2810.2000000000003,32.67674418604651,30.156927579574017,0.9228865460975608,3.411764705882353,13.519205137988893,3.962525643893296,1.4433732698005266,32.67674418604651,3,1,3
18231,192,5,2071.77,16.843658536585366,10.895787670674126,0.6468777342527972,0.7786885245901639,4.920042153756739,6.3183699237718125,2.2349494763615785,16.843658536585366,2,1,2
18232,82,4,592.97,16.026216216216216,5.824822530129782,0.3634558807609186,3.1944444444444446,13.783674493388276,4.314889406625895,1.9590158182704256,16.026216216216216,2,0,2
18233,326,1,440.0,440.0,0.0,0.0,0.0,0.0,0.0,0.0,440.0,1,3,1
18235,72,3,1796.48,17.273846153846154,9.850630388156016,0.5702627139563065,1.4077669902912622,10.622245334446678,7.545457030675916,2.029520831754105,17.273846153846154,2,1,2
18236,30,6,882.24,18.004897959183673,6.687098001141508,0.371404382090966,4.333333333333333,13.362910457176792,3.0837485670407982,1.973969877223086,18.004897959183673,2,1,3
18237,3,5,987.1,16.181967213114753,5.500773830311553,0.3399323307152312,2.15,9.358808051006989,4.352933977212552,1.7350718951535375,16.181967213114753,2,0,3
18239,219,5,1561.61,17.745568181818182,7.993373672108947,0.4504433777611486,1.735632183908046,8.763640225538307,5.049249666369753,1.8009932119572376,17.745568181818182,2,0,2
18240,46,1,422.58,70.42999999999999,113.5196458768261,1.611808119790233,0.0,0.0,0.0,1.3296613488547582,70.42999999999999,0,2,0
18241,10,17,2073.09,19.93355769230769,8.224788003673844,0.4126101386732267,1.9611650485436891,6.744529126570555,3.439042079389937,1.961492704107364,19.93355769230769,2,1,3
18242,72,4,2232.49,28.62166666666667,28.639432602332576,1.000620716322107,1.818181818181818,14.12512438019506,7.768818409107283,2.044054409957784,28.62166666666667,3,1,2
18245,7,7,2567.06,14.668914285714283,6.989113658683064,0.4764574611694063,1.988505747126437,14.240700649186316,7.161508418954968,1.837310017962044,14.668914285714283,2,1,3
18246,24,2,596.1,149.025,82.39872066158956,0.5529187764575713,69.66666666666667,120.66620626063178,1.7320508075688772,1.3862943611198906,149.025,0,0,2
18248,123,2,804.02,17.1068085106383,10.915540598133072,0.6380816498498226,1.3695652173913044,9.28884323775852,6.782329983125267,2.1206068541539613,17.1068085106383,2,1,2
18249,17,1,95.34,11.9175,3.5760542900960397,0.3000674881557406,0.0,0.0,0.0,1.559581156259877,11.9175,0,0,0
18250,310,1,349.27,16.63190476190476,5.159605235914488,0.3102233514307105,0.0,0.0,0.0,1.949968461645536,16.63190476190476,1,0,1
18251,87,1,4314.72,269.67,139.9982045599157,0.5191463809838532,0.0,0.0,0.0,1.754105330999288,269.67,2,0,0
18252,51,2,518.27,5.5135106382978725,6.01046590923883,1.090134091242885,1.3010752688172045,12.54711550623815,9.643650760992958,1.317959585257798,5.5135106382978725,2,2,3
18255,89,1,103.3,17.21666666666667,7.417119836342586,0.4308104454797242,0.0,0.0,0.0,1.0114042647073518,17.21666666666667,0,3,0
18257,39,8,2337.63,19.81042372881356,10.758100855027967,0.5430525364977777,2.1623931623931623,10.823790260473055,5.005468223222718,2.1071385385573125,19.81042372881356,2,1,3
18259,25,3,2338.6,55.68095238095238,34.607325025380256,0.6215289707799414,8.317073170731707,44.64439439861976,5.367801086051056,1.360940689131572,55.68095238095238,2,1,2
18260,173,6,2628.35,19.76203007518797,11.231745173188903,0.5683497662161144,1.3863636363636365,7.544926739229943,5.4422422381330735,2.245474403499191,19.76203007518797,2,1,2
18261,43,2,324.24,15.44,2.8199734041299047,0.1826407645161855,2.6,11.627553482998907,4.47213595499958,1.3640495020593808,15.44,0,0,3
18262,140,1,149.48,11.498461538461536,4.614531117664874,0.4013172633773305,0.0,0.0,0.0,1.6715952780212544,11.498461538461536,0,3,1
18263,26,3,1213.16,19.887868852459015,9.937649808473177,0.4996839974256188,3.75,20.59012845590111,5.490700921573629,1.589601274448322,19.887868852459015,2,0,3
18265,72,2,801.51,17.424130434782608,5.241946447683961,0.3008440775454606,1.8888888888888888,12.67105187249881,6.70820393249937,2.044203530110174,17.424130434782608,2,1,2
18268,134,1,25.5,25.5,0.0,0.0,0.0,0.0,0.0,0.0,25.5,0,3,1
18269,366,1,168.60000000000002,24.08571428571429,7.784049625447449,0.3231811825511989,0.0,0.0,0.0,0.9556998911125344,24.08571428571429,1,3,1
18270,38,2,283.15000000000003,25.740909090909096,12.67806803463797,0.4925260405474753,22.8,72.09993065183905,3.162277660168379,1.162225544921092,25.740909090909096,0,3,2
18272,3,6,3078.58,18.54566265060241,8.024890399368038,0.4327098228063245,1.460606060606061,8.971157693528642,6.142078918805916,1.8476369949541336,18.54566265060241,2,1,3
18273,2,3,204.0,68.0,29.444863728670917,0.4330127018922193,127.5,48.79036790187178,0.3826695521715434,0.6365141682948128,68.0,0,3,2
18274,30,1,175.92,15.992727272727272,3.094233639882712,0.1934775468321386,0.0,0.0,0.0,1.594166699118017,15.992727272727272,0,0,0
18276,44,1,335.86,23.99,22.78462605827413,0.9497551504074252,0.0,0.0,0.0,1.90853528164356,23.99,0,0,0
18277,58,1,110.38,13.7975,4.558335379123768,0.3303740082713367,0.0,0.0,0.0,1.9061547465398496,13.7975,0,0,0
18278,74,1,173.9,19.322222222222223,6.561779060928862,0.339597536218285,0.0,0.0,0.0,1.0986122886681096,19.322222222222223,0,3,0
18280,278,1,180.6,18.06,3.380318854125385,0.1871715866071641,0.0,0.0,0.0,1.5047882836811908,18.06,1,3,1
18281,181,1,80.82,11.545714285714284,6.110444220466182,0.5292391678206295,0.0,0.0,0.0,1.2770342594661392,11.545714285714284,1,3,1
18282,8,2,178.05,14.8375,5.85357874218064,0.3945124678807508,10.727272727272728,35.57833866017611,3.3166247903554003,2.022808529414704,14.8375,2,0,2
18283,4,16,2045.53,2.8370735090152563,2.5890788058003325,0.9125878471506356,0.4541666666666666,4.051903774804893,8.921622990396095,1.2277490003908451,2.8370735090152563,3,2,3
18287,43,3,1837.28,26.24685714285714,19.75176084924994,0.7525381321559566,2.27536231884058,17.163473577176664,7.543182654937515,1.8998373515534783,26.24685714285714,2,1,3
