CustomerID,Recency,Frequency,Monetary,Customer_Lifetime_Days,Purchase_Velocity,Purchase_Interval_Std,Purchase_Regularity_Index,Invoice_Value_CV,KMeans_Cluster,Hierarchical_Cluster,GMM_Cluster
12346,326,1,77183.6,1,1.0,0.0,1.0,0.0,3,2,2
12347,2,7,4310.0,366,0.0191256830601092,18.47881670093263,0.0513378207389836,0.5539432775588239,1,1,1
12348,75,4,1797.24,283,0.0141342756183745,70.14983962918234,0.0140548454530858,0.6702720133445379,1,1,1
12349,19,1,1757.55,1,1.0,0.0,1.0,0.0,0,3,2
12350,310,1,334.40000000000003,1,1.0,0.0,1.0,0.0,3,2,2
12352,36,8,2506.04,261,0.0306513409961685,64.53791797960992,0.0152583425111417,0.7361196468623084,1,1,1
12353,204,1,89.0,1,1.0,0.0,1.0,0.0,3,2,2
12354,232,1,1079.4,1,1.0,0.0,1.0,0.0,3,2,2
12355,214,1,459.4,1,1.0,0.0,1.0,0.0,3,2,2
12356,23,3,2811.43,303,0.0099009900990099,100.40916292848976,0.0098610418538329,1.2536974954671352,1,1,1
12357,33,1,6207.67,1,1.0,0.0,1.0,0.0,0,3,2
12358,2,2,1168.06,150,0.0133333333333333,0.0,1.0,0.240137593925894,2,0,0
12359,58,4,6310.03,275,0.0145454545454545,56.929781309961136,0.0172622781820867,0.6208990939084322,1,1,1
12360,52,3,2662.06,149,0.0201342281879194,19.79898987322333,0.0480792579877834,0.3449070165309344,1,1,1
12361,287,1,189.9,1,1.0,0.0,1.0,0.0,3,2,2
12362,3,10,5226.2300000000005,293,0.0341296928327645,25.90581230363393,0.0371666905542539,0.3177253736333017,1,1,1
12363,110,2,552.0,133,0.0150375939849624,0.0,1.0,0.118363526416009,2,0,0
12364,8,4,1313.1,105,0.0380952380952381,2.516611478423584,0.2843646522044218,0.6818869631492375,1,1,3
12365,291,2,641.38,1,2.0,0.0,1.0,0.0,3,2,3
12367,4,1,168.9,1,1.0,0.0,1.0,0.0,0,3,2
12370,51,4,3541.94,310,0.0129032258064516,111.80488957703652,0.0088648639589073,0.6138676554696789,1,1,1
12371,45,2,1887.96,15,0.1333333333333333,0.0,1.0,0.8748834044732304,2,0,0
12372,72,3,1298.04,225,0.0133333333333333,41.01219330881976,0.0238026135091134,0.1672059831498657,1,1,1
12373,311,1,364.6,1,1.0,0.0,1.0,0.0,3,2,2
12374,25,1,742.9300000000001,1,1.0,0.0,1.0,0.0,0,3,2
12375,11,2,457.5,88,0.0227272727272727,0.0,1.0,0.0095826492750963,2,0,0
12377,315,2,1628.12,40,0.05,0.0,1.0,0.3256620819134466,3,0,0
12378,130,1,4008.62,1,1.0,0.0,1.0,0.0,0,3,2
12379,82,2,852.24,89,0.0224719101123595,0.0,1.0,0.1119104508664712,2,0,0
12380,22,4,2724.81,165,0.0242424242424242,46.35730794599704,0.0211160651517677,0.3699653413162198,1,1,1
12381,5,5,1845.31,116,0.043103448275862,24.608602831801186,0.0390493775302018,1.4375720515321797,1,1,1
12383,185,5,1850.56,168,0.0297619047619047,18.5,0.0512820512820512,0.685605811395555,1,0,1
12384,29,2,585.27,93,0.021505376344086,0.0,1.0,0.0002657978229894,2,0,0
12386,338,2,401.9,30,0.0666666666666666,0.0,1.0,0.4078311815850752,3,0,0
12388,16,6,2780.6600000000003,312,0.0192307692307692,41.54756310543375,0.0235031086862008,0.7059169052644838,1,1,1
12390,80,1,549.84,1,1.0,0.0,1.0,0.0,0,3,2
12391,22,1,439.66,1,1.0,0.0,1.0,0.0,0,3,2
12393,72,4,1582.6,261,0.0153256704980842,85.04900548115383,0.0116212848063539,0.382724013122708,1,1,1
12394,64,2,1272.48,154,0.0129870129870129,0.0,1.0,0.5671613425360226,2,0,0
12395,19,12,3018.63,352,0.034090909090909,19.92166477161804,0.0477973436108479,0.2969285292390251,1,1,1
12397,36,2,2409.9,100,0.02,0.0,1.0,0.0115723853479386,2,0,0
12398,46,1,1635.66,1,1.0,0.0,1.0,0.0,0,3,2
12399,119,4,1108.65,143,0.0279720279720279,17.009801096230763,0.0555253217210315,0.5424911088883626,1,1,1
12401,303,1,84.3,1,1.0,0.0,1.0,0.0,3,2,2
12402,323,1,225.6,1,1.0,0.0,1.0,0.0,3,2,2
12403,50,1,427.7,1,1.0,0.0,1.0,0.0,0,3,2
12405,149,1,1710.39,1,1.0,0.0,1.0,0.0,0,2,2
12406,22,2,3415.3,162,0.0123456790123456,0.0,1.0,0.0715533345761926,2,0,0
12407,50,5,1708.12,215,0.0232558139534883,32.516662395352526,0.0298359063382952,0.6293331935867271,1,1,1
12408,33,5,2888.55,228,0.0219298245614035,38.379682124790975,0.0253938057912982,0.4961148535067083,1,1,1
12409,79,3,11072.67,104,0.0288461538461538,72.8319984622144,0.0135442629324435,0.8838888864252248,1,1,1
12410,309,2,693.33,1,2.0,0.0,1.0,1.136808799153934,3,0,3
12412,75,3,1226.88,95,0.031578947368421,21.920310216782973,0.0436294269380249,0.2288087191954775,1,1,1
12413,67,3,758.1,271,0.011070110701107,48.79036790187178,0.0200842058843756,0.8060969754389655,1,1,1
12414,217,3,562.4100000000001,94,0.0319148936170212,50.91168824543142,0.0192634844636941,0.2576251367040547,1,0,1
12415,24,21,124914.53,314,0.0668789808917197,14.99219094974728,0.0625305189978239,1.306984368950512,1,1,3
12417,3,9,3649.1,355,0.0253521126760563,15.508062419270823,0.0605764610407967,0.2017121401225415,1,1,1
12418,113,1,668.58,1,1.0,0.0,1.0,0.0,0,3,2
12420,64,1,600.39,1,1.0,0.0,1.0,0.0,0,3,2
12421,16,4,807.04,304,0.0131578947368421,43.54690957270485,0.0224482463450781,0.1986337957208624,1,1,1
12422,96,3,803.5600000000001,230,0.0130434782608695,59.39696961966999,0.0165571220923362,0.512241060761996,1,1,1
12423,1,8,1859.31,353,0.0226628895184136,35.55009878761976,0.027359707173725,0.360340712818712,1,1,1
12424,163,2,1760.96,1,2.0,0.0,1.0,0.9409672830508972,2,0,3
12425,78,1,777.2,1,1.0,0.0,1.0,0.0,0,3,2
12426,195,1,582.73,1,1.0,0.0,1.0,0.0,3,2,2
12427,22,3,825.8000000000001,350,0.0085714285714285,193.04015126392747,0.0051535725646793,0.1181140284340615,1,1,1
12428,26,9,7956.46,258,0.0348837209302325,37.50595190861617,0.0259700111394009,0.8690684012181287,1,1,1
12429,9,4,3750.4,357,0.011204481792717,56.36783953047458,0.0174313693558005,0.3914822199235253,1,1,1
12430,43,1,256.4,1,1.0,0.0,1.0,0.0,0,3,2
12431,36,15,6419.95,339,0.0442477876106194,23.38450694017654,0.0410096461024756,0.3845618301821457,1,1,1
12432,43,5,5059.32,130,0.0384615384615384,63.33508769499995,0.0155436175783392,1.0746190285066664,1,1,1
12433,1,7,13375.87,373,0.0187667560321715,105.58156404726476,0.009382485694773,0.5058024967223678,1,1,1
12434,85,2,806.14,176,0.0113636363636363,0.0,1.0,0.4098752781314038,2,0,0
12435,80,2,7829.89,189,0.0105820105820105,0.0,1.0,0.0231352694871025,2,0,0
12436,100,1,509.01,1,1.0,0.0,1.0,0.0,0,3,2
12437,2,18,4951.41,330,0.0545454545454545,19.35675136817673,0.0491237517182274,0.574896874430678,1,1,3
12438,14,2,2906.85,126,0.0158730158730158,0.0,1.0,0.5481564452453309,2,0,0
12441,367,1,173.55,1,1.0,0.0,1.0,0.0,3,2,2
12442,3,1,172.06,1,1.0,0.0,1.0,0.0,0,3,2
12444,21,5,5005.46,150,0.0333333333333333,9.03234926989282,0.0996775504019791,0.5059752097213192,1,1,3
12445,22,1,133.4,1,1.0,0.0,1.0,0.0,0,3,2
12446,58,1,1002.31,1,1.0,0.0,1.0,0.0,0,3,2
12447,243,1,476.49,1,1.0,0.0,1.0,0.0,3,2,2
12448,44,1,449.45,1,1.0,0.0,1.0,0.0,0,3,2
12449,22,4,4067.29,165,0.0242424242424242,16.165807537309522,0.0582553426529174,0.2495836967129839,1,1,1
12450,156,2,197.88,18,0.1111111111111111,0.0,1.0,0.042023325989255,2,0,0
12451,11,5,9035.52,314,0.0159235668789808,63.53148825582476,0.0154963108248125,0.6354455065570607,1,1,1
12452,17,2,430.5700000000001,1,2.0,0.0,1.0,0.8886911851064596,0,0,3
12453,134,1,707.09,1,1.0,0.0,1.0,0.0,0,3,2
12454,56,1,3528.34,1,1.0,0.0,1.0,0.0,0,3,2
12455,73,6,2466.86,224,0.0267857142857142,38.880586415330725,0.0250748569638781,1.538311968994881,1,1,1
12456,44,3,3181.04,211,0.0142180094786729,26.16295090390226,0.0368148513590376,0.2166492833398885,1,1,1
12457,66,7,2363.23,173,0.0404624277456647,58.478771076918726,0.0168127212767524,0.750547264715286,1,1,1
12458,71,2,947.4,214,0.0093457943925233,0.0,1.0,0.0948779966481252,2,0,0
12461,94,2,826.88,61,0.0327868852459016,0.0,1.0,0.730093224537813,2,0,0
12462,19,2,1189.59,285,0.0070175438596491,0.0,1.0,0.3978162933253548,2,0,0
12463,53,4,1344.78,189,0.0211640211640211,51.11751167652823,0.019187408758242,0.0811972964744938,1,1,1
12464,10,8,1212.05,300,0.0266666666666666,33.10445229730832,0.0293216847842158,0.5433389124242003,1,1,1
12465,17,2,742.19,153,0.0130718954248366,0.0,1.0,0.2661737459786546,2,0,0
12468,188,2,729.54,129,0.0155038759689922,0.0,1.0,0.5589859676589436,2,0,0
12471,2,30,19788.65,363,0.0826446280991735,14.616695360143192,0.0640340338937642,0.9334720200340552,1,1,3
12472,32,7,6572.11,337,0.0207715133531157,26.867576494106544,0.0358839958764078,0.5268746977458434,1,1,1
12473,29,5,3928.05,163,0.0306748466257668,34.7598906787694,0.0279642913056694,0.7869497954273235,1,1,1
12474,17,18,7324.09,313,0.0575079872204472,14.946719097002722,0.0627088239227814,0.6229878733634028,1,1,3
12475,54,1,723.38,1,1.0,0.0,1.0,0.0,0,3,2
12476,16,11,6816.42,346,0.0317919075144508,26.218949889980973,0.0367391102170363,0.8509876206251564,1,1,1
12477,23,6,13219.74,279,0.021505376344086,50.122849081032896,0.0195607251547138,0.5140606302540253,1,1,1
12478,4,1,680.99,1,1.0,0.0,1.0,0.0,0,3,2
12479,11,1,527.2,1,1.0,0.0,1.0,0.0,0,3,2
12480,28,4,3281.63,308,0.0129870129870129,30.07213549672409,0.0321831758266318,0.2914439441498879,1,1,1
12481,23,10,5579.82,343,0.0291545189504373,38.40572873934304,0.0253770208543711,0.7014782637016909,1,1,1
12483,17,8,2484.98,323,0.0247678018575851,40.16928464102178,0.02428995326782,0.5649161493046416,1,1,1
12484,33,6,4527.32,304,0.0197368421052631,64.65833279632254,0.0152303593072044,0.6726888546653841,1,1,1
12488,10,3,1298.66,66,0.0454545454545454,4.949747468305833,0.1680743603534397,0.4385297130132974,1,1,3
12489,336,1,334.93,1,1.0,0.0,1.0,0.0,3,2,2
12490,5,10,5417.93,325,0.0307692307692307,34.590461112855955,0.0280974162382734,0.431330150099373,1,1,1
12491,39,1,460.4,1,1.0,0.0,1.0,0.0,0,3,2
12492,63,2,263.21000000000004,43,0.0465116279069767,0.0,1.0,0.0560398444418955,2,0,0
12493,166,2,433.74,32,0.0625,0.0,1.0,0.1019235393548737,2,0,0
12494,16,7,1246.1,350,0.02,44.94737663831635,0.0217640281810144,0.7342148749583097,1,1,1
12497,82,1,1043.1,1,1.0,0.0,1.0,0.0,0,3,2
12498,21,3,403.7000000000001,37,0.081081081081081,25.45584412271571,0.0377988317198079,0.8074331070993286,1,1,3
12500,23,11,4257.82,311,0.0353697749196141,30.52521726194408,0.0317206378528962,0.7731098281430865,1,1,1
12501,337,1,2169.39,1,1.0,0.0,1.0,0.0,3,2,2
12502,96,5,3723.87,215,0.0232558139534883,25.57831112485733,0.0376246630307804,0.2927393522159283,1,1,1
12504,18,2,482.05,13,0.1538461538461538,0.0,1.0,1.22263977205474,2,0,0
12506,233,1,73.5,1,1.0,0.0,1.0,0.0,3,2,2
12507,134,3,1304.81,165,0.0181818181818181,86.2670273047588,0.0114590817504043,0.8798946571929457,1,1,1
12508,26,2,397.88,3,0.6666666666666666,0.0,1.0,0.5392693316659445,2,0,3
12509,284,1,176.5,1,1.0,0.0,1.0,0.0,3,2,2
12510,143,2,982.57,183,0.0109289617486338,0.0,1.0,0.5462577458374068,2,0,0
12512,66,2,132.18,1,2.0,0.0,1.0,1.0782602724766268,0,0,3
12513,113,1,612.29,1,1.0,0.0,1.0,0.0,0,3,2
12514,267,1,1017.68,1,1.0,0.0,1.0,0.0,3,2,2
12515,353,1,383.7,1,1.0,0.0,1.0,0.0,3,2,2
12516,78,2,1312.06,103,0.0194174757281553,0.0,1.0,0.1570007069000389,2,0,0
12517,28,5,2481.6,162,0.0308641975308641,27.67670500619609,0.034871509812021,0.5891647599755295,1,1,1
12518,1,5,2056.89,110,0.0454545454545454,6.48074069840786,0.1336766024001917,0.2181952427953716,1,1,3
12519,64,1,330.84000000000003,1,1.0,0.0,1.0,0.0,0,3,2
12520,79,5,2634.26,195,0.0256410256410256,23.7679756535273,0.0403747166901622,0.5454854596346416,1,1,1
12521,143,1,599.68,1,1.0,0.0,1.0,0.0,0,2,2
12522,39,2,192.72,13,0.1538461538461538,0.0,1.0,0.1021474304080192,2,0,0
12523,19,11,1789.77,313,0.0351437699680511,31.83568926709631,0.0304546675376804,0.3129052472484769,1,1,1
12524,9,8,4485.72,325,0.0246153846153846,29.099991818031903,0.0332226003928988,0.5842270762359202,1,1,1
12526,1,3,1316.66,94,0.0319148936170212,9.192388155425116,0.0981124329991032,0.3192842766715465,1,1,3
12527,82,3,348.71000000000004,244,0.0122950819672131,129.4005409571382,0.0076686798433504,0.4000036271204423,1,1,1
12528,9,6,1933.48,304,0.0197368421052631,38.16149892234319,0.0255352840804941,0.2957982007372991,1,1,1
12530,60,4,1662.28,278,0.014388489208633,24.576411454889016,0.0390985264591857,0.0524786666065786,1,1,1
12531,15,1,125.22,1,1.0,0.0,1.0,0.0,0,3,2
12532,30,1,349.83000000000004,1,1.0,0.0,1.0,0.0,0,3,2
12534,131,1,1089.18,1,1.0,0.0,1.0,0.0,0,2,2
12535,92,2,716.35,95,0.0210526315789473,0.0,1.0,0.0524148392280388,2,0,0
12536,43,3,12601.830000000002,16,0.1875,10.606601717798211,0.0861578629398942,0.0163077765941967,1,1,3
12538,29,1,363.95,1,1.0,0.0,1.0,0.0,0,3,2
12539,22,4,5568.35,312,0.0128205128205128,118.9383593855798,0.0083376161315095,0.26875240496279,1,1,1
12540,20,17,13400.24,343,0.0495626822157434,12.805597734324367,0.0724343863441519,0.5015966557360362,1,1,3
12541,30,3,981.18,252,0.0119047619047619,25.45584412271571,0.0377988317198079,0.3405368472228092,1,1,1
12544,36,1,372.7,1,1.0,0.0,1.0,0.0,0,3,2
12545,75,2,1000.39,185,0.0108108108108108,0.0,1.0,0.3617703023289904,2,0,0
12546,47,2,1161.5,32,0.0625,0.0,1.0,0.4369877292601841,2,0,0
12547,198,2,207.8,83,0.0240963855421686,0.0,1.0,0.7554268788422212,2,0,0
12548,166,1,95.2,1,1.0,0.0,1.0,0.0,3,2,2
12550,79,1,964.83,1,1.0,0.0,1.0,0.0,0,3,2
12551,358,1,168.0,1,1.0,0.0,1.0,0.0,3,2,2
12552,39,2,437.82,1,2.0,0.0,1.0,0.6389834336225975,0,0,3
12553,8,10,3692.28,322,0.031055900621118,15.594692829435418,0.0602602295973936,0.4902809255802554,1,1,1
12556,50,2,599.56,101,0.0198019801980198,0.0,1.0,0.0423160172609468,2,0,0
12557,16,5,11990.96,356,0.0140449438202247,43.36184959154764,0.0225418914947705,0.6627576976387357,1,1,1
12558,8,1,269.96,1,1.0,0.0,1.0,0.0,0,3,2
12559,311,2,561.71,9,0.2222222222222222,0.0,1.0,1.0335383195773251,3,0,0
12560,5,3,2134.01,138,0.0217391304347826,53.74011537017761,0.0182681383339721,0.8073201761598797,1,1,1
12561,303,1,238.85,1,1.0,0.0,1.0,0.0,3,2,2
12562,8,7,3781.74,191,0.0366492146596858,13.633292583476182,0.0683373201414146,0.1927875884585792,1,1,1
12564,261,1,456.9,1,1.0,0.0,1.0,0.0,3,2,2
12565,289,1,145.92000000000002,1,1.0,0.0,1.0,0.0,3,2,2
12566,86,1,351.65,1,1.0,0.0,1.0,0.0,0,3,2
12567,23,10,9401.28,347,0.0288184438040345,39.73488531644594,0.0245489828247109,0.5612271087847649,1,1,1
12569,2,32,4124.6900000000005,251,0.1274900398406374,8.98720715645958,0.1001280923018818,0.590568497781938,1,1,3
12571,40,2,519.61,82,0.024390243902439,0.0,1.0,0.0623537513018756,2,0,0
12572,9,2,1020.42,44,0.0454545454545454,0.0,1.0,0.0624492494468274,2,0,0
12573,227,1,160.54000000000002,1,1.0,0.0,1.0,0.0,3,2,2
12574,316,1,218.45,1,1.0,0.0,1.0,0.0,3,2,2
12576,36,5,1315.83,269,0.0185873605947955,13.904435743076135,0.0670941199813317,0.3061836494183723,1,1,1
12577,35,3,626.6,324,0.0092592592592592,228.39549032325485,0.0043592836048818,0.5414686224111183,1,1,1
12578,21,2,2794.51,309,0.0064724919093851,0.0,1.0,0.2139708343527018,2,0,0
12579,78,1,440.42,1,1.0,0.0,1.0,0.0,0,3,2
12580,247,1,415.7,1,1.0,0.0,1.0,0.0,3,2,2
12581,40,1,197.71,1,1.0,0.0,1.0,0.0,0,3,2
12582,239,2,511.36,50,0.04,0.0,1.0,0.2794355020771619,3,0,0
12583,3,15,7281.38,371,0.0404312668463611,17.57620769458181,0.0538323007818045,0.4345763574905691,1,1,1
12584,4,9,2338.15,277,0.0324909747292418,28.137417893514776,0.034320131030642,0.5503036484706433,1,1,1
12585,234,2,2040.1,118,0.0169491525423728,0.0,1.0,0.3366217861322361,2,0,0
12586,17,1,196.94000000000003,1,1.0,0.0,1.0,0.0,0,3,2
12587,8,1,144.0,1,1.0,0.0,1.0,0.0,0,3,2
12588,39,1,214.9,1,1.0,0.0,1.0,0.0,0,3,2
12589,29,2,646.68,116,0.0172413793103448,0.0,1.0,0.8390633073719754,2,0,0
12590,211,2,9864.26,1,2.0,0.0,1.0,1.2642512351187185,2,0,3
12591,317,1,452.85,1,1.0,0.0,1.0,0.0,3,2,2
12592,92,2,437.6,122,0.0163934426229508,0.0,1.0,0.0840254858813996,2,0,0
12593,109,3,418.1,111,0.027027027027027,48.08326112068523,0.0203735444053159,0.6016606272463939,1,1,1
12594,38,10,3338.2200000000003,286,0.0349650349650349,25.267458210996303,0.0380699187552669,0.7857281944981759,1,1,1
12596,51,2,618.27,191,0.0104712041884816,0.0,1.0,0.1792613532650451,2,0,0
12597,19,4,3811.22,249,0.0160642570281124,60.53373714990124,0.0162512476296363,0.9083893436298718,1,1,1
12598,10,8,3023.08,276,0.0289855072463768,33.92849624051819,0.0286299184801425,0.5923407105533933,1,1,1
12599,29,7,1032.58,276,0.0253623188405797,34.42479726398787,0.0282288136343571,0.2917902663350776,1,1,1
12600,29,10,2599.04,343,0.0291545189504373,15.459624833740309,0.0607547261921861,0.4264038367636981,1,1,1
12601,190,5,577.0600000000001,143,0.0349650349650349,17.017148213885115,0.0555026793435233,0.2645857204707065,1,0,1
12602,59,1,153.12,1,1.0,0.0,1.0,0.0,0,3,2
12603,22,1,739.1999999999999,1,1.0,0.0,1.0,0.0,0,3,2
12604,79,2,254.18,183,0.0109289617486338,0.0,1.0,0.5720726984153027,2,0,0
12607,60,1,1579.51,1,1.0,0.0,1.0,0.0,0,3,2
12609,78,3,1126.85,241,0.0124481327800829,16.97056274847714,0.0556465600992234,0.3203505456540367,1,1,1
12610,23,5,2099.54,104,0.048076923076923,25.38208029299411,0.0379045165845225,0.7407673645316837,1,1,1
12611,52,1,1193.32,1,1.0,0.0,1.0,0.0,0,3,2
12612,74,1,704.04,1,1.0,0.0,1.0,0.0,0,3,2
12613,57,5,3344.38,205,0.024390243902439,66.56325312562981,0.0148009450957099,1.1142295852634037,1,1,1
12614,278,1,315.6,1,1.0,0.0,1.0,0.0,3,2,2
12615,2,4,2291.19,167,0.0239520958083832,35.510561809129406,0.0273893347691503,0.1842578328763812,1,1,1
12616,95,2,713.3,203,0.0098522167487684,0.0,1.0,0.4006905382806708,2,0,0
12617,29,1,352.98,1,1.0,0.0,1.0,0.0,0,3,2
12618,22,1,177.31,1,1.0,0.0,1.0,0.0,0,3,2
12619,16,9,3641.24,238,0.0378151260504201,22.315513501982043,0.0428898981750923,0.3643347582440668,1,1,1
12620,15,3,1339.41,190,0.0157894736842105,40.30508652763321,0.0242100933339286,0.224843543615123,1,1,1
12621,2,20,13689.67,365,0.0547945205479452,15.5856434163545,0.0602931086178988,0.4643827193152619,1,1,3
12622,232,1,180.1,1,1.0,0.0,1.0,0.0,3,2,2
12623,276,1,305.1,1,1.0,0.0,1.0,0.0,3,2,2
12624,106,2,641.13,72,0.0277777777777777,0.0,1.0,0.0909898295944506,2,0,0
12625,212,2,2683.82,108,0.0185185185185185,0.0,1.0,0.3948997801319183,2,0,0
12626,23,9,6620.4800000000005,304,0.0296052631578947,48.51509338045518,0.0201958621448288,0.6307971187050891,1,1,1
12627,11,7,4478.53,130,0.0538461538461538,18.91472089846072,0.0502141107123069,0.5387831984782777,1,1,1
12628,4,3,786.46,61,0.0491803278688524,2.1213203435596424,0.3203772410170407,0.2399629988425425,2,1,3
12630,10,2,1270.88,35,0.0571428571428571,0.0,1.0,0.1476662940064441,2,0,0
12631,57,1,640.5,1,1.0,0.0,1.0,0.0,0,3,2
12633,59,4,2163.98,230,0.017391304347826,13.228756555322953,0.0702802100880629,0.726305561082596,1,1,1
12635,90,2,1689.18,66,0.0303030303030303,0.0,1.0,0.2695007907552181,2,0,0
12637,67,8,6002.9,257,0.0311284046692607,32.22170223992046,0.0301008055751689,0.7545577239191039,1,1,1
12638,33,1,671.69,1,1.0,0.0,1.0,0.0,0,3,2
12639,239,1,486.1,1,1.0,0.0,1.0,0.0,3,2,2
12640,24,3,1174.58,58,0.0517241379310344,38.89087296526012,0.0250683909793318,0.8868699998088793,1,1,1
12641,115,1,185.9,1,1.0,0.0,1.0,0.0,0,2,2
12642,25,3,1013.26,83,0.036144578313253,22.62741699796952,0.0423237123247935,0.1186666905119697,1,1,1
12643,128,6,3344.64,205,0.0292682926829268,43.8782406210641,0.0222825134444026,0.7123631631782763,1,1,1
12644,130,1,477.91,1,1.0,0.0,1.0,0.0,0,2,2
12645,34,4,1775.18,283,0.0141342756183745,17.616280348965084,0.0537164235419129,0.1353148398884731,1,1,1
12646,5,2,1346.97,45,0.0444444444444444,0.0,1.0,0.1222214309122342,2,0,0
12647,22,12,3722.82,347,0.0345821325648415,27.020194468043883,0.0356885460284891,0.4264732137412033,1,1,1
12648,155,1,318.05,1,1.0,0.0,1.0,0.0,0,2,2
12649,107,3,623.51,106,0.0283018867924528,74.24621202458749,0.0132897055292728,0.871777879720749,1,1,1
12650,3,1,314.44,1,1.0,0.0,1.0,0.0,0,3,2
12651,335,1,114.0,1,1.0,0.0,1.0,0.0,3,2,2
12652,331,1,919.98,1,1.0,0.0,1.0,0.0,3,2,2
12653,149,2,2209.85,148,0.0135135135135135,0.0,1.0,0.4170293313665758,2,0,0
12654,11,5,601.98,285,0.0175438596491228,72.25591094621025,0.0136507755767895,0.4296499773037334,1,1,1
12656,17,5,4051.17,217,0.0230414746543778,24.404576073624664,0.0393629870894878,0.3744613796877056,1,1,1
12657,11,4,1643.18,68,0.0588235294117647,19.28730152198591,0.0492919178490186,0.6152931466913586,1,1,1
12658,19,1,686.05,1,1.0,0.0,1.0,0.0,0,3,2
12659,30,1,91.68,1,1.0,0.0,1.0,0.0,0,3,2
12660,11,1,245.1,1,1.0,0.0,1.0,0.0,0,3,2
12662,1,11,3849.78,373,0.0294906166219839,18.103406677565783,0.0523466843834904,0.3450862815024992,1,1,1
12664,8,9,4881.88,315,0.0285714285714285,34.48705761379395,0.0281792875273856,0.4150495128026654,1,1,1
12665,325,1,63.0,1,1.0,0.0,1.0,0.0,3,2,2
12667,58,1,620.13,1,1.0,0.0,1.0,0.0,0,3,2
12668,12,4,3807.15,344,0.0116279069767441,115.00144926623028,0.0086205819524283,0.4217682220740545,1,1,1
12669,151,3,2744.03,106,0.0283018867924528,64.34671708797582,0.0153029875801366,0.4196705649822776,1,0,1
12670,10,5,2996.05,223,0.0224215246636771,37.133767202731626,0.0262234778610692,0.1998928667832853,1,1,1
12672,330,1,225.9,1,1.0,0.0,1.0,0.0,3,2,2
12673,5,2,610.52,322,0.0062111801242236,0.0,1.0,0.3908243992720772,2,0,0
12674,39,4,1970.6,170,0.0235294117647058,21.197484127446195,0.0450501504701402,0.2019512324354112,1,1,1
12676,25,6,1331.39,287,0.0209059233449477,10.545141061171254,0.0866165250560005,0.6458647583438459,1,1,3
12678,42,12,17628.46,312,0.0384615384615384,25.139971794299647,0.0382555883330398,1.7230505024320597,1,1,1
12679,59,4,1113.02,226,0.0176991150442477,44.06056437828882,0.0221923540860447,1.236185063321508,1,1,1
12680,1,4,862.81,113,0.0353982300884955,30.512292604784715,0.0317336479621341,0.3947215826647426,1,1,1
12681,15,22,13787.54,354,0.0621468926553672,17.436005440303283,0.0542416850134944,0.4176210637208599,1,1,3
12682,4,31,12279.82,368,0.0842391304347826,11.084886677078758,0.0827479832224398,0.4913466819488021,1,1,3
12683,4,15,8476.57,362,0.0414364640883977,23.67650571931853,0.0405243761565937,0.6059171695659139,1,1,1
12684,8,7,2283.63,206,0.0339805825242718,37.30102768914908,0.0261089600027444,0.5431886576071654,1,1,1
12685,28,6,2863.08,66,0.0909090909090909,8.734987120768983,0.1027222725201724,0.6404552986962487,1,1,3
12686,372,1,89.14,1,1.0,0.0,1.0,0.0,3,2,2
12688,114,1,4873.81,1,1.0,0.0,1.0,0.0,0,3,2
12689,26,2,1247.61,102,0.0196078431372549,0.0,1.0,0.2556695353461831,2,0,0
12690,206,1,389.01,1,1.0,0.0,1.0,0.0,3,2,2
12691,28,6,1035.8,330,0.0181818181818181,66.9686493816323,0.0147126654582346,0.4954303274169342,1,1,1
12693,127,4,855.91,193,0.0207253886010362,17.672954855748753,0.0535533881876298,0.1643952465250673,1,0,1
12694,70,2,869.67,113,0.0176991150442477,0.0,1.0,0.0151719761943507,2,0,0
12695,7,4,582.1,204,0.0196078431372549,31.480152477394387,0.0307880328054488,0.5165605490962449,1,1,1
12697,29,3,957.59,141,0.0212765957446808,45.96194077712559,0.0212938388714779,0.2694435340583506,1,1,1
12700,8,4,4939.99,208,0.0192307692307692,18.475208614068027,0.0513473318728737,0.1596865562950455,1,1,1
12701,80,2,797.71,163,0.0122699386503067,0.0,1.0,0.219034593563069,2,0,0
12702,20,1,219.0,1,1.0,0.0,1.0,0.0,0,3,2
12703,71,1,283.55,1,1.0,0.0,1.0,0.0,0,3,2
12704,7,8,2340.84,163,0.0490797546012269,15.349887544182453,0.0611625001883157,0.5313633336712524,1,1,1
12705,15,9,6868.29,342,0.0263157894736842,37.84838173555113,0.0257410979640594,0.5287315093472977,1,1,1
12707,292,1,603.42,1,1.0,0.0,1.0,0.0,3,2,2
12708,30,10,2712.91,339,0.0294985250737463,20.841331797922876,0.0457847538443191,0.397735532163304,1,1,1
12709,15,15,9706.52,352,0.0426136363636363,11.112066503491688,0.0825622943625448,0.5016893160464221,1,1,3
12710,97,3,1149.02,105,0.0285714285714285,17.67766952966369,0.0535398700791771,0.8471544573860347,1,1,1
12712,29,13,4396.13,343,0.0379008746355685,17.034723895086127,0.0554485893888548,0.5686366191771708,1,1,1
12713,1,1,848.55,1,1.0,0.0,1.0,0.0,0,3,2
12714,9,5,4708.86,286,0.0174825174825174,30.92329219213245,0.0313250899682098,0.3266475942460931,1,1,1
12715,106,1,343.36,1,1.0,0.0,1.0,0.0,0,2,2
12716,4,2,1053.49,130,0.0153846153846153,0.0,1.0,0.4058234079497767,2,0,0
12717,151,2,1030.98,95,0.0210526315789473,0.0,1.0,0.2585687952310698,2,0,0
12718,71,1,238.25,1,1.0,0.0,1.0,0.0,0,3,2
12719,5,2,644.95,60,0.0333333333333333,0.0,1.0,0.1704862461811119,2,0,0
12720,3,25,5781.7300000000005,367,0.0681198910081744,11.80241930492538,0.0781102365250041,0.623194592891878,1,1,3
12721,32,6,2656.13,324,0.0185185185185185,22.67156809750927,0.0422447721199011,0.3060894974778858,1,1,1
12722,85,4,997.63,66,0.0606060606060606,16.522711641858304,0.0570687928009496,0.99898703576997,1,1,1
12723,4,5,725.07,62,0.0806451612903225,22.71563338320109,0.0421662784139827,0.9822861478521407,1,1,3
12724,5,4,1031.41,328,0.0121951219512195,43.66157731156002,0.0223906109052974,0.7486311411003502,1,1,1
12725,371,1,427.8,1,1.0,0.0,1.0,0.0,3,2,2
12726,28,7,2609.1,330,0.0212121212121212,23.549239195070964,0.0407344599176328,0.5336369575600012,1,1,1
12727,11,7,3980.7,310,0.0225806451612903,42.9391041670255,0.0227587707796386,0.4897168876599579,1,1,1
12728,71,4,836.33,262,0.015267175572519,86.72562097404281,0.0113991783574366,0.1764926099319567,1,1,1
12729,114,1,453.01,1,1.0,0.0,1.0,0.0,0,2,2
12731,24,12,18895.91,342,0.0350877192982456,20.752217844234035,0.045972323703308,0.5351410401690248,1,1,1
12732,180,1,236.26,1,1.0,0.0,1.0,0.0,3,2,2
12733,234,1,383.95,1,1.0,0.0,1.0,0.0,3,2,2
12734,353,1,110.4,1,1.0,0.0,1.0,0.0,3,2,2
12735,315,2,779.5699999999999,22,0.0909090909090909,0.0,1.0,0.2540276372091083,3,0,0
12736,333,1,234.0,1,1.0,0.0,1.0,0.0,3,2,2
12738,372,1,155.35,1,1.0,0.0,1.0,0.0,3,2,2
12739,78,2,1013.04,21,0.0952380952380952,0.0,1.0,1.3095128425811993,2,0,0
12740,64,1,427.6,1,1.0,0.0,1.0,0.0,0,3,2
12743,134,2,540.13,1,2.0,0.0,1.0,0.3913548611776914,0,2,3
12744,52,7,21279.29,267,0.0262172284644194,48.13314866077224,0.0203528580450696,0.5690275202475863,1,1,1
12747,2,11,4196.01,367,0.0299727520435967,17.461385970191486,0.0541671140842102,0.2873741203025233,1,1,1
12748,1,209,33053.19,373,0.5603217158176944,3.135473900576528,0.2418102553761951,1.5263205164787803,1,1,3
12749,4,5,4090.88,210,0.0238095238095238,50.940324563813554,0.0192528639048338,0.8166011584916583,1,1,1
12750,129,1,275.88,1,1.0,0.0,1.0,0.0,0,2,2
12752,81,1,4366.78,1,1.0,0.0,1.0,0.0,0,3,2
12753,23,6,21429.39,340,0.0176470588235294,43.28163582860518,0.0225827248991108,0.5439501124158492,1,1,1
12754,236,3,3010.74,73,0.0410958904109589,7.071067811865476,0.1238993430992954,1.6789411041907358,1,0,3
12755,281,2,3811.95,86,0.0232558139534883,0.0,1.0,1.4011916454960909,2,0,0
12756,87,1,112.08,1,1.0,0.0,1.0,0.0,0,3,2
12757,16,13,7834.650000000001,196,0.0663265306122449,23.06840946297588,0.041548237806835,0.7995092278060044,1,1,3
12758,117,2,2791.59,160,0.0125,0.0,1.0,0.176696272883952,2,0,0
12759,52,3,1531.44,224,0.0133928571428571,10.606601717798211,0.0861578629398942,0.2158994005434654,1,1,3
12762,8,2,1898.52,18,0.1111111111111111,0.0,1.0,0.7265338558060883,2,0,0
12763,138,2,494.08,231,0.0086580086580086,0.0,1.0,0.4181272611549986,2,0,0
12764,317,1,1693.88,1,1.0,0.0,1.0,0.0,3,2,2
12766,4,7,6989.63,363,0.0192837465564738,25.13961017995307,0.0382561175593551,0.2415011037071991,1,1,1
12769,239,1,1143.6,1,1.0,0.0,1.0,0.0,3,2,2
12770,211,1,1351.45,1,1.0,0.0,1.0,0.0,3,2,2
12772,60,1,892.47,1,1.0,0.0,1.0,0.0,0,3,2
12775,17,5,1386.04,295,0.0169491525423728,68.85249934945475,0.0143158800230933,0.3093689398084614,1,1,1
12778,20,6,822.23,293,0.0204778156996587,41.13392760240627,0.0237338424615057,0.2352848985975692,1,1,1
12779,38,8,3981.36,334,0.0239520958083832,48.67384161069329,0.0201313199779726,0.6353201112505185,1,1,1
12781,64,2,826.74,222,0.009009009009009,0.0,1.0,0.4649042770178771,2,0,0
12782,5,5,2330.92,353,0.0141643059490084,45.96012764705222,0.0212946610263903,0.336115194241213,1,1,1
12783,2,6,2225.91,74,0.081081081081081,12.853015210447705,0.0721864507335426,0.392901861261923,1,1,3
12784,9,2,532.82,7,0.2857142857142857,0.0,1.0,1.1169425909647646,2,0,0
12785,364,1,311.95,1,1.0,0.0,1.0,0.0,3,2,2
12787,10,3,463.66,183,0.0163934426229508,14.142135623730953,0.0660408825313113,0.2194669803800613,1,1,1
12789,65,1,91.85,1,1.0,0.0,1.0,0.0,0,3,2
12790,192,1,324.92,1,1.0,0.0,1.0,0.0,3,2,2
12791,374,1,192.6,1,1.0,0.0,1.0,0.0,3,2,2
12792,257,1,400.54,1,1.0,0.0,1.0,0.0,3,2,2
12793,335,2,545.48,37,0.054054054054054,0.0,1.0,0.7308031806147394,3,0,0
12794,53,2,860.41,46,0.0434782608695652,0.0,1.0,0.3721389717191715,2,0,0
12795,19,1,430.48,1,1.0,0.0,1.0,0.0,0,3,2
12797,366,1,254.03,1,1.0,0.0,1.0,0.0,3,2,2
12798,10,3,6977.04,161,0.0186335403726708,65.05382386916237,0.0151391689598587,0.4943197557519011,1,1,1
12802,187,1,427.58,1,1.0,0.0,1.0,0.0,3,2,2
12808,37,3,483.65,332,0.0090361445783132,26.16295090390226,0.0368148513590376,0.2315082809455306,1,1,1
12809,178,1,489.31,1,1.0,0.0,1.0,0.0,3,2,2
12811,261,3,514.85,24,0.125,15.556349186104043,0.0603997891539587,0.7300900094200127,1,0,3
12812,45,1,229.64,1,1.0,0.0,1.0,0.0,0,3,2
12814,102,1,125.92,1,1.0,0.0,1.0,0.0,0,3,2
12815,148,2,1063.46,51,0.0392156862745098,0.0,1.0,0.2224261941610628,2,0,0
12816,96,2,572.2,81,0.0246913580246913,0.0,1.0,0.1608970690501372,2,0,0
12817,281,1,166.04000000000002,1,1.0,0.0,1.0,0.0,3,2,2
12818,262,1,1542.08,1,1.0,0.0,1.0,0.0,3,2,2
12820,3,4,942.34,324,0.0123456790123456,124.54048873090764,0.0079655576468518,0.318566484412429,1,1,1
12821,214,1,92.72,1,1.0,0.0,1.0,0.0,3,2,2
12822,71,2,948.88,17,0.1176470588235294,0.0,1.0,0.645225250213473,2,0,0
12823,75,5,1759.5,222,0.0225225225225225,51.43928459844674,0.0190696728160479,0.3949109157518468,1,1,1
12824,60,1,397.12,1,1.0,0.0,1.0,0.0,0,3,2
12826,3,7,1474.72,363,0.0192837465564738,50.64944882885367,0.0193612908302974,0.3628353874979505,1,1,1
12827,6,3,430.15,39,0.0769230769230769,11.31370849898476,0.0812103031416122,0.4506594309881089,1,1,3
12828,3,6,1018.71,128,0.046875,21.224985276791124,0.0449944055101026,0.5220041433114216,1,1,1
12829,337,2,293.0,24,0.0833333333333333,0.0,1.0,0.586440094977239,3,0,0
12830,38,6,6814.64,135,0.0444444444444444,21.33541656495134,0.0447719431196638,0.6395088664596638,1,1,1
12831,262,1,215.05,1,1.0,0.0,1.0,0.0,3,2,2
12832,32,2,383.03,66,0.0303030303030303,0.0,1.0,0.5633150489811846,2,0,0
12833,145,1,417.38,1,1.0,0.0,1.0,0.0,0,2,2
12834,283,1,312.38,1,1.0,0.0,1.0,0.0,3,2,2
12836,59,4,2610.36,253,0.0158102766798418,7.637626158259735,0.115772549271972,0.3171328399113516,1,1,3
12837,173,1,134.1,1,1.0,0.0,1.0,0.0,3,2,2
12838,34,2,671.95,341,0.0058651026392961,0.0,1.0,0.2307317997514136,2,0,0
12839,3,14,5591.42,365,0.0383561643835616,23.80260705393639,0.0403183422543192,0.3248796368389407,1,1,1
12840,144,4,2726.77,83,0.0481927710843373,13.45362404707371,0.0691868002615206,0.1977627710366154,1,0,1
12841,5,25,3991.58,368,0.0679347826086956,9.281429175306563,0.0972627426546643,0.3640823184713871,1,1,3
12842,70,2,1118.99,239,0.00836820083682,0.0,1.0,0.6287935313876675,2,0,0
12843,66,8,1702.26,199,0.0402010050251256,31.873260923613728,0.0304198601508885,0.7384345517268127,1,1,1
12844,29,2,325.96000000000004,102,0.0196078431372549,0.0,1.0,0.1032589360181606,2,0,0
12845,267,4,354.09000000000003,23,0.1739130434782608,10.11599393699568,0.0899604664835099,0.9659795794646504,2,0,3
12847,22,1,843.64,1,1.0,0.0,1.0,0.0,0,3,2
12849,31,2,1010.29,238,0.0084033613445378,0.0,1.0,0.4583116357249652,2,0,0
12851,97,1,131.81,1,1.0,0.0,1.0,0.0,0,3,2
12852,295,1,311.55,1,1.0,0.0,1.0,0.0,3,2,2
12853,135,6,1957.1,182,0.0329670329670329,50.27922035990614,0.0195010765175726,0.9627317143924486,1,1,1
12854,79,3,1316.25,240,0.0125,60.10407640085654,0.0163655202549789,0.1370075279041745,1,1,1
12855,373,1,38.1,1,1.0,0.0,1.0,0.0,3,2,2
12856,8,6,2170.78,56,0.1071428571428571,3.70135110466435,0.2127048113908936,0.3685232099132075,1,1,3
12857,211,2,1106.4,92,0.0217391304347826,0.0,1.0,0.6350156342976804,2,0,0
12863,52,1,521.2,1,1.0,0.0,1.0,0.0,0,3,2
12864,138,1,147.12,1,1.0,0.0,1.0,0.0,0,2,2
12865,26,2,1568.23,98,0.0204081632653061,0.0,1.0,0.3557830654706626,2,0,0
12866,283,1,559.12,1,1.0,0.0,1.0,0.0,3,2,2
12867,26,7,4009.34,334,0.0209580838323353,13.827508813954884,0.0674422124813611,0.3745824175407935,1,1,1
12868,186,6,1607.0600000000002,188,0.0319148936170212,14.560219778561036,0.0642664444481565,0.3397604650530392,1,0,1
12871,84,2,380.64,124,0.0161290322580645,0.0,1.0,0.4333592631231552,2,0,0
12872,327,2,599.97,39,0.0512820512820512,0.0,1.0,0.3702831950150666,3,0,0
12873,282,1,374.0,1,1.0,0.0,1.0,0.0,3,2,2
12875,143,2,343.2300000000001,220,0.009090909090909,0.0,1.0,1.00655021749883,2,0,0
12876,58,2,2218.02,139,0.014388489208633,0.0,1.0,0.4878673994758378,2,0,0
12877,4,12,1535.77,355,0.0338028169014084,15.538807723070178,0.0604638506441482,0.5589858843843792,1,1,1
12878,236,2,854.99,30,0.0666666666666666,0.0,1.0,0.3715538105894436,2,0,0
12879,45,3,573.22,48,0.0625,18.384776310850235,0.051586873325965,0.8220398574405791,1,1,1
12881,276,1,298.0,1,1.0,0.0,1.0,0.0,3,2,2
12882,9,2,1463.04,25,0.08,0.0,1.0,0.5020272554093467,2,0,0
12883,25,4,703.47,65,0.0615384615384615,36.95041722813605,0.0263501714352328,0.6207982558581504,1,1,1
12884,88,1,309.05,1,1.0,0.0,1.0,0.0,0,3,2
12885,63,3,1175.22,61,0.0491803278688524,42.42640687119285,0.0230274635192845,0.8582076750879041,1,1,1
12886,68,2,1378.4,152,0.0131578947368421,0.0,1.0,0.1760585079100574,2,0,0
12888,214,2,354.12,42,0.0476190476190476,0.0,1.0,0.7643750023670236,2,0,0
12890,24,1,376.72,1,1.0,0.0,1.0,0.0,0,3,2
12891,186,3,331.0,108,0.0277777777777777,26.16295090390226,0.0368148513590376,0.7605916437863259,1,0,1
12893,31,1,176.55,1,1.0,0.0,1.0,0.0,0,3,2
12895,42,2,372.8,45,0.0444444444444444,0.0,1.0,0.6175803861436155,2,0,0
12897,205,2,216.5,98,0.0204081632653061,0.0,1.0,0.2684719511017746,2,0,0
12901,9,28,17654.54,262,0.1068702290076335,8.125616347431192,0.1095816394123882,1.048285400310565,1,1,3
12902,265,1,138.68,1,1.0,0.0,1.0,0.0,3,2,2
12904,18,2,496.06,155,0.0129032258064516,0.0,1.0,0.0190439595949124,2,0,0
12906,12,5,2919.81,67,0.0746268656716417,33.0,0.0294117647058823,0.9751366916595438,1,1,3
12908,176,2,750.0,137,0.0145985401459854,0.0,1.0,0.2149604614807104,2,0,0
12909,40,5,2178.67,214,0.0233644859813084,46.75735236302415,0.0209391842411733,0.3986590018271917,1,1,1
12910,23,8,3075.04,219,0.0365296803652968,26.0768096208106,0.0369319729319743,0.6211573293389278,1,1,1
12912,3,5,1662.3,38,0.131578947368421,5.188127472091127,0.1615997738427444,0.5693557108212333,1,1,3
12913,5,5,2483.63,364,0.0137362637362637,119.6895289210102,0.0082857229532686,0.7222031667212991,1,1,1
12915,149,2,363.65,224,0.0089285714285714,0.0,1.0,0.1386407630925363,2,0,0
12916,139,4,2944.95,182,0.0219780219780219,4.358898943540674,0.1866054968633707,0.1044788788528826,1,0,3
12917,128,1,594.0,1,1.0,0.0,1.0,0.0,0,3,2
12919,8,6,1335.19,162,0.037037037037037,30.57286378473564,0.0316727683246606,0.4495959187075606,1,1,1
12920,17,1,162.78,1,1.0,0.0,1.0,0.0,0,3,2
12921,9,37,16587.09,365,0.1013698630136986,13.524199357225118,0.0688506109978823,0.5660846370002943,1,1,3
12922,161,1,405.38,1,1.0,0.0,1.0,0.0,0,2,2
12923,64,1,172.82,1,1.0,0.0,1.0,0.0,0,3,2
12924,88,4,933.7,240,0.0166666666666666,29.569128044860125,0.0327127420360993,0.5567211242165868,1,1,1
12925,5,2,694.05,71,0.028169014084507,0.0,1.0,0.0867416920253909,2,0,0
12928,35,5,2062.7,324,0.015432098765432,48.03123983409131,0.0203951603790508,0.2507010540369234,1,1,1
12929,312,1,117.85,1,1.0,0.0,1.0,0.0,3,2,2
12930,78,2,415.8,94,0.0212765957446808,0.0,1.0,0.0929204293507285,2,0,0
12931,22,15,42055.96,337,0.0445103857566765,23.64387800325841,0.0405780291505979,1.8166942220229676,1,1,1
12933,24,3,607.53,260,0.0115384615384615,24.748737341529164,0.038836855832427,0.39249231676004,1,1,1
12935,2,7,2160.7,318,0.0220125786163522,41.302138766251154,0.0236394666833679,0.4619242998252791,1,1,1
12936,17,4,1063.9,62,0.064516129032258,31.240998703626616,0.0310164089267965,1.3351759213588894,1,1,1
12937,15,4,1504.27,253,0.0158102766798418,37.233497463082,0.0261550751658435,0.5826398702472743,1,1,1
12938,26,1,114.14,1,1.0,0.0,1.0,0.0,0,3,2
12939,64,8,11581.8,271,0.029520295202952,46.995440508324094,0.02083531246737,0.6796795629551869,1,1,1
12940,55,2,899.69,34,0.0588235294117647,0.0,1.0,0.2784602836247972,2,0,0
12942,131,3,675.6,235,0.0127659574468085,72.12489168102785,0.0136752339321337,0.339235713776474,1,0,1
12944,36,2,604.51,320,0.00625,0.0,1.0,0.071610191964137,2,0,0
12945,288,1,462.95,1,1.0,0.0,1.0,0.0,3,2,2
12947,144,6,1603.99,230,0.0260869565217391,36.56911264988528,0.0266176103044864,0.4829158674254702,1,1,1
12948,16,7,2064.95,249,0.0281124497991967,37.31710957009755,0.0260980019427246,0.4853299076025667,1,1,1
12949,31,8,4167.22,222,0.036036036036036,36.45022698995231,0.026702107847525,0.9750679203350414,1,1,1
12950,2,3,1843.0,22,0.1363636363636363,7.7781745930520225,0.1139189007235634,0.7862839949982091,1,1,3
12951,9,6,1064.07,323,0.0185758513931888,60.63992084427552,0.016223252501027,0.3999660804335168,1,1,1
12952,6,4,1387.79,73,0.0547945205479452,20.808652046684813,0.0458533612191778,0.7953883505376175,1,1,1
12953,10,1,329.85,1,1.0,0.0,1.0,0.0,0,3,2
12955,1,11,4757.16,267,0.0411985018726591,16.234736421225527,0.0580223552922135,0.6429086228378265,1,1,1
12956,306,1,108.07,1,1.0,0.0,1.0,0.0,3,2,2
12957,10,8,4017.54,330,0.0242424242424242,40.5697518097506,0.0240559531020688,0.5942804690219688,1,1,1
12962,7,2,266.39,107,0.0186915887850467,0.0,1.0,0.3965149253862624,2,0,0
12963,8,8,1856.63,358,0.0223463687150838,102.04224148664636,0.0097047578310841,0.6191517959598938,1,1,1
12965,89,1,769.8100000000001,1,1.0,0.0,1.0,0.0,0,3,2
12966,10,1,160.18,1,1.0,0.0,1.0,0.0,0,3,2
12967,358,2,1660.9,14,0.1428571428571428,0.0,1.0,0.9161011329744194,3,0,0
12968,112,1,135.95,1,1.0,0.0,1.0,0.0,0,2,2
12970,7,4,405.47,316,0.0126582278481012,181.8653347947321,0.0054685050128418,1.584337754009858,1,1,1
12971,4,86,11189.91,369,0.2330623306233062,3.867482769087364,0.2054450005146081,0.5695373706478133,1,1,3
12974,198,1,144.8,1,1.0,0.0,1.0,0.0,3,2,2
12976,212,1,738.6,1,1.0,0.0,1.0,0.0,3,2,2
12977,156,1,39.24,1,1.0,0.0,1.0,0.0,0,2,2
12980,158,9,7374.900000000001,201,0.044776119402985,20.479519386101675,0.0465559765106778,0.2124636927873242,1,0,1
12981,30,2,372.22,104,0.0192307692307692,0.0,1.0,0.0081307211420086,2,0,0
12982,243,1,390.54,1,1.0,0.0,1.0,0.0,3,2,2
12984,19,1,97.5,1,1.0,0.0,1.0,0.0,0,3,2
12985,1,2,1239.38,28,0.0714285714285714,0.0,1.0,0.3073801815682553,2,0,0
12987,74,2,558.7,125,0.016,0.0,1.0,0.1263097489930507,2,0,0
12988,292,1,505.82,1,1.0,0.0,1.0,0.0,3,2,2
12989,3,15,6924.11,362,0.0414364640883977,18.79282654818933,0.0505233548914963,0.6671285344491035,1,1,1
12990,31,3,409.5,279,0.010752688172043,20.50609665440988,0.0464984425611677,0.2589005184584417,1,1,1
12991,23,2,503.76,90,0.0222222222222222,0.0,1.0,0.2901641928832839,2,0,0
12993,23,4,414.76,276,0.0144927536231884,5.131601439446886,0.1630895305044822,0.6461444632148381,1,1,3
12994,4,3,974.42,265,0.0113207547169811,23.33452377915607,0.0410938799984472,0.0926082832475893,1,1,1
12995,85,1,211.32,1,1.0,0.0,1.0,0.0,0,3,2
12997,22,4,1226.89,295,0.0135593220338983,43.29357150124408,0.0225766395914114,0.0105707504388664,1,1,1
12999,196,3,455.88,50,0.06,22.62741699796952,0.0423237123247935,0.9609685941883508,1,0,1
13000,107,3,534.85,259,0.0115830115830115,34.64823227814083,0.0280518818492211,0.5187829719478559,1,1,1
13001,4,13,9785.97,323,0.0402476780185758,35.08776873999707,0.0277102196925705,0.526904049826468,1,1,1
13002,318,1,120.95,1,1.0,0.0,1.0,0.0,3,2,2
13003,106,3,149.05,110,0.0272727272727272,12.727922061357855,0.0728442364059494,0.3432314679298245,2,0,1
13004,12,18,5655.91,347,0.0518731988472622,11.329620210653449,0.0811054990271271,0.379057294191548,1,1,3
13005,174,2,513.7,73,0.0273972602739726,0.0,1.0,0.3567881597888906,2,0,0
13006,56,1,81.57,1,1.0,0.0,1.0,0.0,0,3,2
13008,323,1,229.47,1,1.0,0.0,1.0,0.0,3,2,2
13011,372,1,50.55,1,1.0,0.0,1.0,0.0,3,2,2
13012,9,8,1646.84,286,0.0279720279720279,32.69775003181193,0.0296755717831594,0.6687558398022753,1,1,1
13013,1,13,4810.9400000000005,371,0.0350404312668463,32.23305286456275,0.030090524757848,0.5702555005200107,1,1,1
13014,11,10,3466.28,271,0.03690036900369,19.32614809008769,0.049197712993524,0.3791717628297258,1,1,1
13015,53,5,3339.64,196,0.0255102040816326,66.71581521648372,0.0147675989250525,0.850160772197588,1,1,1
13016,73,3,789.89,50,0.06,34.64823227814083,0.0280518818492211,0.8365711704165963,1,1,1
13017,7,1,204.0,1,1.0,0.0,1.0,0.0,0,3,2
13018,16,28,7277.7,280,0.1,9.730997260934137,0.0931879839015959,0.5324633273945893,1,1,3
13021,4,9,2616.38,355,0.0253521126760563,35.59469262203486,0.0273263669769934,0.4474742900442394,1,1,1
13023,64,2,689.9,66,0.0303030303030303,0.0,1.0,0.0350529814706188,2,0,0
13026,1,5,975.36,275,0.0181818181818181,41.572226305551645,0.0234894927228551,0.5222735191364872,1,1,1
13027,114,6,6912.0,241,0.0248962655601659,34.20964776199837,0.028401306561189,0.5296749527356901,1,1,1
13028,23,2,661.3199999999999,23,0.0869565217391304,0.0,1.0,0.1081210876936788,2,0,0
13029,31,3,1247.5,323,0.0092879256965944,75.66042558696059,0.0130445401567154,0.1221627506880557,1,1,1
13030,11,2,752.44,357,0.0056022408963585,0.0,1.0,0.0982604394248916,2,0,0
13032,52,2,1010.18,35,0.0571428571428571,0.0,1.0,0.0246113310761636,2,0,0
13033,357,1,190.55,1,1.0,0.0,1.0,0.0,3,2,2
13034,55,2,642.77,315,0.0063492063492063,0.0,1.0,0.6843678587615342,2,0,0
13035,74,2,921.88,187,0.0106951871657754,0.0,1.0,0.3925336988979341,2,0,0
13037,138,3,881.07,119,0.0252100840336134,31.81980515339464,0.0304694069732028,0.1335418187075592,1,1,1
13038,80,3,908.46,211,0.0142180094786729,2.1213203435596424,0.3203772410170407,0.3300491418613985,2,1,3
13040,9,2,676.99,25,0.08,0.0,1.0,0.1472516787717388,2,0,0
13043,273,1,516.42,1,1.0,0.0,1.0,0.0,3,2,2
13044,291,1,560.47,1,1.0,0.0,1.0,0.0,3,2,2
13045,99,1,305.28000000000003,1,1.0,0.0,1.0,0.0,0,3,2
13046,31,2,629.31,236,0.0084745762711864,0.0,1.0,0.5255631180693072,2,0,0
13047,32,10,3237.54,343,0.0291545189504373,25.415437128730336,0.0378566515907611,0.6699881108646112,1,1,1
13048,14,4,1819.41,313,0.0127795527156549,18.448125469362285,0.0514188373360381,0.0406326491652956,1,1,1
13049,64,2,656.6800000000001,254,0.0078740157480314,0.0,1.0,0.7518581940910259,2,0,0
13050,15,17,5836.86,352,0.0482954545454545,17.5836097924554,0.0538108586635294,0.2068553916280525,1,1,1
13052,212,1,348.15000000000003,1,1.0,0.0,1.0,0.0,3,2,2
13055,78,3,1214.41,136,0.0220588235294117,95.45941546018392,0.0103670543225795,0.900903419011922,1,1,1
13058,25,3,271.40000000000003,128,0.0234375,42.42640687119285,0.0230274635192845,0.4761518752836668,1,1,1
13059,250,1,183.4,1,1.0,0.0,1.0,0.0,3,2,2
13060,254,1,307.53000000000003,1,1.0,0.0,1.0,0.0,3,2,2
13061,72,1,248.61,1,1.0,0.0,1.0,0.0,0,3,2
13062,191,1,346.98,1,1.0,0.0,1.0,0.0,3,2,2
13064,13,4,1105.59,315,0.0126984126984126,60.58327602014712,0.0162381747874674,0.4502558119668158,1,1,1
13065,373,1,205.86,1,1.0,0.0,1.0,0.0,3,2,2
13066,24,2,470.8,8,0.25,0.0,1.0,0.5021839918384325,2,0,0
13067,82,1,115.46,1,1.0,0.0,1.0,0.0,0,3,2
13068,10,2,344.0,310,0.0064516129032258,0.0,1.0,0.0575552031198352,2,0,0
13069,1,24,4431.44,369,0.065040650406504,14.729712382713736,0.0635739532719591,0.6825048674011615,1,1,3
13070,192,1,228.8,1,1.0,0.0,1.0,0.0,3,2,2
13072,267,1,177.15,1,1.0,0.0,1.0,0.0,3,2,2
13075,130,1,919.61,1,1.0,0.0,1.0,0.0,0,2,2
13077,1,4,728.02,366,0.0109289617486338,149.81432953270303,0.0066306696657969,0.7303201122969704,1,1,1
13078,3,26,12627.94,364,0.0714285714285714,7.706490770772389,0.1148568379991845,0.4039830625752774,1,1,3
13079,4,5,220.1,137,0.0364963503649635,20.2895703913776,0.0469713564725104,0.8879847921323525,1,1,1
13080,179,1,58.08,1,1.0,0.0,1.0,0.0,3,2,2
13081,12,11,28337.38,360,0.0305555555555555,34.500241545048155,0.0281688224214206,0.8696665938914655,1,1,1
13082,126,9,3613.63,213,0.0422535211267605,25.068121475007143,0.0383610303856667,1.0294327081859178,1,1,1
13083,4,2,303.75,72,0.0277777777777777,0.0,1.0,0.377263292046393,2,0,0
13085,158,2,416.08,138,0.0144927536231884,0.0,1.0,0.4762536155540235,2,0,0
13089,3,97,58762.08,367,0.2643051771117166,4.32849341724784,0.1876703078515763,0.9753858066433696,1,1,3
13090,9,14,8910.82,365,0.0383561643835616,21.372160180225837,0.0446984105220144,0.7073608171276149,1,1,1
13091,28,1,345.82,1,1.0,0.0,1.0,0.0,0,3,2
13092,71,5,477.83,289,0.0173010380622837,53.66174925711361,0.0182943285494995,0.6334173950627807,1,1,1
13093,276,8,7832.47,98,0.0816326530612244,8.383657572069263,0.1065682536174945,0.4986310817521767,1,0,3
13094,21,12,1927.32,348,0.0344827586206896,22.554177198268818,0.0424553144685307,0.4194334727991426,1,1,1
13095,71,1,74.39999999999999,1,1.0,0.0,1.0,0.0,0,3,2
13097,33,10,6003.22,328,0.0304878048780487,17.98610574860495,0.0526700953445114,0.3259436971632833,1,1,1
13098,1,28,28882.44,317,0.0883280757097791,9.039798046303284,0.0996035971428933,0.6605757856594545,1,1,3
13099,99,1,207.36,1,1.0,0.0,1.0,0.0,0,2,2
13101,234,1,101.19,1,1.0,0.0,1.0,0.0,3,2,2
13102,1,24,6424.09,364,0.0659340659340659,13.743845190935872,0.0678249118225124,0.3680475600261015,1,1,3
13103,40,1,243.94,1,1.0,0.0,1.0,0.0,0,3,2
13104,3,6,1098.48,352,0.0170454545454545,40.82523729263554,0.0239090096011499,0.4694569267622693,1,1,1
13106,133,1,76.5,1,1.0,0.0,1.0,0.0,0,2,2
13107,44,4,1531.62,290,0.0137931034482758,58.23229344616267,0.0168826824324963,0.49768190999678,1,1,1
13108,373,1,350.06,1,1.0,0.0,1.0,0.0,3,2,2
13109,60,2,786.54,98,0.0204081632653061,0.0,1.0,0.0842191919820425,2,0,0
13110,31,7,1488.67,280,0.025,45.49029200463178,0.0215098670470895,0.4635378345155921,1,1,1
13113,1,24,12245.96,366,0.0655737704918032,12.182732547832437,0.0758568071051721,0.713885071464632,1,1,3
13115,12,4,2294.78,173,0.0231213872832369,62.864934582006846,0.0156580446929908,0.7236622420204862,1,1,1
13116,138,1,501.14,1,1.0,0.0,1.0,0.0,0,2,2
13117,22,8,984.91,351,0.0227920227920227,35.33513023283526,0.0275215746742066,0.3998279171987967,1,1,1
13118,20,5,1197.81,270,0.0185185185185185,83.03162048280161,0.0119002822301239,0.6818156264452524,1,1,1
13120,239,1,30.6,1,1.0,0.0,1.0,0.0,3,2,2
13121,269,1,283.73,1,1.0,0.0,1.0,0.0,3,2,2
13122,94,2,922.39,147,0.0136054421768707,0.0,1.0,1.3568103427206175,2,0,0
13124,90,3,3756.33,270,0.0111111111111111,39.59797974644666,0.0246317675471899,0.0086096783631126,1,1,1
13126,5,8,2099.64,362,0.0220994475138121,59.943624308495856,0.0164086073210548,0.4378940361031572,1,1,1
13127,78,1,259.17,1,1.0,0.0,1.0,0.0,0,3,2
13130,94,1,64.0,1,1.0,0.0,1.0,0.0,0,3,2
13131,23,3,1073.3,165,0.0181818181818181,48.79036790187178,0.0200842058843756,0.2192657875124774,1,1,1
13132,262,1,77.3,1,1.0,0.0,1.0,0.0,3,2,2
13133,274,2,109.8,31,0.064516129032258,0.0,1.0,0.0656875151921928,3,0,0
13134,86,4,1793.58,155,0.0258064516129032,45.50824101193101,0.0215015657062468,0.8147730008872198,1,1,1
13135,197,1,3096.0,1,1.0,0.0,1.0,0.0,3,2,2
13136,56,5,2607.61,157,0.0318471337579617,30.04995840263344,0.0322061623089062,0.5495465099076671,1,1,1
13137,11,8,3603.29,299,0.0267558528428093,36.615115275889366,0.026585057434105,0.3894641676374896,1,1,1
13138,22,6,962.39,351,0.017094017094017,47.07228483938293,0.0208020068807038,0.2513493936147326,1,1,1
13139,16,7,5064.9400000000005,244,0.0286885245901639,35.852010636318106,0.0271355614723091,0.7340384924138703,1,1,1
13140,108,3,422.47,259,0.0115830115830115,171.82694782833104,0.0057861347004362,0.1670871476410613,1,0,1
13141,85,5,2388.75,231,0.0216450216450216,58.68205290660283,0.0167554558078776,0.6388387859095662,1,1,1
13142,19,1,307.09000000000003,1,1.0,0.0,1.0,0.0,0,3,2
13144,333,1,110.95,1,1.0,0.0,1.0,0.0,3,2,2
13145,40,4,618.52,333,0.012012012012012,116.64618867898486,0.0085000628684083,0.61343167416725,1,1,1
13146,26,1,228.91,1,1.0,0.0,1.0,0.0,0,3,2
13147,10,4,712.8,90,0.0444444444444444,23.437861108329265,0.0409201114437615,0.3849001794597505,1,1,1
13148,29,12,3683.26,336,0.0357142857142857,35.68702336093102,0.0272575943314312,0.6031999019303145,1,1,1
13149,14,4,1676.06,275,0.0145454545454545,48.0,0.0204081632653061,0.3187742917247176,1,1,1
13151,296,1,1257.87,1,1.0,0.0,1.0,0.0,3,2,2
13153,6,1,486.22,1,1.0,0.0,1.0,0.0,0,3,2
13155,33,4,971.76,336,0.0119047619047619,116.940155635265,0.0084788763811075,0.532080181055472,1,1,1
13157,49,4,1741.22,249,0.0160642570281124,22.6789182575654,0.0422316589433092,0.683432763204524,1,1,1
13158,95,4,1201.06,225,0.0177777777777777,76.95020034628456,0.0128287033972666,0.1062127114442438,1,1,1
13159,9,4,1429.35,107,0.0373831775700934,23.57965224510319,0.040684058099285,0.2242981358271545,1,1,1
13160,22,1,91.8,1,1.0,0.0,1.0,0.0,0,3,2
13161,313,1,112.75,1,1.0,0.0,1.0,0.0,3,2,2
13162,122,4,1688.29,213,0.0187793427230046,27.061657993059725,0.0356358131172193,0.7519477893257065,1,1,1
13165,46,2,1021.48,306,0.0065359477124183,0.0,1.0,0.4322331070337943,2,0,0
13166,283,1,417.2,1,1.0,0.0,1.0,0.0,3,2,2
13167,19,4,791.33,126,0.0317460317460317,26.210684844162312,0.0367502694521316,0.2754748387092553,1,1,1
13168,36,4,1299.59,282,0.0141843971631205,68.00980321492875,0.0144906948493322,0.6699599014785486,1,1,1
13169,64,2,712.88,189,0.0105820105820105,0.0,1.0,0.5902211018365549,2,0,0
13170,27,1,108.81,1,1.0,0.0,1.0,0.0,0,3,2
13171,22,3,468.41,278,0.0107913669064748,157.6848122046001,0.0063018003179198,0.219870111993958,1,1,1
13173,4,2,353.65000000000003,364,0.0054945054945054,0.0,1.0,0.08705621165803,2,0,0
13174,16,3,2742.82,353,0.0084985835694051,174.65537495307723,0.0056929655597907,0.4314509413264721,1,1,1
13176,46,1,481.49,1,1.0,0.0,1.0,0.0,0,3,2
13177,65,1,282.45,1,1.0,0.0,1.0,0.0,0,3,2
13178,26,11,5725.47,335,0.0328358208955223,19.795903055374307,0.0480863945815312,0.3906242668057286,1,1,1
13182,45,1,121.18,1,1.0,0.0,1.0,0.0,0,3,2
13183,8,9,3957.78,327,0.0275229357798165,19.300259065618786,0.0492604550891488,0.344624505385409,1,1,1
13184,15,10,1668.95,276,0.036231884057971,35.505085707699834,0.0273934434233933,0.5728299287017774,1,1,1
13185,268,1,71.4,1,1.0,0.0,1.0,0.0,3,2,2
13186,40,3,1575.89,90,0.0333333333333333,12.727922061357855,0.0728442364059494,0.7643243719977589,1,1,1
13187,337,1,236.02,1,1.0,0.0,1.0,0.0,3,2,2
13188,11,1,114.6,1,1.0,0.0,1.0,0.0,0,3,2
13189,19,2,260.68,97,0.0206185567010309,0.0,1.0,0.0362396294178774,2,0,0
13192,95,2,911.94,110,0.0181818181818181,0.0,1.0,0.0258979389999678,2,0,0
13193,61,1,112.08,1,1.0,0.0,1.0,0.0,0,3,2
13194,136,1,60.7,1,1.0,0.0,1.0,0.0,0,2,2
13196,11,4,1797.78,251,0.0159362549800796,88.95129753597378,0.0111171270164288,1.0245782013892886,1,1,1
13198,10,6,3401.24,352,0.0170454545454545,31.69384798348096,0.0305867942037677,0.3987437457339972,1,1,1
13199,4,38,9817.12,364,0.1043956043956044,9.286238971415404,0.0972172630617387,1.148737835276622,1,1,3
13200,19,4,870.09,108,0.037037037037037,28.583211855912904,0.0338029557057756,0.5162350732350833,1,1,1
13203,10,4,869.46,233,0.0171673819742489,46.13025037868319,0.0212177951944913,0.5508304633677781,1,1,1
13207,15,2,250.26,136,0.0147058823529411,0.0,1.0,0.8181484838183357,2,0,0
13208,59,6,1217.65,251,0.0239043824701195,36.156603822815,0.0269131163000956,0.662459221987229,1,1,1
13209,30,8,5891.61,332,0.0240963855421686,44.87761134463375,0.0217971243639511,0.85391123319057,1,1,1
13210,94,1,353.48,1,1.0,0.0,1.0,0.0,0,3,2
13211,10,3,1095.42,351,0.0085470085470085,128.69343417595164,0.007710490560712,0.7819678061795567,1,1,1
13212,20,3,786.83,42,0.0714285714285714,28.991378028648448,0.0333429160555669,0.8152016120406084,1,1,3
13213,57,5,1520.58,143,0.0349650349650349,32.877297131404625,0.0295182935085157,0.63201681025755,1,1,1
13216,268,1,333.74,1,1.0,0.0,1.0,0.0,3,2,2
13217,122,3,533.98,35,0.0857142857142857,10.606601717798211,0.0861578629398942,1.0694013918847285,1,1,3
13218,127,1,62.64,1,1.0,0.0,1.0,0.0,0,2,2
13220,78,4,819.2900000000001,159,0.0251572327044025,48.01388688008224,0.0204023811138791,0.9021550522882812,1,1,1
13221,240,2,847.41,120,0.0166666666666666,0.0,1.0,0.248510805363375,2,0,0
13223,200,2,163.2,32,0.0625,0.0,1.0,0.3327561323230811,2,0,0
13224,60,2,2155.95,92,0.0217391304347826,0.0,1.0,0.1761707537032593,2,0,0
13225,3,7,6463.84,359,0.0194986072423398,20.77899580505917,0.0459157992843592,0.3759861669733146,1,1,1
13226,273,1,108.21,1,1.0,0.0,1.0,0.0,3,2,2
13227,202,1,257.7,1,1.0,0.0,1.0,0.0,3,2,2
13228,81,1,358.0,1,1.0,0.0,1.0,0.0,0,3,2
13229,226,1,160.95,1,1.0,0.0,1.0,0.0,3,2,2
13230,4,14,2755.63,361,0.038781163434903,28.66808285112512,0.0337062561479963,0.5270201699868896,1,1,1
13232,13,7,1328.35,231,0.0303030303030303,31.426103799230347,0.0308393511040242,0.3615701768316439,1,1,1
13233,74,2,605.12,262,0.0076335877862595,0.0,1.0,0.0078525872051388,2,0,0
13235,212,1,1031.07,1,1.0,0.0,1.0,0.0,3,2,2
13236,25,2,744.85,83,0.0240963855421686,0.0,1.0,0.2536793637224532,2,0,0
13238,17,4,700.73,344,0.0116279069767441,98.1851991561525,0.0100821494387045,0.5255932572640357,1,1,1
13239,262,1,329.56,1,1.0,0.0,1.0,0.0,3,2,2
13240,96,4,663.65,270,0.0148148148148148,16.65332799572906,0.0566465428072221,0.3850877682415504,1,0,1
13242,112,3,270.40000000000003,102,0.0294117647058823,71.4177848998413,0.0138087626041457,0.7418192893071506,1,1,1
13243,203,1,585.12,1,1.0,0.0,1.0,0.0,3,2,2
13244,93,1,121.74,1,1.0,0.0,1.0,0.0,0,3,2
13245,51,1,430.5,1,1.0,0.0,1.0,0.0,0,3,2
13246,18,6,1961.52,313,0.0191693290734824,61.27968668327213,0.0160565997238485,0.4619576154738865,1,1,1
13247,18,4,501.12,65,0.0615384615384615,14.798648586948742,0.063296553151141,0.9661357961244352,1,1,3
13248,125,2,465.68,65,0.0307692307692307,0.0,1.0,0.9391850332835926,2,0,0
13249,92,3,711.41,169,0.0177514792899408,118.79393923933998,0.0083476677230061,0.399554206477458,1,1,1
13253,157,2,1030.4,183,0.0109289617486338,0.0,1.0,0.1062856155572324,2,0,0
13255,9,2,399.51,365,0.0054794520547945,0.0,1.0,0.1836838671160668,2,0,0
13258,12,3,672.83,194,0.0154639175257731,120.91525958289962,0.0082024186588391,0.6027494987653922,1,1,1
13259,62,1,283.18,1,1.0,0.0,1.0,0.0,0,3,2
13260,61,1,557.62,1,1.0,0.0,1.0,0.0,0,3,2
13261,269,2,944.1,18,0.1111111111111111,0.0,1.0,1.1176196789392716,2,0,0
13262,263,1,200.29,1,1.0,0.0,1.0,0.0,3,2,2
13263,1,35,7436.93,324,0.1080246913580246,8.99831634083271,0.1000168394268584,0.5120095429129269,1,1,3
13265,53,5,2092.66,221,0.0226244343891402,30.357591033106257,0.0318902047974359,0.5337114824671478,1,1,1
13266,11,12,3834.26,246,0.048780487804878,11.545168214058602,0.0797119642349124,0.0956166224329238,1,1,3
13267,3,19,4521.49,365,0.0520547945205479,19.58056926676182,0.0485895208746741,0.5340205844083012,1,1,3
13268,18,11,3174.75,250,0.044,24.4367664709461,0.0393131729672559,0.6324762869815693,1,1,1
13269,1,15,5343.28,369,0.040650406504065,27.956009399384268,0.0345351455791855,0.4487179249272122,1,1,1
13270,366,1,590.0,1,1.0,0.0,1.0,0.0,3,2,2
13271,37,1,211.49,1,1.0,0.0,1.0,0.0,0,3,2
13272,31,2,276.56,59,0.0338983050847457,0.0,1.0,0.0274088251891806,2,0,0
13273,113,1,138.98,1,1.0,0.0,1.0,0.0,0,2,2
13276,64,2,590.9300000000001,37,0.054054054054054,0.0,1.0,0.756657983205289,2,0,0
13277,16,4,258.4,118,0.0338983050847457,44.63556130859489,0.0219127358429502,0.2692222987811795,1,1,1
13278,41,1,542.73,1,1.0,0.0,1.0,0.0,0,3,2
13279,78,1,137.75,1,1.0,0.0,1.0,0.0,0,3,2
13280,122,3,798.46,215,0.013953488372093,122.32947314527271,0.0081083618902845,0.5256850701265439,1,1,1
13282,18,3,1132.14,203,0.0147783251231527,60.81118318204309,0.0161783021861084,0.1186140946966012,1,1,1
13283,60,2,93.66,126,0.0158730158730158,0.0,1.0,0.6441421158534725,2,0,0
13284,331,1,201.19,1,1.0,0.0,1.0,0.0,3,2,2
13285,23,4,2709.12,267,0.0149812734082397,42.15843134336634,0.0231704436160816,0.1856292309678732,1,1,1
13291,156,1,361.11,1,1.0,0.0,1.0,0.0,0,2,2
13292,39,2,578.94,246,0.008130081300813,0.0,1.0,0.1949325358022816,2,0,0
13294,190,2,873.74,60,0.0333333333333333,0.0,1.0,0.1514338600677852,2,0,0
13295,360,1,201.2,1,1.0,0.0,1.0,0.0,3,2,2
13296,137,1,87.4,1,1.0,0.0,1.0,0.0,0,2,2
13297,8,4,2089.85,60,0.0666666666666666,21.73323108360405,0.0439884676455531,1.0360315486514449,1,1,3
13298,1,1,360.0,1,1.0,0.0,1.0,0.0,0,3,2
13299,268,1,142.5,1,1.0,0.0,1.0,0.0,3,2,2
13300,169,1,371.89,1,1.0,0.0,1.0,0.0,3,2,2
13301,104,4,618.09,189,0.0211640211640211,7.637626158259734,0.115772549271972,0.0973366844181741,1,0,3
13302,155,1,63.75,1,1.0,0.0,1.0,0.0,0,2,2
13304,351,1,300.42,1,1.0,0.0,1.0,0.0,3,2,2
13305,4,10,2000.86,369,0.02710027100271,32.73419890233726,0.0296435081471792,0.3808884950547287,1,1,1
13307,120,1,15.0,1,1.0,0.0,1.0,0.0,0,3,2
13308,23,3,1385.51,181,0.0165745856353591,86.2670273047588,0.0114590817504043,0.6621512057464752,1,1,1
13309,7,5,1456.79,302,0.0165562913907284,40.97153483415854,0.023825671468801,0.3412097522258294,1,1,1
13310,28,3,1132.03,297,0.0101010101010101,43.1335136523794,0.0226585176942078,0.1445492060442906,1,1,1
13311,4,2,598.57,146,0.0136986301369863,0.0,1.0,0.9017067445406414,2,0,0
13313,22,5,1555.3200000000002,318,0.0157232704402515,48.586692279539534,0.020166701064927,0.02652993434703,1,1,1
13314,2,3,775.94,73,0.0410958904109589,36.06244584051392,0.0269814896810418,0.8281868383243376,1,1,1
13316,37,4,5732.93,218,0.018348623853211,43.58898943540674,0.0224270613140635,0.3679311218449673,1,1,1
13317,66,6,2273.68,293,0.0204778156996587,63.73539048283928,0.0154475008575887,0.8536806781898323,1,1,1
13318,1,3,640.76,37,0.081081081081081,19.091883092036785,0.0497713427566348,0.3721143547148564,1,1,3
13319,5,26,10845.55,361,0.0720221606648199,13.200126262022394,0.0704219090413622,0.8954256184932043,1,1,3
13320,78,4,1532.2,136,0.0294117647058823,55.48873759602033,0.0177026437933789,0.4208557322072379,1,1,1
13321,72,2,567.36,15,0.1333333333333333,0.0,1.0,0.12283637259191,2,0,0
13322,17,1,199.48,1,1.0,0.0,1.0,0.0,0,3,2
13323,3,5,787.85,82,0.0609756097560975,21.587033144922906,0.0442731895589739,0.4388566804649487,1,1,1
13324,36,10,7121.95,325,0.0307692307692307,39.75480404233486,0.0245369846205426,0.6024506749741235,1,1,1
13325,82,1,675.3,1,1.0,0.0,1.0,0.0,0,3,2
13327,39,8,3627.77,327,0.0244648318042813,27.24229904290123,0.0354078822861042,0.5698000135360319,1,1,1
13328,316,1,1308.48,1,1.0,0.0,1.0,0.0,3,2,2
13329,32,2,789.0,336,0.0059523809523809,0.0,1.0,0.3237097203606855,2,0,0
13330,93,3,1140.93,224,0.0133928571428571,26.16295090390226,0.0368148513590376,0.1047704554517869,1,1,1
13332,14,1,350.90000000000003,1,1.0,0.0,1.0,0.0,0,3,2
13334,82,3,3502.32,224,0.0133928571428571,4.242640687119285,0.1907435698305462,0.3682017148746211,1,1,3
13336,77,1,795.12,1,1.0,0.0,1.0,0.0,0,3,2
13338,158,1,487.02,1,1.0,0.0,1.0,0.0,0,2,2
13339,201,1,860.12,1,1.0,0.0,1.0,0.0,3,2,2
13340,45,7,10736.48,232,0.0301724137931034,50.693852355750856,0.0193446600403877,0.8807484836896019,1,1,1
13341,261,1,775.85,1,1.0,0.0,1.0,0.0,3,2,2
13343,178,1,353.43,1,1.0,0.0,1.0,0.0,3,2,2
13344,68,3,2511.69,210,0.0142857142857142,147.78531726798843,0.0067210933065312,0.8564403472707656,1,1,1
13345,288,1,389.5,1,1.0,0.0,1.0,0.0,3,2,2
13347,70,1,341.36,1,1.0,0.0,1.0,0.0,0,3,2
13348,64,1,233.76,1,1.0,0.0,1.0,0.0,0,3,2
13349,11,1,247.32,1,1.0,0.0,1.0,0.0,0,3,2
13350,16,2,979.12,64,0.03125,0.0,1.0,0.4535617113902273,2,0,0
13351,66,1,373.94,1,1.0,0.0,1.0,0.0,0,3,2
13352,60,1,397.98,1,1.0,0.0,1.0,0.0,0,3,2
13354,71,1,743.53,1,1.0,0.0,1.0,0.0,0,3,2
13355,122,1,674.7,1,1.0,0.0,1.0,0.0,0,3,2
13356,80,1,768.24,1,1.0,0.0,1.0,0.0,0,3,2
13357,257,1,609.4,1,1.0,0.0,1.0,0.0,3,2,2
13358,269,1,439.03,1,1.0,0.0,1.0,0.0,3,2,2
13359,64,1,439.56,1,1.0,0.0,1.0,0.0,0,3,2
13362,9,4,3090.74,279,0.014336917562724,87.18562572656879,0.0113397165554013,0.0356341896446456,1,1,1
13363,18,2,992.5,27,0.074074074074074,0.0,1.0,0.3065530537117861,2,0,0
13364,71,1,134.96,1,1.0,0.0,1.0,0.0,0,3,2
13365,34,2,2225.37,185,0.0108108108108108,0.0,1.0,0.5237566749354192,2,0,0
13366,50,1,56.16,1,1.0,0.0,1.0,0.0,0,3,2
13368,257,2,623.4,81,0.0246913580246913,0.0,1.0,1.2536002800246588,2,0,0
13369,366,1,308.28000000000003,1,1.0,0.0,1.0,0.0,3,2,2
13370,372,1,754.87,1,1.0,0.0,1.0,0.0,3,2,2
13372,90,1,378.64,1,1.0,0.0,1.0,0.0,0,3,2
13373,61,3,3312.25,216,0.0138888888888888,14.142135623730953,0.0660408825313113,0.1250733209889903,1,1,1
13375,89,1,778.65,1,1.0,0.0,1.0,0.0,0,3,2
13376,99,3,1019.76,136,0.0220588235294117,52.32590180780452,0.0187526130097933,0.231224499974023,1,1,1
13379,26,3,572.56,111,0.027027027027027,19.091883092036785,0.0497713427566348,0.4931379580101299,1,1,1
13381,32,6,3639.31,268,0.0223880597014925,25.971137826441105,0.0370766708633127,0.1874056298507314,1,1,1
13382,281,1,222.99,1,1.0,0.0,1.0,0.0,3,2,2
13384,31,7,4151.93,148,0.0472972972972973,18.58404333471773,0.0510619785152968,0.6842509340850674,1,1,1
13385,330,1,534.57,1,1.0,0.0,1.0,0.0,3,2,2
13388,131,2,677.1,1,2.0,0.0,1.0,1.1811220935193991,2,0,3
13389,11,3,797.96,222,0.0135135135135135,66.46803743153546,0.014821833242367,0.1981062475192077,1,1,1
13390,75,1,544.08,1,1.0,0.0,1.0,0.0,0,3,2
13391,204,1,59.8,1,1.0,0.0,1.0,0.0,3,2,2
13394,2,8,2520.02,309,0.0258899676375404,13.04935685333627,0.0711776354205518,0.076008195175815,1,1,1
13395,185,1,307.72,1,1.0,0.0,1.0,0.0,3,2,2
13396,29,2,1360.99,291,0.0068728522336769,0.0,1.0,0.609384009914622,2,0,0
13397,73,5,1544.13,267,0.0187265917602996,33.59563463705764,0.0289053809965039,0.1518349797653032,1,1,1
13398,192,1,457.34,1,1.0,0.0,1.0,0.0,3,2,2
13402,127,2,621.23,245,0.0081632653061224,0.0,1.0,0.0106311307185459,2,0,0
13403,18,1,75.0,1,1.0,0.0,1.0,0.0,0,3,2
13404,1,2,252.49,212,0.0094339622641509,0.0,1.0,1.0257235125247928,2,0,0
13405,74,3,572.451,244,0.0122950819672131,12.020815280171307,0.07680010648203,1.011687415142575,1,1,3
13408,2,62,28117.04,372,0.1666666666666666,6.242635004809962,0.1380712957833554,0.6225353675348446,1,1,3
13410,24,5,1003.06,268,0.0186567164179104,36.12478373637688,0.0269361838469147,0.2944522527094918,1,1,1
13411,107,1,213.55,1,1.0,0.0,1.0,0.0,0,2,2
13414,134,3,1390.5,163,0.0184049079754601,82.02438661763951,0.0120446538750764,0.1542450637072418,1,1,1
13416,44,2,712.5,38,0.0526315789473684,0.0,1.0,0.3225399352780743,2,0,0
13417,5,2,640.83,201,0.0099502487562189,0.0,1.0,0.3725819261511628,2,0,0
13418,12,18,6127.43,361,0.0498614958448753,27.386664852893382,0.0352278087328061,0.7156610299808857,1,1,1
13419,64,1,221.06,1,1.0,0.0,1.0,0.0,0,3,2
13420,150,2,159.85,21,0.0952380952380952,0.0,1.0,0.4268739717516536,2,0,0
13421,40,2,1833.71,250,0.008,0.0,1.0,0.1416211050049197,2,0,0
13422,64,1,2626.3,1,1.0,0.0,1.0,0.0,0,3,2
13425,108,3,1624.21,187,0.0160427807486631,46.66904755831214,0.0209779731549435,0.3732293396241861,1,1,1
13426,1,10,3641.32,359,0.0278551532033426,30.64718584144391,0.0315983861885892,0.3491811202328028,1,1,1
13427,19,3,582.6,196,0.0153061224489795,4.949747468305833,0.1680743603534397,0.3532487171406816,1,1,3
13428,10,1,201.78,1,1.0,0.0,1.0,0.0,0,3,2
13429,11,4,1006.8,65,0.0615384615384615,15.143755588800731,0.0619434551334338,0.3284337003001033,1,1,3
13430,19,2,679.45,68,0.0294117647058823,0.0,1.0,0.0142160256545855,2,0,0
13431,67,2,1269.1,22,0.0909090909090909,0.0,1.0,0.4883722605355234,2,0,0
13434,74,2,534.24,23,0.0869565217391304,0.0,1.0,1.028576710459138,2,0,0
13435,5,7,3809.89,184,0.0380434782608695,17.255916859635906,0.0547767612927189,0.4312340309074305,1,1,1
13436,2,1,196.89,1,1.0,0.0,1.0,0.0,0,3,2
13437,14,7,3408.06,176,0.0397727272727272,22.49814807193398,0.0425565451770385,0.8926617182117876,1,1,1
13439,255,1,283.71,1,1.0,0.0,1.0,0.0,3,2,2
13441,92,1,296.64,1,1.0,0.0,1.0,0.0,0,3,2
13447,23,3,1129.14,13,0.2307692307692307,5.656854249492381,0.1502211048223348,0.3562959786267942,1,1,3
13448,17,6,3534.69,358,0.0167597765363128,68.76408946535975,0.0143340220973791,0.691689693171673,1,1,1
13449,24,1,291.88,1,1.0,0.0,1.0,0.0,0,3,2
13450,27,6,2043.72,192,0.03125,17.59829537199555,0.0537683685519778,0.2375835480964162,1,1,1
13451,26,5,2898.26,309,0.0161812297734627,18.59211302317912,0.0510409468757614,0.2762178353423642,1,1,1
13452,259,2,590.0,12,0.1666666666666666,0.0,1.0,0.0,3,0,0
13453,166,2,356.98,124,0.0161290322580645,0.0,1.0,0.0515800901509824,2,0,0
13455,25,2,1058.34,342,0.0058479532163742,0.0,1.0,0.4376774101136532,2,0,0
13456,18,6,1766.72,190,0.031578947368421,33.61993456269658,0.0288850921479647,0.3955348876982457,1,1,1
13458,7,14,9646.57,353,0.0396600566572237,8.836840136029597,0.1016586613354912,0.5002068915755806,1,1,3
13460,29,2,183.44,21,0.0952380952380952,0.0,1.0,0.2426921224569615,2,0,0
13461,39,3,1445.0,125,0.024,52.32590180780452,0.0187526130097933,0.3130273560650048,1,1,1
13462,253,1,151.5,1,1.0,0.0,1.0,0.0,3,2,2
13464,58,1,674.68,1,1.0,0.0,1.0,0.0,0,3,2
13466,184,1,307.90000000000003,1,1.0,0.0,1.0,0.0,3,2,2
13467,11,2,1071.91,26,0.0769230769230769,0.0,1.0,0.6193113118765143,2,0,0
13468,2,37,5704.97,372,0.0994623655913978,5.962315519092089,0.1436303765978137,0.4708274008761204,1,1,3
13470,99,2,165.0,16,0.125,0.0,1.0,0.565685424949238,2,0,0
13471,1,4,2501.84,47,0.0851063829787234,10.535653752852738,0.0866877613895703,0.6131804223352287,1,1,3
13473,61,2,422.64,273,0.0073260073260073,0.0,1.0,0.2003669981897144,2,0,0
13474,236,1,226.84,1,1.0,0.0,1.0,0.0,3,2,2
13475,191,4,1431.78,108,0.037037037037037,9.018499505645789,0.0998153465433085,0.5031656023055018,1,0,3
13476,179,2,1238.47,103,0.0194174757281553,0.0,1.0,0.2474848041318085,2,0,0
13477,38,6,1454.58,254,0.0236220472440944,27.94279871451677,0.034550908841391,0.5684648077455489,1,1,1
13479,201,2,300.95,34,0.0588235294117647,0.0,1.0,0.0575647653732195,3,0,0
13481,46,5,1804.56,212,0.0235849056603773,36.09593698280551,0.0269571301154494,0.6517772777121981,1,1,1
13482,232,1,184.64,1,1.0,0.0,1.0,0.0,3,2,2
13483,66,1,140.34,1,1.0,0.0,1.0,0.0,0,3,2
13484,241,1,313.8,1,1.0,0.0,1.0,0.0,3,2,2
13485,233,1,454.24,1,1.0,0.0,1.0,0.0,3,2,2
13486,78,3,1122.41,77,0.0389610389610389,16.97056274847714,0.0556465600992234,0.5790412650321075,1,1,1
13487,58,3,575.4,296,0.0101351351351351,10.606601717798211,0.0861578629398942,0.1280127797615576,1,1,3
13488,17,13,8968.31,351,0.037037037037037,16.781122149786665,0.0562394201882246,0.5481630659966599,1,1,1
13489,105,4,449.52,190,0.0210526315789473,63.67364708679199,0.0154622484589124,0.5029304199181024,1,1,1
13491,52,10,1215.82,321,0.0311526479750778,35.83992187491485,0.0271444658160614,0.3115592281329129,1,1,1
13492,136,3,1269.84,79,0.0379746835443038,19.091883092036785,0.0497713427566348,0.3528760983777019,1,0,1
13493,275,2,618.63,12,0.1666666666666666,0.0,1.0,0.5942106449212593,3,0,0
13494,312,1,316.26000000000005,1,1.0,0.0,1.0,0.0,3,2,2
13495,8,5,2044.87,361,0.0138504155124653,87.8877124517415,0.011250148894797,0.4345827106695504,1,1,1
13496,11,2,653.33,350,0.0057142857142857,0.0,1.0,0.7547826168458123,2,0,0
13497,283,2,348.05,86,0.0232558139534883,0.0,1.0,0.1667963417193379,3,0,0
13499,18,5,1159.11,253,0.0197628458498023,61.0163912403872,0.0161247692746875,0.3482367416996644,1,1,1
13500,23,3,1166.77,100,0.03,52.32590180780452,0.0187526130097933,0.2436866581354047,1,1,1
13501,288,1,1340.32,1,1.0,0.0,1.0,0.0,3,2,2
13502,17,3,292.0,308,0.0097402597402597,148.492424049175,0.0066893021928057,0.2114399869473966,1,1,1
13503,71,1,216.85,1,1.0,0.0,1.0,0.0,0,3,2
13504,64,1,295.93,1,1.0,0.0,1.0,0.0,0,3,2
13505,73,4,4393.63,160,0.025,35.72580766523457,0.0272288089377166,0.4515218950074099,1,1,1
13506,316,2,458.52,54,0.037037037037037,0.0,1.0,0.4432756982994443,3,0,0
13507,3,4,2479.16,143,0.0279720279720279,43.2087954009366,0.0226199332266541,0.671586136371397,1,1,1
13508,244,1,110.97,1,1.0,0.0,1.0,0.0,3,2,2
13509,9,7,979.72,276,0.0253623188405797,32.830879772961715,0.029558793821236,0.7367190268303558,1,1,1
13510,1,4,1791.56,183,0.0218579234972677,24.43358344574123,0.0393180930297671,0.3138460765707709,1,1,1
13512,261,1,251.21,1,1.0,0.0,1.0,0.0,3,2,2
13513,127,1,205.1,1,1.0,0.0,1.0,0.0,0,2,2
13514,74,1,152.20000000000002,1,1.0,0.0,1.0,0.0,0,3,2
13515,73,4,891.12,176,0.0227272727272727,36.47373484212075,0.0266853572032001,0.4534519573451152,1,1,1
13516,21,3,1389.41,218,0.0137614678899082,81.31727983645297,0.0121481176490135,0.6729179097981973,1,1,1
13517,60,3,2128.42,121,0.024793388429752,18.384776310850235,0.051586873325965,0.478988704550556,1,1,1
13518,86,1,627.16,1,1.0,0.0,1.0,0.0,0,3,2
13519,78,1,122.75,1,1.0,0.0,1.0,0.0,0,3,2
13520,59,6,3624.35,313,0.0191693290734824,14.652644812456211,0.0638869668341423,0.3128585688661268,1,1,1
13521,1,3,1071.73,9,0.3333333333333333,0.7071067811865476,0.585786437626905,0.2123142726127113,2,1,3
13522,30,1,125.8,1,1.0,0.0,1.0,0.0,0,3,2
13523,33,5,3964.88,334,0.0149700598802395,88.65288113385449,0.0111541312153367,0.7466460927956684,1,1,1
13524,41,5,680.1800000000001,180,0.0277777777777777,21.34439817219809,0.0447539464832955,0.3817391675763628,1,1,1
13525,15,2,628.78,234,0.0085470085470085,0.0,1.0,0.1417407339622005,2,0,0
13527,34,7,2242.36,294,0.0238095238095238,48.911143924467765,0.0200356057058787,0.5794612269420881,1,1,1
13529,79,2,307.76,126,0.0158730158730158,0.0,1.0,0.2501617700012713,2,0,0
13531,205,2,483.8,162,0.0123456790123456,0.0,1.0,0.3715306816403894,2,0,0
13532,34,1,210.31,1,1.0,0.0,1.0,0.0,0,3,2
13533,183,3,269.09,85,0.0352941176470588,59.39696961966999,0.0165571220923362,0.690943064024722,1,0,1
13534,2,25,5870.08,356,0.0702247191011236,14.846985250026105,0.0631034852511365,0.536896352409085,1,1,3
13536,1,7,3444.39,75,0.0933333333333333,9.806460455570434,0.0925372377117733,0.2598920762507375,1,1,3
13538,43,7,1280.85,273,0.0256410256410256,24.33926868252208,0.0394644380833988,0.5230909555157207,1,1,1
13539,86,3,631.34,224,0.0133928571428571,60.81118318204309,0.0161783021861084,0.4341202240085438,1,1,1
13544,40,2,276.06,201,0.0099502487562189,0.0,1.0,0.2563473399302677,2,0,0
13546,12,3,621.09,189,0.0158730158730158,75.66042558696059,0.0130445401567154,0.1158005516260871,1,1,1
13548,96,2,678.16,148,0.0135135135135135,0.0,1.0,0.2421947079361968,2,0,0
13549,26,7,918.2,217,0.032258064516129,26.028189846139256,0.0369984081691227,0.4169539833148413,1,1,1
13551,319,1,91.8,1,1.0,0.0,1.0,0.0,3,2,2
13552,66,12,3740.07,250,0.048,23.963988133712785,0.0400577021044783,0.5714334578329109,1,1,1
13555,74,4,4098.88,129,0.0310077519379844,73.90083445627211,0.0133509861039506,0.4586177862237451,1,1,1
13557,28,2,584.0600000000001,253,0.0079051383399209,0.0,1.0,0.2486726241408706,2,0,0
13558,6,4,594.52,63,0.0634920634920634,16.258331197676263,0.0579430298645934,0.2312790125571124,1,1,3
13560,7,1,171.42000000000002,1,1.0,0.0,1.0,0.0,0,3,2
13561,216,1,141.86,1,1.0,0.0,1.0,0.0,3,2,2
13562,82,3,1799.3300000000002,164,0.0182926829268292,31.81980515339464,0.0304694069732028,0.0149329226240683,1,1,1
13563,84,2,777.53,56,0.0357142857142857,0.0,1.0,0.2833228899346096,2,0,0
13564,144,3,1724.67,224,0.0133928571428571,138.59292911256333,0.0071636866305286,0.0958833724743847,1,1,1
13565,19,2,240.22,316,0.0063291139240506,0.0,1.0,0.1169189965395457,2,0,0
13566,41,2,856.84,42,0.0476190476190476,0.0,1.0,0.4584756119648921,2,0,0
13568,173,1,187.05,1,1.0,0.0,1.0,0.0,3,2,2
13569,17,2,338.62,351,0.0056980056980056,0.0,1.0,0.4969084213902039,2,0,0
13570,243,1,239.49,1,1.0,0.0,1.0,0.0,3,2,2
13571,13,12,2088.94,241,0.0497925311203319,12.102591758492364,0.0763207782423547,0.3158670207942535,1,1,3
13572,206,1,1384.25,1,1.0,0.0,1.0,0.0,3,2,2
13573,50,2,290.25,203,0.0098522167487684,0.0,1.0,1.1046213840675432,2,0,0
13575,23,5,732.07,153,0.0326797385620915,20.62967118820204,0.0462327878819282,0.4541354031762819,1,1,1
13576,10,18,6717.34,363,0.0495867768595041,7.915453983487358,0.1121647873290734,0.2592327000951581,1,1,3
13577,25,4,1687.6,217,0.0184331797235023,18.448125469362285,0.0514188373360381,0.1608853389618252,1,1,1
13579,15,2,467.04,355,0.0056338028169014,0.0,1.0,0.4167787656839518,2,0,0
13581,309,1,118.0,1,1.0,0.0,1.0,0.0,3,2,2
13583,156,1,781.03,1,1.0,0.0,1.0,0.0,0,2,2
13584,307,1,142.4,1,1.0,0.0,1.0,0.0,3,2,2
13587,64,1,712.4,1,1.0,0.0,1.0,0.0,0,3,2
13588,16,9,2478.95,240,0.0375,37.1098754665501,0.0262399178102201,0.6094212815269494,1,1,1
13589,15,2,379.65,165,0.0121212121212121,0.0,1.0,0.3190501557151471,2,0,0
13590,11,6,1981.92,292,0.0205479452054794,24.913851568956577,0.038589400627653,0.352003635075524,1,1,1
13591,65,3,1117.13,203,0.0147783251231527,54.44722215136416,0.0180351686017763,0.2119921870155775,1,1,1
13592,36,4,247.96,229,0.0174672489082969,84.32674546073743,0.011719654776475,0.4749505407686633,1,1,1
13593,108,5,2011.88,228,0.0219298245614035,41.93944046678099,0.0232886127329401,0.6026659433027062,1,1,1
13594,53,1,396.97,1,1.0,0.0,1.0,0.0,0,3,2
13596,6,2,664.11,8,0.25,0.0,1.0,0.1985320661035727,2,0,0
13598,47,1,160.04,1,1.0,0.0,1.0,0.0,0,3,2
13599,1,21,5149.92,366,0.0573770491803278,22.90133298809436,0.041838670692472,0.6753625626266236,1,1,3
13600,312,1,219.52,1,1.0,0.0,1.0,0.0,3,2,2
13601,45,2,693.32,167,0.0119760479041916,0.0,1.0,0.1082710089003113,2,0,0
13602,65,1,428.89,1,1.0,0.0,1.0,0.0,0,3,2
13603,26,1,164.34,1,1.0,0.0,1.0,0.0,0,3,2
13606,29,3,276.75,283,0.0106007067137809,103.23759005323592,0.0095934681479999,0.8209519550492427,1,1,1
13607,40,1,675.51,1,1.0,0.0,1.0,0.0,0,3,2
13610,12,7,1082.33,274,0.0255474452554744,8.750238091998792,0.1025615980414485,0.3213856560265693,1,1,3
13611,89,3,1154.4,271,0.011070110701107,76.36753236814714,0.0129253185333814,0.3016587073190381,1,1,1
13614,24,4,1585.46,307,0.013029315960912,55.89573627150226,0.0175760094786026,0.4324311128642373,1,1,1
13615,319,1,417.69,1,1.0,0.0,1.0,0.0,3,2,2
13617,40,3,544.18,141,0.0212765957446808,4.242640687119285,0.1907435698305462,0.285575429444924,2,1,3
13618,174,1,177.34,1,1.0,0.0,1.0,0.0,3,2,2
13621,117,1,213.85,1,1.0,0.0,1.0,0.0,0,2,2
13623,31,5,727.74,267,0.0187265917602996,75.80842081633588,0.0130194058069648,0.2479467635153436,1,1,1
13626,253,1,257.23,1,1.0,0.0,1.0,0.0,3,2,2
13627,59,5,1638.47,299,0.0167224080267558,62.1825270205921,0.0158271605640921,0.1603812673190789,1,1,1
13629,23,11,7792.36,316,0.0348101265822784,18.0,0.0526315789473684,0.22564359259723,1,1,1
13630,5,7,2031.78,281,0.0249110320284697,22.569152989571112,0.042428338449094,0.4999358496243095,1,1,1
13631,100,11,3070.42,168,0.0654761904761904,20.89258241577618,0.0456775715632059,0.9966399562280472,1,1,1
13632,25,5,2118.93,219,0.0228310502283105,55.174722473248565,0.0178016010755766,0.6108250868061808,1,1,1
13634,33,5,1547.36,294,0.0170068027210884,49.34234151990222,0.01986399459796,0.5473997592861538,1,1,1
13635,68,1,1071.03,1,1.0,0.0,1.0,0.0,0,3,2
13636,37,5,949.12,249,0.0200803212851405,56.3108929663406,0.0174486899128811,0.43651893976376,1,1,1
13637,52,3,804.3,175,0.0171428571428571,67.88225099390856,0.0145175278910155,0.5425708741998667,1,1,1
13638,16,1,122.64,1,1.0,0.0,1.0,0.0,0,3,2
13639,74,1,1033.34,1,1.0,0.0,1.0,0.0,0,3,2
13642,216,1,312.28,1,1.0,0.0,1.0,0.0,3,2,2
13643,31,3,519.44,155,0.0193548387096774,13.435028842544405,0.0692759266994117,0.4971612487854517,1,1,1
13644,16,4,2624.26,90,0.0444444444444444,1.5275252316519463,0.39564392373896,0.2901814960063141,1,1,3
13645,120,1,252.1,1,1.0,0.0,1.0,0.0,0,2,2
13647,10,4,1648.12,226,0.0176991150442477,25.423086620891127,0.0378456920778271,0.1122872069424667,1,1,1
13649,257,2,346.6,110,0.0181818181818181,0.0,1.0,0.1999320962385506,3,0,0
13650,17,6,1836.34,251,0.0239043824701195,44.90211576306845,0.0217854881714313,0.4780085244455712,1,1,1
13651,35,2,94.2,5,0.4,0.0,1.0,0.9638270775408992,2,0,3
13652,46,3,1095.08,323,0.0092879256965944,69.29646455628166,0.0142254664770426,0.2196540939341042,1,1,1
13654,43,6,2707.33,231,0.0259740259740259,37.459311259018094,0.0260015056760933,0.5892836711389138,1,1,1
13655,114,2,932.97,128,0.015625,0.0,1.0,0.2511257177383525,2,0,0
13656,165,2,379.65,173,0.0115606936416184,0.0,1.0,0.2020837238475975,2,0,0
13657,11,2,382.14,191,0.0104712041884816,0.0,1.0,0.2866619106647301,2,0,0
13658,10,5,2639.17,195,0.0256410256410256,58.4144673860851,0.016830917518823,0.8043621024627862,1,1,1
13659,206,2,1563.0,116,0.0172413793103448,0.0,1.0,0.4590991436648166,2,0,0
13662,86,3,881.26,174,0.0172413793103448,55.86143571373726,0.0175866118652788,0.233860611801342,1,1,1
13663,179,1,189.47,1,1.0,0.0,1.0,0.0,3,2,2
13666,60,3,84.65,228,0.0131578947368421,160.51323932934628,0.0061914429068001,0.4736928347153589,1,1,1
13667,149,1,299.05,1,1.0,0.0,1.0,0.0,0,2,2
13668,3,21,6309.83,360,0.0583333333333333,11.861037497888445,0.07775422473997,0.7206104656199054,1,1,3
13669,51,2,218.55,99,0.0202020202020202,0.0,1.0,0.79106661175983,2,0,0
13670,75,1,349.7,1,1.0,0.0,1.0,0.0,0,3,2
13672,301,2,186.39,31,0.064516129032258,0.0,1.0,0.4714045207910316,3,0,0
13673,19,2,387.44,14,0.1428571428571428,0.0,1.0,0.0759230902781344,2,0,0
13675,151,2,486.8200000000001,134,0.0149253731343283,0.0,1.0,0.377824690691107,2,0,0
13678,152,1,232.6,1,1.0,0.0,1.0,0.0,0,2,2
13680,1,4,3719.12,338,0.0118343195266272,161.8528137949209,0.0061405141040994,0.436906973312378,1,1,1
13681,18,4,827.83,138,0.0289855072463768,39.1066916694999,0.0249334950945473,0.4266902423238993,1,1,1
13682,187,1,59.5,1,1.0,0.0,1.0,0.0,3,2,2
13684,286,1,65.13,1,1.0,0.0,1.0,0.0,3,2,2
13685,3,7,3119.44,58,0.1206896551724138,15.980196077228422,0.0588921350172785,1.33139328704255,1,1,3
13686,183,1,72.0,1,1.0,0.0,1.0,0.0,3,2,2
13689,63,1,910.0,1,1.0,0.0,1.0,0.0,0,3,2
13690,59,1,172.25,1,1.0,0.0,1.0,0.0,0,3,2
13692,25,3,1488.32,212,0.0141509433962264,118.08683245815344,0.0083972340128485,0.8740326604220061,1,1,1
13694,4,50,65039.62,370,0.1351351351351351,7.505553499465135,0.1175702439662373,0.729296936505339,1,1,3
13695,31,15,2504.13,229,0.0655021834061135,8.07145288336317,0.1102359250340126,0.682531379962687,1,1,3
13697,39,1,151.3,1,1.0,0.0,1.0,0.0,0,3,2
13699,155,1,308.58000000000004,1,1.0,0.0,1.0,0.0,0,2,2
13700,26,10,2248.63,301,0.0332225913621262,30.226000580809743,0.0320245942932108,0.5906898952420017,1,1,1
13703,318,1,99.5,1,1.0,0.0,1.0,0.0,3,2,2
13704,5,9,2308.06,84,0.1071428571428571,8.078852464481397,0.1101460789138533,0.5132817810502605,1,1,3
13705,8,3,711.86,367,0.0081743869209809,64.34671708797582,0.0153029875801366,0.2968601597896639,1,1,1
13706,303,1,330.79,1,1.0,0.0,1.0,0.0,3,2,2
13707,267,2,806.41,49,0.0408163265306122,0.0,1.0,0.632056534535642,2,0,0
13708,271,1,285.33,1,1.0,0.0,1.0,0.0,3,2,2
13709,4,13,6307.650000000001,312,0.0416666666666666,40.93971917417859,0.023843745730555,0.6684118613464617,1,1,1
13710,32,1,180.48,1,1.0,0.0,1.0,0.0,0,3,2
13711,219,2,252.06,1,2.0,0.0,1.0,0.5041705574658665,3,2,3
13712,247,1,228.84,1,1.0,0.0,1.0,0.0,3,2,2
13715,281,5,1077.39,92,0.0543478260869565,24.85290056847825,0.038680379300235,0.7468904620949409,1,0,3
13716,269,1,138.28,1,1.0,0.0,1.0,0.0,3,2,2
13717,32,6,1445.01,267,0.0224719101123595,20.0074985942771,0.047602050073321,0.2319980649705972,1,1,1
13718,246,2,306.55,50,0.04,0.0,1.0,0.3619150349638534,3,0,0
13719,15,5,1041.68,220,0.0227272727272727,62.63319141371184,0.015715069098114,0.4155586202130281,1,1,1
13720,117,4,799.9,139,0.0287769784172661,25.423086620891123,0.0378456920778271,0.3430136298299975,1,0,1
13721,36,1,524.14,1,1.0,0.0,1.0,0.0,0,3,2
13722,132,3,2375.41,152,0.0197368421052631,106.77312395916869,0.0092787511697152,0.8164560505410731,1,1,1
13723,217,1,199.85,1,1.0,0.0,1.0,0.0,3,2,2
13725,50,8,1980.56,259,0.0308880308880308,41.13740043179338,0.0237318863943368,1.1504746242790924,1,1,1
13726,39,2,1079.66,62,0.032258064516129,0.0,1.0,0.647468428839654,2,0,0
13727,29,2,333.48,5,0.4,0.0,1.0,0.4778504984053027,2,0,3
13728,37,6,1016.14,274,0.0218978102189781,16.34013463836819,0.0576696790916097,0.1653002537519152,1,1,1
13730,136,2,752.6,26,0.0769230769230769,0.0,1.0,0.2613833464338261,2,0,0
13731,219,2,610.59,28,0.0714285714285714,0.0,1.0,0.0130862061733863,3,0,0
13732,28,1,491.86,1,1.0,0.0,1.0,0.0,0,3,2
13735,25,4,2883.54,210,0.019047619047619,57.83885660465059,0.0169955715951312,0.3882976188767353,1,1,1
13736,5,2,729.8,256,0.0078125,0.0,1.0,0.0285633158528082,2,0,0
13737,200,1,339.6,1,1.0,0.0,1.0,0.0,3,2,2
13739,18,1,216.9,1,1.0,0.0,1.0,0.0,0,3,2
13740,241,1,350.75,1,1.0,0.0,1.0,0.0,3,2,2
13741,72,3,668.4300000000001,146,0.0205479452054794,55.86143571373726,0.0175866118652788,0.3313198675755268,1,1,1
13742,17,12,3107.87,304,0.0394736842105263,26.032497173550396,0.0369925128847673,0.5429121781727237,1,1,1
13743,3,7,1341.6,257,0.0272373540856031,28.329607598176626,0.0340952396533995,0.3348013647783731,1,1,1
13744,95,2,1080.52,198,0.0101010101010101,0.0,1.0,0.7252471209993147,2,0,0
13745,162,1,300.04,1,1.0,0.0,1.0,0.0,0,2,2
13747,374,1,79.6,1,1.0,0.0,1.0,0.0,3,2,2
13748,96,5,948.25,279,0.017921146953405,72.20053093064251,0.0136611030997507,0.5889731496260251,1,1,1
13750,54,5,1647.26,284,0.0176056338028169,44.128599947577456,0.0221588970444823,0.0664262634680448,1,1,1
13751,288,1,296.25,1,1.0,0.0,1.0,0.0,3,2,2
13752,124,6,1175.38,123,0.048780487804878,10.606601717798211,0.0861578629398942,0.4053531726529057,1,0,3
13753,288,1,741.26,1,1.0,0.0,1.0,0.0,3,2,2
13754,152,2,282.6,166,0.0120481927710843,0.0,1.0,0.1471262517118507,2,0,0
13755,4,9,2108.06,60,0.15,4.7207747548166585,0.1748014985484336,0.6857404109192653,1,1,3
13756,2,14,5189.52,366,0.0382513661202185,39.64974860074858,0.0246003981432147,0.4349343871331531,1,1,1
13758,12,7,3190.55,362,0.0193370165745856,55.97291011432822,0.0175522015286438,0.4483024414579053,1,1,1
13759,33,2,659.4100000000001,38,0.0526315789473684,0.0,1.0,0.9895698879522148,2,0,0
13760,54,2,286.79,203,0.0098522167487684,0.0,1.0,0.0819069258726494,2,0,0
13761,50,2,1070.65,130,0.0153846153846153,0.0,1.0,0.1152214533655304,2,0,0
13762,219,1,306.72,1,1.0,0.0,1.0,0.0,3,2,2
13763,63,1,1714.96,1,1.0,0.0,1.0,0.0,0,3,2
13764,71,3,1519.42,267,0.0112359550561797,84.8528137423857,0.0116478418867045,0.131516197682695,1,1,1
13767,2,37,17220.36,372,0.0994623655913978,11.42716757250714,0.0804688593893526,0.716475833220845,1,1,3
13769,2,10,2796.51,366,0.0273224043715847,26.01815605388753,0.0370121483496322,0.3711809608710582,1,1,1
13771,64,4,2634.45,183,0.0218579234972677,68.5297988712453,0.0143823226333761,0.3936183810265544,1,1,1
13772,34,3,1122.63,206,0.0145631067961165,55.86143571373726,0.0175866118652788,0.3379844377100043,1,1,1
13774,82,1,345.0,1,1.0,0.0,1.0,0.0,0,3,2
13777,1,33,25977.16,373,0.0884718498659517,11.892622747167742,0.0775637369998808,1.6396064887685455,1,1,3
13778,103,1,178.7,1,1.0,0.0,1.0,0.0,0,2,2
13780,7,2,360.01,164,0.0121951219512195,0.0,1.0,0.5006569776518733,2,0,0
13781,251,1,127.84,1,1.0,0.0,1.0,0.0,3,2,2
13782,13,6,908.86,316,0.0189873417721519,37.69350076604719,0.0258441335160214,0.2037817710366373,1,1,1
13784,10,11,2462.79,323,0.0340557275541795,19.124155754786493,0.0496915255568995,0.7443996128708609,1,1,1
13786,367,1,230.4,1,1.0,0.0,1.0,0.0,3,2,2
13787,76,2,309.04,289,0.0069204152249134,0.0,1.0,0.4404087278112434,2,0,0
13790,4,1,348.79999999999995,1,1.0,0.0,1.0,0.0,0,3,2
13791,128,2,1516.0,41,0.048780487804878,0.0,1.0,0.3339633610353351,2,0,0
13792,66,2,195.55,222,0.009009009009009,0.0,1.0,0.3352022429864124,2,0,0
13798,1,57,37153.85,371,0.1536388140161725,4.804455453825356,0.1722814496476085,0.85629221490755,1,1,3
13799,117,2,688.86,178,0.0112359550561797,0.0,1.0,0.0112092530420653,2,0,0
13800,310,1,558.32,1,1.0,0.0,1.0,0.0,3,2,2
13801,67,1,324.8,1,1.0,0.0,1.0,0.0,0,3,2
13802,139,3,4599.42,173,0.0173410404624277,42.42640687119285,0.0230274635192845,0.3903267049436014,1,0,1
13803,255,1,277.07,1,1.0,0.0,1.0,0.0,3,2,2
13804,31,7,2588.39,260,0.0269230769230769,47.71582546702928,0.020527210417009,0.6925530755494802,1,1,1
13805,52,2,924.6,77,0.0259740259740259,0.0,1.0,0.116061567286254,2,0,0
13806,64,1,256.38,1,1.0,0.0,1.0,0.0,0,3,2
13807,367,1,112.6,1,1.0,0.0,1.0,0.0,3,2,2
13808,6,5,1747.66,92,0.0543478260869565,15.47847968417226,0.0606852099930377,0.680001407621772,1,1,1
13809,305,1,155.05,1,1.0,0.0,1.0,0.0,3,2,2
13810,29,3,1499.01,28,0.1071428571428571,19.091883092036785,0.0497713427566348,0.442950439727261,1,1,3
13811,184,3,814.5,56,0.0535714285714285,33.94112549695428,0.028619570370942,0.2070717937227642,1,0,1
13812,42,3,539.0,64,0.046875,14.142135623730953,0.0660408825313113,0.4806246215585686,1,1,1
13813,40,4,1366.86,96,0.0416666666666666,13.503086067019396,0.0689508422813569,0.1869205051779955,1,1,1
13814,92,2,1579.12,45,0.0444444444444444,0.0,1.0,0.3081121346058815,2,0,0
13815,22,4,4027.36,297,0.0134680134680134,84.59511412211306,0.0116829098279297,0.7563454681581478,1,1,1
13816,24,2,571.6700000000001,41,0.048780487804878,0.0,1.0,0.4247810988771216,2,0,0
13817,29,2,382.98,323,0.0061919504643962,0.0,1.0,0.463723795401361,2,0,0
13819,302,3,1140.35,19,0.1578947368421052,2.1213203435596424,0.3203772410170407,0.168033516360593,3,0,3
13821,145,2,385.64,117,0.017094017094017,0.0,1.0,0.5671669680443493,2,0,0
13822,6,2,632.0,35,0.0571428571428571,0.0,1.0,0.6819552615013045,2,0,0
13823,19,2,957.66,73,0.0273972602739726,0.0,1.0,0.5067871795159019,2,0,0
13824,33,5,1698.94,278,0.0179856115107913,26.595739007091595,0.0362374785376473,0.6274502456569535,1,1,1
13826,176,1,189.5,1,1.0,0.0,1.0,0.0,3,2,2
13827,58,3,409.8,86,0.0348837209302325,47.37615433949868,0.0206713413592595,0.3262769982372727,1,1,1
13828,22,1,209.49,1,1.0,0.0,1.0,0.0,0,3,2
13831,16,6,2198.45,354,0.0169491525423728,48.95406009719725,0.0200183928604455,0.1041042131127551,1,1,1
13832,19,1,52.2,1,1.0,0.0,1.0,0.0,0,3,2
13833,159,1,383.85,1,1.0,0.0,1.0,0.0,0,2,2
13835,25,4,834.57,191,0.0209424083769633,37.634204300520736,0.0258837995528879,0.4634356426884526,1,1,1
13837,212,2,266.59000000000003,106,0.0188679245283018,0.0,1.0,0.2572310125641299,2,0,0
13838,6,4,674.82,365,0.010958904109589,126.25899307904103,0.0078579908248912,0.3695036947907511,1,1,1
13841,253,1,85.0,1,1.0,0.0,1.0,0.0,3,2,2
13842,59,9,3385.62,309,0.029126213592233,20.93143568893448,0.0455966501319633,0.3560547336412827,1,1,1
13844,11,1,361.62,1,1.0,0.0,1.0,0.0,0,3,2
13845,65,1,312.98,1,1.0,0.0,1.0,0.0,0,3,2
13846,25,3,865.0600000000001,336,0.0089285714285714,70.71067811865476,0.0139449246086526,0.3801476432820806,1,1,1
13848,92,3,1255.0,274,0.010948905109489,96.873629022557,0.0102172567829228,0.4071354487910906,1,1,1
13849,52,2,1537.95,120,0.0166666666666666,0.0,1.0,0.3225670376441744,2,0,0
13850,129,1,1595.48,1,1.0,0.0,1.0,0.0,0,2,2
13851,96,3,2651.46,193,0.0155440414507772,89.80256121069154,0.0110129052161829,0.6339625798865975,1,1,1
13853,57,1,1090.14,1,1.0,0.0,1.0,0.0,0,3,2
13854,9,25,8109.519999999999,357,0.0700280112044818,9.82860362795053,0.0923480103583091,0.1405502685696817,1,1,3
13856,169,3,388.5,35,0.0857142857142857,2.8284271247461903,0.2612038749637414,0.2918071009203222,2,0,3
13858,57,1,216.17,1,1.0,0.0,1.0,0.0,0,3,2
13859,326,1,201.16,1,1.0,0.0,1.0,0.0,3,2,2
13860,1,5,1245.9,86,0.0581395348837209,17.764665303161028,0.0532916512948165,0.5899105462230507,1,1,1
13862,18,8,2209.36,315,0.0253968253968253,9.428932172031036,0.0958870940480237,0.342510682605235,1,1,3
13863,248,1,305.78,1,1.0,0.0,1.0,0.0,3,2,2
13865,58,4,501.56,232,0.0172413793103448,26.025628394590846,0.0370019148268962,0.1955628722260115,1,1,1
13866,74,1,145.67,1,1.0,0.0,1.0,0.0,0,3,2
13867,31,3,1005.09,187,0.0160427807486631,70.71067811865476,0.0139449246086526,0.508108488682124,1,1,1
13868,7,2,3192.54,32,0.0625,0.0,1.0,0.9645590857201224,2,0,0
13869,123,4,3083.65,234,0.017094017094017,53.200877185750734,0.018449885904483,0.6688233186847812,1,1,1
13870,2,8,2770.94,286,0.0279720279720279,40.79974322981761,0.0239235919345709,0.7408170121873503,1,1,1
13871,23,13,6403.25,287,0.0452961672473867,12.391040262539656,0.0746767973506448,0.3845841018263446,1,1,1
13873,120,3,389.6,191,0.0157068062827225,6.363961030678928,0.1357964817893399,0.2014447646273792,2,0,3
13874,358,1,540.45,1,1.0,0.0,1.0,0.0,3,2,2
13875,54,5,1786.79,248,0.0201612903225806,17.7857620959388,0.0532318036869095,0.0490022523430303,1,1,1
13876,64,1,122.7,1,1.0,0.0,1.0,0.0,0,3,2
13877,86,1,117.24,1,1.0,0.0,1.0,0.0,0,3,2
13878,55,1,1271.57,1,1.0,0.0,1.0,0.0,0,3,2
13880,21,13,3219.77,346,0.0375722543352601,22.88906050734916,0.0418601643916621,0.3841301025925779,1,1,1
13881,4,20,17159.52,309,0.0647249190938511,14.006264262696574,0.0666388371212318,0.6797045082991383,1,1,3
13882,3,5,1191.13,62,0.0806451612903225,5.377421934967226,0.1568031737898707,0.6772482336555785,1,1,3
13883,11,5,2674.48,243,0.0205761316872428,99.13753073382452,0.0099862658153424,0.7419807979105468,1,1,1
13884,7,5,787.6,277,0.0180505415162454,87.91425747093963,0.0112467902048986,0.8780872133483902,1,1,1
13885,189,2,506.8,12,0.1666666666666666,0.0,1.0,0.8134239412623464,2,0,0
13886,71,1,243.56,1,1.0,0.0,1.0,0.0,0,3,2
13887,204,1,349.55,1,1.0,0.0,1.0,0.0,3,2,2
13888,120,2,595.67,99,0.0202020202020202,0.0,1.0,0.3241910150621083,2,0,0
13889,93,1,416.9,1,1.0,0.0,1.0,0.0,0,3,2
13890,1,10,1883.81,358,0.0279329608938547,81.15571452461003,0.012172007824245,0.3616740150308161,1,1,1
13892,27,4,632.97,220,0.0181818181818181,94.69424480928078,0.0104499492314611,0.8475986903116255,1,1,1
13893,298,1,821.1,1,1.0,0.0,1.0,0.0,3,2,2
13894,24,3,564.62,287,0.0104529616724738,202.2325394193526,0.0049204719030577,0.4461916569996373,1,1,1
13895,28,4,2593.07,137,0.0291970802919708,28.16025568065745,0.0342932521220422,0.3846088016720966,1,1,1
13897,50,1,311.16,1,1.0,0.0,1.0,0.0,0,3,2
13898,326,1,155.93,1,1.0,0.0,1.0,0.0,3,2,2
13899,16,2,388.52,259,0.0077220077220077,0.0,1.0,0.7588676090897325,2,0,0
13900,183,3,740.95,80,0.0375,43.1335136523794,0.0226585176942078,0.8369531392565204,1,0,1
13901,72,5,2867.2000000000003,247,0.020242914979757,26.28529373369578,0.0366497795391169,0.9823892135010454,1,1,1
13904,37,2,332.64,258,0.0077519379844961,0.0,1.0,0.2959032706264051,2,0,0
13908,80,4,2369.55,197,0.0203045685279187,20.840665376454112,0.0457861508687402,0.4094641992943874,1,1,1
13911,57,9,2580.91,252,0.0357142857142857,26.4436732914105,0.0364382708313681,0.3652475795249775,1,1,1
13914,12,2,626.45,25,0.08,0.0,1.0,0.0354202423076604,2,0,0
13917,50,2,272.04,142,0.0140845070422535,0.0,1.0,0.7344511545804695,2,0,0
13918,50,2,1212.84,204,0.0098039215686274,0.0,1.0,0.9519973952573214,2,0,0
13919,59,2,384.81,63,0.0317460317460317,0.0,1.0,0.1524797190895759,2,0,0
13922,352,1,172.25,1,1.0,0.0,1.0,0.0,3,2,2
13923,54,1,351.13,1,1.0,0.0,1.0,0.0,0,3,2
13924,2,6,1838.85,71,0.0845070422535211,8.502940667792526,0.1052305844010171,0.7132376670145046,1,1,3
13925,93,4,678.25,43,0.0930232558139534,14.52583904633395,0.064408757363495,0.8545299312125685,1,1,3
13926,23,1,223.85,1,1.0,0.0,1.0,0.0,0,3,2
13927,75,1,348.99,1,1.0,0.0,1.0,0.0,0,3,2
13928,11,4,464.57,123,0.032520325203252,30.171730698343,0.0320803490084417,0.1070773663176236,1,1,1
13929,169,2,842.65,158,0.0126582278481012,0.0,1.0,0.0284470656645391,2,0,0
13930,58,2,337.34,79,0.0253164556962025,0.0,1.0,0.346531372104583,2,0,0
13931,96,2,1237.53,186,0.010752688172043,0.0,1.0,0.5497986206341016,2,0,0
13932,295,1,307.4,1,1.0,0.0,1.0,0.0,3,2,2
13933,109,2,608.79,40,0.05,0.0,1.0,0.0158195672723941,2,0,0
13934,264,1,922.1,1,1.0,0.0,1.0,0.0,3,2,2
13936,180,1,376.58,1,1.0,0.0,1.0,0.0,3,2,2
13937,169,1,158.85,1,1.0,0.0,1.0,0.0,3,2,2
13938,35,1,71.66,1,1.0,0.0,1.0,0.0,0,3,2
13939,23,3,568.55,289,0.0103806228373702,83.43860018001261,0.0118429248929769,0.0757615637669877,1,1,1
13940,17,4,839.14,127,0.0314960629921259,13.051181300301264,0.0711683935057161,0.1193917514191327,1,1,1
13941,22,5,5112.96,351,0.0142450142450142,25.90205912020638,0.0371718757858535,0.1924795332145613,1,1,1
13946,79,3,561.57,189,0.0158730158730158,39.59797974644666,0.0246317675471899,0.5457689496857052,1,1,1
13947,65,1,90.6,1,1.0,0.0,1.0,0.0,0,3,2
13948,361,1,102.0,1,1.0,0.0,1.0,0.0,3,2,2
13949,3,6,2427.32,92,0.0652173913043478,5.167204273105526,0.1621480261908764,0.252650934792388,1,1,3
13950,11,4,745.0600000000001,236,0.0169491525423728,84.1130192063036,0.0117490838572665,0.3497529822452869,1,1,1
13951,176,3,674.45,119,0.0252100840336134,2.1213203435596424,0.3203772410170407,0.3261209996882847,2,0,3
13952,218,2,3251.071,21,0.0952380952380952,0.0,1.0,0.3629855888523479,2,0,0
13953,7,7,3515.68,346,0.0202312138728323,12.890565025113007,0.0719913119583027,0.2459340143709134,1,1,1
13954,2,2,439.92,70,0.0285714285714285,0.0,1.0,0.0478991227481339,2,0,0
13955,154,2,322.96,152,0.0131578947368421,0.0,1.0,0.3820163214683824,2,0,0
13956,5,5,1019.27,267,0.0187265917602996,34.53500639447844,0.0281412641072546,0.5155504246933567,1,1,1
13959,79,3,594.04,284,0.0105633802816901,84.8528137423857,0.0116478418867045,0.3459321916194051,1,1,1
13960,21,2,230.22,51,0.0392156862745098,0.0,1.0,0.1595919917924289,2,0,0
13962,22,2,169.54999999999998,224,0.0089285714285714,0.0,1.0,0.5475854931866333,2,0,0
13963,308,4,664.54,60,0.0666666666666666,8.504900548115382,0.1052088861885334,0.256559467947673,3,0,3
13967,146,1,80.7,1,1.0,0.0,1.0,0.0,0,2,2
13969,7,18,9024.17,358,0.0502793296089385,16.681268113736223,0.0565570293695801,0.7344527986323753,1,1,3
13971,19,8,2758.26,267,0.0299625468164794,22.388347309216357,0.0427563344591664,0.0973719241796932,1,1,1
13972,71,2,190.25,132,0.0151515151515151,0.0,1.0,0.7548666873008558,2,0,0
13973,287,1,264.7,1,1.0,0.0,1.0,0.0,3,2,2
13974,49,1,413.59,1,1.0,0.0,1.0,0.0,0,3,2
13975,31,6,2461.24,246,0.024390243902439,44.28092139962763,0.0220843562606529,0.566244926294033,1,1,1
13976,207,1,357.98,1,1.0,0.0,1.0,0.0,3,2,2
13978,15,2,196.79,31,0.064516129032258,0.0,1.0,0.8709209900096316,2,0,0
13979,73,1,869.87,1,1.0,0.0,1.0,0.0,0,3,2
13980,60,1,200.14,1,1.0,0.0,1.0,0.0,0,3,2
13982,39,4,1871.81,327,0.0122324159021406,63.95571384429489,0.015395104461435,0.2808929495820423,1,1,1
13983,30,12,2603.43,338,0.0355029585798816,27.3439373370206,0.0352809134493068,0.6902499460461914,1,1,1
13984,27,5,920.51,340,0.0147058823529411,35.415392133929565,0.0274609153272926,0.7637535457918169,1,1,1
13985,4,15,7060.13,261,0.057471264367816,13.635159787020552,0.0683286014333008,0.4381331800518836,1,1,3
13986,17,1,320.46,1,1.0,0.0,1.0,0.0,0,3,2
13988,20,6,4147.96,235,0.025531914893617,26.527344382730814,0.0363275144197108,0.4264023888059318,1,1,1
13989,66,2,1266.08,174,0.0114942528735632,0.0,1.0,0.5889503371799871,2,0,0
13990,213,1,311.3,1,1.0,0.0,1.0,0.0,3,2,2
13991,12,6,852.88,132,0.0454545454545454,27.48090245970827,0.0351112469632833,0.4658540858412688,1,1,1
13992,30,1,76.8,1,1.0,0.0,1.0,0.0,0,3,2
13993,43,9,3466.36,288,0.03125,16.58743069745454,0.056858788370079,0.2668031673457723,1,1,1
13994,4,6,2274.14,145,0.0413793103448275,11.94571052721436,0.0772456635653801,0.6919234160995102,1,1,3
13995,15,5,1393.69,231,0.0216450216450216,33.80828300875393,0.0287287942283309,0.350823651754835,1,1,1
13999,10,12,3901.81,352,0.034090909090909,14.486984754348546,0.0645703483190433,0.0869080810876817,1,1,1
14000,211,1,635.66,1,1.0,0.0,1.0,0.0,3,2,2
14001,46,3,2043.08,328,0.0091463414634146,33.23401871576773,0.0292107102091234,0.5231647481687329,1,1,1
14002,134,2,529.73,23,0.0869565217391304,0.0,1.0,0.2139754535786222,2,0,0
14004,43,7,4582.64,246,0.0284552845528455,38.7543545940324,0.025154477043129,0.3334459886144441,1,1,1
14005,10,5,2874.72,207,0.0241545893719806,12.893796958227624,0.0719745655565968,1.2940366070130682,1,1,3
14006,116,3,962.19,197,0.015228426395939,38.18376618407357,0.0255207729472021,0.099919591204533,1,1,1
14009,198,2,695.61,8,0.25,0.0,1.0,0.1346085880949421,3,0,0
14012,278,1,328.8,1,1.0,0.0,1.0,0.0,3,2,2
14013,110,3,473.02,166,0.0180722891566265,67.17514421272202,0.0146681024521161,0.2563039729235145,1,0,1
14014,77,1,505.18,1,1.0,0.0,1.0,0.0,0,3,2
14015,53,1,917.34,1,1.0,0.0,1.0,0.0,0,3,2
14016,162,4,4341.21,196,0.0204081632653061,20.744477176668816,0.0459886890760919,0.2804489575285162,1,0,1
14019,47,3,1421.61,92,0.0326086956521739,8.48528137423857,0.1054264982287122,0.2711388892666294,1,1,3
14020,17,2,642.8,72,0.0277777777777777,0.0,1.0,0.0428576232032168,2,0,0
14021,155,3,631.9,102,0.0294117647058823,8.48528137423857,0.1054264982287122,0.4125470679951777,1,0,3
14022,225,1,440.0,1,1.0,0.0,1.0,0.0,3,2,2
14023,7,2,584.07,243,0.0082304526748971,0.0,1.0,0.0915012421834357,2,0,0
14024,122,2,327.7,3,0.6666666666666666,0.0,1.0,0.8510311702776148,2,0,3
14027,61,1,104.82,1,1.0,0.0,1.0,0.0,0,3,2
14029,63,2,467.66,81,0.0246913580246913,0.0,1.0,0.4150770935537164,2,0,0
14030,18,8,2358.84,349,0.0229226361031518,42.75400287580991,0.0228550517500849,0.7519988638043744,1,1,1
14031,7,19,17286.86,366,0.0519125683060109,14.780308397995938,0.0633701176668383,0.6076560935261769,1,1,3
14032,2,11,2975.59,365,0.0301369863013698,26.970972050212307,0.0357513495850213,0.2578622491724664,1,1,1
14034,22,3,648.89,136,0.0220588235294117,95.45941546018392,0.0103670543225795,1.0223417702946695,1,1,1
14035,29,5,1428.02,269,0.0185873605947955,64.66000824827249,0.0152299706728457,0.3299840132651032,1,1,1
14036,285,1,626.65,1,1.0,0.0,1.0,0.0,3,2,2
14037,176,2,147.20000000000002,189,0.0105820105820105,0.0,1.0,0.7340075826447313,2,0,0
14038,78,3,1560.38,129,0.0232558139534883,1.4142135623730951,0.4142135623730951,0.3415842638697383,2,1,3
14039,33,1,152.2,1,1.0,0.0,1.0,0.0,0,3,2
14040,41,12,3560.32,291,0.0412371134020618,20.839647527991183,0.0457882847568089,0.6027324845174341,1,1,1
14041,266,1,141.41,1,1.0,0.0,1.0,0.0,3,2,2
14044,27,4,646.42,284,0.0140845070422535,62.960304954788775,0.0156346971876832,0.2226183184834609,1,1,1
14045,109,4,1659.75,265,0.0150943396226415,122.78572121111368,0.0080784761781572,0.4601247409050629,1,1,1
14046,284,1,154.99,1,1.0,0.0,1.0,0.0,3,2,2
14047,9,5,1308.61,365,0.0136986301369863,49.00680224893955,0.0199972794705385,0.5470886559690048,1,1,1
14048,305,1,409.93,1,1.0,0.0,1.0,0.0,3,2,2
14049,17,4,5578.72,302,0.0132450331125827,51.884487084291386,0.0189091367834602,0.6845358360245531,1,1,1
14050,32,2,746.36,75,0.0266666666666666,0.0,1.0,0.4274700944200791,2,0,0
14051,1,23,15610.39,366,0.0628415300546448,10.015680347028496,0.0907796857295112,0.3448614995069937,1,1,3
14052,20,1,225.36,1,1.0,0.0,1.0,0.0,0,3,2
14053,124,2,260.25,36,0.0555555555555555,0.0,1.0,0.262193292543715,2,0,0
14054,65,1,92.46,1,1.0,0.0,1.0,0.0,0,3,2
14055,106,1,725.6400000000001,1,1.0,0.0,1.0,0.0,0,3,2
14056,1,23,8152.71,283,0.0812720848056537,6.556613263658113,0.1323344155786405,0.46860809865344,1,1,3
14057,24,17,6211.66,337,0.0504451038575667,19.4662100403066,0.0488610249787614,0.506822888081234,1,1,1
14059,267,1,183.6,1,1.0,0.0,1.0,0.0,3,2,2
14060,5,19,6140.42,369,0.051490514905149,9.333508401719437,0.0967725540179176,0.419139858941139,1,1,3
14062,10,12,10464.85,355,0.0338028169014084,27.00673316718696,0.0357056995555487,0.6321303824170142,1,1,1
14064,29,5,1334.34,246,0.0203252032520325,35.83643397437865,0.0271470360213353,0.2628541319001524,1,1,1
14066,267,1,152.55,1,1.0,0.0,1.0,0.0,3,2,2
14067,64,2,374.7,33,0.0606060606060606,0.0,1.0,0.2817104358033835,2,0,0
14068,320,1,265.85,1,1.0,0.0,1.0,0.0,3,2,2
14071,4,8,1437.57,262,0.0305343511450381,77.77746031681244,0.0126939862744798,0.5338444808717189,1,1,1
14073,32,1,151.04,1,1.0,0.0,1.0,0.0,0,3,2
14075,5,3,942.26,257,0.0116731517509727,160.51323932934628,0.0061914429068001,0.0170485152331467,1,1,1
14076,129,1,118.67,1,1.0,0.0,1.0,0.0,0,2,2
14077,41,5,499.42,234,0.0213675213675213,30.5,0.0317460317460317,0.3043121819562557,1,1,1
14078,102,6,1049.37,272,0.0220588235294117,33.07113545072198,0.0293503573265507,0.2866803282670548,1,1,1
14079,125,1,375.1,1,1.0,0.0,1.0,0.0,0,2,2
14080,33,1,45.6,1,1.0,0.0,1.0,0.0,0,3,2
14081,302,2,921.62,68,0.0294117647058823,0.0,1.0,0.1144420124148623,3,0,0
14082,365,1,182.25,1,1.0,0.0,1.0,0.0,3,2,2
14083,4,9,1002.9,368,0.0244565217391304,44.60621353258183,0.0219268367738002,1.3874850952441025,1,1,1
14085,2,18,4421.29,367,0.0490463215258855,25.525650305710368,0.0376993584879132,0.4812106423854146,1,1,1
14087,3,1,191.47,1,1.0,0.0,1.0,0.0,0,3,2
14088,10,13,50491.81,313,0.0415335463258785,39.05124837953327,0.0249680107477252,0.9865386567997416,1,1,1
14089,57,1,158.75,1,1.0,0.0,1.0,0.0,0,3,2
14090,325,1,76.32000000000001,1,1.0,0.0,1.0,0.0,3,2,2
14092,8,14,4076.91,351,0.0398860398860398,16.72630355964015,0.0564133405836981,0.4890086430282861,1,1,1
14093,12,1,433.86,1,1.0,0.0,1.0,0.0,0,3,2
14096,4,17,65164.79,98,0.173469387755102,2.12524508390601,0.3199749053761168,0.7848657236302261,1,1,3
14098,37,1,147.35,1,1.0,0.0,1.0,0.0,0,3,2
14099,16,11,3104.17,339,0.0324483775811209,12.47397290361014,0.0742171597904925,0.2700391482865593,1,1,1
14100,138,1,191.95,1,1.0,0.0,1.0,0.0,0,2,2
14101,74,6,5976.79,253,0.0237154150197628,19.0,0.05,0.1884058682989314,1,1,1
14102,5,5,1105.88,40,0.125,3.593976442141304,0.2176763447950744,0.4169942502481641,1,1,3
14104,155,2,216.21,12,0.1666666666666666,0.0,1.0,0.0412732416566034,2,0,0
14105,239,1,1266.23,1,1.0,0.0,1.0,0.0,3,2,2
14107,52,7,2703.23,313,0.0223642172523961,17.534727447743997,0.0539527760966195,0.3831385200661191,1,1,1
14108,31,2,597.91,71,0.028169014084507,0.0,1.0,0.036070239377481,2,0,0
14109,73,1,144.2,1,1.0,0.0,1.0,0.0,0,3,2
14110,4,12,5683.15,264,0.0454545454545454,14.50078367788194,0.0645128672705044,0.5496902702977874,1,1,1
14111,14,4,692.85,228,0.0175438596491228,62.69237061503843,0.0157004675810243,0.8974411887767307,1,1,1
14112,23,7,2915.15,254,0.0275590551181102,40.6419323687576,0.0240142554179417,0.730497357860286,1,1,1
14113,4,4,1840.42,352,0.0113636363636363,139.15578799796052,0.0071349176104989,0.059440600975159,1,1,1
14114,274,2,386.53,57,0.0350877192982456,0.0,1.0,0.0136471078251407,3,0,0
14116,20,5,1382.74,102,0.0490196078431372,9.626352718795768,0.0941056660232265,0.2104342234645199,1,1,3
14117,144,1,90.0,1,1.0,0.0,1.0,0.0,0,2,2
14121,4,4,2780.15,57,0.0701754385964912,11.532562594670797,0.0797921408687181,0.6171851840920655,1,1,3
14124,84,1,419.58,1,1.0,0.0,1.0,0.0,0,3,2
14125,11,3,2720.63,68,0.0441176470588235,21.920310216782973,0.0436294269380249,0.5586045628709171,1,1,1
14126,8,3,706.1300000000001,3,1.0,1.4142135623730951,0.4142135623730951,0.6653705385571356,2,1,3
14127,123,3,709.71,188,0.0159574468085106,56.56854249492381,0.0173705978414891,0.3819096284574009,1,0,1
14128,61,2,637.5,196,0.010204081632653,0.0,1.0,0.0586094467731719,2,0,0
14129,2,5,1123.86,260,0.0192307692307692,75.03998933901843,0.0131509750158114,0.5534500750326884,1,1,1
14130,319,1,480.91,1,1.0,0.0,1.0,0.0,3,2,2
14132,2,11,3586.03,182,0.0604395604395604,7.149980574954188,0.122699678950538,0.1079389772290123,1,1,3
14133,130,3,605.64,187,0.0160427807486631,131.52186130069785,0.0075459248020291,0.7904435797617613,1,1,1
14135,2,15,4690.31,372,0.0403225806451612,31.692894478724416,0.0305876862830475,0.5760373195737482,1,1,1
14138,2,2,965.88,63,0.0317460317460317,0.0,1.0,0.4063660414347836,2,0,0
14139,46,1,415.82,1,1.0,0.0,1.0,0.0,0,3,2
14140,4,2,935.05,28,0.0714285714285714,0.0,1.0,0.2222238369279491,2,0,0
14141,3,4,915.13,103,0.0388349514563106,21.1266025033211,0.0451944666990743,0.1720909756877624,1,1,1
14142,373,1,311.81,1,1.0,0.0,1.0,0.0,3,2,2
14143,134,1,115.8,1,1.0,0.0,1.0,0.0,0,2,2
14145,47,4,3742.2,171,0.023391812865497,54.51910979953115,0.0180118161766427,0.2712382141370644,1,1,1
14146,9,5,4191.0,349,0.0143266475644699,71.68158759402584,0.0137586427746412,0.4730347564345684,1,1,1
14147,78,2,483.4,208,0.0096153846153846,0.0,1.0,0.3446304461058142,2,0,0
14148,234,1,157.2,1,1.0,0.0,1.0,0.0,3,2,2
14149,221,1,446.62,1,1.0,0.0,1.0,0.0,3,2,2
14150,36,2,658.64,325,0.0061538461538461,0.0,1.0,0.099371133952731,2,0,0
14152,75,2,621.29,159,0.0125786163522012,0.0,1.0,0.0175954398705015,2,0,0
14154,239,2,1345.62,1,2.0,0.0,1.0,0.5319407057412334,3,2,3
14155,266,1,118.75,1,1.0,0.0,1.0,0.0,3,2,2
14156,10,55,117210.08,362,0.1519337016574585,8.125952075595245,0.109577608091348,1.5230533040346537,1,1,3
14157,20,2,424.89,266,0.0075187969924812,0.0,1.0,0.3776761348171881,2,0,0
14158,40,1,507.66,1,1.0,0.0,1.0,0.0,0,3,2
14159,20,11,4630.35,344,0.0319767441860465,31.942483031571328,0.0303559388356251,0.4292934811102975,1,1,1
14161,216,3,1097.62,154,0.0194805194805194,19.79898987322333,0.0480792579877834,0.4400732226090224,1,0,1
14162,174,2,289.36,119,0.0168067226890756,0.0,1.0,0.3225673732258234,2,0,0
14163,87,4,2445.91,152,0.0263157894736842,13.45362404707371,0.0691868002615206,0.4569267170582455,1,1,1
14164,71,2,1631.77,11,0.1818181818181818,0.0,1.0,0.7936745705671812,2,0,0
14165,276,1,120.44,1,1.0,0.0,1.0,0.0,3,2,2
14167,39,4,562.59,292,0.0136986301369863,29.022979401386987,0.0333078202076707,0.1874435925163013,1,1,1
14171,98,1,363.79,1,1.0,0.0,1.0,0.0,0,3,2
14173,11,4,450.84,209,0.0191387559808612,91.65696918401788,0.0107924963314306,0.6686041013135523,1,1,1
14174,33,1,134.46,1,1.0,0.0,1.0,0.0,0,3,2
14175,60,3,3222.3,270,0.0111111111111111,33.23401871576773,0.0292107102091234,0.803292536181663,1,1,1
14176,297,4,576.9000000000001,71,0.056338028169014,20.663978319771825,0.0461595735205911,0.4781554948040726,3,0,3
14177,86,4,549.46,94,0.0425531914893617,46.11941023040082,0.0212226764959552,0.7584735547322741,1,1,1
14178,9,7,1600.26,174,0.0402298850574712,12.581732790041285,0.0736283076289973,0.4306890185809403,1,1,1
14179,41,2,701.57,12,0.1666666666666666,0.0,1.0,0.756060094985927,2,0,0
14180,11,25,4748.52,362,0.0690607734806629,7.02054438617554,0.124679816213427,0.3726903693882181,1,1,3
14184,67,1,452.89,1,1.0,0.0,1.0,0.0,0,3,2
14185,331,1,197.65,1,1.0,0.0,1.0,0.0,3,2,2
14188,31,6,2054.36,280,0.0214285714285714,23.797058641773354,0.0403273635976885,0.1029115026585772,1,1,1
14189,2,15,4654.08,367,0.0408719346049046,14.292086490912943,0.0653933000309822,0.3012074947548737,1,1,1
14191,2,13,4684.76,219,0.0593607305936073,7.171069824248152,0.1223829953126136,0.373757352245128,1,1,3
14193,68,2,853.39,202,0.0099009900990099,0.0,1.0,0.0137710949311807,2,0,0
14194,5,21,11349.52,304,0.069078947368421,15.27605625601196,0.0614399449271149,0.5330733506126556,1,1,3
14195,202,2,1012.0,51,0.0392156862745098,0.0,1.0,0.90107204053179,2,0,0
14196,107,1,335.52,1,1.0,0.0,1.0,0.0,0,2,2
14198,18,4,701.4,222,0.018018018018018,18.583146486355137,0.0510643169981272,0.0305170692716303,1,1,1
14199,218,1,185.4,1,1.0,0.0,1.0,0.0,3,2,2
14201,60,7,747.44,300,0.0233333333333333,41.18616272487642,0.0237044550963702,0.4179487921636317,1,1,1
14204,2,1,150.61,1,1.0,0.0,1.0,0.0,0,3,2
14205,17,2,466.7,248,0.0080645161290322,0.0,1.0,0.0633320408262217,2,0,0
14206,239,1,328.16,1,1.0,0.0,1.0,0.0,3,2,2
14208,95,1,151.74,1,1.0,0.0,1.0,0.0,0,2,2
14209,11,6,2073.43,322,0.0186335403726708,34.083720454199245,0.0285032484312908,0.2501270616761033,1,1,1
14210,106,6,1905.84,266,0.0225563909774436,26.632686683847727,0.0361890253901563,0.0723067860209194,1,1,1
14211,53,9,2241.1,242,0.0371900826446281,35.65208869858018,0.0272835747022171,0.5472639192027857,1,1,1
14212,90,1,1070.48,1,1.0,0.0,1.0,0.0,0,3,2
14214,31,5,1004.38,247,0.020242914979757,51.71959654392778,0.0189682786962674,1.2477432126811556,1,1,1
14215,12,6,1789.72,357,0.0168067226890756,47.46050990033714,0.0206353586055239,0.6085056823448806,1,1,1
14216,3,4,1839.3,35,0.1142857142857142,8.888194417315589,0.1011306976578921,0.5815261221710076,1,1,3
14217,2,17,2004.98,365,0.0465753424657534,14.870552556422822,0.0630097784210606,0.2867930358821661,1,1,1
14218,43,1,169.48000000000002,1,1.0,0.0,1.0,0.0,0,3,2
14219,4,1,89.94,1,1.0,0.0,1.0,0.0,0,3,2
14220,247,2,632.4000000000001,111,0.018018018018018,0.0,1.0,0.0144015422860257,3,0,0
14221,42,9,3432.8,297,0.0303030303030303,41.81506905411015,0.0233562626919085,0.6458649323299677,1,1,1
14222,177,1,683.17,1,1.0,0.0,1.0,0.0,3,2,2
14223,92,3,991.13,172,0.0174418604651162,28.991378028648448,0.0333429160555669,0.0716491484714582,1,1,1
14224,110,4,1009.73,210,0.019047619047619,35.50117368951811,0.0273963793193632,0.3549470900732699,1,0,1
14226,29,5,2214.79,241,0.0207468879668049,58.32380874622873,0.0168566385256504,0.8861910929420785,1,1,1
14227,26,10,3350.96,259,0.0386100386100386,37.78594682918212,0.025782534184459,0.8618504154152756,1,1,1
14229,52,3,1547.2,282,0.0106382978723404,140.71424945612296,0.0070564534183248,0.4756182214728266,1,1,1
14231,184,3,925.71,105,0.0285714285714285,5.656854249492381,0.1502211048223348,0.0022747704638086,2,0,3
14232,43,5,2048.07,222,0.0225225225225225,25.5913396809676,0.0376062286442731,0.4351806274691541,1,1,1
14233,49,4,1462.72,269,0.0148698884758364,78.47929663293371,0.0125818929251272,0.5414404603768109,1,1,1
14234,22,4,754.12,36,0.1111111111111111,3.511884584284246,0.2216368750839041,0.6339069578291798,1,1,3
14235,75,5,3144.86,186,0.0268817204301075,36.80919269240589,0.0264485943441171,0.5156254928568683,1,1,1
14236,81,2,490.86,292,0.0068493150684931,0.0,1.0,0.3234315579024643,2,0,0
14237,373,1,161.0,1,1.0,0.0,1.0,0.0,3,2,2
14238,326,1,146.85,1,1.0,0.0,1.0,0.0,3,2,2
14239,43,11,2380.85,273,0.0402930402930402,20.10417314334956,0.0473839933556043,0.5448026264452986,1,1,1
14240,30,2,890.34,196,0.010204081632653,0.0,1.0,0.6935577530770134,2,0,0
14241,184,1,213.7,1,1.0,0.0,1.0,0.0,3,2,2
14242,235,2,280.55,92,0.0217391304347826,0.0,1.0,0.0194073149710797,3,0,0
14243,9,10,2588.77,358,0.0279329608938547,17.524585904126553,0.053982313298417,0.3194043326050906,1,1,1
14245,220,2,1693.45,44,0.0454545454545454,0.0,1.0,0.2645204439940227,2,0,0
14246,111,3,1474.06,136,0.0220588235294117,57.27564927611035,0.0171598259722855,0.0753110827495025,1,1,1
14247,278,1,136.77,1,1.0,0.0,1.0,0.0,3,2,2
14248,318,1,302.58,1,1.0,0.0,1.0,0.0,3,2,2
14250,7,3,1904.05,83,0.036144578313253,57.982756057296896,0.0169541077230874,0.825107039178119,1,1,1
14251,2,5,2879.7000000000003,56,0.0892857142857142,17.841898254763514,0.0530732087860194,0.6789124391851199,1,1,3
14256,260,2,969.06,105,0.019047619047619,0.0,1.0,0.1147937576788512,3,0,0
14257,64,5,3099.7200000000003,255,0.0196078431372549,48.60984125325516,0.0201572908668476,0.7187183319930308,1,1,1
14258,9,9,12669.98,329,0.0273556231003039,24.807832864411424,0.0387479260755359,0.6059520412095041,1,1,1
14259,142,1,120.0,1,1.0,0.0,1.0,0.0,0,2,2
14261,51,2,1163.45,28,0.0714285714285714,0.0,1.0,0.8801077225804629,2,0,0
14262,8,8,2618.23,233,0.0343347639484978,26.01098668969381,0.0370219722621815,0.3833593837289925,1,1,1
14264,155,2,333.97,91,0.0219780219780219,0.0,1.0,0.4343380695649559,2,0,0
14265,109,2,530.18,40,0.05,0.0,1.0,0.0695663542696636,2,0,0
14267,163,3,1516.24,98,0.0306122448979591,68.58935777509511,0.0143700133464643,0.2989485149717559,1,1,1
14270,332,1,492.65,1,1.0,0.0,1.0,0.0,3,2,2
14271,226,1,112.32,1,1.0,0.0,1.0,0.0,3,2,2
14272,74,2,437.96,181,0.011049723756906,0.0,1.0,0.5611517784025857,2,0,0
14273,51,4,559.97,191,0.0209424083769633,33.80828300875393,0.0287287942283309,0.4355283299131016,1,1,1
14276,99,3,1119.74,192,0.015625,19.79898987322333,0.0480792579877834,0.0790995960704644,1,1,1
14277,15,3,4188.0,198,0.0151515151515151,130.10764773832474,0.0076273201239631,0.5771967178614301,1,1,1
14280,197,1,134.04,1,1.0,0.0,1.0,0.0,3,2,2
14282,3,15,3701.44,365,0.0410958904109589,26.81192124557882,0.0359558043894205,0.6583052447177606,1,1,1
14284,31,2,595.25,56,0.0357142857142857,0.0,1.0,0.2163194369660987,2,0,0
14285,21,4,1910.01,156,0.0256410256410256,43.55838993045236,0.0224424626105391,1.1221981671949897,1,1,1
14286,24,3,4628.75,220,0.0136363636363636,123.74368670764582,0.0080164377564344,0.5065973961285695,1,1,1
14287,8,3,176.63,191,0.0157068062827225,134.35028842544403,0.0073882369342037,0.6544533860491686,1,1,1
14288,213,1,426.6,1,1.0,0.0,1.0,0.0,3,2,2
14289,9,6,911.26,281,0.0213523131672597,40.52530073916788,0.0240817039780465,0.5701951453595453,1,1,1
14290,11,5,2314.65,351,0.0142450142450142,129.5505049520585,0.0076598707938144,0.5742648139525001,1,1,1
14291,2,11,3883.25,274,0.0401459854014598,27.812067724480883,0.0347076790726243,0.8975974683542085,1,1,1
14292,8,9,4871.93,276,0.0326086956521739,30.95820915824613,0.0312908647367673,0.9237169729883072,1,1,1
14293,3,4,1046.56,366,0.0109289617486338,50.714889332423866,0.019336790872199,0.3672924970793471,1,1,1
14295,40,1,166.20000000000002,1,1.0,0.0,1.0,0.0,0,3,2
14297,18,4,1305.33,258,0.0155038759689922,112.07289294621306,0.0088438526152831,0.7776449227121472,1,1,1
14298,8,44,51527.3,353,0.1246458923512747,9.569180410672818,0.0946147157248062,1.143831572796621,1,1,3
14299,8,9,3965.62,358,0.0251396648044692,67.71315550593864,0.0145532539240404,0.4734117180729069,1,1,1
14300,19,1,43.2,1,1.0,0.0,1.0,0.0,0,3,2
14301,117,1,640.14,1,1.0,0.0,1.0,0.0,0,3,2
14304,223,1,383.45,1,1.0,0.0,1.0,0.0,3,2,2
14305,71,3,1858.96,65,0.0461538461538461,14.849242404917495,0.0630944984278701,0.8805135273770606,1,1,1
14306,51,2,2093.32,35,0.0571428571428571,0.0,1.0,0.8867445748516374,2,0,0
14307,89,6,2995.7200000000003,285,0.0210526315789473,39.9787443524681,0.0244028951057835,0.524253885028094,1,1,1
14309,8,9,2352.53,351,0.0256410256410256,24.156853508447067,0.0397505991623405,0.3319427723454143,1,1,1
14311,243,1,310.26,1,1.0,0.0,1.0,0.0,3,2,2
14312,47,6,1611.59,291,0.0206185567010309,30.875556675143525,0.0313720011289966,0.5943490212464148,1,1,1
14314,107,1,120.0,1,1.0,0.0,1.0,0.0,0,3,2
14315,45,6,2481.13,222,0.027027027027027,34.64390278245221,0.0280552891781622,0.7311695020848461,1,1,1
14317,65,1,508.58,1,1.0,0.0,1.0,0.0,0,3,2
14320,207,2,477.79,127,0.0157480314960629,0.0,1.0,0.6725794758744185,2,0,0
14321,11,5,1530.75,323,0.0154798761609907,51.97034410764149,0.0188784878944318,0.0751492840005725,1,1,1
14323,115,2,605.0600000000001,124,0.0161290322580645,0.0,1.0,0.0126682271312964,2,0,0
14326,242,1,183.85,1,1.0,0.0,1.0,0.0,3,2,2
14327,163,1,311.65000000000003,1,1.0,0.0,1.0,0.0,0,2,2
14329,17,7,4975.24,313,0.0223642172523961,35.831085200795506,0.0271509784343362,0.739313420187622,1,1,1
14331,124,2,462.66,11,0.1818181818181818,0.0,1.0,0.9312547095331069,2,0,0
14332,23,3,840.21,126,0.0238095238095238,26.87005768508881,0.035880801227585,0.5733634147512396,1,1,1
14333,68,1,415.2,1,1.0,0.0,1.0,0.0,0,3,2
14334,17,8,2552.21,342,0.023391812865497,21.598059877595265,0.0442515864378005,0.1587568062454009,1,1,1
14335,16,2,454.86,81,0.0246913580246913,0.0,1.0,0.7466236751270171,2,0,0
14336,17,4,1614.91,260,0.0153846153846153,84.50049309520823,0.0116958389805595,0.3488653339091281,1,1,1
14338,161,2,588.22,36,0.0555555555555555,0.0,1.0,1.3745438405357622,2,0,0
14339,243,1,309.52000000000004,1,1.0,0.0,1.0,0.0,3,2,2
14340,219,1,134.7,1,1.0,0.0,1.0,0.0,3,2,2
14341,45,8,2166.98,274,0.0291970802919708,48.57100840154399,0.0201730816508637,0.813194464778196,1,1,1
14342,21,4,668.5600000000001,189,0.0211640211640211,49.31869152089635,0.019873330759897,0.5925159205532322,1,1,1
14344,127,8,889.9300000000001,242,0.0330578512396694,32.49615361854384,0.0298541740460131,0.8829887045876211,1,1,1
14345,39,1,108.98,1,1.0,0.0,1.0,0.0,0,3,2
14346,121,2,1021.58,177,0.0112994350282485,0.0,1.0,0.6876014374113789,2,0,0
14348,260,1,409.57,1,1.0,0.0,1.0,0.0,3,2,2
14349,10,1,133.5,1,1.0,0.0,1.0,0.0,0,3,2
14350,274,1,282.93,1,1.0,0.0,1.0,0.0,3,2,2
14351,165,1,51.0,1,1.0,0.0,1.0,0.0,3,2,2
14352,157,4,1078.96,117,0.0341880341880341,38.501082235871415,0.0253157620854217,0.893967050259543,1,1,1
14353,215,1,90.6,1,1.0,0.0,1.0,0.0,3,2,2
14354,6,2,163.62,25,0.08,0.0,1.0,0.1032007696781246,2,0,0
14355,366,1,174.4,1,1.0,0.0,1.0,0.0,3,2,2
14356,80,2,701.23,2,1.0,0.0,1.0,0.0225272242940368,0,3,3
14357,43,1,225.12,1,1.0,0.0,1.0,0.0,0,3,2
14359,19,3,912.18,69,0.0434782608695652,14.849242404917495,0.0630944984278701,0.5865722556419853,1,1,1
14360,32,4,2118.03,63,0.0634920634920634,18.33939293797189,0.0517079312265563,0.8465808206129918,1,1,1
14362,22,1,151.5,1,1.0,0.0,1.0,0.0,0,3,2
14364,109,8,3717.35,103,0.0776699029126213,10.605479266689953,0.0861661958993972,0.3333552790464614,1,1,3
14367,8,16,9227.82,268,0.0597014925373134,14.065493067720563,0.066376851756854,0.5470696299843769,1,1,3
14368,320,1,155.0,1,1.0,0.0,1.0,0.0,3,2,2
14371,295,1,100.5,1,1.0,0.0,1.0,0.0,3,2,2
14373,358,1,76.55,1,1.0,0.0,1.0,0.0,3,2,2
14375,185,1,235.56,1,1.0,0.0,1.0,0.0,3,2,2
14377,191,2,617.05,71,0.028169014084507,0.0,1.0,0.0278465193790343,2,0,0
14379,44,2,348.1,252,0.0079365079365079,0.0,1.0,0.5124645181204889,2,0,0
14381,52,1,202.68,1,1.0,0.0,1.0,0.0,0,3,2
14382,26,1,615.49,1,1.0,0.0,1.0,0.0,0,3,2
14383,38,3,1247.69,126,0.0238095238095238,51.61879502661797,0.0190046161166202,0.5512308809448007,1,1,1
14385,9,3,202.11,15,0.2,0.0,1.0,0.1594050775669571,2,0,3
14386,297,1,142.4,1,1.0,0.0,1.0,0.0,3,2,2
14387,33,3,1727.6,77,0.0389610389610389,4.949747468305833,0.1680743603534397,0.3364628964575699,1,1,3
14388,10,8,3212.84,363,0.0220385674931129,24.88449507701724,0.0386331661878889,0.16732297605149,1,1,1
14389,65,2,1043.46,126,0.0158730158730158,0.0,1.0,0.5708301882202482,2,0,0
14390,10,9,4642.57,363,0.024793388429752,46.273835556855,0.0211533502247205,0.5933121974546903,1,1,1
14393,218,1,67.95,1,1.0,0.0,1.0,0.0,3,2,2
14395,2,9,3479.91,370,0.0243243243243243,26.99173153816871,0.0357248353370504,0.3646264747277277,1,1,1
14396,65,2,487.99,307,0.006514657980456,0.0,1.0,0.7746165763370243,2,0,0
14397,3,19,2612.96,211,0.0900473933649289,6.08571669669385,0.1411289842376274,0.5038816187906621,1,1,3
14400,149,1,574.7,1,1.0,0.0,1.0,0.0,0,2,2
14401,4,13,4051.48,356,0.0365168539325842,34.88683002353336,0.027865375664115,0.1523877031474204,1,1,1
14403,130,4,1475.81,117,0.0341880341880341,33.291640592396966,0.0291616260617672,0.7732193926253564,1,1,1
14404,34,6,1449.32,336,0.0178571428571428,18.14662503056698,0.0522285258317605,0.372485914597542,1,1,1
14406,119,1,156.75,1,1.0,0.0,1.0,0.0,0,2,2
14407,107,6,2157.73,170,0.0352941176470588,31.34166555880526,0.0309198670730717,0.5784554289407009,1,1,1
14408,11,7,2599.03,254,0.0275590551181102,23.258690132220835,0.0412223411301083,0.5249960023134994,1,1,1
14409,71,6,2059.4500000000003,298,0.0201342281879194,64.32340165134303,0.0153084495712179,1.0840669172562662,1,1,1
14410,92,9,1100.27,214,0.0420560747663551,27.25409536722352,0.0353930991951015,0.5131455446792011,1,1,1
14411,311,1,1063.0,1,1.0,0.0,1.0,0.0,3,2,2
14412,43,2,770.03,31,0.064516129032258,0.0,1.0,0.2844295084668405,2,0,0
14413,362,1,121.05,1,1.0,0.0,1.0,0.0,3,2,2
14414,92,7,1496.98,268,0.0261194029850746,87.30864791073104,0.0113239192724462,0.3113605030306767,1,1,1
14415,1,13,5855.57,360,0.0361111111111111,15.222590867762056,0.0616424348090554,0.5967585380543433,1,1,1
14416,22,2,490.22,21,0.0952380952380952,0.0,1.0,0.6686516655518665,2,0,0
14418,4,3,1937.25,105,0.0285714285714285,43.1335136523794,0.0226585176942078,0.6642960637381089,1,1,1
14419,11,6,1051.79,355,0.0169014084507042,72.33049149563412,0.0136368920977372,0.251882636023196,1,1,1
14420,99,1,387.52,1,1.0,0.0,1.0,0.0,0,3,2
14421,57,2,813.11,155,0.0129032258064516,0.0,1.0,0.1691434971169749,2,0,0
14422,1,6,4263.64,267,0.0224719101123595,41.692925059295135,0.0234230847057475,0.6160929115405742,1,1,1
14423,218,1,265.2,1,1.0,0.0,1.0,0.0,3,2,2
14424,18,1,322.08,1,1.0,0.0,1.0,0.0,0,3,2
14426,24,10,4481.67,290,0.0344827586206896,41.063298022010414,0.0237736945751788,0.50035532858707,1,1,1
14427,50,2,363.34,14,0.1428571428571428,0.0,1.0,1.090377572970768,2,0,0
14428,7,5,1224.06,318,0.0157232704402515,59.14389233048498,0.016626792202026,0.571490180544239,1,1,1
14431,303,1,470.36,1,1.0,0.0,1.0,0.0,3,2,2
14432,10,6,2248.5,80,0.075,5.458937625582472,0.1548242231105025,0.6069819357751383,1,1,3
14434,22,6,1372.8,51,0.1176470588235294,4.61519230368573,0.1780882908219571,0.4535384218593773,1,1,3
14436,99,1,89.06,1,1.0,0.0,1.0,0.0,0,3,2
14437,366,1,63.0,1,1.0,0.0,1.0,0.0,3,2,2
14438,306,1,131.9,1,1.0,0.0,1.0,0.0,3,2,2
14439,320,1,2661.24,1,1.0,0.0,1.0,0.0,3,2,2
14440,8,5,2357.68,358,0.0139664804469273,103.79908477438518,0.0095420680643617,0.4141287801539626,1,1,1
14441,1,4,1712.89,255,0.0156862745098039,65.6835849610337,0.0149961943495441,0.4411723071920533,1,1,1
14442,205,2,1589.82,113,0.0176991150442477,0.0,1.0,0.2122983789334407,2,0,0
14443,54,4,1420.2,315,0.0126984126984126,59.180514811323945,0.0166166740702562,0.1734818057773919,1,1,1
14446,1,4,1010.35,246,0.016260162601626,74.29894570808749,0.0132803984251879,0.4073058019702372,1,1,1
14447,19,5,1163.23,262,0.0190839694656488,63.61865554484262,0.0154754070874477,0.5224261271355007,1,1,1
14448,9,2,375.35,355,0.0056338028169014,0.0,1.0,0.6429613545196979,2,0,0
14449,19,4,885.8,354,0.0112994350282485,68.8210239195359,0.0143223336448407,0.2367440139671758,1,1,1
14450,181,3,483.25,140,0.0214285714285714,10.606601717798211,0.0861578629398942,0.3270979011538027,2,0,3
14451,60,2,643.9,135,0.0148148148148148,0.0,1.0,0.167140320075466,2,0,0
14452,11,2,259.05,84,0.0238095238095238,0.0,1.0,0.0235292818136577,2,0,0
14453,190,1,119.93,1,1.0,0.0,1.0,0.0,3,2,2
14456,5,9,3017.28,138,0.0652173913043478,13.936078563006372,0.066951977775264,0.673607057285006,1,1,3
14457,311,1,113.64,1,1.0,0.0,1.0,0.0,3,2,2
14459,155,1,1837.92,1,1.0,0.0,1.0,0.0,0,2,2
14460,110,3,434.34,201,0.0149253731343283,55.15432893255071,0.0178080660744987,0.751868774560438,1,1,1
14461,148,3,2103.06,114,0.0263157894736842,37.476659402887016,0.0259897822606961,0.4470880638463491,1,0,1
14462,66,11,1980.57,274,0.0401459854014598,17.33621770872887,0.0545368742826365,0.5736106097385014,1,1,1
14463,98,3,529.62,108,0.0277777777777777,26.87005768508881,0.035880801227585,0.3068385584937586,1,0,1
14465,247,3,1038.44,57,0.0526315789473684,39.59797974644666,0.0246317675471899,0.6360412317602231,1,0,1
14466,29,7,2272.4,344,0.0203488372093023,23.506736623076087,0.0408051065868304,0.2866006764338836,1,1,1
14467,18,4,596.26,296,0.0135135135135135,145.6605643267937,0.0068184655131407,0.2099954492162707,1,1,1
14470,12,2,461.19,276,0.0072463768115942,0.0,1.0,0.4111795498137607,2,0,0
14472,104,8,1852.67,252,0.0317460317460317,18.25481019452394,0.0519350743994557,0.432675637628241,1,1,1
14473,74,2,234.34,209,0.0095693779904306,0.0,1.0,0.3882841196683662,2,0,0
14474,46,1,547.66,1,1.0,0.0,1.0,0.0,0,3,2
14475,72,3,925.85,234,0.0128205128205128,2.8284271247461903,0.2612038749637414,0.0201950020189939,2,1,3
14476,257,1,193.0,1,1.0,0.0,1.0,0.0,3,2,2
14477,20,4,1309.6,278,0.014388489208633,54.42732157045148,0.0180416439341911,0.3552557521054159,1,1,1
14479,254,2,316.25,112,0.0178571428571428,0.0,1.0,0.1455577911628277,3,0,0
14480,11,1,279.05,1,1.0,0.0,1.0,0.0,0,3,2
14481,165,2,636.51,123,0.016260162601626,0.0,1.0,0.0684099787677609,2,0,0
14482,18,6,2022.81,221,0.0271493212669683,57.34806012412277,0.0171385303619815,0.4472240177543437,1,1,1
14483,282,1,137.1,1,1.0,0.0,1.0,0.0,3,2,2
14484,50,1,321.92,1,1.0,0.0,1.0,0.0,0,3,2
14485,39,1,162.8,1,1.0,0.0,1.0,0.0,0,3,2
14487,27,6,1165.48,342,0.0175438596491228,119.10373629739748,0.0083261356459704,0.6871024702286107,1,1,1
14488,68,1,1064.28,1,1.0,0.0,1.0,0.0,0,3,2
14489,207,1,463.38,1,1.0,0.0,1.0,0.0,3,2,2
14491,175,2,340.93,198,0.0101010101010101,0.0,1.0,0.3589355573054406,2,0,0
14493,7,5,2383.24,148,0.0337837837837837,47.75283586692348,0.0205116273180418,0.1953995942487236,1,1,1
14494,26,1,139.56,1,1.0,0.0,1.0,0.0,0,3,2
14495,51,2,123.8,71,0.028169014084507,0.0,1.0,0.4866356846291909,2,0,0
14496,312,2,538.8100000000001,62,0.032258064516129,0.0,1.0,0.1833876535383682,3,0,0
14497,309,1,475.37,1,1.0,0.0,1.0,0.0,3,2,2
14498,43,5,1957.32,320,0.015625,66.37456842295347,0.0148423956309798,0.6247506277310121,1,1,1
14499,26,3,808.44,253,0.0118577075098814,26.16295090390226,0.0368148513590376,0.5948310870357505,1,1,1
14500,88,3,356.85,102,0.0294117647058823,38.18376618407357,0.0255207729472021,1.2144137626173213,1,1,1
14501,184,2,251.21,137,0.0145985401459854,0.0,1.0,0.6606343757990633,2,0,0
14502,20,11,2429.83,294,0.0374149659863945,31.36682607115004,0.0308958313614612,0.5952456944009012,1,1,1
14503,3,6,3543.26,176,0.034090909090909,45.48955924165456,0.0215102060830897,0.4381532428274584,1,1,1
14504,47,4,673.26,232,0.0172413793103448,102.77321311184804,0.0096363981610763,0.3692161260916642,1,1,1
14505,17,8,5859.43,345,0.0231884057971014,31.60922107776237,0.0306661725410529,0.35725380208886,1,1,1
14506,17,5,1960.65,352,0.0142045454545454,30.247589435633817,0.0320024686083346,0.4514835279684185,1,1,1
14507,24,6,1367.88,253,0.0237154150197628,44.58699361921591,0.0219360813383069,0.4609872438390229,1,1,1
14508,22,2,268.05,68,0.0294117647058823,0.0,1.0,0.0373008389702584,2,0,0
14511,11,5,1314.81,123,0.040650406504065,8.261355820929152,0.1079755512405822,0.3589755116246473,1,1,3
14512,188,2,275.28,45,0.0444444444444444,0.0,1.0,0.1163099209972643,2,0,0
14513,101,3,455.59,189,0.0158730158730158,16.263455967290593,0.057925829097877,0.9246571406142704,1,1,1
14514,61,3,990.2,271,0.011070110701107,7.7781745930520225,0.1139189007235634,0.6937191754418001,1,1,3
14515,18,6,2076.89,201,0.0298507462686567,50.32196339571818,0.0194848352213163,0.6018137982407858,1,1,1
14517,33,2,330.45,109,0.018348623853211,0.0,1.0,0.7465866423240625,2,0,0
14518,64,1,174.37,1,1.0,0.0,1.0,0.0,0,3,2
14520,2,2,270.6,290,0.0068965517241379,0.0,1.0,0.3104371234477525,2,0,0
14522,24,4,974.54,174,0.0229885057471264,43.431939092485074,0.0225063326162403,0.7420985128566709,1,1,1
14523,108,1,241.09,1,1.0,0.0,1.0,0.0,0,2,2
14524,32,9,1843.83,330,0.0272727272727272,39.6049690244617,0.02462752771459,0.4898480209035706,1,1,1
14525,20,9,4215.9,342,0.0263157894736842,21.85299914035992,0.0437579327710179,0.5873328881804207,1,1,1
14527,3,55,8507.13,367,0.1498637602179836,2.6904728775220987,0.2709679851844438,0.4678484507619845,1,1,3
14528,37,1,364.22,1,1.0,0.0,1.0,0.0,0,3,2
14529,60,3,578.61,51,0.0588235294117647,10.606601717798211,0.0861578629398942,0.276492908435901,1,1,3
14530,26,6,2862.11,271,0.022140221402214,19.123284236762263,0.0496936776439875,0.2173674934714264,1,1,1
14532,236,4,932.85,116,0.0344827586206896,11.0,0.0833333333333333,0.4622242046791111,1,0,3
14533,25,7,1949.72,329,0.0212765957446808,91.7314922295864,0.0107838230136983,0.5188131331610425,1,1,1
14534,3,18,4397.3,316,0.0569620253164556,9.554025945364913,0.0947505724523235,0.5785271550145106,1,1,3
14535,60,3,2854.84,189,0.0158730158730158,38.18376618407357,0.0255207729472021,0.2295848787115488,1,1,1
14536,260,1,170.95,1,1.0,0.0,1.0,0.0,3,2,2
14537,58,1,355.56,1,1.0,0.0,1.0,0.0,0,3,2
14538,65,2,388.25,192,0.0104166666666666,0.0,1.0,0.6383539647286154,2,0,0
14539,16,2,537.48,29,0.0689655172413793,0.0,1.0,1.0346376739531675,2,0,0
14540,10,3,952.66,300,0.01,118.79393923933998,0.0083476677230061,0.3876176828259826,1,1,1
14541,59,8,1453.35,261,0.0306513409961685,36.47699862339866,0.0266830332399044,0.587422626040949,1,1,1
14542,186,1,103.25,1,1.0,0.0,1.0,0.0,3,2,2
14543,29,16,3599.73,337,0.0474777448071216,16.263309567712167,0.0579263203314337,0.5852061901128613,1,1,1
14544,24,2,2004.3,338,0.0059171597633136,0.0,1.0,0.1405817044191066,2,0,0
14546,5,5,2573.93,244,0.0204918032786885,42.78921203605725,0.0228366749138251,0.2907906851190814,1,1,1
14547,4,8,3974.75,51,0.1568627450980392,6.824326235712107,0.127806531818134,0.5556491249063921,1,1,3
14548,151,2,652.8,168,0.0119047619047619,0.0,1.0,0.0,2,0,0
14549,311,1,289.24,1,1.0,0.0,1.0,0.0,3,2,2
14550,11,2,757.37,34,0.0588235294117647,0.0,1.0,0.1415203214970976,2,0,0
14551,18,2,186.23,186,0.010752688172043,0.0,1.0,0.4907943002533058,2,0,0
14552,152,1,164.22,1,1.0,0.0,1.0,0.0,0,2,2
14553,19,5,859.27,320,0.015625,88.53059734728251,0.0111693658886366,0.2545227988968966,1,1,1
14554,10,4,2279.49,43,0.0930232558139534,13.279056191361391,0.0700326398746847,0.8079304339474608,1,1,3
14555,57,2,312.54,245,0.0081632653061224,0.0,1.0,0.2721277393009469,2,0,0
14557,85,1,788.38,1,1.0,0.0,1.0,0.0,0,3,2
14560,7,22,2237.77,351,0.0626780626780626,16.01353594098859,0.0587767295092858,0.9618602631900978,1,1,3
14561,76,3,1080.76,109,0.0275229357798165,45.254833995939045,0.0216193619911768,0.4065285209632249,1,1,1
14562,4,18,5006.77,301,0.0598006644518272,16.975111539094694,0.0556324781531989,0.4578174345476108,1,1,3
14565,96,4,3099.12,266,0.0150375939849624,69.0869017976635,0.0142680012149336,0.3514918739467962,1,1,1
14566,111,1,1432.0,1,1.0,0.0,1.0,0.0,0,2,2
14567,57,2,1530.36,74,0.027027027027027,0.0,1.0,0.0657593227073822,2,0,0
14569,1,1,227.39,1,1.0,0.0,1.0,0.0,0,3,2
14570,281,2,218.06,1,2.0,0.0,1.0,0.7637246129737488,3,0,3
14572,3,7,2804.54,321,0.0218068535825545,32.39392947245929,0.0299455624359727,0.543673533775949,1,1,1
14573,180,9,1639.82,193,0.0466321243523316,28.374724668267707,0.0340428722751658,0.6273672095986356,1,0,1
14576,372,1,35.400000000000006,1,1.0,0.0,1.0,0.0,3,2,2
14577,13,4,859.71,351,0.0113960113960113,42.59499188089291,0.0229384146401983,0.4457843347870873,1,1,1
14578,3,1,168.63,1,1.0,0.0,1.0,0.0,0,3,2
14581,17,1,138.6,1,1.0,0.0,1.0,0.0,0,3,2
14582,41,1,114.11,1,1.0,0.0,1.0,0.0,0,3,2
14583,6,5,986.96,201,0.0248756218905472,59.00564944703741,0.0166650975235694,0.3740568849002498,1,1,1
14584,169,4,1033.06,30,0.1333333333333333,7.810249675906654,0.1135041612651109,0.2339110308441309,1,0,3
14585,50,1,157.05,1,1.0,0.0,1.0,0.0,0,3,2
14586,277,1,237.36,1,1.0,0.0,1.0,0.0,3,2,2
14587,19,9,1580.29,313,0.0287539936102236,51.980593906352624,0.018874835600514,0.1546210478665821,1,1,1
14589,372,1,39.75,1,1.0,0.0,1.0,0.0,3,2,2
14591,15,4,1320.21,198,0.0202020202020202,113.73800303035628,0.0087155081454174,0.5348732901578152,1,1,1
14592,35,3,557.94,29,0.1034482758620689,9.899494936611664,0.0917473704805326,0.3647846598505402,1,1,3
14593,22,3,617.15,178,0.0168539325842696,125.15790027001891,0.0079265745376205,0.3879292034590504,1,1,1
14594,7,2,363.33,366,0.0054644808743169,0.0,1.0,0.5708934114806425,2,0,0
14595,20,6,1740.6,294,0.0204081632653061,95.18403227432636,0.0103967360938653,1.356217614510456,1,1,1
14597,11,2,866.24,181,0.011049723756906,0.0,1.0,0.8751328015035946,2,0,0
14598,44,1,221.97,1,1.0,0.0,1.0,0.0,0,3,2
14600,306,1,393.33,1,1.0,0.0,1.0,0.0,3,2,2
14601,11,1,213.96,1,1.0,0.0,1.0,0.0,0,3,2
14603,275,1,660.0,1,1.0,0.0,1.0,0.0,3,2,2
14606,1,93,12076.15,373,0.2493297587131367,2.01223562540168,0.3319793417112416,0.4340002689212149,1,1,3
14607,16,14,16209.5,246,0.056910569105691,58.89876146884672,0.0166948360112604,0.6643556785776815,1,1,1
14608,4,4,1785.15,359,0.011142061281337,137.19086461325816,0.0072363683576233,0.3746550473941422,1,1,1
14609,72,4,601.56,225,0.0177777777777777,42.14261501141095,0.0231789380345977,0.2082298647418765,1,1,1
14616,243,3,406.08,75,0.04,6.363961030678928,0.1357964817893399,0.8532551575968323,2,0,3
14618,9,3,553.44,329,0.0091185410334346,229.80970388562795,0.0043325734714148,0.4865273852363023,1,1,1
14619,246,1,394.44,1,1.0,0.0,1.0,0.0,3,2,2
14620,206,2,412.78,79,0.0253164556962025,0.0,1.0,0.1984380288111091,2,0,0
14621,1,5,1788.36,358,0.0139664804469273,71.11961754677819,0.0138658527875772,0.2079205291604765,1,1,1
14622,185,1,320.58000000000004,1,1.0,0.0,1.0,0.0,3,2,2
14623,32,5,886.7,204,0.0245098039215686,28.3357842077234,0.0340880609469688,0.2127034199124708,1,1,1
14624,57,2,225.85,2,1.0,0.0,1.0,1.21884733192793,2,0,3
14625,196,2,899.63,165,0.0121212121212121,0.0,1.0,0.4266865124939465,2,0,0
14626,24,4,2791.27,210,0.019047619047619,36.35014901390823,0.0267736548956638,0.2742258945434498,1,1,1
14628,91,2,671.96,152,0.0131578947368421,0.0,1.0,0.0185205657314173,2,0,0
14629,4,2,955.26,44,0.0454545454545454,0.0,1.0,0.3717407046373597,2,0,0
14631,51,3,1006.98,249,0.0120481927710843,85.55992052357225,0.0115526908290965,0.1076744586743329,1,1,1
14632,263,1,114.56,1,1.0,0.0,1.0,0.0,3,2,2
14633,266,1,344.90000000000003,1,1.0,0.0,1.0,0.0,3,2,2
14636,36,2,609.85,233,0.0085836909871244,0.0,1.0,0.0219604860796478,2,0,0
14638,51,1,443.6,1,1.0,0.0,1.0,0.0,0,3,2
14639,52,6,2984.49,310,0.0193548387096774,70.0949356230534,0.0140656994937307,0.648481196308385,1,1,1
14640,24,6,2107.38,204,0.0294117647058823,21.40560674215987,0.0446316857877512,0.3034539818107589,1,1,1
14641,22,1,110.46,1,1.0,0.0,1.0,0.0,0,3,2
14642,59,1,96.12,1,1.0,0.0,1.0,0.0,0,3,2
14643,170,2,693.8100000000001,188,0.0106382978723404,0.0,1.0,0.0449859375355993,2,0,0
14644,68,2,830.76,231,0.0086580086580086,0.0,1.0,0.7758461808310003,2,0,0
14645,157,2,597.09,119,0.0168067226890756,0.0,1.0,0.2768551195059221,2,0,0
14646,2,73,280206.02,354,0.2062146892655367,7.026762500348701,0.1245832301574336,1.2531205323793952,1,1,3
14647,201,1,236.04,1,1.0,0.0,1.0,0.0,3,2,2
14649,5,4,1402.59,208,0.0192307692307692,70.02142529254886,0.014080258117615,0.3920008581883878,1,1,1
14651,67,2,653.75,144,0.0138888888888888,0.0,1.0,0.3833032521864454,2,0,0
14652,77,1,114.18,1,1.0,0.0,1.0,0.0,0,3,2
14653,1,7,1926.65,338,0.0207100591715976,105.9446396315862,0.0093506322845623,0.5370284581711685,1,1,1
14655,8,4,1932.23,215,0.0186046511627906,71.33722730804723,0.0138241405872734,0.4536925606428905,1,1,1
14656,169,2,291.05,115,0.017391304347826,0.0,1.0,0.1206491075544543,2,0,0
14657,18,4,848.22,309,0.0129449838187702,51.05226080530942,0.0192114614145251,0.6774079753507545,1,1,1
14658,5,2,247.15,112,0.0178571428571428,0.0,1.0,0.0049782148463062,2,0,0
14659,9,9,2529.93,307,0.0293159609120521,15.027950150113146,0.0623910101188417,0.5159307771835033,1,1,1
14660,87,2,285.74,15,0.1333333333333333,0.0,1.0,0.1377885685464651,2,0,0
14661,27,1,107.95,1,1.0,0.0,1.0,0.0,0,3,2
14662,29,4,741.37,288,0.0138888888888888,94.97543542060406,0.0104193327763253,0.3965766051892991,1,1,1
14664,20,2,636.24,14,0.1428571428571428,0.0,1.0,0.3079422025197545,2,0,0
14665,61,5,1835.7,251,0.0199203187250996,97.1746709110284,0.010185926682721,0.5501343070814456,1,1,1
14666,24,1,195.25,1,1.0,0.0,1.0,0.0,0,3,2
14667,11,25,9175.04,358,0.0698324022346368,12.548962079604925,0.0738063915246531,0.6037641440784036,1,1,3
14669,242,3,1259.24,91,0.0329670329670329,63.63961030678928,0.0154703902955765,0.0086622162012349,1,0,1
14670,280,2,392.86,1,2.0,0.0,1.0,0.7213259523197088,3,0,3
14672,235,2,765.5500000000001,102,0.0196078431372549,0.0,1.0,0.3602083502411728,2,0,0
14673,3,5,1736.4,365,0.0136986301369863,159.03982729702224,0.0062484446333728,0.1174398836665204,1,1,1
14675,16,1,596.36,1,1.0,0.0,1.0,0.0,0,3,2
14676,31,6,2548.24,252,0.0238095238095238,28.49034924320866,0.0339093983510653,0.2980608578097882,1,1,1
14680,25,16,28754.11,347,0.0461095100864553,11.463399313010246,0.0802349322913953,0.5137087165565744,1,1,3
14681,71,3,498.95,141,0.0212765957446808,98.99494936611666,0.0100005050888985,1.1861641386090624,1,1,1
14682,188,2,52.0,14,0.1428571428571428,0.0,1.0,0.2828427124746191,3,0,0
14684,26,5,1201.51,337,0.0148367952522255,66.12803238163575,0.0148969061734866,0.3641082460169583,1,1,1
14687,107,1,628.38,1,1.0,0.0,1.0,0.0,0,3,2
14688,8,21,5579.1,367,0.0572207084468664,11.694690653184642,0.0787730892638282,0.4382886880146408,1,1,3
14689,209,1,112.8,1,1.0,0.0,1.0,0.0,3,2,2
14690,44,2,355.05,108,0.0185185185185185,0.0,1.0,0.2790985616546479,2,0,0
14691,31,5,2114.33,183,0.0273224043715847,49.96915715385508,0.0196197083852379,0.6478192362043698,1,1,1
14692,137,4,591.55,186,0.021505376344086,37.589892258425,0.0259135214294794,0.5071833772148704,1,1,1
14693,265,1,172.9,1,1.0,0.0,1.0,0.0,3,2,2
14696,4,7,2078.95,369,0.018970189701897,13.847984209503805,0.067349209555323,0.0391904738665542,1,1,1
14697,218,2,188.61,1,2.0,0.0,1.0,0.073556200874185,3,2,3
14698,2,5,1217.27,50,0.1,7.52772652709081,0.1172645483908528,0.6709940324697006,1,1,3
14699,214,1,109.13,1,1.0,0.0,1.0,0.0,3,2,2
14700,32,3,2195.1,207,0.0144927536231884,77.07463914933368,0.0128082564440329,0.1137630447850153,1,1,1
14701,11,9,2526.09,306,0.0294117647058823,55.35534559294419,0.017744545605718,0.7129354088280337,1,1,1
14702,1,17,3251.79,365,0.0465753424657534,27.974914357926696,0.0345126127948823,0.3808081646273287,1,1,1
14703,15,1,318.17,1,1.0,0.0,1.0,0.0,0,3,2
14704,11,9,1493.96,169,0.0532544378698224,20.618559600515265,0.0462565507822346,1.0648827614917866,1,1,1
14705,199,1,179.0,1,1.0,0.0,1.0,0.0,3,2,2
14708,3,3,1126.37,366,0.0081967213114754,44.54772721475249,0.0219549922938001,0.2154443385032386,1,1,1
14709,15,13,4921.04,344,0.0377906976744186,16.16651046472493,0.0582529572364096,0.365024891212573,1,1,1
14710,14,4,599.48,46,0.0869565217391304,8.144527815247077,0.1093550175803124,0.4763629324035404,1,1,3
14711,10,11,2839.62,253,0.0434782608695652,18.75129625148915,0.0506295884212969,0.4021747444337815,1,1,1
14712,29,3,917.07,83,0.036144578313253,5.656854249492381,0.1502211048223348,0.6213484481255767,1,1,3
14713,9,11,2662.2,356,0.0308988764044943,21.19748412744619,0.0450501504701402,0.3635538726914774,1,1,1
14714,24,1,160.19,1,1.0,0.0,1.0,0.0,0,3,2
14715,25,4,867.38,307,0.013029315960912,89.79049689879956,0.0110143686195996,0.5181823085539611,1,1,1
14716,43,2,307.51,106,0.0188679245283018,0.0,1.0,0.2572175361566363,2,0,0
14719,2,5,1581.84,248,0.0201612903225806,45.61706552011721,0.021451371699243,0.2485623350649872,1,1,1
14720,6,3,663.81,121,0.024793388429752,32.526911934581186,0.0298267851793577,0.2592239767954031,1,1,1
14722,147,1,180.42,1,1.0,0.0,1.0,0.0,0,2,2
14723,10,6,1122.36,362,0.0165745856353591,137.44708072563782,0.0072229764236178,0.3826604397485563,1,1,1
14725,25,1,655.58,1,1.0,0.0,1.0,0.0,0,3,2
14727,274,1,268.58,1,1.0,0.0,1.0,0.0,3,2,2
14729,374,1,313.49,1,1.0,0.0,1.0,0.0,3,2,2
14730,1,8,1897.57,276,0.0289855072463768,25.88711759047069,0.0371925326928468,0.4608334567268843,1,1,1
14731,47,3,380.02,166,0.0180722891566265,107.48023074035522,0.009218269477998,0.0232615168347471,1,1,1
14732,8,8,2702.49,331,0.0241691842900302,14.556948921555025,0.064279956503196,0.2637529323633131,1,1,1
14733,16,12,9585.91,352,0.034090909090909,26.669696797540222,0.0361406200912508,0.7051270837501736,1,1,1
14735,4,32,6065.6900000000005,355,0.0901408450704225,14.850219939720237,0.0630906071841959,0.7346243221439742,1,1,3
14737,4,3,1164.55,350,0.0085714285714285,70.0035713374682,0.0140837986197506,0.7348284033830261,1,1,1
14738,43,7,1314.45,274,0.0255474452554744,27.342274960215,0.0352829828023238,0.5108665552546584,1,1,1
14739,4,7,3902.28,364,0.0192307692307692,48.69907596659304,0.0201210984419948,0.4150087156037145,1,1,1
14740,197,3,1448.21,87,0.0344827586206896,21.213203435596427,0.0450182704578984,0.2029283952492182,1,0,1
14741,12,6,1400.34,362,0.0165745856353591,72.2820863008256,0.0136458997072622,0.2589332123215597,1,1,1
14744,16,7,1099.98,351,0.0199430199430199,89.78956880766644,0.0110144812133479,0.6941639086273281,1,1,1
14745,113,5,1220.26,173,0.0289017341040462,42.1218470630147,0.0231901012620976,0.5396127634310804,1,1,1
14747,249,1,328.2,1,1.0,0.0,1.0,0.0,3,2,2
14748,29,5,1415.75,340,0.0147058823529411,64.17424197708402,0.0153434849361441,0.4735640549771343,1,1,1
14752,44,1,389.64,1,1.0,0.0,1.0,0.0,0,3,2
14753,87,1,563.15,1,1.0,0.0,1.0,0.0,0,3,2
14754,45,2,638.05,251,0.0079681274900398,0.0,1.0,0.4023100128615947,2,0,0
14755,10,11,5010.28,325,0.0338461538461538,10.49867716534908,0.0869665254202866,0.3300543961937657,1,1,3
14756,15,1,738.96,1,1.0,0.0,1.0,0.0,0,3,2
14757,75,1,420.5,1,1.0,0.0,1.0,0.0,0,3,2
14758,145,4,1484.06,115,0.0347826086956521,20.744477176668816,0.0459886890760919,0.5223424927779359,1,1,1
14759,5,3,1625.97,229,0.0131004366812227,7.7781745930520225,0.1139189007235634,0.4239181390635407,1,1,3
14760,297,1,89.2,1,1.0,0.0,1.0,0.0,3,2,2
14761,59,2,255.9,277,0.0072202166064981,0.0,1.0,0.3365596168367389,2,0,0
14762,264,1,300.52,1,1.0,0.0,1.0,0.0,3,2,2
14764,47,1,278.3,1,1.0,0.0,1.0,0.0,0,3,2
14765,29,3,254.11,148,0.0202702702702702,14.142135623730953,0.0660408825313113,0.8488120685820572,1,1,1
14766,8,6,2473.37,359,0.0167130919220055,28.36370920736567,0.0340556430707724,0.3718115179697678,1,1,1
14768,17,2,192.6,110,0.0181818181818181,0.0,1.0,0.5418949164233354,2,0,0
14769,3,8,10416.98,355,0.0225352112676056,20.01665972800324,0.0475813004036778,1.0417305717537608,1,1,1
14770,232,2,876.4200000000001,91,0.0219780219780219,0.0,1.0,0.515101496292576,2,0,0
14772,112,1,139.26,1,1.0,0.0,1.0,0.0,0,2,2
14775,58,3,1011.9,314,0.0095541401273885,109.60155108391488,0.009041464520161,0.1793124613630153,1,1,1
14776,51,11,2538.3,262,0.0419847328244274,26.791582425995088,0.0359821180626491,0.7078698834004945,1,1,1
14778,127,2,730.86,182,0.0109890109890109,0.0,1.0,0.1214405538332039,2,0,0
14779,281,3,386.15,44,0.0681818181818181,28.991378028648448,0.0333429160555669,0.91923939002332,1,0,3
14780,55,2,447.68,25,0.08,0.0,1.0,0.6884056011265745,2,0,0
14782,320,1,200.1,1,1.0,0.0,1.0,0.0,3,2,2
14784,26,2,289.99,298,0.0067114093959731,0.0,1.0,0.2956783623113926,2,0,0
14785,10,2,77.4,5,0.4,0.0,1.0,0.0285035291641089,0,0,3
14788,7,2,679.44,20,0.1,0.0,1.0,0.1195995397591517,2,0,0
14789,29,1,197.64,1,1.0,0.0,1.0,0.0,0,3,2
14790,17,4,745.06,237,0.0168776371308016,62.32442004008809,0.0157916961476621,0.1761975182044701,1,1,1
14792,64,1,6.2,1,1.0,0.0,1.0,0.0,0,3,2
14793,21,1,228.99,1,1.0,0.0,1.0,0.0,0,3,2
14794,3,7,1319.91,332,0.0210843373493975,62.98465421566325,0.0156287474279294,0.4867683360447647,1,1,1
14795,166,1,131.45000000000002,1,1.0,0.0,1.0,0.0,3,2,2
14796,1,17,7975.49,366,0.0464480874316939,12.06371971380856,0.0765478762486754,0.326418253511769,1,1,3
14798,53,3,173.74,258,0.0116279069767441,52.32590180780452,0.0187526130097933,0.5412584877673398,1,1,1
14799,51,1,157.7,1,1.0,0.0,1.0,0.0,0,3,2
14800,48,12,4331.79,323,0.0371517027863777,19.45998224795976,0.0488758977344527,0.752774794629541,1,1,1
14801,61,1,189.34,1,1.0,0.0,1.0,0.0,0,3,2
14803,162,3,845.5500000000001,131,0.0229007633587786,68.58935777509511,0.0143700133464643,0.8104771701019842,1,0,1
14804,9,1,353.27,1,1.0,0.0,1.0,0.0,0,3,2
14805,15,4,546.4,299,0.0133779264214046,140.18202452525787,0.0070830546832192,0.2750921405905134,1,1,1
14806,75,1,193.39,1,1.0,0.0,1.0,0.0,0,3,2
14808,40,8,2718.6,133,0.0601503759398496,25.264317016015184,0.0380744718924246,0.679096476584127,1,1,1
14810,41,11,2085.33,329,0.033434650455927,16.938122682280937,0.0557471937120704,0.339092936253149,1,1,1
14813,370,2,152.88,1,2.0,0.0,1.0,0.9063621457438242,3,0,3
14815,37,2,778.5,32,0.0625,0.0,1.0,0.5897733784971728,2,0,0
14816,197,1,271.85,1,1.0,0.0,1.0,0.0,3,2,2
14817,200,2,1110.34,77,0.0259740259740259,0.0,1.0,0.0652631652791012,2,0,0
14818,74,3,657.8,180,0.0166666666666666,7.7781745930520225,0.1139189007235634,0.4109668298281537,1,1,3
14819,64,2,272.07,128,0.015625,0.0,1.0,0.5334683644148591,2,0,0
14820,21,4,507.29,153,0.0261437908496732,43.2087954009366,0.0226199332266541,0.1376711114285406,1,1,1
14821,367,1,48.8,1,1.0,0.0,1.0,0.0,3,2,2
14823,180,3,321.43,15,0.2,9.192388155425116,0.0981124329991032,0.343558287134418,2,0,3
14824,10,4,1127.71,82,0.048780487804878,11.150485789118488,0.0823012361279877,0.5758700840305694,1,1,3
14825,4,12,2221.01,365,0.0328767123287671,20.629193788503617,0.0462338083323069,0.2912150064998134,1,1,1
14828,197,3,2139.76,141,0.0212765957446808,17.67766952966369,0.0535398700791771,0.4301337916321056,1,0,1
14829,29,4,697.55,344,0.0116279069767441,89.81647955692763,0.0110112174010572,0.2445151229195986,1,1,1
14830,53,1,188.88,1,1.0,0.0,1.0,0.0,0,3,2
14834,18,6,1720.3,223,0.0269058295964125,45.50494478625372,0.0215030897165066,0.3102449761131454,1,1,1
14836,10,3,102.45,21,0.1428571428571428,11.31370849898476,0.0812103031416122,1.1037424407931404,1,1,3
14837,90,4,1649.5,112,0.0357142857142857,23.115651263447745,0.0414668461189645,0.2053677320534963,1,1,1
14840,268,1,62.85,1,1.0,0.0,1.0,0.0,3,2,2
14841,53,6,3295.76,306,0.0196078431372549,49.58528007382836,0.0197685966854491,0.275721826916967,1,1,1
14842,44,4,2824.69,265,0.0150943396226415,33.291640592396966,0.0291616260617672,0.775284267757688,1,1,1
14844,64,4,3189.81,178,0.0224719101123595,5.507570547286102,0.1536671777483898,0.1578618699637673,1,1,3
14847,149,1,309.40000000000003,1,1.0,0.0,1.0,0.0,0,2,2
14849,22,25,7930.54,352,0.0710227272727272,16.545008880039312,0.0569962663933265,0.7033354772034691,1,1,3
14850,312,1,325.75,1,1.0,0.0,1.0,0.0,3,2,2
14851,23,2,511.35,233,0.0085836909871244,0.0,1.0,0.2740479552078811,2,0,0
14852,58,6,2836.69,194,0.0309278350515463,26.349573051569543,0.036563642076402,0.3669251556201593,1,1,1
14853,24,2,475.8,188,0.0106382978723404,0.0,1.0,0.1391029733481733,2,0,0
14854,78,7,2740.03,197,0.0355329949238578,20.235282717735046,0.0470914380228538,0.5821504342775109,1,1,1
14855,119,2,645.65,16,0.125,0.0,1.0,0.0721727513051861,2,0,0
14856,36,3,1290.53,21,0.1428571428571428,14.142135623730953,0.0660408825313113,1.1609729018936124,1,1,3
14857,60,2,1173.12,89,0.0224719101123595,0.0,1.0,0.1544023399726764,2,0,0
14859,13,4,1353.74,192,0.0208333333333333,61.58192375472963,0.0159790549731131,0.7228238212317621,1,1,1
14860,19,1,170.32,1,1.0,0.0,1.0,0.0,0,3,2
14861,52,1,125.79,1,1.0,0.0,1.0,0.0,0,3,2
14862,26,2,841.2,123,0.016260162601626,0.0,1.0,0.3917163100724335,2,0,0
14863,29,1,266.76,1,1.0,0.0,1.0,0.0,0,3,2
14865,7,2,52.2,365,0.0054794520547945,0.0,1.0,0.6014471472161439,2,0,0
14866,11,12,14389.9,356,0.0337078651685393,64.51018242389053,0.0152648025543478,1.4680785797622622,1,1,1
14867,186,3,710.28,151,0.0198675496688741,59.39696961966999,0.0165571220923362,0.5150569948980138,1,0,1
14868,3,8,2953.59,231,0.0346320346320346,24.33692080534664,0.039468095104476,0.4245032262538749,1,1,1
14869,9,2,721.45,95,0.0210526315789473,0.0,1.0,0.103245725040115,2,0,0
14870,262,1,327.25,1,1.0,0.0,1.0,0.0,3,2,2
14871,3,4,501.28,358,0.0111731843575419,50.89531740085067,0.0192695613031091,0.2225197271031983,1,1,1
14873,210,1,519.68,1,1.0,0.0,1.0,0.0,3,2,2
14875,108,2,1465.32,156,0.0128205128205128,0.0,1.0,0.7154647435771181,2,0,0
14878,13,9,1476.09,346,0.0260115606936416,27.521095804595323,0.0350617664500422,0.4380532950425855,1,1,1
14880,77,3,690.59,212,0.0141509433962264,3.5355339059327378,0.2204812092115424,0.4663034104268731,1,1,3
14881,20,1,255.4,1,1.0,0.0,1.0,0.0,0,3,2
14882,27,2,589.7,8,0.25,0.0,1.0,0.2251901873950035,2,0,0
14883,19,6,761.59,194,0.0309278350515463,33.830459648074545,0.0287105025343896,0.8250822309586515,1,1,1
14885,132,1,765.3199999999999,1,1.0,0.0,1.0,0.0,0,3,2
14886,253,1,364.8,1,1.0,0.0,1.0,0.0,3,2,2
14887,79,1,1862.0,1,1.0,0.0,1.0,0.0,0,3,2
14888,207,1,369.2,1,1.0,0.0,1.0,0.0,3,2,2
14889,336,1,135.9,1,1.0,0.0,1.0,0.0,3,2,2
14890,254,1,125.65,1,1.0,0.0,1.0,0.0,3,2,2
14891,148,2,554.38,40,0.05,0.0,1.0,0.8785072813053257,2,0,0
14893,10,2,1237.85,3,0.6666666666666666,0.0,1.0,0.4345863367864455,2,0,3
14894,85,1,655.75,1,1.0,0.0,1.0,0.0,0,3,2
14895,8,20,11138.71,283,0.0706713780918728,17.34075414697887,0.0545233850247495,1.1266997794295588,1,1,3
14896,205,2,468.77,161,0.0124223602484472,0.0,1.0,0.1377800059593815,2,0,0
14897,8,4,1366.38,290,0.0137931034482758,97.12363255150623,0.0101912248252233,0.6281598835022859,1,1,1
14898,23,6,1269.31,348,0.0172413793103448,38.47986486462758,0.0253293673478594,0.4778769155758586,1,1,1
14901,11,9,1421.29,362,0.0248618784530386,78.93928498717044,0.0125094939260526,0.1704685360568874,1,1,1
14902,26,1,332.66,1,1.0,0.0,1.0,0.0,0,3,2
14903,21,5,2795.33,258,0.0193798449612403,31.57002798013753,0.0307030746368974,0.1912374747916269,1,1,1
14904,2,2,1025.44,24,0.0833333333333333,0.0,1.0,0.3192958378458213,2,0,0
14905,158,2,616.15,77,0.0259740259740259,0.0,1.0,0.0021804802146465,2,0,0
14907,3,7,3501.1,365,0.0191780821917808,78.71636847992079,0.0125444751067891,0.5986877714552206,1,1,1
14908,74,1,277.8,1,1.0,0.0,1.0,0.0,0,3,2
14910,3,4,434.35,52,0.0769230769230769,9.539392014169456,0.0948821334907717,0.7790728309876435,1,1,3
14911,1,201,143711.17,373,0.5388739946380697,2.7010327449787126,0.270194853411315,0.872420151487702,1,1,3
14912,17,2,867.85,230,0.008695652173913,0.0,1.0,0.1592568893826382,2,0,0
14913,36,4,1227.43,324,0.0123456790123456,34.44318994131254,0.0282141647423896,0.0225683568089661,1,1,1
14915,91,2,307.48,187,0.0106951871657754,0.0,1.0,0.1054175063405469,2,0,0
14916,71,4,1268.98,254,0.0157480314960629,79.95206897468842,0.0123529887829386,0.1929839151325223,1,1,1
14918,116,2,1610.15,39,0.0512820512820512,0.0,1.0,0.0696588998738068,2,0,0
14920,213,2,977.77,1,2.0,0.0,1.0,0.2411237233533639,3,2,3
14921,30,2,1316.07,172,0.0116279069767441,0.0,1.0,0.5264871434533861,2,0,0
14923,51,1,749.1,1,1.0,0.0,1.0,0.0,0,3,2
14924,246,1,310.05,1,1.0,0.0,1.0,0.0,3,2,2
14929,32,1,223.88,1,1.0,0.0,1.0,0.0,0,3,2
14930,109,3,2362.96,166,0.0180722891566265,116.67261889578036,0.0084981536859112,0.6948554108345035,1,1,1
14931,5,5,1257.68,237,0.0210970464135021,50.176355653501446,0.0195402737696032,0.1773117504133881,1,1,1
14932,366,1,363.53,1,1.0,0.0,1.0,0.0,3,2,2
14934,82,2,1890.94,201,0.0099502487562189,0.0,1.0,0.174452629675795,2,0,0
14935,297,1,1784.71,1,1.0,0.0,1.0,0.0,3,2,2
14936,34,8,8137.02,242,0.0330578512396694,38.54743521824457,0.0252860898432843,0.7089997430154682,1,1,1
14937,57,3,1621.88,74,0.0405405405405405,51.61879502661797,0.0190046161166202,0.5354722385255817,1,1,1
14944,30,12,5900.25,267,0.0449438202247191,27.18087562975115,0.0354850577795488,0.744136102482483,1,1,1
14946,14,1,100.9,1,1.0,0.0,1.0,0.0,0,3,2
14947,72,2,290.82,59,0.0338983050847457,0.0,1.0,0.3218233049922682,2,0,0
14948,23,6,1101.97,197,0.0304568527918781,27.0129598526337,0.0356977629376062,0.6070219846949705,1,1,1
14950,19,1,371.2,1,1.0,0.0,1.0,0.0,0,3,2
14951,79,1,311.69,1,1.0,0.0,1.0,0.0,0,3,2
14952,60,11,8099.49,305,0.0360655737704918,40.89498746790369,0.0238692039415482,0.8746152287012141,1,1,1
14953,25,1,285.67,1,1.0,0.0,1.0,0.0,0,3,2
14954,12,1,294.85,1,1.0,0.0,1.0,0.0,0,3,2
14957,253,1,58.49,1,1.0,0.0,1.0,0.0,3,2,2
14958,147,3,483.73,99,0.0303030303030303,16.263455967290593,0.057925829097877,0.2920145364618678,1,0,1
14959,64,4,695.42,233,0.0171673819742489,30.138568866708543,0.0321145138134186,0.308383789735134,1,1,1
14960,8,2,221.27,163,0.0122699386503067,0.0,1.0,0.2855015132245951,2,0,0
14961,11,9,7044.68,350,0.0257142857142857,30.319430356503357,0.0319290609253483,0.4056047709336752,1,1,1
14962,271,1,126.7,1,1.0,0.0,1.0,0.0,3,2,2
14963,10,5,1472.34,174,0.028735632183908,55.02120803229727,0.0178503826519321,0.098848628375922,1,1,1
14964,247,1,206.21,1,1.0,0.0,1.0,0.0,3,2,2
14965,96,2,596.09,1,2.0,0.0,1.0,0.8234652239830857,0,0,3
14966,15,1,183.02,1,1.0,0.0,1.0,0.0,0,3,2
14967,50,1,463.8,1,1.0,0.0,1.0,0.0,0,3,2
14968,30,1,147.59,1,1.0,0.0,1.0,0.0,0,3,2
14970,68,4,1592.06,249,0.0160642570281124,28.36077102854105,0.0340590510728726,0.1778242849106822,1,1,1
14971,35,3,1097.98,9,0.3333333333333333,5.656854249492381,0.1502211048223348,0.8622277402215578,1,1,3
14972,128,1,114.77,1,1.0,0.0,1.0,0.0,0,2,2
14973,107,3,1314.45,119,0.0252100840336134,45.96194077712559,0.0212938388714779,0.4322280858626658,1,1,1
14974,37,1,89.94,1,1.0,0.0,1.0,0.0,0,3,2
14975,57,1,279.94,1,1.0,0.0,1.0,0.0,0,3,2
14976,57,7,790.86,270,0.0259259259259259,39.22074281125572,0.024862792929825,0.6896227320472531,1,1,1
14978,72,5,1921.37,259,0.0193050193050193,68.04900195202474,0.0144824685618888,0.1387963577470899,1,1,1
14981,246,1,102.12,1,1.0,0.0,1.0,0.0,3,2,2
14984,19,2,202.37,162,0.0123456790123456,0.0,1.0,0.0146054570606303,2,0,0
14985,198,2,292.01,160,0.0125,0.0,1.0,0.2541138509561875,2,0,0
14987,16,2,326.4,350,0.0057142857142857,0.0,1.0,0.0,2,0,0
14988,212,1,334.54,1,1.0,0.0,1.0,0.0,3,2,2
14995,39,2,231.98,242,0.0082644628099173,0.0,1.0,0.0404792570659425,2,0,0
14997,46,3,546.1999999999999,132,0.0227272727272727,33.94112549695428,0.028619570370942,0.4730305551019489,1,1,1
14998,170,2,414.87,72,0.0277777777777777,0.0,1.0,0.1622253318710332,2,0,0
15000,48,1,490.52,1,1.0,0.0,1.0,0.0,0,3,2
15002,116,4,1641.76,252,0.0158730158730158,84.83120495037974,0.0116507743375863,0.4502717623570151,1,1,1
15004,147,1,1220.77,1,1.0,0.0,1.0,0.0,0,2,2
15005,16,28,6295.37,351,0.0797720797720797,6.338953871289504,0.1362592022702403,0.2407306654763908,1,1,3
15006,51,1,480.38,1,1.0,0.0,1.0,0.0,0,3,2
15007,159,1,156.91,1,1.0,0.0,1.0,0.0,0,2,2
15009,12,3,1259.43,13,0.2307692307692307,1.4142135623730951,0.4142135623730951,0.3568374221029921,2,1,3
15010,36,1,308.94,1,1.0,0.0,1.0,0.0,0,3,2
15012,54,2,405.04,320,0.00625,0.0,1.0,0.0974838106395833,2,0,0
15014,43,2,257.67,134,0.0149253731343283,0.0,1.0,0.1218988753844315,2,0,0
15016,173,1,170.04,1,1.0,0.0,1.0,0.0,3,2,2
15017,34,1,125.58,1,1.0,0.0,1.0,0.0,0,3,2
15018,39,3,496.21,330,0.009090909090909,70.71067811865476,0.0139449246086526,0.2932662373348503,1,1,1
15019,267,1,252.81,1,1.0,0.0,1.0,0.0,3,2,2
15021,9,9,1871.77,358,0.0251396648044692,33.74457628377379,0.0287814705763735,0.3683385128165246,1,1,1
15022,12,4,852.39,36,0.1111111111111111,10.263202878893768,0.0887846921299722,0.5773558122741818,1,1,3
15023,3,11,6720.41,367,0.0299727520435967,22.42419328413944,0.0426909045647732,0.3638923582613142,1,1,1
15024,10,10,1636.43,358,0.0279329608938547,53.749677001613485,0.0182649479369628,0.8449095150599369,1,1,1
15025,33,1,361.96,1,1.0,0.0,1.0,0.0,0,3,2
15026,80,3,469.0,198,0.0151515151515151,86.2670273047588,0.0114590817504043,0.4554693395551236,1,1,1
15027,31,4,1066.15,208,0.0192307692307692,61.17461347105786,0.0160837348906961,0.4216448309799147,1,1,1
15028,8,4,627.13,361,0.0110803324099723,178.63463643239328,0.0055668551447557,0.776428993157891,1,1,1
15030,72,2,518.28,197,0.0101522842639593,0.0,1.0,0.5805512030765217,2,0,0
15031,4,4,653.19,278,0.014388489208633,74.27202254774899,0.0132851485339808,0.305399149573085,1,1,1
15032,256,3,4959.1,111,0.027027027027027,77.78174593052023,0.0126932957398777,0.8700727125881212,1,0,1
15033,5,10,2557.18,325,0.0307692307692307,21.863846362837847,0.0437371728330613,0.5866398311203821,1,1,1
15034,16,8,4274.16,339,0.023598820058997,54.55709111083719,0.0179995024938398,0.5221926642725135,1,1,1
15035,90,1,252.73,1,1.0,0.0,1.0,0.0,0,3,2
15036,72,3,429.56,108,0.0277777777777777,72.8319984622144,0.0135442629324435,0.5806775996695244,1,1,1
15038,59,6,685.74,312,0.0192307692307692,55.490539734264615,0.0177020790508299,0.4839135967484394,1,1,1
15039,10,47,19766.59,360,0.1305555555555555,4.202426260320334,0.1922180055923418,0.5983696508835102,1,1,3
15041,170,1,179.93,1,1.0,0.0,1.0,0.0,3,2,2
15042,199,1,135.93,1,1.0,0.0,1.0,0.0,3,2,2
15043,31,1,537.0,1,1.0,0.0,1.0,0.0,0,3,2
15044,19,17,7634.73,343,0.0495626822157434,16.77883090881682,0.0562466680249533,0.5834762954777526,1,1,1
15045,152,2,735.66,106,0.0188679245283018,0.0,1.0,0.0810088349487565,2,0,0
15046,9,15,5090.42,330,0.0454545454545454,13.138317419494197,0.0707297742955735,0.6510028807061354,1,1,3
15047,270,1,343.62,1,1.0,0.0,1.0,0.0,3,2,2
15048,65,4,381.0,304,0.0131578947368421,48.05552344250693,0.0203850643072232,0.4580182416615661,1,1,1
15049,274,1,121.17000000000002,1,1.0,0.0,1.0,0.0,3,2,2
15050,25,3,1737.69,47,0.0638297872340425,32.526911934581186,0.0298267851793577,1.06733846849574,1,1,1
15051,23,3,1383.36,128,0.0234375,52.32590180780452,0.0187526130097933,0.5791914853510105,1,1,1
15052,319,1,207.73,1,1.0,0.0,1.0,0.0,3,2,2
15053,5,3,693.95,278,0.0107913669064748,18.384776310850235,0.051586873325965,0.0935647657740269,1,1,1
15054,12,2,302.1,29,0.0689655172413793,0.0,1.0,0.1626275377584949,2,0,0
15057,275,2,1489.5,41,0.048780487804878,0.0,1.0,0.7334541637685237,2,0,0
15058,25,11,2102.54,287,0.0383275261324041,24.864968664099838,0.0386623317811316,0.279259559020085,1,1,1
15059,41,9,1337.72,294,0.0306122448979591,31.63971283958545,0.0306375244449822,0.4116438035553365,1,1,1
15060,8,4,294.25,1,4.0,0.0,1.0,1.0050238897640442,0,0,3
15061,4,48,54534.14,369,0.1300813008130081,10.454341059747597,0.0873031451380613,1.1182969092562394,1,1,3
15062,71,4,987.86,289,0.0138408304498269,44.06056437828882,0.0221923540860447,0.3142205437017347,1,1,1
15063,213,1,370.8,1,1.0,0.0,1.0,0.0,3,2,2
15065,38,4,3158.13,254,0.0157480314960629,36.37306695894642,0.0267572367314269,0.6137377505447128,1,1,1
15066,53,1,893.59,1,1.0,0.0,1.0,0.0,0,3,2
15067,78,3,1744.76,205,0.0146341463414634,144.2497833620557,0.0068846918518794,0.4261021704934987,1,1,1
15068,46,2,553.36,211,0.0094786729857819,0.0,1.0,0.1876894680148188,2,0,0
15069,179,1,1109.53,1,1.0,0.0,1.0,0.0,3,2,2
15070,373,1,106.2,1,1.0,0.0,1.0,0.0,3,2,2
15071,94,2,982.07,183,0.0109289617486338,0.0,1.0,0.2811953143101757,2,0,0
15073,10,3,1043.41,178,0.0168539325842696,123.03657992645928,0.0080621378031617,0.4142174581541886,1,1,1
15074,105,1,735.67,1,1.0,0.0,1.0,0.0,0,3,2
15075,78,1,773.03,1,1.0,0.0,1.0,0.0,0,3,2
15076,173,1,880.85,1,1.0,0.0,1.0,0.0,3,2,2
15078,7,32,9743.11,362,0.0883977900552486,11.95376397283632,0.0771976393963153,0.6989394606914144,1,1,3
15079,213,4,895.61,154,0.0259740259740259,51.00326786916044,0.0192295607752187,0.6241195528443146,1,0,1
15081,22,5,504.8,346,0.0144508670520231,64.84083075758154,0.015188143717109,0.2294605658349414,1,1,1
15083,257,1,88.2,1,1.0,0.0,1.0,0.0,3,2,2
15087,282,1,306.94,1,1.0,0.0,1.0,0.0,3,2,2
15088,21,2,1160.07,46,0.0434782608695652,0.0,1.0,0.692813114408832,2,0,0
15089,10,6,2420.84,119,0.0504201680672268,14.956603892595403,0.0626699770659874,1.053026648274766,1,1,1
15090,308,1,381.32,1,1.0,0.0,1.0,0.0,3,2,2
15091,68,1,480.71,1,1.0,0.0,1.0,0.0,0,3,2
15092,215,2,457.81,69,0.0289855072463768,0.0,1.0,0.5823232315653921,2,0,0
15093,18,6,4597.02,354,0.0169491525423728,27.270863572685045,0.0353721066011647,0.3112560431126595,1,1,1
15095,104,4,1370.6,100,0.04,33.51119216023208,0.028976107094681,0.9133685678243708,1,1,1
15096,43,1,219.39,1,1.0,0.0,1.0,0.0,0,3,2
15097,4,1,248.08,1,1.0,0.0,1.0,0.0,0,3,2
15098,182,3,39916.5,1,3.0,0.0,1.0,1.6704977478200902,2,0,3
15099,84,1,410.48,1,1.0,0.0,1.0,0.0,0,3,2
15100,334,3,876.0,41,0.073170731707317,17.67766952966369,0.0535398700791771,0.3464101615137754,3,0,3
15101,9,2,317.53000000000003,351,0.0056980056980056,0.0,1.0,0.5031452339662035,2,0,0
15103,31,2,703.36,56,0.0357142857142857,0.0,1.0,0.2412784740172478,2,0,0
15104,197,2,993.54,86,0.0232558139534883,0.0,1.0,0.3476818293629368,2,0,0
15105,18,7,2298.93,117,0.0598290598290598,21.26421093449429,0.044915133212769,0.752170838092024,1,1,1
15106,18,5,1422.52,252,0.0198412698412698,12.685293322058683,0.0730711411488818,0.3969874158045611,1,1,1
15107,311,6,319.5,62,0.0967741935483871,10.639548862616309,0.0859139827327656,0.7626059629340373,3,0,3
15108,142,4,1300.25,86,0.0465116279069767,23.75570107012911,0.0403947356274481,0.8403555381460901,1,1,1
15109,246,1,484.95,1,1.0,0.0,1.0,0.0,3,2,2
15110,24,4,996.1,295,0.0135593220338983,86.12200647918046,0.0114781562134817,0.2888880692678413,1,1,1
15111,29,3,1567.48,344,0.0087209302325581,189.50461735799476,0.0052492166009856,0.7085228297639042,1,1,1
15113,10,3,3509.43,45,0.0666666666666666,9.192388155425116,0.0981124329991032,0.8869058903172745,1,1,3
15114,30,10,2760.56,272,0.0367647058823529,14.212670403551895,0.0657346786246362,0.3923702559546329,1,1,1
15115,18,1,340.11,1,1.0,0.0,1.0,0.0,0,3,2
15116,18,4,1352.75,188,0.0212765957446808,19.65536398374076,0.0484135743522683,0.4235891794512144,1,1,1
15117,15,5,1551.78,201,0.0248756218905472,40.92676385936225,0.0238511134165843,0.6159328861106635,1,1,1
15118,134,1,244.8,1,1.0,0.0,1.0,0.0,0,2,2
15119,246,1,266.4,1,1.0,0.0,1.0,0.0,3,2,2
15120,134,1,358.82,1,1.0,0.0,1.0,0.0,0,2,2
15121,50,2,457.72,239,0.00836820083682,0.0,1.0,0.409631290088755,2,0,0
15122,114,3,1633.78,184,0.0163043478260869,2.8284271247461903,0.2612038749637414,0.2816090527125857,1,1,3
15123,7,2,2199.31,199,0.0100502512562814,0.0,1.0,0.0388194810010701,2,0,0
15124,23,2,184.19,170,0.0117647058823529,0.0,1.0,0.0206538600509453,2,0,0
15125,25,15,11528.48,246,0.0609756097560975,16.995959442250896,0.0555680292128354,1.2809486011579505,1,1,3
15127,66,1,406.53,1,1.0,0.0,1.0,0.0,0,3,2
15128,60,4,1471.0,160,0.025,12.662279942148386,0.0731942255783371,0.2278799683052383,1,1,1
15129,50,11,3447.4,242,0.0454545454545454,18.89855961589548,0.0502548937864414,0.5174937489542384,1,1,1
15130,170,1,330.11,1,1.0,0.0,1.0,0.0,3,2,2
15132,18,5,977.93,245,0.0204081632653061,24.240118261537692,0.0396194657108186,0.6977653527309825,1,1,1
15133,128,3,982.42,175,0.0171428571428571,60.10407640085654,0.0163655202549789,0.0151470512706483,1,1,1
15134,15,8,1387.99,226,0.0353982300884955,15.70259305246839,0.0598709432037689,0.3030057227035968,1,1,1
15135,239,1,139.05,1,1.0,0.0,1.0,0.0,3,2,2
15136,3,4,1286.7,94,0.0425531914893617,38.43175770115127,0.0253602694452244,0.7458502563777761,1,1,1
15139,240,2,178.96,97,0.0206185567010309,0.0,1.0,0.5155525972799548,2,0,0
15140,52,7,2354.25,212,0.0330188679245283,26.94438717061496,0.0357853616146413,0.4831319782457102,1,1,1
15142,46,1,498.74,1,1.0,0.0,1.0,0.0,0,3,2
15143,226,1,259.45,1,1.0,0.0,1.0,0.0,3,2,2
15144,8,17,6580.4400000000005,305,0.0557377049180327,18.536450577173618,0.0511863706280607,0.7109609565918049,1,1,3
15145,4,4,1194.73,245,0.0163265306122449,88.79189152169245,0.0111368630625006,0.3624066695482713,1,1,1
15146,165,2,1327.16,127,0.0157480314960629,0.0,1.0,0.3636658764329017,2,0,0
15147,240,1,623.5,1,1.0,0.0,1.0,0.0,3,2,2
15148,11,1,301.29,1,1.0,0.0,1.0,0.0,0,3,2
15149,134,1,520.8000000000001,1,1.0,0.0,1.0,0.0,0,2,2
15150,17,10,5291.33,252,0.0396825396825396,24.673422498262735,0.0389507865602129,0.8901882687611068,1,1,1
15152,10,13,4745.69,178,0.0730337078651685,11.84080003439571,0.0778767675940263,0.3503398366438602,1,1,3
15153,31,1,329.25,1,1.0,0.0,1.0,0.0,0,3,2
15154,75,1,254.28,1,1.0,0.0,1.0,0.0,0,3,2
15156,1,3,961.49,33,0.0909090909090909,17.67766952966369,0.0535398700791771,0.2173319378366593,1,1,3
15157,4,3,1936.07,355,0.0084507042253521,37.476659402887016,0.0259897822606961,0.5906483461296786,1,1,1
15158,45,1,401.4,1,1.0,0.0,1.0,0.0,0,3,2
15159,2,30,18641.01,360,0.0833333333333333,12.646092096778238,0.0732810531328668,1.0971496205572888,1,1,3
15160,357,1,158.16,1,1.0,0.0,1.0,0.0,3,2,2
15163,18,2,304.47,174,0.0114942528735632,0.0,1.0,0.025685949354364,2,0,0
15164,69,3,824.58,271,0.011070110701107,6.363961030678928,0.1357964817893399,0.5895422065808161,1,1,3
15165,373,1,487.75,1,1.0,0.0,1.0,0.0,3,2,2
15167,321,1,158.8,1,1.0,0.0,1.0,0.0,3,2,2
15168,26,1,106.56,1,1.0,0.0,1.0,0.0,0,3,2
15171,331,1,1289.5,1,1.0,0.0,1.0,0.0,3,2,2
15172,9,5,1624.05,228,0.0219298245614035,11.818065267490557,0.0780148937559415,0.2516575197865831,1,1,3
15174,323,1,135.75,1,1.0,0.0,1.0,0.0,3,2,2
15175,72,1,224.14,1,1.0,0.0,1.0,0.0,0,3,2
15178,260,1,40.5,1,1.0,0.0,1.0,0.0,3,2,2
15179,18,5,2206.9500000000003,301,0.0166112956810631,72.8880420005001,0.0135339897082836,1.15881688385169,1,1,1
15180,367,1,87.5,1,1.0,0.0,1.0,0.0,3,2,2
15181,66,3,689.48,204,0.0147058823529411,10.606601717798211,0.0861578629398942,0.3707920373191082,1,1,3
15182,154,2,622.85,115,0.017391304347826,0.0,1.0,0.2681749439702757,2,0,0
15184,29,2,402.2,162,0.0123456790123456,0.0,1.0,0.240015459392311,2,0,0
15185,70,1,310.62,1,1.0,0.0,1.0,0.0,0,3,2
15186,14,2,411.41,155,0.0129032258064516,0.0,1.0,0.1619396731323898,2,0,0
15187,2,16,4777.18,211,0.0758293838862559,12.63102755688773,0.0733620408165562,0.5079827968143034,1,1,3
15189,1,41,16225.39,332,0.1234939759036144,8.09621627358842,0.1099358205569032,0.5382270957327324,1,1,3
15192,120,3,1044.32,246,0.0121951219512195,72.8319984622144,0.0135442629324435,0.186711722915765,1,1,1
15193,61,1,499.32,1,1.0,0.0,1.0,0.0,0,3,2
15194,3,15,7616.53,366,0.040983606557377,13.281607542052235,0.0700201288304203,0.6042523906459359,1,1,1
15195,3,1,3861.0,1,1.0,0.0,1.0,0.0,0,3,2
15197,11,3,1079.61,348,0.0086206896551724,96.16652224137046,0.0102916104943625,0.4892944209730084,1,1,1
15198,92,2,193.64,32,0.0625,0.0,1.0,0.1580436970138079,2,0,0
15199,59,4,1268.7,250,0.016,53.25723737984663,0.0184307209192969,0.0765680534018456,1,1,1
15201,87,5,1236.54,161,0.031055900621118,31.51058023373525,0.0307592172397566,0.4921684533784877,1,1,1
15203,26,6,1827.8,286,0.0209790209790209,34.846807601271024,0.0278964869375018,0.3405989512852622,1,1,1
15204,357,1,316.58,1,1.0,0.0,1.0,0.0,3,2,2
15205,85,2,653.24,43,0.0465116279069767,0.0,1.0,0.648091011009751,2,0,0
15206,10,4,420.3,266,0.0150375939849624,42.0039680665212,0.0232536680906547,0.8656705663756076,1,1,1
15208,1,5,870.12,353,0.0141643059490084,75.63233435508916,0.013049321913728,0.4068882330768922,1,1,1
15210,225,1,331.18,1,1.0,0.0,1.0,0.0,3,2,2
15211,60,2,894.4100000000001,305,0.0065573770491803,0.0,1.0,0.2028165758942732,2,0,0
15212,241,1,101.8,1,1.0,0.0,1.0,0.0,3,2,2
15213,319,2,328.35,12,0.1666666666666666,0.0,1.0,1.283710529207556,3,0,0
15214,2,8,1661.44,242,0.0330578512396694,36.82843104631711,0.0264351434183352,0.6736762030061811,1,1,1
15215,47,3,734.94,50,0.06,34.64823227814083,0.0280518818492211,0.6954010180154317,1,1,1
15216,88,1,96.6,1,1.0,0.0,1.0,0.0,0,3,2
15218,11,11,5756.89,309,0.0355987055016181,19.13257838231835,0.0496707367039614,0.4315142207360577,1,1,1
15219,176,1,305.75,1,1.0,0.0,1.0,0.0,3,2,2
15220,52,6,1778.96,230,0.0260869565217391,12.891857895586655,0.071984611958757,0.4704472810968785,1,1,1
15221,366,1,403.25,1,1.0,0.0,1.0,0.0,3,2,2
15222,319,1,585.0,1,1.0,0.0,1.0,0.0,3,2,2
15223,226,2,755.75,24,0.0833333333333333,0.0,1.0,0.2882694003090643,2,0,0
15224,358,2,322.08,5,0.4,0.0,1.0,1.3123452233049884,3,0,3
15225,234,1,409.4,1,1.0,0.0,1.0,0.0,3,2,2
15226,311,1,154.41,1,1.0,0.0,1.0,0.0,3,2,2
15227,37,5,1219.4,281,0.0177935943060498,77.95030468189333,0.0126661955774483,0.5022676140718154,1,1,1
15228,66,4,3386.71,229,0.0174672489082969,44.37717130838032,0.0220375129424455,0.4129160784615618,1,1,1
15230,239,2,429.6,2,1.0,0.0,1.0,1.023132158253161,3,0,3
15232,113,2,612.06,28,0.0714285714285714,0.0,1.0,0.0200096223411936,2,0,0
15234,277,1,197.0,1,1.0,0.0,1.0,0.0,3,2,2
15235,218,12,2247.51,156,0.0769230769230769,11.420078012788784,0.0805147921752434,0.7282780695031962,1,0,3
15236,299,1,321.05,1,1.0,0.0,1.0,0.0,3,2,2
15237,2,4,1412.32,226,0.0176991150442477,51.01307022061438,0.0192259367839368,1.119947358104456,1,1,1
15238,29,3,1071.99,155,0.0193548387096774,16.263455967290593,0.057925829097877,0.2794684799209415,1,1,1
15239,10,2,780.59,69,0.0289855072463768,0.0,1.0,0.2590584010603887,2,0,0
15240,45,5,1706.57,268,0.0186567164179104,29.8942580885806,0.0323684743337348,0.1257981011814362,1,1,1
15241,67,8,1756.44,217,0.0368663594470046,30.021420923828945,0.0322357896646782,0.6157755571541087,1,1,1
15243,74,1,316.68,1,1.0,0.0,1.0,0.0,0,3,2
15244,65,2,631.57,183,0.0109289617486338,0.0,1.0,0.0799171620581975,2,0,0
15245,134,3,2515.84,128,0.0234375,14.142135623730953,0.0660408825313113,0.4605101005428892,1,0,1
15246,238,2,514.15,121,0.0165289256198347,0.0,1.0,0.3909957364413798,2,0,0
15247,122,1,356.0,1,1.0,0.0,1.0,0.0,0,2,2
15249,32,13,6688.46,225,0.0577777777777777,12.01766376731528,0.0768186994129313,0.4096363351884297,1,1,3
15251,9,11,10484.99,233,0.0472103004291845,14.41295713354249,0.0648804762989801,0.9361547803585653,1,1,1
15252,36,2,740.78,147,0.0136054421768707,0.0,1.0,0.2666612899812008,2,0,0
15253,16,5,918.2,154,0.0324675324675324,44.31986010808247,0.0220653814379638,0.8131308336921738,1,1,1
15254,127,1,300.36,1,1.0,0.0,1.0,0.0,0,2,2
15255,67,1,890.85,1,1.0,0.0,1.0,0.0,0,3,2
15256,149,1,98.45,1,1.0,0.0,1.0,0.0,0,2,2
15257,283,1,317.15,1,1.0,0.0,1.0,0.0,3,2,2
15258,169,2,623.16,49,0.0408163265306122,0.0,1.0,0.0185184907069846,2,0,0
15260,100,7,1810.77,273,0.0256410256410256,48.49089261569297,0.0202057378064527,0.455953002793792,1,1,1
15261,135,1,254.82,1,1.0,0.0,1.0,0.0,0,2,2
15262,324,1,178.95000000000002,1,1.0,0.0,1.0,0.0,3,2,2
15263,107,1,156.51,1,1.0,0.0,1.0,0.0,0,2,2
15264,64,1,393.74,1,1.0,0.0,1.0,0.0,0,3,2
15265,151,2,1506.12,85,0.0235294117647058,0.0,1.0,0.0766581648422035,2,0,0
15266,338,1,119.3,1,1.0,0.0,1.0,0.0,3,2,2
15267,22,5,1717.36,161,0.031055900621118,37.77455051574627,0.0257901119857959,1.179147874909677,1,1,1
15269,24,1,408.8,1,1.0,0.0,1.0,0.0,0,3,2
15270,16,7,2379.49,295,0.023728813559322,53.92463877177729,0.018206765166999,0.2790465905357456,1,1,1
15271,7,15,2493.34,359,0.0417827298050139,22.644408377549425,0.0422932975962938,0.4287232982063387,1,1,1
15272,57,2,721.94,29,0.0689655172413793,0.0,1.0,0.2429436878487287,2,0,0
15274,4,2,716.57,15,0.1333333333333333,0.0,1.0,0.101462131043165,2,0,0
15275,38,1,615.14,1,1.0,0.0,1.0,0.0,0,3,2
15276,66,1,128.63,1,1.0,0.0,1.0,0.0,0,3,2
15277,47,1,255.9,1,1.0,0.0,1.0,0.0,0,3,2
15279,355,1,290.51,1,1.0,0.0,1.0,0.0,3,2,2
15280,172,1,113.12,1,1.0,0.0,1.0,0.0,3,2,2
15281,59,9,2332.15,275,0.0327272727272727,25.0196351463634,0.0384325143060187,0.928264002659812,1,1,1
15286,50,1,240.55,1,1.0,0.0,1.0,0.0,0,3,2
15287,22,2,486.69,49,0.0408163265306122,0.0,1.0,0.5674114576518816,2,0,0
15288,43,5,2306.52,323,0.0154798761609907,31.88521078284832,0.0304088061531161,0.681908887195871,1,1,1
15289,29,3,939.78,221,0.0135746606334841,2.1213203435596424,0.3203772410170407,0.2148550717464035,2,1,3
15290,5,18,7943.22,355,0.0507042253521126,13.014132589566756,0.0713565390942911,0.9449392516161044,1,1,3
15291,26,15,4668.3,349,0.0429799426934097,26.5814113352062,0.0362563027629972,0.3136673214570807,1,1,1
15292,201,1,178.39,1,1.0,0.0,1.0,0.0,3,2,2
15296,51,6,3672.86,276,0.0217391304347826,40.75291400624009,0.0239504241512471,0.7396325450631251,1,1,1
15297,10,3,641.94,54,0.0555555555555555,10.606601717798211,0.0861578629398942,0.2698006154914817,1,1,3
15298,2,12,4799.9,365,0.0328767123287671,24.88007600105317,0.038639762880113,0.6034724608413456,1,1,1
15299,67,7,4507.01,305,0.0229508196721311,55.46079696506353,0.0177114042619478,0.3453266532198281,1,1,1
15300,64,1,496.44,1,1.0,0.0,1.0,0.0,0,3,2
15301,51,12,5049.95,318,0.0377358490566037,27.299683647850703,0.0353360840511002,0.4788952358551547,1,1,1
15303,290,1,574.02,1,1.0,0.0,1.0,0.0,3,2,2
15304,61,8,694.4,308,0.0259740259740259,29.11962192323899,0.0332009479583953,0.3567116309737836,1,1,1
15306,64,3,1174.35,84,0.0357142857142857,19.091883092036785,0.0497713427566348,0.2813966207284792,1,1,1
15307,96,1,205.3,1,1.0,0.0,1.0,0.0,0,2,2
15308,274,1,310.47,1,1.0,0.0,1.0,0.0,3,2,2
15311,1,91,60632.75,374,0.2433155080213903,2.960012315660852,0.2525244671702791,0.9799292980929536,1,1,3
15312,75,4,924.85,280,0.0142857142857142,58.28664798505172,0.0168672042354652,0.380198910085304,1,1,1
15313,110,1,52.0,1,1.0,0.0,1.0,0.0,0,3,2
15314,199,1,327.97,1,1.0,0.0,1.0,0.0,3,2,2
15315,64,2,570.5,52,0.0384615384615384,0.0,1.0,0.2563680396505267,2,0,0
15316,327,1,165.0,1,1.0,0.0,1.0,0.0,3,2,2
15318,4,1,312.62,1,1.0,0.0,1.0,0.0,0,3,2
15319,284,1,204.5,1,1.0,0.0,1.0,0.0,3,2,2
15320,44,1,267.13,1,1.0,0.0,1.0,0.0,0,3,2
15321,71,3,2748.31,221,0.0135746606334841,155.56349186104046,0.0063871850845506,0.536612377004464,1,1,1
15322,86,1,679.68,1,1.0,0.0,1.0,0.0,0,3,2
15325,104,1,161.74,1,1.0,0.0,1.0,0.0,0,2,2
15326,334,1,311.71,1,1.0,0.0,1.0,0.0,3,2,2
15327,53,1,208.75,1,1.0,0.0,1.0,0.0,0,3,2
15329,39,3,1049.7,133,0.0225563909774436,41.01219330881976,0.0238026135091134,0.2359096191142781,1,1,1
15330,32,2,714.9599999999999,29,0.0689655172413793,0.0,1.0,0.1466908327537047,2,0,0
15332,366,4,1661.06,4,1.0,1.7320508075688772,0.3660254037844386,1.2570042883979025,3,0,3
15333,208,1,1028.56,1,1.0,0.0,1.0,0.0,3,2,2
15334,157,3,350.82,17,0.1764705882352941,2.8284271247461903,0.2612038749637414,0.0821388424519836,2,0,3
15335,54,1,170.22,1,1.0,0.0,1.0,0.0,0,3,2
15339,66,2,574.07,252,0.0079365079365079,0.0,1.0,0.1435473448873488,2,0,0
15341,81,1,2020.52,1,1.0,0.0,1.0,0.0,0,3,2
15342,130,1,406.09,1,1.0,0.0,1.0,0.0,0,2,2
15343,87,1,364.5,1,1.0,0.0,1.0,0.0,0,3,2
15344,1,3,563.94,74,0.0405405405405405,7.7781745930520225,0.1139189007235634,0.5709688325246594,1,1,3
15345,46,1,393.54,1,1.0,0.0,1.0,0.0,0,3,2
15346,333,1,252.42,1,1.0,0.0,1.0,0.0,3,2,2
15347,366,1,201.6,1,1.0,0.0,1.0,0.0,3,2,2
15348,72,1,158.04,1,1.0,0.0,1.0,0.0,0,3,2
15349,158,2,463.91,30,0.0666666666666666,0.0,1.0,0.7575741251219803,2,0,0
15350,373,1,115.65,1,1.0,0.0,1.0,0.0,3,2,2
15351,12,7,1934.66,358,0.0195530726256983,113.4749605272752,0.0087355347876423,0.5838969847735145,1,1,1
15353,255,2,770.12,114,0.0175438596491228,0.0,1.0,0.2696136124598996,2,0,0
15355,29,2,277.05,24,0.0833333333333333,0.0,1.0,0.1253165239352445,2,0,0
15356,31,10,2718.03,337,0.029673590504451,16.76305461424021,0.0562966236222864,0.3502283376267071,1,1,1
15358,5,22,8347.2,361,0.0609418282548476,14.312498700353444,0.0653061279918292,0.5930417525057704,1,1,3
15360,40,1,427.93,1,1.0,0.0,1.0,0.0,0,3,2
15361,362,1,418.92,1,1.0,0.0,1.0,0.0,3,2,2
15363,373,1,326.0,1,1.0,0.0,1.0,0.0,3,2,2
15364,96,2,913.19,159,0.0125786163522012,0.0,1.0,0.3865280642940688,2,0,0
15365,26,7,2314.32,290,0.0241379310344827,86.43841738486424,0.0114366205371542,0.9112334412282992,1,1,1
15366,75,2,602.51,283,0.0070671378091872,0.0,1.0,0.9187658540434196,2,0,0
15367,57,4,1877.59,219,0.0182648401826484,101.21429411566992,0.0097833674698018,0.6928084808908871,1,1,1
15368,21,1,446.94000000000005,1,1.0,0.0,1.0,0.0,0,3,2
15370,41,7,2386.05,292,0.023972602739726,31.75164037757209,0.0305328218211869,0.5486395364016978,1,1,1
15372,137,1,2007.4,1,1.0,0.0,1.0,0.0,0,2,2
15373,8,12,2415.91,364,0.0329670329670329,26.937975897504725,0.0357935737244771,0.5997491725957576,1,1,1
15374,129,1,168.0,1,1.0,0.0,1.0,0.0,0,2,2
15376,40,3,1221.56,183,0.0163934426229508,20.50609665440988,0.0464984425611677,0.5123984940839871,1,1,1
15379,169,7,3703.29,190,0.0368421052631578,21.02775943049251,0.0453972635371949,0.8721339532767651,1,0,1
15380,9,5,1690.26,357,0.0140056022408963,90.46316008925032,0.0109333637611492,0.2221477763525956,1,1,1
15381,214,2,596.85,55,0.0363636363636363,0.0,1.0,0.0764151585599938,2,0,0
15382,15,6,5955.71,281,0.0213523131672597,41.781574886545386,0.0233745485679746,0.8939691981423078,1,1,1
15384,170,2,642.41,190,0.0105263157894736,0.0,1.0,0.077644047173766,2,0,0
15385,40,1,316.88,1,1.0,0.0,1.0,0.0,0,3,2
15386,186,1,394.14,1,1.0,0.0,1.0,0.0,3,2,2
15388,270,1,140.54,1,1.0,0.0,1.0,0.0,3,2,2
15389,172,1,500.0,1,1.0,0.0,1.0,0.0,3,2,2
15392,5,4,1535.53,356,0.0112359550561797,133.52527850560733,0.007433547145255,0.3178704087358405,1,1,1
15393,16,2,231.86,265,0.0075471698113207,0.0,1.0,0.0996646666487379,2,0,0
15394,10,4,2183.54,349,0.0114613180515759,43.86342439892262,0.022289872282331,0.4187879531822497,1,1,1
15395,326,1,107.45,1,1.0,0.0,1.0,0.0,3,2,2
15396,113,1,288.18,1,1.0,0.0,1.0,0.0,0,2,2
15397,290,1,94.0,1,1.0,0.0,1.0,0.0,3,2,2
15398,16,2,1345.53,63,0.0317460317460317,0.0,1.0,0.0797007977783859,2,0,0
15399,1,3,815.77,78,0.0384615384615384,25.45584412271571,0.0377988317198079,0.1138009462011213,1,1,1
15400,92,5,716.2,187,0.0267379679144385,36.754818278243015,0.0264866855570662,0.8013132306721333,1,1,1
15402,149,2,626.77,48,0.0416666666666666,0.0,1.0,0.5758435203555332,2,0,0
15405,189,1,349.1,1,1.0,0.0,1.0,0.0,3,2,2
15406,31,2,510.71,270,0.0074074074074074,0.0,1.0,0.0169746610353176,2,0,0
15407,34,4,1046.74,272,0.0147058823529411,56.35896852616568,0.0174340652507345,0.4572055415084737,1,1,1
15408,264,1,267.18,1,1.0,0.0,1.0,0.0,3,2,2
15410,84,8,3450.84,178,0.0449438202247191,12.996336480130156,0.0714472677489317,0.4434771336094514,1,1,1
15411,26,4,1348.93,157,0.0254777070063694,7.211102550927978,0.1217863245279995,0.5916222572066472,1,1,3
15412,171,1,190.53,1,1.0,0.0,1.0,0.0,3,2,2
15414,10,3,774.9000000000001,233,0.0128755364806866,125.86500705120544,0.0078823942333947,0.7472103368214159,1,1,1
15415,313,1,559.61,1,1.0,0.0,1.0,0.0,3,2,2
15416,65,4,3984.32,219,0.0182648401826484,25.579940057266228,0.0376223572305095,0.2549254507033732,1,1,1
15417,85,1,508.8,1,1.0,0.0,1.0,0.0,0,3,2
15419,25,1,135.86,1,1.0,0.0,1.0,0.0,0,3,2
15421,59,4,950.36,252,0.0158730158730158,78.54510381515409,0.0125714840013759,0.6527771708904669,1,1,1
15422,323,2,97.7,1,2.0,0.0,1.0,0.1925183252769924,3,2,3
15423,38,1,43.5,1,1.0,0.0,1.0,0.0,0,3,2
15424,254,2,383.34,1,2.0,0.0,1.0,0.0135024303184784,3,2,3
15426,19,5,1404.07,351,0.0142450142450142,103.30980915027703,0.0095868260918713,0.5395709877194735,1,1,1
15427,33,3,1430.54,14,0.2142857142857142,9.192388155425116,0.0981124329991032,0.2338352015663979,1,1,3
15428,15,1,93.78,1,1.0,0.0,1.0,0.0,0,3,2
15429,27,2,397.35,49,0.0408163265306122,0.0,1.0,0.3159424636513393,2,0,0
15432,23,1,171.19000000000003,1,1.0,0.0,1.0,0.0,0,3,2
15433,214,2,533.3,54,0.037037037037037,0.0,1.0,0.5621319912841716,2,0,0
15434,8,5,1041.48,192,0.0260416666666666,43.52298243457128,0.0224603102783949,0.5597864161968016,1,1,1
15435,22,1,149.29,1,1.0,0.0,1.0,0.0,0,3,2
15436,12,3,1067.75,222,0.0135135135135135,107.48023074035522,0.009218269477998,0.3553799153994011,1,1,1
15437,262,1,200.16,1,1.0,0.0,1.0,0.0,3,2,2
15438,131,1,156.57999999999998,1,1.0,0.0,1.0,0.0,0,2,2
15440,55,3,383.68,155,0.0193548387096774,6.363961030678928,0.1357964817893399,0.1342989512386422,2,1,3
15442,249,1,594.0,1,1.0,0.0,1.0,0.0,3,2,2
15443,2,7,3213.59,319,0.0219435736677116,77.78881667694914,0.0126921566051716,0.3250096820642051,1,1,1
15444,9,2,1411.21,32,0.0625,0.0,1.0,0.7410839432193134,2,0,0
15445,264,1,113.5,1,1.0,0.0,1.0,0.0,3,2,2
15447,331,1,155.17000000000002,1,1.0,0.0,1.0,0.0,3,2,2
15448,313,1,494.64,1,1.0,0.0,1.0,0.0,3,2,2
15449,26,3,974.52,236,0.0127118644067796,57.982756057296896,0.0169541077230874,0.0681458958990249,1,1,1
15450,30,1,429.84,1,1.0,0.0,1.0,0.0,0,3,2
15452,30,3,528.48,235,0.0127659574468085,106.77312395916869,0.0092787511697152,0.3206103033234019,1,1,1
15453,2,7,1371.77,186,0.0376344086021505,9.025888691240697,0.0997417815812845,0.3806060808037706,1,1,3
15454,362,1,179.1,1,1.0,0.0,1.0,0.0,3,2,2
15456,283,3,434.59,76,0.0394736842105263,53.033008588991066,0.0185072056158602,0.7764521414311112,1,0,1
15457,262,1,237.07,1,1.0,0.0,1.0,0.0,3,2,2
15458,25,1,161.64,1,1.0,0.0,1.0,0.0,0,3,2
15460,354,1,214.26,1,1.0,0.0,1.0,0.0,3,2,2
15462,94,3,234.6,93,0.032258064516129,4.242640687119285,0.1907435698305462,0.2967964299414701,2,0,3
15463,29,1,126.14,1,1.0,0.0,1.0,0.0,0,3,2
15464,338,1,1044.65,1,1.0,0.0,1.0,0.0,3,2,2
15465,20,18,7354.62,350,0.0514285714285714,15.497865128120443,0.0606139032071192,0.3979182041314835,1,1,3
15466,85,1,334.53,1,1.0,0.0,1.0,0.0,0,3,2
15467,9,3,524.88,143,0.0209790209790209,90.50966799187808,0.0109278071043679,0.5620960662262943,1,1,1
15468,51,2,467.51,1,2.0,0.0,1.0,1.2938189188735996,2,0,3
15469,50,2,538.55,70,0.0285714285714285,0.0,1.0,0.183948862768982,2,0,0
15471,2,1,454.48,1,1.0,0.0,1.0,0.0,0,3,2
15472,113,1,371.56,1,1.0,0.0,1.0,0.0,0,2,2
15473,14,7,1771.2,47,0.1489361702127659,12.225656083281038,0.0756106157383096,0.6924521402484906,1,1,3
15475,77,1,454.11,1,1.0,0.0,1.0,0.0,0,3,2
15478,40,2,1399.92,17,0.1176470588235294,0.0,1.0,0.2563307541263423,2,0,0
15480,116,1,905.5,1,1.0,0.0,1.0,0.0,0,2,2
15482,16,12,10879.76,344,0.0348837209302325,45.22710370000393,0.0216323308180762,0.7950446891776474,1,1,1
15483,161,4,225.26,106,0.0377358490566037,60.6217782649107,0.0162280289234923,0.7563596068244319,1,0,1
15484,1,4,3590.41,78,0.0512820512820512,11.532562594670797,0.0797921408687181,0.5907977020961055,1,1,3
15485,30,3,2564.5,344,0.0087209302325581,189.50461735799476,0.0052492166009856,0.5725679839943063,1,1,1
15488,93,1,91.32,1,1.0,0.0,1.0,0.0,0,3,2
15489,23,3,1134.28,189,0.0158730158730158,84.14570696119915,0.0117445733400945,0.1479853674377041,1,1,1
15491,95,6,3100.09,141,0.0425531914893617,31.753739937210547,0.0305308646254447,0.5117504960665924,1,1,1
15492,28,2,659.46,47,0.0425531914893617,0.0,1.0,0.6777056530815295,2,0,0
15493,33,5,1953.41,239,0.0209205020920502,57.63679380395825,0.0170541384534652,0.2396461935226183,1,1,1
15494,21,2,1280.58,100,0.02,0.0,1.0,1.0592742075911117,2,0,0
15497,18,2,1262.2,303,0.0066006600660066,0.0,1.0,0.7607756368652603,2,0,0
15498,3,27,13316.4,365,0.073972602739726,15.586582000603546,0.0602896968141846,0.8369294971727926,1,1,3
15500,8,4,1131.56,74,0.054054054054054,26.31222782915452,0.0366136371684973,0.3804743795444691,1,1,1
15502,16,12,10384.93,354,0.0338983050847457,48.509980229002174,0.020197947875855,1.3772027427460969,1,1,1
15503,363,1,141.04,1,1.0,0.0,1.0,0.0,3,2,2
15504,81,1,52.83,1,1.0,0.0,1.0,0.0,0,3,2
15505,53,5,3610.96,103,0.0485436893203883,8.88350531415762,0.1011786778287608,0.2550187844286671,1,1,3
15506,23,3,972.08,117,0.0256410256410256,49.49747468305833,0.0198029704708282,0.4010173134251694,1,1,1
15507,172,1,475.86,1,1.0,0.0,1.0,0.0,3,2,2
15508,189,6,1000.27,47,0.1276595744680851,11.94571052721436,0.0772456635653801,0.6405963780384062,1,0,3
15510,331,1,250.0,1,1.0,0.0,1.0,0.0,3,2,2
15511,12,5,900.53,74,0.0675675675675675,10.03327796219494,0.0906348959417552,0.2515026729674195,1,1,3
15512,156,2,121.0,204,0.0098039215686274,0.0,1.0,0.9513800328691732,2,0,0
15513,33,19,14758.22,341,0.0557184750733137,18.134212781442,0.0522624061633664,0.9717314999043692,1,1,3
15514,12,11,4023.72,353,0.0311614730878186,61.540952941020414,0.0159895229121797,0.785959189183174,1,1,1
15516,45,3,62.43,2,1.5,0.7071067811865476,0.585786437626905,1.1079559373843957,0,0,3
15517,233,1,267.03,1,1.0,0.0,1.0,0.0,3,2,2
15518,64,8,1921.55,269,0.0297397769516728,36.59104756500915,0.0266020785473089,0.6313614799550457,1,1,1
15520,2,1,343.5,1,1.0,0.0,1.0,0.0,0,3,2
15521,40,8,3000.2,215,0.0372093023255813,28.051822791126455,0.0344212480982583,0.5513687683971717,1,1,1
15522,33,2,397.99,55,0.0363636363636363,0.0,1.0,0.4267976355602715,2,0,0
15523,84,1,412.0100000000001,1,1.0,0.0,1.0,0.0,0,3,2
15524,25,1,440.0,1,1.0,0.0,1.0,0.0,0,3,2
15525,2,3,734.37,372,0.0080645161290322,240.41630560342617,0.0041422222807215,0.1815214245413515,1,1,1
15526,33,2,148.44,1,2.0,0.0,1.0,1.035032076368991,0,0,3
15527,19,8,2428.53,336,0.0238095238095238,23.754698783308417,0.0403963711598171,0.4945374345515771,1,1,1
15528,254,1,229.33,1,1.0,0.0,1.0,0.0,3,2,2
15529,23,11,3962.6,344,0.0319767441860465,20.922077653362567,0.0456161143032267,0.5364064129341971,1,1,1
15530,22,4,1497.31,226,0.0176991150442477,54.53744890745563,0.018005868466633,0.4209172925373699,1,1,1
15531,8,2,1972.39,23,0.0869565217391304,0.0,1.0,0.7297175349874873,2,0,0
15532,25,4,1564.73,333,0.012012012012012,78.58965156643292,0.0125644475169652,0.2501097177902568,1,1,1
15533,19,3,807.57,70,0.0428571428571428,40.30508652763321,0.0242100933339286,0.6421916660591189,1,1,1
15535,173,4,502.9,155,0.0258064516129032,46.60829682935575,0.0210047421688773,0.6981264676964409,1,0,1
15537,163,1,110.92,1,1.0,0.0,1.0,0.0,3,2,2
15539,7,1,538.46,1,1.0,0.0,1.0,0.0,0,3,2
15540,11,1,213.3,1,1.0,0.0,1.0,0.0,0,3,2
15541,114,1,85.13000000000001,1,1.0,0.0,1.0,0.0,0,3,2
15543,288,1,127.86,1,1.0,0.0,1.0,0.0,3,2,2
15544,9,9,3546.71,364,0.0247252747252747,29.548990797366617,0.0327343055825661,0.2114194428249923,1,1,1
15545,54,2,288.97,317,0.0063091482649842,0.0,1.0,0.0896087840504252,2,0,0
15547,7,14,4910.6,355,0.0394366197183098,23.171324010730515,0.0413713373564503,0.5010759792684456,1,1,1
15549,77,3,1681.46,240,0.0125,55.15432893255071,0.0178080660744987,0.8002276327367108,1,1,1
15550,4,4,575.63,298,0.0134228187919463,34.12232895529456,0.0284719160074165,0.0496146648729154,1,1,1
15551,37,1,436.06,1,1.0,0.0,1.0,0.0,0,3,2
15552,217,1,90.12,1,1.0,0.0,1.0,0.0,3,2,2
15553,60,1,428.93,1,1.0,0.0,1.0,0.0,0,3,2
15554,278,1,217.2,1,1.0,0.0,1.0,0.0,3,2,2
15555,12,16,4794.86,358,0.0446927374301676,31.454880762920144,0.030812006591702,0.4607255328864944,1,1,1
15556,24,1,279.77,1,1.0,0.0,1.0,0.0,0,3,2
15557,29,1,468.91,1,1.0,0.0,1.0,0.0,0,3,2
15561,12,4,800.5899999999999,204,0.0196078431372549,68.52979887124529,0.0143823226333761,0.7384548498265854,1,1,1
15562,352,1,134.55,1,1.0,0.0,1.0,0.0,3,2,2
15563,22,4,1400.44,337,0.0118694362017804,97.50897394599124,0.0101513594136942,0.7899993205769656,1,1,1
15565,50,2,173.16000000000005,21,0.0952380952380952,0.0,1.0,0.0362618862146947,2,0,0
15567,19,1,186.01,1,1.0,0.0,1.0,0.0,0,3,2
15568,3,3,758.29,71,0.0422535211267605,9.192388155425116,0.0981124329991032,0.2922899829824986,1,1,3
15569,104,5,1375.71,229,0.0218340611353711,96.02560422442896,0.0103065578204172,0.1721368486547758,1,1,1
15570,7,12,4148.82,363,0.0330578512396694,30.157164081765806,0.0320953472330054,0.682192088624341,1,1,1
15571,12,4,650.4300000000001,67,0.0597014925373134,19.39931270260195,0.0490212594207867,0.2624793978058595,1,1,1
15572,5,7,2533.42,274,0.0255474452554744,54.95604304047615,0.017871170755885,0.5174812655190492,1,1,1
15573,32,2,591.1899999999999,54,0.037037037037037,0.0,1.0,0.5190720426586003,2,0,0
15574,178,4,675.64,195,0.0205128205128205,100.38094108611122,0.00986378691386,0.8694505591960187,1,0,1
15576,38,1,921.37,1,1.0,0.0,1.0,0.0,0,3,2
15577,151,3,258.88,155,0.0193548387096774,108.89444430272832,0.0090996410814479,0.7501313455636915,1,0,1
15578,162,1,127.1,1,1.0,0.0,1.0,0.0,0,2,2
15579,69,2,327.6,246,0.008130081300813,0.0,1.0,0.2723958357318141,2,0,0
15581,121,13,3675.77,246,0.0528455284552845,24.43342841769088,0.0393183326910195,2.380348875574984,1,1,1
15582,25,3,682.9100000000001,196,0.0153061224489795,31.81980515339464,0.0304694069732028,0.3584246025181986,1,1,1
15584,24,4,720.86,139,0.0287769784172661,37.5410886008029,0.0259463351011618,0.4010765086014031,1,1,1
15585,177,1,455.3,1,1.0,0.0,1.0,0.0,3,2,2
15587,50,4,913.68,302,0.0132450331125827,94.36807369726974,0.0104856894056006,0.5887243879679871,1,1,1
15589,256,3,478.53,55,0.0545454545454545,38.18376618407357,0.0255207729472021,0.745093739564545,1,0,1
15592,47,1,388.58,1,1.0,0.0,1.0,0.0,0,3,2
15593,71,1,199.8,1,1.0,0.0,1.0,0.0,0,3,2
15594,16,5,1771.78,219,0.0228310502283105,60.390396587537,0.0162891927009152,0.7340825993499478,1,1,1
15596,101,5,1406.59,265,0.0188679245283018,34.50120770833006,0.0281680558085734,0.5466929226860521,1,1,1
15597,35,1,324.57,1,1.0,0.0,1.0,0.0,0,3,2
15598,53,1,240.68,1,1.0,0.0,1.0,0.0,0,3,2
15599,27,2,761.74,178,0.0112359550561797,0.0,1.0,0.2523431976760457,2,0,0
15601,11,14,6776.56,362,0.0386740331491712,16.13047760273414,0.05837548859936,0.4145170842838612,1,1,1
15602,8,9,1297.87,360,0.025,48.36154759428492,0.0202586841121606,0.7634498926148388,1,1,1
15603,79,1,48.48,1,1.0,0.0,1.0,0.0,0,3,2
15604,52,1,216.39,1,1.0,0.0,1.0,0.0,0,3,2
15605,36,5,1198.23,338,0.014792899408284,55.54202613036966,0.017685959779621,0.2627749475155975,1,1,1
15606,61,9,2920.16,264,0.034090909090909,19.791773182670767,0.048095945988554,0.1837608805639008,1,1,1
15607,337,1,104.76,1,1.0,0.0,1.0,0.0,3,2,2
15608,28,4,1093.68,93,0.043010752688172,30.0055550412475,0.0322522850718096,1.022821816688507,1,1,1
15609,184,1,298.48,1,1.0,0.0,1.0,0.0,3,2,2
15610,52,1,112.46,1,1.0,0.0,1.0,0.0,0,3,2
15611,10,13,1591.45,326,0.0398773006134969,21.997245006563613,0.0434834694205584,0.8181860928906006,1,1,1
15612,36,2,195.15,26,0.0769230769230769,0.0,1.0,0.4047339352218158,2,0,0
15615,10,23,10399.74,349,0.0659025787965616,14.158044231115277,0.0659715715796155,0.7324825052280254,1,1,3
15618,33,4,776.851,104,0.0384615384615384,30.6648550189518,0.0315807541010842,0.6457167695793012,1,1,1
15619,11,1,336.4,1,1.0,0.0,1.0,0.0,0,3,2
15620,57,3,1553.18,302,0.009933774834437,19.091883092036785,0.0497713427566348,0.2695557824897462,1,1,1
15621,4,4,1293.03,18,0.2222222222222222,5.033222956847167,0.1657488886375547,0.7722789258385145,1,1,3
15622,43,9,3709.56,240,0.0375,39.36618382027179,0.0247732112714059,1.1522382958249449,1,1,1
15623,141,1,301.03000000000003,1,1.0,0.0,1.0,0.0,0,2,2
15624,117,4,588.13,140,0.0285714285714285,26.627053911388696,0.036196403829645,0.4259199200978485,1,0,1
15625,104,4,1534.26,132,0.0303030303030303,15.132745950421556,0.0619857278527261,0.5448159370176837,1,1,1
15626,75,2,675.8,255,0.0078431372549019,0.0,1.0,0.2344606207876319,2,0,0
15628,5,9,2870.24,363,0.024793388429752,32.70976263179804,0.0296649967821699,0.1793661341256427,1,1,1
15630,45,2,1186.35,160,0.0125,0.0,1.0,0.4680428802583962,2,0,0
15632,16,8,3285.31,260,0.0307692307692307,14.175767384955952,0.0658945260976601,0.2891658496835627,1,1,1
15634,17,1,243.55,1,1.0,0.0,1.0,0.0,0,3,2
15636,90,2,724.76,193,0.0103626943005181,0.0,1.0,0.2172951353632483,2,0,0
15637,53,1,223.36,1,1.0,0.0,1.0,0.0,0,3,2
15639,134,1,425.32,1,1.0,0.0,1.0,0.0,0,2,2
15640,4,15,12416.11,368,0.0407608695652173,17.63488052097351,0.0536628071682296,0.4982621392422212,1,1,1
15641,105,4,1887.2,254,0.0157480314960629,67.35725647619564,0.0146290247963394,0.2573853365205455,1,1,1
15643,192,3,664.0,91,0.0329670329670329,63.63961030678928,0.0154703902955765,0.720451088027911,1,0,1
15644,166,4,803.54,95,0.0421052631578947,50.26927491022722,0.0195048594260598,0.7012345679833073,1,0,1
15645,19,1,612.01,1,1.0,0.0,1.0,0.0,0,3,2
15646,158,3,447.64,215,0.013953488372093,25.45584412271571,0.0377988317198079,0.2755089987640413,1,0,1
15648,204,2,639.5,63,0.0317460317460317,0.0,1.0,0.0917746095988795,2,0,0
15649,336,2,816.0,32,0.0625,0.0,1.0,0.3535533905932738,3,0,0
15651,37,3,646.3,224,0.0133928571428571,157.6848122046001,0.0063018003179198,0.444891341328492,1,1,1
15652,91,1,337.74,1,1.0,0.0,1.0,0.0,0,3,2
15653,93,2,877.44,24,0.0833333333333333,0.0,1.0,1.2594856015007654,2,0,0
15654,9,2,922.53,17,0.1176470588235294,0.0,1.0,0.4100856016285938,2,0,0
15655,243,1,560.6700000000001,1,1.0,0.0,1.0,0.0,3,2,2
15656,45,4,748.5,239,0.0167364016736401,47.64801499887832,0.0205558232956279,0.4694825217523055,1,1,1
15657,23,1,30.0,1,1.0,0.0,1.0,0.0,0,3,2
15658,190,5,1024.1,183,0.0273224043715847,26.663020584072363,0.0361493422947374,0.890398140411109,1,0,1
15659,44,1,306.45,1,1.0,0.0,1.0,0.0,0,3,2
15660,25,9,1600.86,341,0.0263929618768328,36.35440629611296,0.0267706035018433,0.8335005882693174,1,1,1
15661,317,2,309.8,22,0.0909090909090909,0.0,1.0,0.3551511141143538,3,0,0
15663,106,1,138.14,1,1.0,0.0,1.0,0.0,0,2,2
15664,51,1,386.43,1,1.0,0.0,1.0,0.0,0,3,2
15665,168,2,2222.21,75,0.0266666666666666,0.0,1.0,0.4395166580033978,2,0,0
15667,40,1,301.32000000000005,1,1.0,0.0,1.0,0.0,0,3,2
15668,218,1,76.32000000000001,1,1.0,0.0,1.0,0.0,3,2,2
15669,40,4,684.34,224,0.0178571428571428,12.12435565298214,0.0761942168012475,0.3259785943560916,1,1,3
15670,297,1,173.05,1,1.0,0.0,1.0,0.0,3,2,2
15671,19,7,2657.13,253,0.0276679841897233,43.325512114688266,0.0225603710434882,0.310785131104292,1,1,1
15673,88,4,2726.23,239,0.0167364016736401,29.10326442171049,0.0332189886781447,0.3693329053286073,1,1,1
15674,73,5,2446.6,182,0.0274725274725274,64.87423731086683,0.0151804414111225,0.6602236099797536,1,1,1
15675,81,3,323.69,199,0.0150753768844221,36.76955262170047,0.0264763527917842,0.6321164938337454,1,1,1
15676,19,3,3435.76,266,0.0112781954887218,164.048773235279,0.0060588151029422,0.9794522845410598,1,1,1
15677,49,1,657.23,1,1.0,0.0,1.0,0.0,0,3,2
15678,53,1,352.7,1,1.0,0.0,1.0,0.0,0,3,2
15679,24,4,781.28,159,0.0251572327044025,63.12157581471912,0.0155953746815194,0.9941831441453431,1,1,1
15680,9,3,1333.68,357,0.0084033613445378,208.59650045003156,0.004771072025787,0.2681133234513911,1,1,1
15681,25,5,1426.16,256,0.01953125,75.95832190528347,0.0129940463258898,0.590054102237519,1,1,1
15683,117,1,193.75,1,1.0,0.0,1.0,0.0,0,2,2
15687,9,9,2993.1,322,0.0279503105590062,40.92829094892676,0.0238502447242151,0.4482060229274553,1,1,1
15689,120,2,254.1,242,0.0082644628099173,0.0,1.0,0.262138759495367,2,0,0
15690,4,2,239.76,97,0.0206185567010309,0.0,1.0,0.1047565601757847,2,0,0
15691,252,1,136.8,1,1.0,0.0,1.0,0.0,3,2,2
15692,28,1,191.04,1,1.0,0.0,1.0,0.0,0,3,2
15694,1,14,6479.4,373,0.0375335120643431,29.771781511340137,0.032497306001977,0.6703273549263247,1,1,1
15695,267,2,409.98,1,2.0,0.0,1.0,1.0675418637085357,3,0,3
15696,33,8,2711.11,294,0.0272108843537414,46.22666721606439,0.0211744774498896,0.5898186291616887,1,1,1
15699,18,1,309.65,1,1.0,0.0,1.0,0.0,0,3,2
15700,172,2,696.68,2,1.0,0.0,1.0,1.3983800867651976,2,0,3
15701,2,4,1529.0,109,0.036697247706422,30.50136608962512,0.031744655046225,0.85282538466458,1,1,1
15703,265,1,211.5,1,1.0,0.0,1.0,0.0,3,2,2
15704,140,4,2293.62,76,0.0526315789473684,23.180451534284945,0.0413557206978588,0.6758815116635148,1,1,1
15705,201,1,143.1,1,1.0,0.0,1.0,0.0,3,2,2
15706,64,4,1060.56,53,0.0754716981132075,20.816659994661325,0.0458365304425474,0.7603054636947455,1,1,3
15707,35,4,916.98,52,0.0769230769230769,8.144527815247077,0.1093550175803124,0.2866766813927336,1,1,3
15708,41,7,3235.25,329,0.0212765957446808,31.59535830888244,0.0306792148294161,0.3687542900192261,1,1,1
15709,284,1,133.25,1,1.0,0.0,1.0,0.0,3,2,2
15712,9,5,1072.36,279,0.017921146953405,27.39069184960468,0.0352228119447509,0.4191077746088051,1,1,1
15713,143,2,356.7,223,0.0089686098654708,0.0,1.0,0.0570918847720004,2,0,0
15714,12,2,330.03000000000003,67,0.0298507462686567,0.0,1.0,0.2788318531758242,2,0,0
15716,146,4,1101.11,224,0.0178571428571428,32.90896534380867,0.0294907258260708,0.6460785082536737,1,1,1
15717,234,1,150.3,1,1.0,0.0,1.0,0.0,3,2,2
15719,33,13,5030.07,305,0.0426229508196721,5.736644568830365,0.1484418525844273,0.2998537335745254,1,1,3
15720,24,1,598.73,1,1.0,0.0,1.0,0.0,0,3,2
15721,12,1,471.4,1,1.0,0.0,1.0,0.0,0,3,2
15722,36,5,2211.21,255,0.0196078431372549,44.02556075736003,0.0222096067917718,0.5775848446685014,1,1,1
15723,365,1,190.7,1,1.0,0.0,1.0,0.0,3,2,2
15724,201,2,218.25,84,0.0238095238095238,0.0,1.0,0.0709536701396811,2,0,0
15725,15,1,415.25,1,1.0,0.0,1.0,0.0,0,3,2
15727,17,7,5159.06,343,0.0204081632653061,24.945941553687646,0.038541673191192,0.5244443197356286,1,1,1
15729,213,1,85.0,1,1.0,0.0,1.0,0.0,3,2,2
15730,66,3,1120.88,141,0.0212765957446808,62.22539674441618,0.0158164290220656,0.2221000129628036,1,1,1
15732,212,2,294.12,160,0.0125,0.0,1.0,0.0861645146121511,2,0,0
15733,283,1,162.3,1,1.0,0.0,1.0,0.0,3,2,2
15734,115,2,1339.45,86,0.0232558139534883,0.0,1.0,0.1923169960702221,2,0,0
15737,15,8,1188.12,229,0.0349344978165938,28.25310770938473,0.0341844022158093,1.0248708666918307,1,1,1
15738,19,16,4812.42,354,0.0451977401129943,12.100767390069583,0.0763314064150167,0.2639401483615822,1,1,3
15739,66,1,449.12,1,1.0,0.0,1.0,0.0,0,3,2
15740,49,1,154.88,1,1.0,0.0,1.0,0.0,0,3,2
15743,16,4,775.96,169,0.0236686390532544,30.4138126514911,0.0318331305752068,0.4971555744478153,1,1,1
15744,78,1,34.8,1,1.0,0.0,1.0,0.0,0,3,2
15745,19,4,1094.59,218,0.018348623853211,79.01898506055365,0.0124970342880912,0.2349217469361121,1,1,1
15746,134,1,196.88,1,1.0,0.0,1.0,0.0,0,2,2
15747,13,3,946.64,161,0.0186335403726708,38.89087296526012,0.0250683909793318,0.2970257843808994,1,1,1
15748,40,1,144.36,1,1.0,0.0,1.0,0.0,0,3,2
15749,235,3,44534.3,98,0.0306122448979591,68.58935777509511,0.0143700133464643,0.4617566441053007,1,0,1
15750,3,8,2463.05,365,0.021917808219178,45.09936120337383,0.0216922745542689,0.4988985169129658,1,1,1
15752,40,7,2626.6,334,0.0209580838323353,34.341908314283685,0.0282950199266926,0.28896466712356,1,1,1
15753,305,1,79.2,1,1.0,0.0,1.0,0.0,3,2,2
15754,51,3,458.57,196,0.0153061224489795,106.06601717798212,0.0093400317519763,0.3921511096577955,1,1,1
15755,10,6,2364.25,285,0.0210526315789473,45.36298050172629,0.021568932565989,0.3388074579895805,1,1,1
15756,61,4,528.01,188,0.0212765957446808,27.574142476844735,0.0349966757816216,0.1840545439274556,1,1,1
15757,66,2,714.42,153,0.0130718954248366,0.0,1.0,0.3794752945143224,2,0,0
15758,25,1,205.25,1,1.0,0.0,1.0,0.0,0,3,2
15759,218,3,253.04,140,0.0214285714285714,12.020815280171307,0.07680010648203,0.1769216590702268,2,0,3
15762,65,2,583.75,13,0.1538461538461538,0.0,1.0,0.1135489330508385,2,0,0
15763,32,2,1086.92,46,0.0434782608695652,0.0,1.0,0.0545689809792143,2,0,0
15764,88,6,3279.9700000000003,189,0.0317460317460317,43.83263624287273,0.0223051795255286,1.1871915250674847,1,1,1
15766,64,1,315.06,1,1.0,0.0,1.0,0.0,0,3,2
15768,116,3,621.83,111,0.027027027027027,46.66904755831214,0.0209779731549435,0.6160008606234851,1,1,1
15769,7,26,56252.72,364,0.0714285714285714,13.55138369318794,0.0687219869316028,0.902897364868079,1,1,3
15773,6,1,635.6800000000001,1,1.0,0.0,1.0,0.0,0,3,2
15774,69,1,270.8,1,1.0,0.0,1.0,0.0,0,3,2
15775,245,1,104.9,1,1.0,0.0,1.0,0.0,3,2,2
15776,133,1,241.62,1,1.0,0.0,1.0,0.0,0,2,2
15777,241,4,1047.11,121,0.0330578512396694,38.10949138119444,0.0255692407311858,0.4293695877683837,1,0,1
15780,184,3,475.28,175,0.0171428571428571,38.89087296526012,0.0250683909793318,0.493878915791623,1,0,1
15781,25,3,345.46000000000004,281,0.0106761565836298,39.59797974644666,0.0246317675471899,0.240696140654524,1,1,1
15782,10,3,2614.74,80,0.0375,0.7071067811865476,0.585786437626905,0.7631068262992823,1,0,3
15783,11,1,246.3,1,1.0,0.0,1.0,0.0,0,3,2
15785,33,5,2328.9700000000003,263,0.0190114068441064,56.5361241449512,0.0173803851903665,0.7437759612482319,1,1,1
15786,46,3,4919.0,69,0.0434782608695652,48.08326112068523,0.0203735444053159,0.9345979273168906,1,1,1
15787,26,3,933.26,36,0.0833333333333333,24.748737341529164,0.038836855832427,0.6496567378895968,1,1,3
15789,358,1,351.3,1,1.0,0.0,1.0,0.0,3,2,2
15790,10,1,218.75,1,1.0,0.0,1.0,0.0,0,3,2
15791,44,2,1612.69,161,0.0124223602484472,0.0,1.0,0.7311740794393609,2,0,0
15793,15,3,965.61,254,0.0118110236220472,144.95689014324225,0.0068513380835848,0.0854229842059364,1,1,1
15795,150,1,610.01,1,1.0,0.0,1.0,0.0,0,2,2
15796,1,8,2708.61,302,0.0264900662251655,30.832110657868487,0.0314148191663443,0.1865146017061231,1,1,1
15797,113,4,2207.4,207,0.0193236714975845,47.37439533475159,0.0206720930169769,1.175032655085309,1,1,1
15799,76,3,884.14,259,0.0115830115830115,28.284271247461906,0.0341480240894391,0.41715364885191,1,1,1
15800,107,2,696.89,140,0.0142857142857142,0.0,1.0,0.4218755578093282,2,0,0
15801,46,3,1063.95,64,0.046875,25.45584412271571,0.0377988317198079,1.2634960842980894,1,1,1
15802,143,1,451.42,1,1.0,0.0,1.0,0.0,0,2,2
15803,51,1,415.8200000000001,1,1.0,0.0,1.0,0.0,0,3,2
15804,1,13,4206.39,199,0.0653266331658291,11.081994678784412,0.082767790136174,0.5537266126075547,1,1,3
15805,23,17,5488.18,342,0.0497076023391812,25.908734048579063,0.0371626550024491,1.010340869638101,1,1,1
15806,46,3,784.58,231,0.0129870129870129,5.656854249492381,0.1502211048223348,0.1507803961051624,1,1,3
15807,50,3,903.9,27,0.1111111111111111,18.384776310850235,0.051586873325965,1.0371862727230434,1,1,3
15808,306,4,3651.27,64,0.0625,12.055427546683417,0.076596495704504,0.2565418835851774,1,0,3
15809,36,5,515.77,267,0.0187265917602996,56.35822921277779,0.0174342899654445,0.6653392757546619,1,1,1
15810,79,4,1391.98,219,0.0182648401826484,16.522711641858304,0.0570687928009496,0.6282064693148567,1,1,1
15811,22,6,2218.62,344,0.0174418604651162,37.29611239794304,0.0261123110776568,0.3449578724561686,1,1,1
15812,107,5,1801.14,211,0.0236966824644549,13.889444433333775,0.067161673122017,0.4280722269308739,1,1,1
15813,208,2,1303.91,32,0.0625,0.0,1.0,0.2574718788656801,2,0,0
15814,17,4,1945.33,34,0.1176470588235294,9.71253485622231,0.093348587745239,0.2018250547068076,1,1,3
15815,64,5,2100.6,197,0.0253807106598984,30.26962173533062,0.0319799199511943,0.2696612393684107,1,1,1
15819,49,4,1905.45,228,0.0175438596491228,6.658328118479394,0.1305768027341398,0.2955914212024436,1,1,3
15820,320,1,206.98,1,1.0,0.0,1.0,0.0,3,2,2
15821,44,2,570.96,18,0.1111111111111111,0.0,1.0,0.155054240234965,2,0,0
15822,3,2,885.47,357,0.0056022408963585,0.0,1.0,0.0080974654829994,2,0,0
15823,372,1,15.0,1,1.0,0.0,1.0,0.0,3,2,2
15825,172,1,532.94,1,1.0,0.0,1.0,0.0,3,2,2
15826,56,3,1654.31,155,0.0193548387096774,108.89444430272832,0.0090996410814479,0.7914643033966473,1,1,1
15827,73,14,1836.09,300,0.0466666666666666,19.47384834157772,0.0488427961034188,0.5096250972356214,1,1,1
15829,99,2,636.14,42,0.0476190476190476,0.0,1.0,0.032768742587134,2,0,0
15830,38,1,576.0,1,1.0,0.0,1.0,0.0,0,3,2
15831,58,3,794.64,266,0.0112781954887218,94.75230867899737,0.0104436124182908,0.4094096694222512,1,1,1
15832,254,1,836.79,1,1.0,0.0,1.0,0.0,3,2,2
15834,70,4,2225.15,207,0.0193236714975845,60.00277771348034,0.0163926961604409,0.5931246142327924,1,1,1
15835,44,4,954.09,287,0.0139372822299651,26.057628441590765,0.0369581540436442,0.2514297400764972,1,1,1
15836,50,1,137.37,1,1.0,0.0,1.0,0.0,0,3,2
15837,65,1,391.98,1,1.0,0.0,1.0,0.0,0,3,2
15838,11,19,33643.08,357,0.0532212885154061,16.940206263068173,0.0557407192167353,1.4458152073773451,1,1,3
15839,33,3,1048.49,115,0.0260869565217391,14.142135623730953,0.0660408825313113,0.3559581671905498,1,1,1
15840,59,2,355.56,114,0.0175438596491228,0.0,1.0,0.5087923244987241,2,0,0
15841,73,4,1224.06,267,0.0149812734082397,65.18435395092905,0.0151093111937215,0.0668608705077386,1,1,1
15843,304,1,118.95,1,1.0,0.0,1.0,0.0,3,2,2
15844,46,1,130.73999999999998,1,1.0,0.0,1.0,0.0,0,3,2
15845,18,8,3711.77,320,0.025,19.39931270260195,0.0490212594207867,0.4658189760465427,1,1,1
15847,38,2,389.27,250,0.008,0.0,1.0,0.1013967182825111,2,0,0
15850,19,2,234.88,149,0.0134228187919463,0.0,1.0,0.0154137717969819,2,0,0
15852,187,2,160.71,11,0.1818181818181818,0.0,1.0,0.4022382050654855,2,0,0
15853,52,1,110.8,1,1.0,0.0,1.0,0.0,0,3,2
15854,4,12,2969.12,358,0.0335195530726257,26.22212806009459,0.0367348209439187,0.4779029091730686,1,1,1
15855,137,5,712.24,127,0.0393700787401574,11.67618659209133,0.0788880782666847,0.394469463127835,1,0,3
15856,4,27,16143.64,362,0.074585635359116,15.30811750472479,0.0613191559179212,0.5732304721842343,1,1,3
15857,19,1,297.0,1,1.0,0.0,1.0,0.0,0,3,2
15858,16,5,1427.57,352,0.0142045454545454,86.07119146381093,0.0114848549007811,0.4233655655332459,1,1,1
15860,41,8,965.16,328,0.024390243902439,38.93767914427948,0.0250390113152891,0.62841698438872,1,1,1
15861,12,8,3146.92,255,0.0313725490196078,52.69227828132117,0.0186246520358195,0.4186773690374991,1,1,1
15862,8,4,832.88,366,0.0109289617486338,41.645327869202006,0.0234492276168473,0.4739179313225337,1,1,1
15863,26,2,68.84,168,0.0119047619047619,0.0,1.0,1.0362134236795308,2,0,0
15864,22,6,1936.32,294,0.0204081632653061,51.75712511336,0.0189547856872656,0.5301608612547357,1,1,1
15865,41,3,895.13,174,0.0172413793103448,53.74011537017761,0.0182681383339721,0.0452003690817445,1,1,1
15866,101,1,211.89,1,1.0,0.0,1.0,0.0,0,2,2
15867,5,15,3810.14,364,0.0412087912087912,13.585706774821418,0.0685602703686769,0.435405756211038,1,1,1
15869,277,2,149.64,1,2.0,0.0,1.0,0.2500674342448016,3,2,3
15870,33,1,351.44,1,1.0,0.0,1.0,0.0,0,3,2
15872,15,2,316.25,1,2.0,0.0,1.0,1.395431911900472,2,0,3
15874,64,7,4405.88,221,0.0316742081447963,40.51995393218835,0.0240848051429255,1.2695993911616903,1,1,1
15877,2,2,490.33,17,0.1176470588235294,0.0,1.0,0.0337740721868719,2,0,0
15880,369,1,329.03,1,1.0,0.0,1.0,0.0,3,2,2
15881,312,5,501.39,53,0.0943396226415094,24.185050478894325,0.0397060947262354,1.4070355758282065,1,0,3
15882,199,4,516.36,170,0.0235294117647058,97.57219549304676,0.0101448486056145,0.8372664571845185,1,0,1
15883,2,2,396.48,32,0.0625,0.0,1.0,0.3886519112090709,2,0,0
15885,93,3,379.35,217,0.0138248847926267,152.02795795510772,0.0065347536055689,1.5265880783199004,1,1,1
15886,60,1,181.09,1,1.0,0.0,1.0,0.0,0,3,2
15888,81,1,168.31,1,1.0,0.0,1.0,0.0,0,3,2
15889,157,2,420.07,213,0.0093896713615023,0.0,1.0,0.4176958047078579,2,0,0
15891,227,1,511.68,1,1.0,0.0,1.0,0.0,3,2,2
15894,253,2,258.25,116,0.0172413793103448,0.0,1.0,0.2444001986010115,3,0,0
15895,150,1,179.17,1,1.0,0.0,1.0,0.0,0,2,2
15897,194,2,208.59,1,2.0,0.0,1.0,0.2090234629079176,3,2,3
15898,1,5,1383.83,368,0.0135869565217391,98.47630848754098,0.0100526448478458,0.4199101135873564,1,1,1
15899,369,1,56.25,1,1.0,0.0,1.0,0.0,3,2,2
15900,24,1,337.28000000000003,1,1.0,0.0,1.0,0.0,0,3,2
15901,17,3,351.73,139,0.0215827338129496,11.31370849898476,0.0812103031416122,0.0524766619683843,1,1,3
15903,10,7,5126.76,286,0.0244755244755244,56.199644126987145,0.0174826262516586,0.7452370577020974,1,1,1
15904,8,1,164.68,1,1.0,0.0,1.0,0.0,0,3,2
15906,20,7,1567.69,236,0.0296610169491525,33.86099033794887,0.0286853583419695,0.8762341488823557,1,1,1
15907,4,3,882.72,207,0.0144927536231884,98.2878425849301,0.0100717265474331,0.3307248668112149,1,1,1
15909,174,1,191.94,1,1.0,0.0,1.0,0.0,3,2,2
15910,1,8,1228.88,316,0.0253164556962025,30.098251808116064,0.0321561483960657,0.2888029822985236,1,1,1
15912,178,2,264.62,55,0.0363636363636363,0.0,1.0,0.098121687722659,2,0,0
15916,16,8,1502.86,351,0.0227920227920227,39.3143618493172,0.0248050559187243,0.5506631116892535,1,1,1
15917,248,1,123.1,1,1.0,0.0,1.0,0.0,3,2,2
15918,191,2,334.23,81,0.0246913580246913,0.0,1.0,0.2125361195524057,2,0,0
15919,20,2,525.69,350,0.0057142857142857,0.0,1.0,0.2623756372353439,2,0,0
15920,154,4,167.5,1,4.0,0.0,1.0,0.9614676042184344,0,0,3
15921,173,1,323.03000000000003,1,1.0,0.0,1.0,0.0,3,2,2
15922,373,1,369.5,1,1.0,0.0,1.0,0.0,3,2,2
15923,373,1,127.08,1,1.0,0.0,1.0,0.0,3,2,2
15925,194,1,207.15,1,1.0,0.0,1.0,0.0,3,2,2
15930,67,1,426.63,1,1.0,0.0,1.0,0.0,0,3,2
15932,4,8,2495.87,286,0.0279720279720279,24.24674745001403,0.0396090625923159,0.0395557982906474,1,1,1
15933,21,3,1107.46,66,0.0454545454545454,24.04163056034261,0.0399335018376821,0.1312757409241496,1,1,1
15935,239,2,416.86,3,0.6666666666666666,0.0,1.0,0.6811538623357243,3,0,3
15937,64,1,145.35000000000002,1,1.0,0.0,1.0,0.0,0,3,2
15938,112,5,404.58,212,0.0235849056603773,30.21451086260816,0.0320363821942152,0.2160363520768047,1,0,1
15939,90,15,6115.01,242,0.0619834710743801,11.189673418325988,0.0820366523106843,0.9069000609745896,1,1,3
15940,311,1,35.8,1,1.0,0.0,1.0,0.0,3,2,2
15942,134,1,337.44,1,1.0,0.0,1.0,0.0,0,2,2
15944,277,1,325.1,1,1.0,0.0,1.0,0.0,3,2,2
15945,365,1,181.0,1,1.0,0.0,1.0,0.0,3,2,2
15947,83,1,1708.24,1,1.0,0.0,1.0,0.0,0,3,2
15948,8,2,955.24,36,0.0555555555555555,0.0,1.0,0.4933551018856101,2,0,0
15949,17,2,364.72,55,0.0363636363636363,0.0,1.0,0.4240469269059051,2,0,0
15950,32,4,1744.71,328,0.0121951219512195,125.35682403975196,0.0079140957174216,0.4016589185375611,1,1,1
15951,9,2,708.22,277,0.0072202166064981,0.0,1.0,0.084107586974605,2,0,0
15952,34,4,781.91,192,0.0208333333333333,28.09507667427397,0.0343700761195864,0.4093599667708254,1,1,1
15953,15,8,1657.28,355,0.0225352112676056,47.18756898449704,0.0207522400709137,0.1984411074951942,1,1,1
15955,24,14,4416.26,349,0.0401146131805157,38.71178843844035,0.0251814395503783,0.7392525513960276,1,1,1
15957,32,1,428.89,1,1.0,0.0,1.0,0.0,0,3,2
15958,74,1,104.35,1,1.0,0.0,1.0,0.0,0,3,2
15963,20,2,470.76,26,0.0769230769230769,0.0,1.0,0.2683268659001718,2,0,0
15965,17,4,808.87,351,0.0113960113960113,192.0477371210953,0.0051800658993102,0.9256038828712088,1,1,1
15967,23,2,397.68,296,0.0067567567567567,0.0,1.0,0.2627290735971742,2,0,0
15969,3,3,666.1,183,0.0163934426229508,62.22539674441618,0.0158164290220656,0.3911600983373782,1,1,1
15970,304,1,314.1,1,1.0,0.0,1.0,0.0,3,2,2
15971,18,12,4199.85,294,0.0408163265306122,21.846156308480115,0.0437710390534628,0.704688215705125,1,1,1
15973,367,1,307.82000000000005,1,1.0,0.0,1.0,0.0,3,2,2
15974,39,7,3442.15,250,0.028,19.788885769542457,0.0481026261381015,0.4119013006897891,1,1,1
15975,84,1,371.01,1,1.0,0.0,1.0,0.0,0,3,2
15976,165,2,427.64,55,0.0363636363636363,0.0,1.0,0.0253317647735897,2,0,0
15977,17,2,1054.73,22,0.0909090909090909,0.0,1.0,0.4605348594126335,2,0,0
15978,77,1,1098.78,1,1.0,0.0,1.0,0.0,0,3,2
15980,89,3,2398.86,166,0.0180722891566265,116.67261889578036,0.0084981536859112,0.8130585045201786,1,1,1
15981,25,8,3408.48,287,0.0278745644599303,17.31913337763703,0.0545877350956319,0.3088666881148386,1,1,1
15983,22,4,1465.12,352,0.0113636363636363,191.6828978634592,0.0051898741979095,0.1387241593661415,1,1,1
15984,3,10,2780.63,366,0.0273224043715847,38.09017079393463,0.0255818785052523,0.6635236753457294,1,1,1
15985,123,2,1142.42,114,0.0175438596491228,0.0,1.0,0.812985254943809,2,0,0
15986,30,1,168.12,1,1.0,0.0,1.0,0.0,0,3,2
15987,12,7,1432.77,357,0.0196078431372549,57.7408001330082,0.0170239424341458,0.7493065969672246,1,1,1
15988,19,1,156.78,1,1.0,0.0,1.0,0.0,0,3,2
15990,44,2,792.11,244,0.0081967213114754,0.0,1.0,0.0189785385464468,2,0,0
15992,4,1,41.99,1,1.0,0.0,1.0,0.0,0,3,2
15993,9,7,2777.67,36,0.1944444444444444,4.273952113286562,0.1896111262521174,0.6425364133515945,1,1,3
15994,55,1,414.27,1,1.0,0.0,1.0,0.0,0,3,2
15996,88,6,1032.58,278,0.0215827338129496,33.33616654626023,0.0291238102731336,0.3191915087204796,1,1,1
15998,37,5,3080.22,326,0.0153374233128834,21.406774628607646,0.0446293594939478,0.4291074065807909,1,1,1
16000,3,3,12393.7,1,3.0,0.0,1.0,0.8833843800857717,0,0,3
16003,30,5,2735.37,330,0.0151515151515151,85.88752334691382,0.0115091322836688,0.7526964119011774,1,1,1
16005,12,4,578.71,259,0.0154440154440154,85.01764522732913,0.0116255216863607,0.1242107871684151,1,1,1
16006,211,1,101.4,1,1.0,0.0,1.0,0.0,3,2,2
16007,48,4,1693.81,168,0.0238095238095238,49.57149718672347,0.0197739844701004,0.5398292735836682,1,1,1
16008,24,3,478.78,181,0.0165745856353591,55.15432893255071,0.0178080660744987,0.1757022417092966,1,1,1
16009,22,4,972.11,138,0.0289855072463768,60.91250555783544,0.0161518257255127,0.8236952691352877,1,1,1
16010,246,3,392.4,117,0.0256410256410256,75.66042558696059,0.0130445401567154,0.2193440265658165,1,0,1
16011,8,16,3352.96,358,0.0446927374301676,13.968331529366193,0.0668077132069203,0.367449821649996,1,1,1
16012,35,3,1415.29,120,0.025,47.37615433949868,0.0206713413592595,0.5490024711066458,1,1,1
16013,4,47,37130.6,368,0.1277173913043478,9.681722408346076,0.0936178606568785,0.7070692096276393,1,1,3
16014,38,3,646.83,254,0.0118110236220472,16.97056274847714,0.0556465600992234,0.3344307183658415,1,1,1
16015,4,3,704.55,46,0.0652173913043478,0.0,1.0,0.2431390942059255,2,0,3
16016,3,8,1465.51,364,0.0219780219780219,54.485035079543145,0.0180228776744288,0.519691949082762,1,1,1
16017,47,1,211.88,1,1.0,0.0,1.0,0.0,0,3,2
16018,39,2,408.9,142,0.0140845070422535,0.0,1.0,0.2943251997015172,2,0,0
16019,47,9,3786.24,318,0.0283018867924528,32.44225639501667,0.0299022885354414,0.7046743732761708,1,1,1
16020,17,3,851.01,49,0.0612244897959183,33.94112549695428,0.028619570370942,0.8907467920662778,1,1,1
16022,260,1,602.63,1,1.0,0.0,1.0,0.0,3,2,2
16023,46,3,719.81,221,0.0135746606334841,50.91168824543142,0.0192634844636941,0.3113847444383251,1,1,1
16024,12,1,251.03,1,1.0,0.0,1.0,0.0,0,3,2
16025,30,1,439.66,1,1.0,0.0,1.0,0.0,0,3,2
16026,43,1,236.09,1,1.0,0.0,1.0,0.0,0,3,2
16027,92,6,934.62,211,0.0284360189573459,16.80178561939177,0.0561741401329248,0.5504455548538207,1,1,1
16029,39,63,80850.84,336,0.1875,6.072538771263912,0.1413919431679966,1.5151391331509236,1,1,3
16030,310,1,331.24,1,1.0,0.0,1.0,0.0,3,2,2
16031,92,2,547.9,155,0.0129032258064516,0.0,1.0,0.1635418348457004,2,0,0
16033,6,20,8778.82,365,0.0547945205479452,11.304141972347754,0.0812734445235915,0.6807642594955136,1,1,3
16034,196,3,437.7000000000001,137,0.0218978102189781,79.19595949289332,0.0124694561462116,0.0545701420133325,1,0,1
16036,87,2,758.9200000000001,177,0.0112994350282485,0.0,1.0,0.7108336919607348,2,0,0
16037,270,3,855.02,89,0.0337078651685393,14.142135623730953,0.0660408825313113,0.1017291685233313,3,0,1
16038,8,3,471.78,195,0.0153846153846153,102.5304832720494,0.0096589909405935,0.8794319574603808,1,1,1
16040,65,3,1313.55,204,0.0147058823529411,26.87005768508881,0.035880801227585,0.0357782717136465,1,1,1
16041,31,3,3166.4,111,0.027027027027027,77.78174593052023,0.0126932957398777,0.8364905192005191,1,1,1
16042,22,5,1177.47,311,0.0160771704180064,100.05123687391377,0.0098959699152197,0.7993043921946791,1,1,1
16043,38,4,773.99,281,0.0142348754448398,71.58212067269312,0.0137774976913318,0.4782938343362453,1,1,1
16045,120,4,1340.7,171,0.023391812865497,23.115651263447745,0.0414668461189645,0.6616688974790708,1,1,1
16048,373,2,256.44,1,2.0,0.0,1.0,1.35862444714645,3,0,3
16049,40,3,1074.81,35,0.0857142857142857,22.62741699796952,0.0423237123247935,0.5926809792850222,1,1,3
16050,174,1,137.9,1,1.0,0.0,1.0,0.0,3,2,2
16052,54,1,362.06,1,1.0,0.0,1.0,0.0,0,3,2
16053,33,2,1511.95,90,0.0222222222222222,0.0,1.0,0.6888252215605135,2,0,0
16054,145,1,783.9,1,1.0,0.0,1.0,0.0,0,2,2
16055,221,1,134.8,1,1.0,0.0,1.0,0.0,3,2,2
16056,45,1,650.75,1,1.0,0.0,1.0,0.0,0,3,2
16057,16,7,2263.12,269,0.0260223048327137,50.9574986303946,0.0192465000502354,0.906125645773332,1,1,1
16059,66,6,1453.16,302,0.0198675496688741,37.05671329192593,0.02627657286979,0.5643539439838245,1,1,1
16062,10,4,1153.62,356,0.0112359550561797,9.237604307034012,0.0976791024549487,0.2748842047739861,1,1,3
16063,260,1,335.32,1,1.0,0.0,1.0,0.0,3,2,2
16065,365,1,367.14,1,1.0,0.0,1.0,0.0,3,2,2
16066,17,5,1521.04,108,0.0462962962962962,23.69950773047125,0.0404866368557751,0.2770446851997631,1,1,1
16070,22,2,852.15,10,0.2,0.0,1.0,0.8655554579072788,2,0,0
16071,45,1,326.24,1,1.0,0.0,1.0,0.0,0,3,2
16072,288,1,584.3199999999999,1,1.0,0.0,1.0,0.0,3,2,2
16073,297,1,122.4,1,1.0,0.0,1.0,0.0,3,2,2
16076,3,10,2234.73,206,0.0485436893203883,21.301408404140798,0.0448402173476328,0.5220409940214197,1,1,1
16078,284,1,79.2,1,1.0,0.0,1.0,0.0,3,2,2
16079,17,3,1352.0,24,0.125,6.363961030678928,0.1357964817893399,0.2644788214506097,1,1,3
16080,82,2,217.16,193,0.0103626943005181,0.0,1.0,0.2823738260476026,2,0,0
16081,56,5,2799.42,311,0.0160771704180064,34.477045503735766,0.0281872401097971,1.0595327493311677,1,1,1
16083,101,2,1317.62,260,0.0076923076923076,0.0,1.0,0.6886995297827296,2,0,0
16084,299,1,436.18,1,1.0,0.0,1.0,0.0,3,2,2
16085,23,5,981.51,298,0.0167785234899328,61.638732411798784,0.0159645631623866,0.3644516233380805,1,1,1
16086,59,5,1121.39,308,0.0162337662337662,27.183021661814323,0.0354823557246495,0.4005921082321747,1,1,1
16091,155,2,315.06,44,0.0454545454545454,0.0,1.0,0.0025136786482858,2,0,0
16092,115,3,817.86,140,0.0214285714285714,18.384776310850235,0.051586873325965,0.1623775607139339,1,0,1
16093,107,1,17.0,1,1.0,0.0,1.0,0.0,0,3,2
16094,12,4,1078.23,208,0.0192307692307692,105.13324878457811,0.0094221180586842,0.5486888077021518,1,1,1
16096,264,1,320.62,1,1.0,0.0,1.0,0.0,3,2,2
16097,240,1,185.05,1,1.0,0.0,1.0,0.0,3,2,2
16098,88,7,2005.63,287,0.024390243902439,18.93145530591877,0.0501719510518152,0.3733400480239003,1,1,1
16099,50,3,731.9,176,0.0170454545454545,0.7071067811865476,0.585786437626905,0.3808486970229407,2,1,3
16101,71,1,1290.7,1,1.0,0.0,1.0,0.0,0,3,2
16102,42,3,1842.14,87,0.0344827586206896,19.091883092036785,0.0497713427566348,0.3293618571918797,1,1,1
16103,7,6,1429.64,227,0.026431718061674,30.219199195213623,0.0320315711414313,0.5066861500387758,1,1,1
16104,62,1,298.21,1,1.0,0.0,1.0,0.0,0,3,2
16105,249,1,336.96,1,1.0,0.0,1.0,0.0,3,2,2
16106,66,1,108.38,1,1.0,0.0,1.0,0.0,0,3,2
16107,18,7,3204.1600000000003,166,0.0421686746987951,16.769019053003667,0.0562777268130038,0.2629738376419842,1,1,1
16108,85,1,842.5,1,1.0,0.0,1.0,0.0,0,3,2
16109,219,2,611.88,90,0.0222222222222222,0.0,1.0,0.0418800250869459,2,0,0
16110,45,3,1320.95,267,0.0112359550561797,119.50104602052652,0.0082986831486065,0.4246021726750438,1,1,1
16112,143,4,195.74,196,0.0204081632653061,97.61830429449864,0.0101401054008569,0.4699931582787856,1,1,1
16113,183,1,161.38,1,1.0,0.0,1.0,0.0,3,2,2
16114,171,1,135.75000000000003,1,1.0,0.0,1.0,0.0,3,2,2
16115,10,8,1660.88,283,0.0282685512367491,13.031098334734637,0.0712702581183152,0.373112777978111,1,1,1
16116,212,1,612.78,1,1.0,0.0,1.0,0.0,3,2,2
16117,190,1,232.21,1,1.0,0.0,1.0,0.0,3,2,2
16119,8,2,423.36,65,0.0307692307692307,0.0,1.0,0.6533923204841681,2,0,0
16120,59,4,1309.14,1,4.0,0.0,1.0,1.388416979375921,2,0,3
16121,57,2,854.66,159,0.0125786163522012,0.0,1.0,0.4679186005755081,2,0,0
16122,73,4,684.42,294,0.0136054421768707,105.69768209379048,0.0093722748271229,0.5127375619584762,1,1,1
16123,52,1,307.78000000000003,1,1.0,0.0,1.0,0.0,0,3,2
16124,317,1,249.0,1,1.0,0.0,1.0,0.0,3,2,2
16125,367,1,289.35,1,1.0,0.0,1.0,0.0,3,2,2
16126,29,4,6287.77,268,0.0149253731343283,20.81665999466133,0.0458365304425474,0.5128334206100068,1,1,1
16127,39,1,656.25,1,1.0,0.0,1.0,0.0,0,3,2
16128,18,5,1880.22,265,0.0188679245283018,51.86119294167203,0.0189174694014835,0.5413323625300905,1,1,1
16131,52,6,3506.54,189,0.0317460317460317,39.85849972088764,0.0244747116715296,0.8321244811209279,1,1,1
16133,4,33,14589.04,315,0.1047619047619047,10.94192882683912,0.083738566399134,0.8422646957484429,1,1,3
16134,22,2,618.09,338,0.0059171597633136,0.0,1.0,0.1167585919330502,2,0,0
16135,263,1,517.55,1,1.0,0.0,1.0,0.0,3,2,2
16136,60,3,709.38,218,0.0137614678899082,127.9863273947651,0.0077527596931997,0.6245562136286481,1,1,1
16139,19,3,635.4100000000001,188,0.0159574468085106,0.7071067811865476,0.585786437626905,0.4835071385927756,2,1,3
16140,66,2,725.1800000000001,306,0.0065359477124183,0.0,1.0,0.9300290243742644,2,0,0
16141,88,1,620.4,1,1.0,0.0,1.0,0.0,0,3,2
16142,250,1,535.34,1,1.0,0.0,1.0,0.0,3,2,2
16143,3,6,2424.94,366,0.0163934426229508,39.29122039336524,0.0248193028217301,0.1250532687210769,1,1,1
16144,247,1,175.2,1,1.0,0.0,1.0,0.0,3,2,2
16145,9,11,3799.49,352,0.03125,13.96662688936261,0.0668153223429883,0.1522963080084109,1,1,1
16146,157,3,734.13,75,0.04,12.727922061357855,0.0728442364059494,0.642903495683491,1,0,1
16147,134,1,375.0,1,1.0,0.0,1.0,0.0,0,2,2
16148,296,1,76.32000000000001,1,1.0,0.0,1.0,0.0,3,2,2
16149,5,2,280.52,138,0.0144927536231884,0.0,1.0,0.2361391817394687,2,0,0
16150,43,5,2053.02,330,0.0151515151515151,47.96526521001074,0.0204226403290378,0.2538018028011701,1,1,1
16152,269,1,1829.04,1,1.0,0.0,1.0,0.0,3,2,2
16153,50,5,1824.23,306,0.0163398692810457,44.27941583474952,0.0220850905773513,0.6855399579826448,1,1,1
16156,9,9,3092.04,303,0.0297029702970297,22.30590889043913,0.0429075735557446,0.4871177396182976,1,1,1
16157,16,3,656.69,57,0.0526315789473684,28.284271247461906,0.0341480240894391,0.2008471649411888,1,1,1
16159,282,1,348.2,1,1.0,0.0,1.0,0.0,3,2,2
16160,65,2,1025.44,21,0.0952380952380952,0.0,1.0,0.7977431083428511,2,0,0
16161,2,19,5533.67,368,0.0516304347826086,14.681921656561574,0.0637676951779429,0.378696110980913,1,1,3
16162,252,1,37.4,1,1.0,0.0,1.0,0.0,3,2,2
16163,232,2,856.6,133,0.0150375939849624,0.0,1.0,0.0439155740825639,2,0,0
16164,17,3,822.48,26,0.1153846153846153,7.7781745930520225,0.1139189007235634,0.1919529010695481,1,1,3
16168,11,27,3787.6,360,0.075,13.83351559966424,0.0674149019685283,0.453355572709284,1,1,3
16169,8,4,1822.97,68,0.0588235294117647,13.051181300301264,0.0711683935057161,0.3238696352912519,1,1,3
16170,51,6,1885.05,198,0.0303030303030303,20.668817092422103,0.0461492658198547,0.0225450344291142,1,1,1
16171,59,1,73.19999999999999,1,1.0,0.0,1.0,0.0,0,3,2
16172,95,5,1140.21,147,0.0340136054421768,27.215191835933595,0.0354418997331233,0.5408636263225742,1,1,1
16173,16,6,1418.32,83,0.072289156626506,11.554220008291344,0.0796544906286139,0.515563684789493,1,1,3
16174,126,3,1009.55,26,0.1153846153846153,5.656854249492381,0.1502211048223348,0.1230642530437923,2,0,3
16175,94,4,1037.59,146,0.0273972602739726,22.516660498395403,0.042523044463232,0.1760836881090193,1,1,1
16177,50,1,331.95,1,1.0,0.0,1.0,0.0,0,3,2
16178,138,1,197.9,1,1.0,0.0,1.0,0.0,0,2,2
16179,61,1,215.83,1,1.0,0.0,1.0,0.0,0,3,2
16180,100,8,10254.18,153,0.0522875816993464,11.816050423853463,0.0780271586743121,0.5520974001959652,1,1,3
16181,73,1,305.54,1,1.0,0.0,1.0,0.0,0,3,2
16182,72,4,6617.65,223,0.0179372197309417,17.009801096230767,0.0555253217210315,0.375198620233366,1,1,1
16183,67,1,338.71000000000004,1,1.0,0.0,1.0,0.0,0,3,2
16184,64,6,1158.79,148,0.0405405405405405,16.98528775146303,0.055601000874654,0.4770268733352548,1,1,1
16185,17,2,529.41,216,0.0092592592592592,0.0,1.0,0.3755582341361769,2,0,0
16186,23,12,4006.94,350,0.0342857142857142,35.418279820659635,0.0274587378899953,0.5122610745019013,1,1,1
16187,32,15,6911.4400000000005,253,0.0592885375494071,14.96534458211833,0.0626356665749657,0.5390913485476743,1,1,3
16188,45,4,981.86,199,0.0201005025125628,43.3628104870214,0.0225414032389258,0.4748149798527492,1,1,1
16189,16,2,215.48,70,0.0285714285714285,0.0,1.0,0.4822554880414657,2,0,0
16190,40,1,215.08,1,1.0,0.0,1.0,0.0,0,3,2
16191,3,13,5180.52,358,0.0363128491620111,58.27124401270217,0.0168715878442789,0.6045761724167488,1,1,1
16193,237,1,314.45,1,1.0,0.0,1.0,0.0,3,2,2
16198,75,1,400.681,1,1.0,0.0,1.0,0.0,0,3,2
16200,4,2,1068.87,160,0.0125,0.0,1.0,0.042696185371261,2,0,0
16201,3,4,1863.47,107,0.0373831775700934,25.357444666211933,0.0379399449629469,0.2461115653896554,1,1,1
16202,361,1,365.27,1,1.0,0.0,1.0,0.0,3,2,2
16203,59,4,592.9,314,0.0127388535031847,35.21836642056717,0.0276103010386502,0.438865027053243,1,1,1
16204,23,1,384.18,1,1.0,0.0,1.0,0.0,0,3,2
16205,31,4,757.63,149,0.0268456375838926,55.58177159225255,0.0176735364033197,0.5245713360685406,1,1,1
16206,55,4,537.0600000000001,273,0.0146520146520146,25.238858928247925,0.0381114134091948,0.1360011228693685,1,1,1
16207,25,1,394.38,1,1.0,0.0,1.0,0.0,0,3,2
16208,45,2,664.26,245,0.0081632653061224,0.0,1.0,0.7045306838594897,2,0,0
16209,89,5,2262.62,158,0.0316455696202531,25.46893532652409,0.0377801368911849,1.0995406217938644,1,1,1
16210,2,18,21086.3,373,0.0482573726541554,28.348410060198727,0.0340733960697981,0.8416917431430204,1,1,1
16211,89,1,547.02,1,1.0,0.0,1.0,0.0,0,3,2
16212,19,2,690.34,265,0.0075471698113207,0.0,1.0,0.62678213857472,2,0,0
16213,79,1,159.0,1,1.0,0.0,1.0,0.0,0,3,2
16214,171,3,1062.75,99,0.0303030303030303,46.66904755831214,0.0209779731549435,0.4851765847832978,1,0,1
16215,81,1,242.35,1,1.0,0.0,1.0,0.0,0,3,2
16216,267,1,914.93,1,1.0,0.0,1.0,0.0,3,2,2
16217,235,2,304.25,47,0.0425531914893617,0.0,1.0,0.2870260886656979,3,0,0
16218,30,7,3084.68,344,0.0203488372093023,42.68957718225843,0.0228887543550337,0.579903171265462,1,1,1
16221,37,3,860.86,331,0.0090634441087613,104.65180361560904,0.0094650537499414,0.7809017103018371,1,1,1
16222,318,1,773.55,1,1.0,0.0,1.0,0.0,3,2,2
16224,57,4,1295.3,193,0.0207253886010362,48.01388688008224,0.0204023811138791,0.3488932878676863,1,1,1
16225,45,5,1096.32,233,0.0214592274678111,52.4944441504686,0.0186935300643037,0.5269221605431045,1,1,1
16226,203,3,255.12,33,0.0909090909090909,16.263455967290593,0.057925829097877,0.7243639356872296,2,0,3
16227,225,1,314.22,1,1.0,0.0,1.0,0.0,3,2,2
16229,87,2,1010.6,126,0.0158730158730158,0.0,1.0,0.4116976351179147,2,0,0
16230,190,2,542.03,31,0.064516129032258,0.0,1.0,0.0256475090274107,2,0,0
16232,44,4,990.88,172,0.0232558139534883,51.03266927501768,0.0192186949840016,0.338846651868743,1,1,1
16233,71,3,536.6800000000001,296,0.0101351351351351,156.97770542341354,0.0063300071191677,0.1754705424644735,1,1,1
16235,41,5,867.3100000000001,292,0.0171232876712328,39.90405159045048,0.0244474559638356,0.687362187562979,1,1,1
16236,78,1,432.2,1,1.0,0.0,1.0,0.0,0,3,2
16239,57,2,414.2,133,0.0150375939849624,0.0,1.0,0.9614740201937798,2,0,0
16240,24,2,3718.8,54,0.037037037037037,0.0,1.0,0.0263235083326518,2,0,0
16241,10,13,2590.31,361,0.0360110803324099,22.772923848422725,0.0420646617292869,0.6849182102080088,1,1,1
16242,8,7,3579.86,269,0.0260223048327137,33.41057716751788,0.029060831939313,0.505439361540003,1,1,1
16243,34,2,409.1,22,0.0909090909090909,0.0,1.0,0.0719033050534352,2,0,0
16244,212,2,1522.75,161,0.0124223602484472,0.0,1.0,0.5484204568819152,2,0,0
16245,24,3,1413.66,234,0.0128205128205128,26.16295090390226,0.0368148513590376,0.349725642411611,1,1,1
16247,170,1,114.56,1,1.0,0.0,1.0,0.0,3,2,2
16248,62,1,152.94,1,1.0,0.0,1.0,0.0,0,3,2
16249,53,5,1800.07,187,0.0267379679144385,18.31210892642716,0.051780983827798,0.7672482318814104,1,1,1
16250,261,2,389.44,113,0.0176991150442477,0.0,1.0,0.2281973609786496,3,0,0
16253,67,2,3683.86,189,0.0105820105820105,0.0,1.0,0.1086651748343661,2,0,0
16255,17,8,2619.91,349,0.0229226361031518,31.29125847809348,0.0309681333936986,0.3022166611123186,1,1,1
16256,267,1,752.4300000000001,1,1.0,0.0,1.0,0.0,3,2,2
16257,177,1,46.95,1,1.0,0.0,1.0,0.0,3,2,2
16258,45,5,5203.51,174,0.028735632183908,30.199337741083,0.0320519623941635,0.2758700692150943,1,1,1
16260,51,1,1035.45,1,1.0,0.0,1.0,0.0,0,3,2
16261,17,4,728.54,229,0.0174672489082969,49.903239707791855,0.0196451150406233,0.281213465709156,1,1,1
16265,9,9,5447.0,356,0.0252808988764044,32.683547630486586,0.0296880842531833,0.3534504304453242,1,1,1
16266,74,7,861.89,133,0.0526315789473684,17.14253967960018,0.0551190747084003,0.1615596671037224,1,1,1
16268,71,2,667.65,1,2.0,0.0,1.0,0.6775473559444048,0,0,3
16270,353,1,1141.24,1,1.0,0.0,1.0,0.0,3,2,2
16271,3,5,1404.64,356,0.0140449438202247,95.60509051997876,0.0103514213859485,0.7436881511059424,1,1,1
16272,117,1,411.7,1,1.0,0.0,1.0,0.0,0,2,2
16274,373,1,351.75,1,1.0,0.0,1.0,0.0,3,2,2
16275,197,1,559.87,1,1.0,0.0,1.0,0.0,3,2,2
16276,177,1,810.6,1,1.0,0.0,1.0,0.0,3,2,2
16278,100,1,566.38,1,1.0,0.0,1.0,0.0,0,3,2
16279,21,3,1502.78,156,0.0192307692307692,16.97056274847714,0.0556465600992234,0.4800922251355326,1,1,1
16281,72,1,2062.06,1,1.0,0.0,1.0,0.0,0,3,2
16282,340,1,168.3,1,1.0,0.0,1.0,0.0,3,2,2
16283,6,5,1570.81,203,0.0246305418719211,13.341664064126334,0.0697269156165329,0.789948341781719,1,1,1
16284,31,2,812.68,20,0.1,0.0,1.0,0.0559991539562511,2,0,0
16287,170,1,142.5,1,1.0,0.0,1.0,0.0,3,2,2
16292,122,1,302.25,1,1.0,0.0,1.0,0.0,0,2,2
16293,22,10,2248.99,346,0.0289017341040462,44.57982852267504,0.0219395296650254,0.5533214087730132,1,1,1
16295,10,4,1328.55,55,0.0727272727272727,14.422205101855956,0.0648415705403669,0.0664213071092116,1,1,3
16297,269,1,301.9,1,1.0,0.0,1.0,0.0,3,2,2
16298,23,3,598.2,165,0.0181818181818181,74.24621202458749,0.0132897055292728,0.3698524080021604,1,1,1
16302,127,1,233.22,1,1.0,0.0,1.0,0.0,0,2,2
16303,26,3,5360.63,308,0.0097402597402597,90.50966799187808,0.0109278071043679,0.7032125389071905,1,1,1
16305,139,1,361.22,1,1.0,0.0,1.0,0.0,0,2,2
16306,214,6,632.27,154,0.0389610389610389,31.357614705203584,0.0309046265959519,1.2203336219875809,1,0,1
16308,38,4,2560.0,224,0.0178571428571428,33.18132004607411,0.029255745496431,0.4082482904638629,1,1,1
16309,106,2,706.57,135,0.0148148148148148,0.0,1.0,0.0763979954934134,2,0,0
16311,18,2,616.26,32,0.0625,0.0,1.0,0.4287665303504837,2,0,0
16313,3,2,274.15000000000003,47,0.0425531914893617,0.0,1.0,0.3151351687958138,2,0,0
16315,331,1,226.37,1,1.0,0.0,1.0,0.0,3,2,2
16316,64,8,2938.91,294,0.0272108843537414,39.48779196518481,0.024698803057966,0.9134329922668464,1,1,1
16317,120,3,1341.65,178,0.0168539325842696,65.76093065034893,0.0149788205505606,0.2949303790160846,1,1,1
16318,35,1,328.15000000000003,1,1.0,0.0,1.0,0.0,0,3,2
16319,218,1,404.4,1,1.0,0.0,1.0,0.0,3,2,2
16320,172,2,1038.46,41,0.048780487804878,0.0,1.0,0.908209295251254,2,0,0
16321,72,5,373.65,252,0.0198412698412698,113.31813623599712,0.0087475183984421,0.1082172222413352,1,1,1
16322,1,2,326.75,36,0.0555555555555555,0.0,1.0,0.4302585164055376,2,0,0
16323,196,1,207.50000000000003,1,1.0,0.0,1.0,0.0,3,2,2
16324,128,3,408.59,49,0.0612244897959183,33.94112549695428,0.028619570370942,0.9088239097097948,1,1,1
16325,47,3,594.24,199,0.0150753768844221,12.727922061357855,0.0728442364059494,0.1227629393373404,1,1,1
16326,6,14,3039.2200000000003,329,0.0425531914893617,25.078083188518544,0.0383463766401463,0.3474146147740591,1,1,1
16327,14,6,3820.27,356,0.0168539325842696,28.430617298961344,0.0339782203628903,0.1141085354374147,1,1,1
16330,18,3,251.91,95,0.031578947368421,66.46803743153546,0.014821833242367,1.227580603167168,1,1,1
16332,28,7,1582.8,278,0.0251798561151079,55.41389717390395,0.0177261286685682,0.5525278729292186,1,1,1
16333,8,22,26626.8,303,0.0726072607260726,17.574060972001295,0.0538385225238255,1.0424577549368246,1,1,3
16337,37,1,151.05,1,1.0,0.0,1.0,0.0,0,3,2
16338,157,1,214.8,1,1.0,0.0,1.0,0.0,0,2,2
16339,284,1,94.05,1,1.0,0.0,1.0,0.0,3,2,2
16340,107,1,534.31,1,1.0,0.0,1.0,0.0,0,3,2
16341,25,4,1971.87,177,0.0225988700564971,57.518113089124654,0.0170887259894551,0.6963658052492935,1,1,1
16342,75,4,322.41,105,0.0380952380952381,2.516611478423584,0.2843646522044218,0.5331232663610456,2,0,3
16343,16,2,328.58,1,2.0,0.0,1.0,0.023844248388663,0,3,3
16344,158,1,101.1,1,1.0,0.0,1.0,0.0,0,2,2
16345,44,1,565.46,1,1.0,0.0,1.0,0.0,0,3,2
16347,11,2,847.45,26,0.0769230769230769,0.0,1.0,0.0436054049027188,2,0,0
16348,32,7,1415.65,208,0.0336538461538461,25.84118160353096,0.0372561839776997,0.2842681782181335,1,1,1
16349,291,1,53.5,1,1.0,0.0,1.0,0.0,3,2,2
16350,21,4,1116.47,313,0.0127795527156549,125.52423404798508,0.0079036242149527,0.5434643640525788,1,1,1
16351,333,1,153.9,1,1.0,0.0,1.0,0.0,3,2,2
16352,18,2,494.44,21,0.0952380952380952,0.0,1.0,0.2419757045885522,2,0,0
16353,4,23,6675.71,367,0.0626702997275204,18.394957430623723,0.0515597934966872,0.677148828491698,1,1,3
16354,63,2,395.8,10,0.2,0.0,1.0,1.2019743364889064,2,0,0
16356,198,3,211.77,80,0.0375,14.142135623730953,0.0660408825313113,0.8412210322153537,2,0,1
16357,33,3,658.88,181,0.0165745856353591,54.44722215136416,0.0180351686017763,0.7160639877520106,1,1,1
16358,1,4,2027.5,184,0.0217391304347826,44.523402086243735,0.0219667237985752,0.2192457281766054,1,1,1
16359,7,9,1750.92,325,0.0276923076923076,19.34461903771397,0.0491530462254536,0.5097678104605207,1,1,1
16360,5,6,3450.41,84,0.0714285714285714,7.726577508832744,0.1145924618199785,0.5440301845748791,1,1,3
16361,10,4,891.21,62,0.064516129032258,9.237604307034012,0.0976791024549487,0.4405286748921597,1,1,3
16362,32,5,709.99,59,0.0847457627118644,16.580611166861935,0.0568808439313487,0.905123694039964,1,1,3
16363,53,1,109.36,1,1.0,0.0,1.0,0.0,0,3,2
16364,12,2,705.79,126,0.0158730158730158,0.0,1.0,0.0264292167467676,2,0,0
16365,18,9,1540.42,350,0.0257142857142857,45.92987667552104,0.0213083875526484,0.6856794705203975,1,1,1
16366,19,1,327.3,1,1.0,0.0,1.0,0.0,0,3,2
16367,37,2,800.67,326,0.0061349693251533,0.0,1.0,0.8239555431219167,2,0,0
16368,2,2,479.91,26,0.0769230769230769,0.0,1.0,0.3685011897538195,2,0,0
16369,18,3,1545.41,179,0.0167597765363128,38.18376618407357,0.0255207729472021,0.3401606112799811,1,1,1
16370,82,4,1301.91,143,0.0279720279720279,15.695009822658072,0.0598981378640954,0.1988893321125459,1,1,1
16372,33,2,355.73,1,2.0,0.0,1.0,1.2249785651309189,0,0,3
16374,66,2,466.73,197,0.0101522842639593,0.0,1.0,0.47974724858169,2,0,0
16376,9,2,974.96,9,0.2222222222222222,0.0,1.0,1.087088918709375,2,0,0
16377,267,1,676.2,1,1.0,0.0,1.0,0.0,3,2,2
16378,247,3,362.95,64,0.046875,25.45584412271571,0.0377988317198079,0.322764675995449,2,0,1
16379,4,4,2157.4,75,0.0533333333333333,14.364307617610162,0.0650859137221274,0.356599909045807,1,1,1
16380,61,1,1743.15,1,1.0,0.0,1.0,0.0,0,3,2
16383,75,2,643.76,194,0.0103092783505154,0.0,1.0,0.0545685735201747,2,0,0
16384,90,2,584.5,175,0.0114285714285714,0.0,1.0,0.5654434722439561,2,0,0
16385,60,3,554.86,307,0.009771986970684,78.48885271170677,0.0125803803412138,0.4533430059600797,1,1,1
16386,29,2,302.57,226,0.0088495575221238,0.0,1.0,0.8430502040692571,2,0,0
16387,323,1,94.36,1,1.0,0.0,1.0,0.0,3,2,2
16389,53,4,1382.0700000000002,230,0.017391304347826,51.507281038703645,0.0190449777672336,0.525204633090073,1,1,1
16392,270,1,217.89,1,1.0,0.0,1.0,0.0,3,2,2
16393,2,13,3040.96,367,0.0354223433242506,19.64225500848061,0.048444319653505,0.3919769491560079,1,1,1
16394,57,5,1555.34,233,0.0214592274678111,37.16068711241312,0.0262049788845315,0.0098908611860728,1,1,1
16395,61,5,1482.06,271,0.018450184501845,69.16164640415477,0.014252801227606,0.4647989976572106,1,1,1
16398,154,2,1705.8,100,0.02,0.0,1.0,0.5257080665381519,2,0,0
16399,19,2,408.02,217,0.0092165898617511,0.0,1.0,0.1774612381586748,2,0,0
16400,95,1,303.93,1,1.0,0.0,1.0,0.0,0,3,2
16401,1,12,4098.32,327,0.036697247706422,13.565330140405054,0.0686561849515475,0.2958282879892383,1,1,1
16402,265,2,293.45,105,0.019047619047619,0.0,1.0,0.5679504798966408,3,0,0
16403,312,1,177.5,1,1.0,0.0,1.0,0.0,3,2,2
16404,70,1,443.05,1,1.0,0.0,1.0,0.0,0,3,2
16405,302,2,167.25,8,0.25,0.0,1.0,1.2983706577123393,3,0,0
16406,19,1,154.35,1,1.0,0.0,1.0,0.0,0,3,2
16407,13,10,2079.68,300,0.0333333333333333,20.972866068115515,0.045510676527132,0.6061370213772695,1,1,1
16409,36,5,2022.98,282,0.0177304964539007,17.23127002477376,0.0548508139389707,0.4038031408590377,1,1,1
16411,19,2,211.7,350,0.0057142857142857,0.0,1.0,0.3032843445051417,2,0,0
16412,54,1,135.99,1,1.0,0.0,1.0,0.0,0,3,2
16413,57,1,262.2,1,1.0,0.0,1.0,0.0,0,3,2
16414,22,2,126.25,259,0.0077220077220077,0.0,1.0,0.2761216975247271,2,0,0
16415,44,1,200.27,1,1.0,0.0,1.0,0.0,0,3,2
16416,27,3,1051.4,30,0.1,2.1213203435596424,0.3203772410170407,0.0570664138280803,2,1,3
16418,45,3,631.12,182,0.0164835164835164,60.10407640085654,0.0163655202549789,0.2821352264980862,1,1,1
16419,113,6,958.71,200,0.03,40.4573849871689,0.0241211547788048,0.5260727556382823,1,1,1
16422,17,51,34684.4,352,0.1448863636363636,3.626489841627655,0.2161465893650785,0.7754744726640117,1,1,3
16423,25,1,346.12,1,1.0,0.0,1.0,0.0,0,3,2
16424,191,1,133.56,1,1.0,0.0,1.0,0.0,3,2,2
16425,302,1,302.7,1,1.0,0.0,1.0,0.0,3,2,2
16426,2,10,1863.76,274,0.0364963503649635,59.05294234837076,0.016651973423699,0.4466137649816519,1,1,1
16427,263,2,241.06,22,0.0909090909090909,0.0,1.0,0.1258982122646917,3,0,0
16429,106,1,284.55,1,1.0,0.0,1.0,0.0,0,2,2
16430,57,1,300.85,1,1.0,0.0,1.0,0.0,0,3,2
16431,213,3,623.28,85,0.0352941176470588,59.39696961966999,0.0165571220923362,0.5968091061148957,1,0,1
16432,64,1,287.40000000000003,1,1.0,0.0,1.0,0.0,0,3,2
16433,28,1,184.26,1,1.0,0.0,1.0,0.0,0,3,2
16434,29,7,1511.8,271,0.025830258302583,33.54797559714545,0.0289452560595945,0.3944203174673799,1,1,1
16438,6,5,798.35,77,0.0649350649350649,14.933184523068078,0.0627620924462526,0.2136668873523654,1,1,3
16440,8,5,3640.67,207,0.0241545893719806,64.59811658761164,0.015244340112485,0.4919005300645841,1,1,1
16441,67,2,381.2,225,0.0088888888888888,0.0,1.0,0.1513638860042557,2,0,0
16442,2,3,609.3,360,0.0083333333333333,65.05382386916237,0.0151391689598587,0.3583962186847783,1,1,1
16444,46,4,654.67,219,0.0182648401826484,25.632011235952596,0.0375487976157813,0.5610591933291932,1,1,1
16445,34,1,230.51,1,1.0,0.0,1.0,0.0,0,3,2
16446,1,2,168472.5,205,0.0097560975609756,0.0,1.0,1.4141648752659306,2,0,0
16447,136,1,255.91,1,1.0,0.0,1.0,0.0,0,2,2
16448,198,1,182.99,1,1.0,0.0,1.0,0.0,3,2,2
16449,198,2,707.69,83,0.0240963855421686,0.0,1.0,0.2511728336625843,2,0,0
16450,150,1,311.92,1,1.0,0.0,1.0,0.0,0,2,2
16451,88,1,266.97,1,1.0,0.0,1.0,0.0,0,3,2
16454,45,2,6.9,20,0.1,0.0,1.0,1.004296587772198,2,0,0
16455,64,7,1841.18,308,0.0227272727272727,46.82307123630401,0.020910409435203,0.5551086839629336,1,1,1
16456,99,5,2158.18,274,0.0182481751824817,49.45031176174053,0.0198214830608511,0.5561426294889547,1,1,1
16457,218,1,208.36,1,1.0,0.0,1.0,0.0,3,2,2
16458,3,18,3482.74,358,0.0502793296089385,10.71282903262966,0.0853764702971583,0.1371510829235935,1,1,3
16460,28,3,811.23,54,0.0555555555555555,24.748737341529164,0.038836855832427,0.1045113520418978,1,1,1
16461,178,1,142.92,1,1.0,0.0,1.0,0.0,3,2,2
16462,74,3,136.0,211,0.0142180094786729,9.192388155425116,0.0981124329991032,0.4330127018922193,2,0,3
16463,21,4,1422.4,183,0.0218579234972677,78.99578047803143,0.0125006593350835,0.2550813634641807,1,1,1
16464,20,3,1298.66,123,0.024390243902439,0.7071067811865476,0.585786437626905,0.348508554326745,2,1,3
16466,34,7,1595.96,259,0.027027027027027,26.90477033291061,0.0358361666507109,0.319116939111329,1,1,1
16468,74,1,74.9,1,1.0,0.0,1.0,0.0,0,3,2
16469,24,4,625.42,223,0.0179372197309417,80.06872048434394,0.0123352138041098,0.2512636553677216,1,1,1
16470,52,4,752.77,308,0.0129870129870129,54.945427471264615,0.0178745617863699,0.2154877378130665,1,1,1
16471,275,1,223.95,1,1.0,0.0,1.0,0.0,3,2,2
16473,165,3,316.11,172,0.0174418604651162,51.61879502661797,0.0190046161166202,0.3887743405508677,1,1,1
16474,7,7,1810.65,138,0.0507246376811594,19.887181801351343,0.0478762529818791,0.7061494148153509,1,1,1
16475,88,4,544.3,186,0.021505376344086,46.82235933112869,0.0209107207169738,0.8587593360699766,1,1,1
16477,64,7,2494.46,308,0.0227272727272727,23.31880500082855,0.0411204415663487,0.3035027973781521,1,1,1
16478,25,3,331.0,41,0.073170731707317,27.577164466275352,0.034992974939138,0.7791686042910081,1,1,3
16479,10,2,300.83,1,2.0,0.0,1.0,0.7593588296716618,0,0,3
16480,76,1,769.29,1,1.0,0.0,1.0,0.0,0,3,2
16482,16,1,220.62,1,1.0,0.0,1.0,0.0,0,3,2
16483,192,1,139.35,1,1.0,0.0,1.0,0.0,3,2,2
16484,174,2,404.3,18,0.1111111111111111,0.0,1.0,0.5845042945153208,2,0,0
16485,77,1,363.65,1,1.0,0.0,1.0,0.0,0,3,2
16488,33,3,498.8,116,0.0258620689655172,33.94112549695428,0.028619570370942,0.2762296741727283,1,1,1
16491,47,1,731.5,1,1.0,0.0,1.0,0.0,0,3,2
16493,80,4,1351.63,251,0.0159362549800796,34.67467856135559,0.0280310864828154,0.5747541333903121,1,1,1
16494,297,1,826.53,1,1.0,0.0,1.0,0.0,3,2,2
16495,3,3,648.26,273,0.0109890109890109,192.3330444827409,0.0051724215209845,0.9141680549828816,1,1,1
16496,9,3,1599.52,309,0.0097087378640776,62.932503525602726,0.0156414960286911,0.3321067716855347,1,1,1
16497,50,6,2965.69,284,0.0211267605633802,59.90659396093221,0.0164185835221952,1.0061585583905388,1,1,1
16498,161,2,100.97,1,2.0,0.0,1.0,1.1410912045809256,3,0,3
16499,360,2,365.45,5,0.4,0.0,1.0,0.2737874115142879,3,0,3
16500,5,6,400.86,327,0.018348623853211,128.24078914292443,0.007737495311129,0.7344845802580791,1,1,1
16503,107,4,1431.93,254,0.0157480314960629,47.84349485562274,0.020473555443891,0.2729454273437326,1,1,1
16504,25,1,465.88,1,1.0,0.0,1.0,0.0,0,3,2
16505,32,1,777.6,1,1.0,0.0,1.0,0.0,0,3,2
16506,20,2,90.3,21,0.0952380952380952,0.0,1.0,0.3147917231860378,2,0,0
16509,297,1,363.7000000000001,1,1.0,0.0,1.0,0.0,3,2,2
16510,372,1,248.1,1,1.0,0.0,1.0,0.0,3,2,2
16511,22,3,918.33,245,0.0122448979591836,0.7071067811865476,0.585786437626905,0.203470288961808,2,1,3
16513,5,4,874.59,39,0.1025641025641025,10.14889156509222,0.0896950153440413,1.0252779321685117,1,1,3
16515,52,5,1624.14,260,0.0192307692307692,23.697749541535234,0.0404895190275639,0.1448678585573771,1,1,1
16516,30,1,101.7,1,1.0,0.0,1.0,0.0,0,3,2
16517,277,1,162.70000000000002,1,1.0,0.0,1.0,0.0,3,2,2
16518,61,2,484.32,223,0.0089686098654708,0.0,1.0,0.3005262220008238,2,0,0
16519,25,2,215.08,341,0.0058651026392961,0.0,1.0,0.0504982339549254,2,0,0
16520,186,3,1046.57,180,0.0166666666666666,52.32590180780452,0.0187526130097933,0.1901430249942164,1,0,1
16523,2,21,9418.47,314,0.0668789808917197,11.433445858993094,0.0804282265223121,0.6159412344413847,1,1,3
16525,2,26,13027.45,365,0.0712328767123287,9.389355675444405,0.0962523597458054,0.4106845808138016,1,1,3
16526,172,1,290.36,1,1.0,0.0,1.0,0.0,3,2,2
16527,81,1,228.06,1,1.0,0.0,1.0,0.0,0,3,2
16528,4,1,244.41,1,1.0,0.0,1.0,0.0,0,3,2
16529,190,1,455.25,1,1.0,0.0,1.0,0.0,3,2,2
16531,22,7,1244.59,339,0.0206489675516224,55.9764831573641,0.0175511008153677,0.310136897870354,1,1,1
16532,18,3,6748.8,321,0.0093457943925233,59.39696961966999,0.0165571220923362,0.1548424756284293,1,1,1
16533,19,3,1082.81,49,0.0612244897959183,14.849242404917495,0.0630944984278701,0.6971058654530173,1,1,3
16535,5,1,593.75,1,1.0,0.0,1.0,0.0,0,3,2
16536,110,1,548.12,1,1.0,0.0,1.0,0.0,0,3,2
16539,3,4,1388.81,371,0.0107816711590296,101.33607452432722,0.0097717252166271,0.1870607908741793,1,1,1
16542,54,1,119.62,1,1.0,0.0,1.0,0.0,0,3,2
16545,165,1,339.3,1,1.0,0.0,1.0,0.0,0,2,2
16546,291,2,787.15,82,0.024390243902439,0.0,1.0,0.338394365080318,3,0,0
16549,10,10,4034.9,325,0.0307692307692307,66.38712224520656,0.0148396305804724,0.7054136651154893,1,1,1
16550,109,5,2298.97,260,0.0192307692307692,47.43065113053653,0.0206480808466661,0.1953831484412128,1,1,1
16551,96,3,922.12,241,0.0124481327800829,121.62236636408618,0.0081551190835025,0.0105820332366257,1,1,1
16552,243,2,379.73,131,0.015267175572519,0.0,1.0,0.7044439346979983,2,0,0
16553,163,12,5719.82,198,0.0606060606060606,21.449305985805864,0.0445448068921273,0.5054059139906403,1,0,3
16554,42,3,837.1,290,0.0103448275862068,50.20458146424488,0.0195295024664595,0.941634092368238,1,1,1
16555,35,2,285.89,75,0.0266666666666666,0.0,1.0,0.0893869637695681,2,0,0
16556,67,7,3313.79,294,0.0238095238095238,10.5767039604343,0.086380372463328,0.3561371147723737,1,1,3
16557,24,2,281.85,114,0.0175438596491228,0.0,1.0,0.3991509273967701,2,0,0
16558,1,20,8338.49,366,0.0546448087431694,10.298753686023376,0.0885053367644438,0.6204251686539601,1,1,3
16560,27,2,841.41,332,0.0060240963855421,0.0,1.0,0.2975796712876676,2,0,0
16561,6,2,511.12,55,0.0363636363636363,0.0,1.0,0.0520175594236463,2,0,0
16563,54,1,1077.74,1,1.0,0.0,1.0,0.0,0,3,2
16565,364,1,173.7,1,1.0,0.0,1.0,0.0,3,2,2
16566,15,5,614.66,278,0.0179856115107913,44.07852840858763,0.0221835103163992,0.5083727132182689,1,1,1
16567,194,2,865.6,143,0.0139860139860139,0.0,1.0,0.4076647043476603,2,0,0
16569,3,1,124.2,1,1.0,0.0,1.0,0.0,0,3,2
16570,15,10,3738.4,297,0.0336700336700336,24.55096739438184,0.0391374613949012,0.5799401573153414,1,1,1
16571,27,3,1421.69,256,0.01171875,31.11269837220809,0.03114032923703,0.0964288970678729,1,1,1
16572,127,3,1009.6,149,0.0201342281879194,70.71067811865476,0.0139449246086526,0.1016633980949629,1,1,1
16573,85,2,663.61,206,0.0097087378640776,0.0,1.0,0.1669710110033484,2,0,0
16574,71,1,451.44,1,1.0,0.0,1.0,0.0,0,3,2
16581,183,1,105.84,1,1.0,0.0,1.0,0.0,3,2,2
16582,113,1,313.62,1,1.0,0.0,1.0,0.0,0,2,2
16583,374,1,233.45,1,1.0,0.0,1.0,0.0,3,2,2
16584,80,2,936.08,175,0.0114285714285714,0.0,1.0,0.4348032895168969,2,0,0
16586,249,1,463.95,1,1.0,0.0,1.0,0.0,3,2,2
16587,232,1,225.15,1,1.0,0.0,1.0,0.0,3,2,2
16589,71,3,459.24,91,0.0329670329670329,13.435028842544405,0.0692759266994117,0.5219226698389788,1,1,1
16591,69,1,213.5,1,1.0,0.0,1.0,0.0,0,3,2
16592,4,16,4113.68,284,0.056338028169014,25.564111749165264,0.0376447746283639,1.029661868424795,1,1,3
16593,51,3,330.03,278,0.0107913669064748,0.7071067811865476,0.585786437626905,0.5978445404807623,2,0,3
16594,75,1,181.09,1,1.0,0.0,1.0,0.0,0,3,2
16595,61,1,360.16,1,1.0,0.0,1.0,0.0,0,3,2
16596,16,2,250.15,351,0.0056980056980056,0.0,1.0,0.0500331402238732,2,0,0
16597,4,1,90.04,1,1.0,0.0,1.0,0.0,0,3,2
16598,286,1,145.05,1,1.0,0.0,1.0,0.0,3,2,2
16600,4,6,813.52,335,0.017910447761194,69.98356950027627,0.0140877671697829,0.3819823010826241,1,1,1
16601,41,1,242.7,1,1.0,0.0,1.0,0.0,0,3,2
16602,36,1,528.08,1,1.0,0.0,1.0,0.0,0,3,2
16603,75,2,482.47,17,0.1176470588235294,0.0,1.0,0.3246884496529686,2,0,0
16607,18,14,3347.71,342,0.0409356725146198,20.66863100672872,0.0461496621401449,0.4806483511539018,1,1,1
16609,15,7,5493.46,238,0.0294117647058823,20.409964886463342,0.0467072227956926,0.5775799995169264,1,1,1
16610,219,1,75.66,1,1.0,0.0,1.0,0.0,3,2,2
16611,186,1,129.49,1,1.0,0.0,1.0,0.0,3,2,2
16612,33,4,1187.66,279,0.014336917562724,29.56912804486012,0.0327127420360993,0.371361146997344,1,1,1
16613,70,1,618.59,1,1.0,0.0,1.0,0.0,0,3,2
16614,183,1,506.19,1,1.0,0.0,1.0,0.0,3,2,2
16616,15,2,500.42,143,0.0139860139860139,0.0,1.0,0.2267059909147708,2,0,0
16617,236,1,151.85,1,1.0,0.0,1.0,0.0,3,2,2
16618,31,5,2647.59,292,0.0171232876712328,75.91442550661897,0.0130014622538387,0.8582529885634601,1,1,1
16619,264,1,226.21,1,1.0,0.0,1.0,0.0,3,2,2
16620,4,2,178.96,258,0.0077519379844961,0.0,1.0,0.0992541480968152,2,0,0
16621,52,4,813.48,227,0.0176211453744493,17.953644012660305,0.0527603029439636,0.4425881867232395,1,1,1
16623,246,1,129.45000000000002,1,1.0,0.0,1.0,0.0,3,2,2
16624,81,2,810.57,117,0.017094017094017,0.0,1.0,0.0737839934277831,2,0,0
16625,275,1,333.08,1,1.0,0.0,1.0,0.0,3,2,2
16626,1,17,4413.1,266,0.0639097744360902,19.59889452664784,0.0485462944968404,0.7542415391676129,1,1,3
16627,79,1,322.8,1,1.0,0.0,1.0,0.0,0,3,2
16628,30,5,2188.05,206,0.0242718446601941,33.396606614045886,0.0290726353102415,0.2120268003360206,1,1,1
16629,74,2,408.63,23,0.0869565217391304,0.0,1.0,0.1617262554626306,2,0,0
16633,17,6,2883.1,217,0.0276497695852534,17.22498185775532,0.054869739119903,0.3719720388408071,1,1,1
16634,223,2,217.9,150,0.0133333333333333,0.0,1.0,0.7249548183436196,2,0,0
16637,32,4,1154.47,194,0.0206185567010309,37.04051835490427,0.0262877595586464,0.1543567075610259,1,1,1
16638,23,10,1680.72,347,0.0288184438040345,45.60001218323424,0.0214592218574522,0.86121016366606,1,1,1
16639,31,3,1257.51,205,0.0146341463414634,103.23759005323592,0.0095934681479999,0.7781655018322552,1,1,1
16641,106,1,231.1,1,1.0,0.0,1.0,0.0,0,2,2
16642,5,2,688.33,203,0.0098522167487684,0.0,1.0,0.1497156048554144,2,0,0
16643,246,1,487.51,1,1.0,0.0,1.0,0.0,3,2,2
16644,178,2,833.78,35,0.0571428571428571,0.0,1.0,1.0364137484137974,2,0,0
16647,170,2,214.06,36,0.0555555555555555,0.0,1.0,0.2737784267249418,2,0,0
16648,43,1,290.66,1,1.0,0.0,1.0,0.0,0,3,2
16650,72,1,518.42,1,1.0,0.0,1.0,0.0,0,3,2
16652,59,7,6773.97,215,0.0325581395348837,38.02981286657438,0.0256214397803688,0.9095855333889812,1,1,1
16653,16,2,1212.66,56,0.0357142857142857,0.0,1.0,1.1931005616755057,2,0,0
16654,141,4,601.27,228,0.0175438596491228,49.94330118577799,0.0196296662509804,0.7871808698844216,1,1,1
16655,18,6,3789.52,315,0.019047619047619,49.474235719210455,0.0198120880039279,0.4338455581150698,1,1,1
16656,22,15,8625.8,343,0.0437317784256559,14.247614028127847,0.0655840315839096,0.5593002149767433,1,1,1
16657,10,4,874.43,245,0.0163265306122449,59.73273809227232,0.0164655839899838,0.0664265474809215,1,1,1
16658,368,1,123.24,1,1.0,0.0,1.0,0.0,3,2,2
16659,189,1,39.12,1,1.0,0.0,1.0,0.0,3,2,2
16660,16,4,1267.65,304,0.0131578947368421,97.20768145230772,0.0101825028878787,0.5122725447973693,1,1,1
16665,362,1,135.4,1,1.0,0.0,1.0,0.0,3,2,2
16666,19,1,118.98,1,1.0,0.0,1.0,0.0,0,3,2
16667,68,2,567.1800000000001,217,0.0092165898617511,0.0,1.0,0.4148539308643385,2,0,0
16668,15,6,306.72,270,0.0222222222222222,32.33109957919774,0.0300020105134518,0.3989111842379665,1,1,1
16669,24,3,1348.88,55,0.0545454545454545,38.18376618407357,0.0255207729472021,0.8725714981813072,1,1,1
16670,17,11,4095.9,342,0.0321637426900584,24.52232542897277,0.0391813826989607,0.6768576477242618,1,1,1
16671,28,3,1692.27,137,0.0218978102189781,85.55992052357225,0.0115526908290965,1.25706167122962,1,1,1
16672,2,20,8134.94,265,0.0754716981132075,10.563647252481209,0.0864779059898623,0.5952551721711986,1,1,3
16674,55,2,304.24,44,0.0454545454545454,0.0,1.0,0.3441637265254535,2,0,0
16676,34,4,1592.12,304,0.0131578947368421,80.05206639015219,0.0123377483701205,0.238739398810965,1,1,1
16678,3,12,3109.99,281,0.0427046263345195,18.275666882497067,0.0518788795270182,0.3355038069982529,1,1,1
16679,366,1,129.75,1,1.0,0.0,1.0,0.0,3,2,2
16680,43,1,183.7,1,1.0,0.0,1.0,0.0,0,3,2
16681,73,6,1770.34,181,0.0331491712707182,26.23547217032695,0.0367168225961399,0.5216449752222105,1,1,1
16682,5,5,1028.0,184,0.0271739130434782,17.114808402861737,0.0552034544203085,0.8852356621758137,1,1,1
16684,4,28,66653.56,354,0.0790960451977401,20.05959781220612,0.0474842876353698,1.3184869217823252,1,1,3
16685,61,2,324.24,1,2.0,0.0,1.0,0.6945452987672454,0,0,3
16686,47,7,2959.88,308,0.0227272727272727,28.09566989175853,0.0343693753647945,0.4910008961203814,1,1,1
16688,1,4,1260.86,60,0.0666666666666666,12.662279942148386,0.0731942255783371,0.7271464491084101,1,1,3
16689,76,2,422.6,7,0.2857142857142857,0.0,1.0,0.5545751811558669,2,0,0
16690,72,2,225.58,130,0.0153846153846153,0.0,1.0,0.329636266998747,2,0,0
16692,256,2,1276.0,33,0.0606060606060606,0.0,1.0,1.3953721591126385,2,0,0
16693,69,2,477.86,204,0.0098039215686274,0.0,1.0,0.5061881883988912,2,0,0
16696,135,4,657.9,113,0.0353982300884955,28.61817604250837,0.0337630513967094,0.9974430752545796,1,1,1
16697,241,1,112.75,1,1.0,0.0,1.0,0.0,3,2,2
16698,227,2,1998.0,27,0.074074074074074,0.0,1.0,0.2590601420563327,2,0,0
16700,9,13,5076.55,358,0.0363128491620111,12.153999217117672,0.0760225071853943,0.171038163910908,1,1,1
16701,9,13,5398.3,353,0.036827195467422,20.14944167960989,0.0472825720484194,0.6279511641997298,1,1,1
16705,1,20,14034.99,359,0.0557103064066852,23.200373056085123,0.041321677053592,1.0807809329675917,1,1,3
16706,37,3,531.35,77,0.0389610389610389,32.526911934581186,0.0298267851793577,0.5594330342923621,1,1,1
16708,46,1,656.63,1,1.0,0.0,1.0,0.0,0,3,2
16709,85,5,3029.87,198,0.0252525252525252,47.64714052280577,0.0205561928050262,0.7781371531992651,1,1,1
16710,19,10,2467.99,350,0.0285714285714285,31.75732636381372,0.0305275219623747,0.5014487160834851,1,1,1
16711,3,5,1651.03,355,0.0140845070422535,61.28621378417825,0.0160549171196213,0.2678322591749695,1,1,1
16712,9,11,3611.31,267,0.0411985018726591,24.128360445288813,0.0397956723908536,0.4000320436852557,1,1,1
16713,19,15,6910.78,348,0.043103448275862,19.5228803495503,0.0487261038883322,0.5022438419611017,1,1,1
16714,219,3,1129.06,99,0.0303030303030303,69.29646455628166,0.0142254664770426,1.6746518848944614,1,0,1
16715,78,1,301.72,1,1.0,0.0,1.0,0.0,0,3,2
16716,267,2,901.2,45,0.0444444444444444,0.0,1.0,0.8907097403494993,2,0,0
16717,24,6,3843.08,343,0.0174927113702623,75.19640948875153,0.0131239779762539,1.034675372915245,1,1,1
16718,369,1,606.0500000000001,1,1.0,0.0,1.0,0.0,3,2,2
16719,15,7,1770.22,354,0.019774011299435,19.994165815724013,0.0476322807382529,0.3839916876189367,1,1,1
16720,26,1,152.95,1,1.0,0.0,1.0,0.0,0,3,2
16721,262,1,292.47,1,1.0,0.0,1.0,0.0,3,2,2
16722,17,13,4730.81,352,0.0369318181818181,21.89696948728917,0.0436739019351504,0.1881114555667447,1,1,1
16723,91,2,576.4,17,0.1176470588235294,0.0,1.0,0.604549309106056,2,0,0
16725,302,7,758.27,70,0.1,8.612007121842542,0.104036543806504,0.5315894130885348,1,0,3
16726,26,5,1358.74,336,0.0148809523809523,70.57560957346855,0.0139712397275995,0.7886698580409953,1,1,1
16727,364,1,256.32,1,1.0,0.0,1.0,0.0,3,2,2
16728,46,4,1048.28,219,0.0182648401826484,46.54388610046795,0.0210331986301422,0.642842219156725,1,1,1
16729,38,21,7205.33,204,0.1029411764705882,5.740896684041799,0.1483482163978823,0.480681241359856,1,1,3
16730,52,3,743.11,268,0.0111940298507462,69.29646455628166,0.0142254664770426,0.221630796211776,1,1,1
16732,32,1,603.75,1,1.0,0.0,1.0,0.0,0,3,2
16734,52,3,646.76,62,0.0483870967741935,43.1335136523794,0.0226585176942078,0.8604964830645447,1,1,1
16735,79,5,2247.41,256,0.01953125,65.08199955953003,0.0151327140017781,0.5604713625776431,1,1,1
16737,53,1,417.6,1,1.0,0.0,1.0,0.0,0,3,2
16738,298,1,3.75,1,1.0,0.0,1.0,0.0,3,2,2
16739,177,1,323.0,1,1.0,0.0,1.0,0.0,3,2,2
16742,47,1,464.9,1,1.0,0.0,1.0,0.0,0,3,2
16743,29,7,2213.13,330,0.0212121212121212,31.19401652026661,0.0310616725741718,0.4304090407277651,1,1,1
16744,11,7,1291.91,162,0.0432098765432098,11.691877522451216,0.0787905491706058,0.4054095591590586,1,1,3
16745,87,17,7180.7,226,0.0752212389380531,6.551081335677849,0.1324313638730301,0.3791613567203064,1,1,3
16746,5,18,6680.11,355,0.0507042253521126,11.032705390578238,0.0831068298890632,0.3516486275335793,1,1,3
16747,38,2,836.0600000000001,31,0.064516129032258,0.0,1.0,0.2103237977483321,2,0,0
16748,18,5,1515.9,317,0.0157728706624605,74.96832664532403,0.0131633806371533,0.4147598673460758,1,1,1
16750,45,5,623.93,188,0.026595744680851,35.81782610191002,0.0271607562388948,0.3436288037055929,1,1,1
16751,31,1,1764.72,1,1.0,0.0,1.0,0.0,0,3,2
16752,373,1,207.5,1,1.0,0.0,1.0,0.0,3,2,2
16753,58,1,223.92,1,1.0,0.0,1.0,0.0,0,3,2
16754,372,1,2002.4,1,1.0,0.0,1.0,0.0,3,2,2
16755,114,3,1475.43,202,0.0148514851485148,15.556349186104043,0.0603997891539587,0.3105568709686644,1,1,1
16756,215,1,239.4,1,1.0,0.0,1.0,0.0,3,2,2
16757,319,1,106.83,1,1.0,0.0,1.0,0.0,3,2,2
16758,65,1,369.34,1,1.0,0.0,1.0,0.0,0,3,2
16759,8,3,789.79,24,0.125,16.263455967290593,0.057925829097877,0.5234858753552238,1,1,3
16761,97,1,316.62,1,1.0,0.0,1.0,0.0,0,3,2
16762,20,3,1207.24,125,0.024,50.91168824543142,0.0192634844636941,0.3681476706627263,1,1,1
16763,199,1,611.8499999999999,1,1.0,0.0,1.0,0.0,3,2,2
16764,4,13,2790.9500000000003,140,0.0928571428571428,6.780095646058172,0.1285331242047976,0.2842068995429177,1,1,3
16765,294,1,34.0,1,1.0,0.0,1.0,0.0,3,2,2
16766,273,2,1145.6,1,2.0,0.0,1.0,0.0,3,2,3
16767,31,11,5575.56,286,0.0384615384615384,23.735580417966982,0.0404275938992576,0.963440980745964,1,1,1
16768,48,3,478.09,225,0.0133333333333333,79.90306627407988,0.0123604709444787,0.3061131669845986,1,1,1
16769,260,1,361.54,1,1.0,0.0,1.0,0.0,3,2,2
16770,58,5,757.1,315,0.0158730158730158,71.61180070351533,0.0137718661472554,0.4260670163776113,1,1,1
16771,33,5,2242.61,305,0.0163934426229508,83.00351398183894,0.0119042639122953,0.5251926100504857,1,1,1
16773,57,1,171.59,1,1.0,0.0,1.0,0.0,0,3,2
16774,68,4,661.52,111,0.036036036036036,11.50362261782493,0.079976821963134,0.3102774911130713,1,1,3
16775,10,11,1691.51,358,0.0307262569832402,24.003703417968197,0.0399940754089003,0.273630083008123,1,1,1
16776,60,1,371.54,1,1.0,0.0,1.0,0.0,0,3,2
16777,80,2,222.62,177,0.0112994350282485,0.0,1.0,0.7903892347069468,2,0,0
16778,74,2,245.94,200,0.01,0.0,1.0,0.3425991869813328,2,0,0
16779,2,22,10611.72,365,0.0602739726027397,12.988089782199545,0.0714893895857419,0.3815226011898552,1,1,3
16780,100,2,422.24,159,0.0125786163522012,0.0,1.0,0.3297732743256323,2,0,0
16781,372,1,311.25,1,1.0,0.0,1.0,0.0,3,2,2
16782,10,13,2267.9500000000003,356,0.0365168539325842,18.542334853469285,0.0511709582042328,0.5553686436777652,1,1,1
16784,20,1,107.6,1,1.0,0.0,1.0,0.0,0,3,2
16788,123,2,594.39,132,0.0151515151515151,0.0,1.0,0.0129670147797461,2,0,0
16789,8,1,80.80000000000001,1,1.0,0.0,1.0,0.0,0,3,2
16790,4,6,1545.62,35,0.1714285714285714,5.224940191045253,0.1606441137279563,0.815969280299467,1,1,3
16791,29,7,1705.78,304,0.0230263157894736,31.400636936215164,0.0308635907981879,0.6734088184666371,1,1,1
16792,282,2,110.38,1,2.0,0.0,1.0,1.159250254788165,3,0,3
16793,57,1,243.84,1,1.0,0.0,1.0,0.0,0,3,2
16794,1,10,1196.5,180,0.0555555555555555,15.240661986205776,0.061573844763801,0.6750625848750695,1,1,1
16795,365,1,414.88,1,1.0,0.0,1.0,0.0,3,2,2
16796,89,1,305.62,1,1.0,0.0,1.0,0.0,0,3,2
16800,11,1,1162.65,1,1.0,0.0,1.0,0.0,0,3,2
16801,163,4,1594.23,111,0.036036036036036,32.07802986469088,0.0302315465609833,0.7003708729891229,1,1,1
16803,65,1,332.3,1,1.0,0.0,1.0,0.0,0,3,2
16804,23,3,536.99,248,0.0120967741935483,174.65537495307723,0.0056929655597907,1.1691578070902024,1,1,1
16805,174,2,460.59,187,0.0106951871657754,0.0,1.0,0.0953371352215302,2,0,0
16806,103,4,762.16,136,0.0294117647058823,24.440403706431148,0.0393075523305161,0.2730850109118758,1,0,1
16807,143,3,1121.59,129,0.0232558139534883,12.727922061357855,0.0728442364059494,0.2530536747810621,1,0,1
16808,99,2,288.42,176,0.0113636363636363,0.0,1.0,0.2185896976998564,2,0,0
16809,23,5,914.69,240,0.0208333333333333,17.03672503740082,0.0554424374672457,0.3912007763939611,1,1,1
16810,192,1,309.54,1,1.0,0.0,1.0,0.0,3,2,2
16811,5,2,547.07,13,0.1538461538461538,0.0,1.0,0.2131906200100701,2,0,0
16812,361,1,479.35,1,1.0,0.0,1.0,0.0,3,2,2
16813,8,10,1652.18,197,0.0507614213197969,9.12414379544733,0.09877378474708,0.302237702524438,1,1,3
16814,14,21,6416.7,356,0.0589887640449438,8.365813893774064,0.1067712866539822,0.4887357101046171,1,1,3
16816,103,4,417.06,255,0.0156862745098039,68.13467056743822,0.0144645225296118,0.9396071798886392,1,1,1
16817,3,9,1604.75,366,0.0245901639344262,50.07066435120897,0.0195807125813574,0.4263379318828805,1,1,1
16818,11,11,3349.57,195,0.0564102564102564,16.937794687883336,0.055748213055169,0.696491086651126,1,1,1
16820,96,1,497.61,1,1.0,0.0,1.0,0.0,0,3,2
16823,227,1,358.38,1,1.0,0.0,1.0,0.0,3,2,2
16824,16,2,460.64,149,0.0134228187919463,0.0,1.0,0.0455603709309151,2,0,0
16825,39,2,775.18,148,0.0135135135135135,0.0,1.0,0.2513614187979114,2,0,0
16826,51,1,341.7,1,1.0,0.0,1.0,0.0,0,3,2
16828,93,2,128.5,20,0.1,0.0,1.0,1.0840469719357966,2,0,0
16829,157,1,197.22,1,1.0,0.0,1.0,0.0,0,2,2
16830,39,1,325.91,1,1.0,0.0,1.0,0.0,0,3,2
16832,184,3,199.15,34,0.088235294117647,3.5355339059327378,0.2204812092115424,0.1507462594399819,2,0,3
16833,1,4,1106.53,334,0.0119760479041916,132.85079349907298,0.0074710053923358,0.6534568997772567,1,1,1
16834,228,1,413.46,1,1.0,0.0,1.0,0.0,3,2,2
16835,128,2,180.85,245,0.0081632653061224,0.0,1.0,0.1356737921325584,2,0,0
16836,40,2,251.87,77,0.0259740259740259,0.0,1.0,0.3887164208642926,2,0,0
16837,31,11,3170.98,215,0.0511627906976744,29.74129190947233,0.0325295372408167,0.7676622209573171,1,1,1
16838,197,2,588.85,91,0.0219780219780219,0.0,1.0,0.4692590438177448,2,0,0
16839,9,34,16594.35,361,0.0941828254847645,8.104899378733455,0.1098309776311999,0.3326084533864618,1,1,3
16841,37,6,1869.82,251,0.0239043824701195,35.69733883638947,0.0272499323304715,0.024609410496231,1,1,1
16842,101,3,1264.19,202,0.0148514851485148,65.76093065034893,0.0149788205505606,0.2125605395346642,1,1,1
16843,43,16,10196.57,285,0.0561403508771929,16.504544828622205,0.0571280207392122,0.8842879768998436,1,1,3
16846,50,1,214.32,1,1.0,0.0,1.0,0.0,0,3,2
16847,43,1,193.44,1,1.0,0.0,1.0,0.0,0,3,2
16848,53,1,281.42,1,1.0,0.0,1.0,0.0,0,3,2
16849,187,1,124.57,1,1.0,0.0,1.0,0.0,3,2,2
16850,334,1,332.41,1,1.0,0.0,1.0,0.0,3,2,2
16851,4,3,342.45,48,0.0625,20.50609665440988,0.0464984425611677,0.1135676693615611,1,1,3
16852,10,2,144.91,166,0.0120481927710843,0.0,1.0,0.7925490538977231,2,0,0
16855,24,2,328.40000000000003,20,0.1,0.0,1.0,0.1119657509795994,2,0,0
16856,15,1,35.400000000000006,1,1.0,0.0,1.0,0.0,0,3,2
16858,369,1,375.69000000000005,1,1.0,0.0,1.0,0.0,3,2,2
16859,145,2,747.81,117,0.017094017094017,0.0,1.0,0.4314258166969876,2,0,0
16861,60,2,173.76,99,0.0202020202020202,0.0,1.0,0.2617467090580037,2,0,0
16863,31,2,502.8,336,0.0059523809523809,0.0,1.0,0.4902494509181195,2,0,0
16866,141,3,207.74,21,0.1428571428571428,2.1213203435596424,0.3203772410170407,0.50058500983705,2,0,3
16869,23,4,817.12,153,0.0261437908496732,55.949381885176656,0.0175594530949648,0.3678098791088517,1,1,1
16871,22,6,2812.34,249,0.0240963855421686,47.64241807465276,0.0205581885025796,0.7613485118102311,1,1,1
16872,77,3,680.02,108,0.0277777777777777,36.06244584051392,0.0269814896810418,0.6896639051918051,1,1,1
16873,5,6,7123.62,360,0.0166666666666666,27.59891302207389,0.0349663639043958,0.6046245572857167,1,1,1
16875,67,5,2095.53,273,0.0183150183150183,63.81940666181932,0.0154274784589941,0.7964189767011899,1,1,1
16877,12,6,846.62,196,0.0306122448979591,45.48406314303945,0.0215127493679463,0.4461375077701291,1,1,1
16878,84,1,13.3,1,1.0,0.0,1.0,0.0,0,3,2
16880,31,7,1491.43,159,0.0440251572327044,23.16031087874254,0.041390195888574,0.5800037835713293,1,1,1
16881,67,1,432.0,1,1.0,0.0,1.0,0.0,0,3,2
16882,67,3,705.12,251,0.0119521912350597,67.17514421272202,0.0146681024521161,1.025755323468464,1,1,1
16883,187,2,272.48,185,0.0108108108108108,0.0,1.0,0.0852223528118254,2,0,0
16884,38,2,429.84,1,2.0,0.0,1.0,0.5385224173860697,0,0,3
16885,15,3,450.41,342,0.0087719298245614,190.91883092036784,0.0052105361167759,0.1875360606158868,1,1,1
16887,35,1,192.33,1,1.0,0.0,1.0,0.0,0,3,2
16889,195,3,1578.67,143,0.0209790209790209,31.81980515339464,0.0304694069732028,0.3378247072853529,1,0,1
16891,2,5,742.43,370,0.0135135135135135,92.56709278499928,0.0106875181245379,0.3169947557076729,1,1,1
16892,1,5,518.19,183,0.0273224043715847,72.63378460927578,0.0135807225624258,0.5205505917709876,1,1,1
16893,367,1,145.93,1,1.0,0.0,1.0,0.0,3,2,2
16895,65,1,202.27,1,1.0,0.0,1.0,0.0,0,3,2
16897,299,2,289.78,15,0.1333333333333333,0.0,1.0,0.6650873914010815,3,0,0
16898,26,3,501.03,343,0.0087463556851311,28.284271247461906,0.0341480240894391,0.2880953809379263,1,1,1
16899,8,6,1271.06,353,0.0169971671388102,51.62363799656123,0.0190028671158262,0.5183444463329334,1,1,1
16900,17,3,887.11,47,0.0638297872340425,28.991378028648448,0.0333429160555669,1.352772902690092,1,1,1
16902,116,1,1706.88,1,1.0,0.0,1.0,0.0,0,2,2
16903,29,1,363.2,1,1.0,0.0,1.0,0.0,0,3,2
16904,4,16,3653.75,363,0.0440771349862259,18.179527994291767,0.0521389264791928,0.4934995167893476,1,1,1
16905,5,7,3037.6,367,0.0190735694822888,74.0450313435457,0.013325332564952,0.8029664400439805,1,1,1
16906,82,4,559.59,167,0.0239520958083832,44.93328387732194,0.0217707055883656,0.2871138066705099,1,1,1
16907,29,5,928.76,337,0.0148367952522255,26.888659319497503,0.0358568688635699,0.3460918596477045,1,1,1
16909,72,1,379.14,1,1.0,0.0,1.0,0.0,0,3,2
16910,4,8,1508.96,87,0.0919540229885057,14.45683229480096,0.06469630910962,0.3279715469110612,1,1,3
16912,29,11,2555.58,295,0.0372881355932203,34.1818665376834,0.0284237335426446,0.665630498979188,1,1,1
16913,290,1,113.44,1,1.0,0.0,1.0,0.0,3,2,2
16914,36,1,183.76,1,1.0,0.0,1.0,0.0,0,3,2
16915,9,6,621.6800000000001,275,0.0218181818181818,24.26520142096496,0.0395801317131081,0.4717072687429856,1,1,1
16916,24,2,562.41,349,0.0057306590257879,0.0,1.0,0.4263436096448467,2,0,0
16917,277,1,391.52,1,1.0,0.0,1.0,0.0,3,2,2
16918,50,6,1068.82,268,0.0223880597014925,62.82276657391013,0.0156683900382467,0.7125659220532669,1,1,1
16919,156,11,2592.25,213,0.0516431924882629,32.15258759243009,0.0301635580393831,0.3157818940968492,1,0,1
16921,61,1,154.18,1,1.0,0.0,1.0,0.0,0,3,2
16923,12,19,7069.08,351,0.0541310541310541,12.927272685488122,0.0718015667950535,0.5174287906850374,1,1,3
16924,21,3,829.89,63,0.0476190476190476,16.97056274847714,0.0556465600992234,0.0985874421866182,1,1,1
16926,371,1,230.25,1,1.0,0.0,1.0,0.0,3,2,2
16927,116,3,543.05,246,0.0121951219512195,53.033008588991066,0.0185072056158602,0.2796297403466821,1,0,1
16928,80,17,2814.7,293,0.0580204778156996,13.751212067789998,0.0677910395026826,0.4294877347576004,1,1,3
16929,4,7,1295.39,152,0.0460526315789473,18.392027258208014,0.0515675842801186,0.2918794287742685,1,1,1
16930,26,3,378.89,43,0.0697674418604651,29.698484809834994,0.0325748976275085,0.7891782913565962,1,1,3
16931,5,21,4554.87,365,0.0575342465753424,9.459609427789069,0.0956058643397527,0.3893071006235594,1,1,3
16932,53,1,150.23000000000002,1,1.0,0.0,1.0,0.0,0,3,2
16933,1,2,563.23,238,0.0084033613445378,0.0,1.0,0.2856649627881807,2,0,0
16934,55,2,931.03,1,2.0,0.0,1.0,0.9860138231241176,0,0,3
16936,26,1,261.9,1,1.0,0.0,1.0,0.0,0,3,2
16938,9,4,2711.6800000000003,301,0.0132890365448504,88.55130339714562,0.0111667833081687,1.421528714043809,1,1,1
16940,52,3,3049.88,238,0.0126050420168067,2.1213203435596424,0.3203772410170407,0.2233212887978561,1,1,3
16942,13,9,1904.99,216,0.0416666666666666,31.83888009516487,0.0304517083744045,0.4190090375328912,1,1,1
16943,212,3,816.73,107,0.02803738317757,5.656854249492381,0.1502211048223348,0.5701022209233279,2,0,3
16945,22,19,4345.5,337,0.0563798219584569,17.4928556845359,0.0540749366706095,0.4817925030586353,1,1,3
16947,236,1,406.48,1,1.0,0.0,1.0,0.0,3,2,2
16948,139,3,435.02,188,0.0159574468085106,42.42640687119285,0.0230274635192845,0.4576085317039869,1,1,1
16949,4,6,1286.27,313,0.0191693290734824,47.803765542057455,0.0204902221968555,0.6325002063081308,1,1,1
16950,57,3,1178.56,311,0.0096463022508038,123.74368670764582,0.0080164377564344,0.553124747113886,1,1,1
16951,135,3,1277.75,170,0.0176470588235294,116.67261889578036,0.0084981536859112,1.296814416248635,1,0,1
16952,109,2,167.61,1,2.0,0.0,1.0,1.2370255377335448,0,0,3
16953,30,1,20.8,1,1.0,0.0,1.0,0.0,0,3,2
16954,1,9,2085.08,359,0.0250696378830083,46.213595711342656,0.0211803397926703,0.44614032792972,1,1,1
16955,185,4,518.67,189,0.0211640211640211,78.05340052382941,0.0126496772229116,0.498051611529353,1,0,1
16956,18,1,308.74,1,1.0,0.0,1.0,0.0,0,3,2
16957,239,2,416.64,43,0.0465116279069767,0.0,1.0,0.6346038969404616,2,0,0
16959,87,1,117.35,1,1.0,0.0,1.0,0.0,0,3,2
16960,39,3,507.05,214,0.014018691588785,120.20815280171308,0.0082502701087766,0.1681055019065513,1,1,1
16961,116,1,234.17,1,1.0,0.0,1.0,0.0,0,2,2
16963,187,1,110.55,1,1.0,0.0,1.0,0.0,3,2,2
16965,227,1,201.19,1,1.0,0.0,1.0,0.0,3,2,2
16966,8,7,2154.97,232,0.0301724137931034,44.22405077179913,0.022112128014494,0.4685278674635412,1,1,1
16967,189,1,319.02,1,1.0,0.0,1.0,0.0,3,2,2
16968,4,2,439.43,104,0.0192307692307692,0.0,1.0,0.2162369643762334,2,0,0
16969,39,3,650.41,153,0.0196078431372549,26.16295090390226,0.0368148513590376,0.7504142506538583,1,1,1
16971,38,1,357.21,1,1.0,0.0,1.0,0.0,0,3,2
16976,267,1,251.52,1,1.0,0.0,1.0,0.0,3,2,2
16978,78,1,344.33,1,1.0,0.0,1.0,0.0,0,3,2
16979,4,6,1852.0,295,0.0203389830508474,61.75516172758355,0.0159349441937691,0.253748064661485,1,1,1
16980,255,2,1028.46,37,0.054054054054054,0.0,1.0,0.4610089249180364,2,0,0
16982,61,1,384.06,1,1.0,0.0,1.0,0.0,0,3,2
16983,13,7,1905.87,357,0.0196078431372549,27.94279871451677,0.034550908841391,0.3016902785051047,1,1,1
16984,88,2,4459.52,42,0.0476190476190476,0.0,1.0,0.6237353094703345,2,0,0
16985,17,10,5464.12,342,0.0292397660818713,29.53858117408109,0.0327454636579097,0.5396221541393481,1,1,1
16986,30,2,1873.2,1,2.0,0.0,1.0,1.2885862205095016,2,0,3
16987,3,7,1616.8,203,0.0344827586206896,42.25951569370698,0.023116301326172,0.5823548727898321,1,1,1
16988,5,1,126.12,1,1.0,0.0,1.0,0.0,0,3,2
16989,7,6,1133.25,144,0.0416666666666666,20.4132310034448,0.0467000986371056,1.7397286740288835,1,1,1
16990,219,1,179.0,1,1.0,0.0,1.0,0.0,3,2,2
16992,11,5,1614.31,275,0.0181818181818181,32.4794807019242,0.0298690415452748,0.3030665463063285,1,1,1
16996,30,6,1456.96,324,0.0185185185185185,51.15368999397795,0.0191740987093236,0.620552229392628,1,1,1
16997,288,3,702.0,38,0.0789473684210526,3.5355339059327378,0.2204812092115424,0.6666666666666666,3,0,3
16998,150,4,295.0,155,0.0258064516129032,49.56813492557492,0.0197752992367976,1.171935741076402,1,1,1
16999,23,2,484.82,51,0.0392156862745098,0.0,1.0,0.0199521900223421,2,0,0
17001,1,11,3989.57,359,0.0306406685236768,11.633763124820984,0.0791529800044568,0.1402589153599251,1,1,3
17002,86,3,1493.73,206,0.0145631067961165,39.59797974644666,0.0246317675471899,0.0329803608580706,1,1,1
17004,46,2,1312.14,47,0.0425531914893617,0.0,1.0,0.5378827110201021,2,0,0
17006,5,4,781.78,71,0.056338028169014,18.193405398660254,0.0521012284807886,0.4175023214081247,1,1,1
17007,51,6,889.9300000000001,307,0.019543973941368,60.53924347066125,0.016249793523652,0.5715068727263326,1,1,1
17010,18,1,195.36,1,1.0,0.0,1.0,0.0,0,3,2
17011,30,1,270.9,1,1.0,0.0,1.0,0.0,0,3,2
17014,8,3,583.4300000000001,59,0.0508474576271186,7.7781745930520225,0.1139189007235634,0.1666597870498207,1,1,3
17015,29,3,1838.61,157,0.019108280254777,50.91168824543142,0.0192634844636941,0.6439111133703725,1,1,1
17017,3,20,8694.26,370,0.054054054054054,25.267226767851103,0.0380702541931041,0.6113281901697107,1,1,3
17018,41,2,920.1,286,0.0069930069930069,0.0,1.0,0.1692260767495683,2,0,0
17019,11,4,1258.08,358,0.0111731843575419,115.07533764162211,0.0086150944749991,0.1764858295168312,1,1,1
17022,31,1,71.0,1,1.0,0.0,1.0,0.0,0,3,2
17024,45,3,95.85,113,0.0265486725663716,3.5355339059327378,0.2204812092115424,0.2292684815408457,2,0,3
17025,61,3,357.77,313,0.0095846645367412,220.6173157302028,0.0045122827911939,0.7700253573953695,1,1,1
17026,185,2,154.83,185,0.0108108108108108,0.0,1.0,0.8086309286113164,2,0,0
17027,79,6,877.5600000000001,239,0.0251046025104602,51.72233560078276,0.0189672932468711,0.7138624686264641,1,1,1
17029,111,2,716.0,127,0.0157480314960629,0.0,1.0,0.0,2,0,0
17030,64,1,146.87,1,1.0,0.0,1.0,0.0,0,3,2
17031,12,2,380.35,144,0.0138888888888888,0.0,1.0,0.2660364937236623,2,0,0
17033,86,3,1030.14,274,0.010948905109489,12.727922061357855,0.0728442364059494,0.1986857021616447,1,1,1
17034,16,3,745.52,272,0.0110294117647058,101.82337649086284,0.0097254149214683,0.4886516937978249,1,1,1
17035,246,2,433.53,66,0.0303030303030303,0.0,1.0,0.2788760119190733,3,0,0
17037,88,1,1267.32,1,1.0,0.0,1.0,0.0,0,3,2
17038,30,1,112.4,1,1.0,0.0,1.0,0.0,0,3,2
17040,138,1,449.73,1,1.0,0.0,1.0,0.0,0,2,2
17041,27,3,1071.49,334,0.0089820359281437,119.50104602052652,0.0082986831486065,0.2175215998891732,1,1,1
17042,3,5,1036.58,245,0.0204081632653061,38.957241517677645,0.0250267526490182,0.2709670186415586,1,1,1
17043,32,4,1735.18,235,0.0170212765957446,54.1510233821424,0.0181320298096915,0.7324425045081766,1,1,1
17044,25,1,948.48,1,1.0,0.0,1.0,0.0,0,3,2
17045,113,3,339.44,135,0.0222222222222222,33.94112549695428,0.028619570370942,0.6688815866457758,1,1,1
17046,157,1,642.02,1,1.0,0.0,1.0,0.0,0,2,2
17047,85,3,1100.9,120,0.025,84.14570696119915,0.0117445733400945,0.1799965906178004,1,1,1
17048,118,3,925.35,214,0.014018691588785,82.02438661763951,0.0120446538750764,0.5641201147737288,1,1,1
17049,3,9,5655.03,274,0.0328467153284671,19.68864792571743,0.0483356864880923,0.5197480207683445,1,1,1
17050,96,6,3185.64,204,0.0294117647058823,35.32279717123206,0.0275309193641069,0.4407447936970705,1,1,1
17051,194,1,240.89,1,1.0,0.0,1.0,0.0,3,2,2
17052,28,1,399.09,1,1.0,0.0,1.0,0.0,0,3,2
17053,131,1,498.48,1,1.0,0.0,1.0,0.0,0,2,2
17054,28,5,1356.33,217,0.0230414746543778,44.40251494378818,0.0220252116262298,0.2543660399131074,1,1,1
17058,82,3,1179.89,159,0.0188679245283018,54.44722215136416,0.0180351686017763,0.4455810902578114,1,1,1
17059,30,5,3080.39,340,0.0147058823529411,18.62793601019716,0.050947791936986,0.3531744643547325,1,1,1
17060,266,1,234.24,1,1.0,0.0,1.0,0.0,3,2,2
17061,74,11,5232.2300000000005,159,0.0691823899371069,13.729125568982496,0.0678926929719345,0.9513104235596992,1,1,3
17062,314,4,533.33,56,0.0714285714285714,22.538855339169288,0.0424829493869216,0.2636075136733613,3,0,3
17063,21,7,1461.14,269,0.0260223048327137,57.12355030983281,0.0172047301768286,0.7011003449839518,1,1,1
17064,59,3,855.45,269,0.0111524163568773,14.849242404917495,0.0630944984278701,0.453769280856148,1,1,1
17068,12,21,4552.14,356,0.0589887640449438,8.946625356141716,0.1005366105784342,0.5156961244704771,1,1,3
17069,28,9,2709.7000000000003,346,0.0260115606936416,39.90323116168485,0.0244479463259794,0.6770948897171732,1,1,1
17070,114,1,304.24,1,1.0,0.0,1.0,0.0,0,2,2
17071,28,9,2429.03,282,0.0319148936170212,20.332503886283025,0.0468768225863541,0.4065149054693229,1,1,1
17073,18,4,1446.09,92,0.0434782608695652,4.163331998932266,0.1936733876897305,0.2096111045297917,1,1,3
17075,18,4,834.12,300,0.0133333333333333,117.6194428371999,0.0084303211689542,0.5417164649030207,1,1,1
17076,36,3,841.0799999999999,329,0.0091185410334346,103.94469683442249,0.0095288283273404,0.7019238433198846,1,1,1
17078,36,2,378.2,1,2.0,0.0,1.0,1.355880057420635,2,0,3
17079,78,1,118.8,1,1.0,0.0,1.0,0.0,0,3,2
17080,22,2,287.62,248,0.0080645161290322,0.0,1.0,0.6636901003029011,2,0,0
17081,25,2,288.91,21,0.0952380952380952,0.0,1.0,0.3187132499605837,2,0,0
17082,33,2,2003.85,286,0.0069930069930069,0.0,1.0,0.5151750251393509,2,0,0
17083,109,3,1405.78,195,0.0153846153846153,125.86500705120544,0.0078823942333947,0.4267038986889518,1,1,1
17084,35,2,2747.99,1,2.0,0.0,1.0,0.5737724092247015,0,0,3
17085,123,5,1562.4,240,0.0208333333333333,49.88236161209692,0.019653175841631,0.2827428140066642,1,1,1
17086,7,6,2050.08,57,0.1052631578947368,4.898979485566356,0.1695208471985372,0.2423659717436044,1,1,3
17088,28,4,1991.01,226,0.0176991150442477,33.24655370611116,0.029200018448033,0.7049567114197837,1,1,1
17090,4,7,1974.65,350,0.02,40.34559042406824,0.0241863760982326,0.6718440777525773,1,1,1
17091,3,9,3827.76,366,0.0245901639344262,34.05012062072195,0.0285305722859279,0.6218544213586067,1,1,1
17092,50,4,1774.03,228,0.0175438596491228,65.53116307020144,0.01503055040455,0.6163007961986189,1,1,1
17094,322,1,302.0,1,1.0,0.0,1.0,0.0,3,2,2
17095,23,3,1324.16,313,0.0095846645367412,170.41273426595797,0.0058338722865737,0.6712825460436955,1,1,1
17096,15,4,1022.13,247,0.0161943319838056,38.07011076071796,0.0255950131834646,0.3310014614002092,1,1,1
17097,2,8,954.42,364,0.0219780219780219,76.31482412318319,0.0129341301793137,0.5357641747293689,1,1,1
17100,18,2,971.74,1,2.0,0.0,1.0,1.321508307960221,2,0,3
17101,10,4,1621.73,168,0.0238095238095238,61.2072980398035,0.0160752842754904,0.5100131186402965,1,1,1
17102,262,1,25.5,1,1.0,0.0,1.0,0.0,3,2,2
17105,159,2,665.78,148,0.0135135135135135,0.0,1.0,0.0573094444303315,2,0,0
17107,33,6,10797.48,245,0.0244897959183673,30.737599125501003,0.0315083694908889,0.4893684468139807,1,1,1
17109,29,6,881.29,204,0.0294117647058823,82.21435397787906,0.012017157523879,0.9203856205139364,1,1,1
17110,165,1,163.29999999999998,1,1.0,0.0,1.0,0.0,3,2,2
17111,47,1,231.61,1,1.0,0.0,1.0,0.0,0,3,2
17114,6,8,801.12,330,0.0242424242424242,26.88777381919859,0.0358580074007763,0.374159186018889,1,1,1
17115,8,3,837.5,225,0.0133333333333333,87.68124086713189,0.0112763419886993,0.1695214081702485,1,1,1
17117,288,1,116.2,1,1.0,0.0,1.0,0.0,3,2,2
17118,318,1,157.02,1,1.0,0.0,1.0,0.0,3,2,2
17119,3,2,606.91,57,0.0350877192982456,0.0,1.0,1.1361756947117323,2,0,0
17120,233,1,307.46,1,1.0,0.0,1.0,0.0,3,2,2
17122,119,1,138.32,1,1.0,0.0,1.0,0.0,0,2,2
17123,162,1,345.3,1,1.0,0.0,1.0,0.0,0,2,2
17124,185,1,294.24,1,1.0,0.0,1.0,0.0,3,2,2
17125,50,1,230.5,1,1.0,0.0,1.0,0.0,0,3,2
17126,152,5,989.45,211,0.0236966824644549,69.6491205974634,0.014154457855147,0.8274898059438128,1,1,1
17128,335,1,157.09,1,1.0,0.0,1.0,0.0,3,2,2
17131,5,5,2463.17,71,0.0704225352112676,13.149778198382917,0.0706724858849224,0.8867793537352611,1,1,3
17133,16,7,4892.240000000001,251,0.0278884462151394,36.83295625749672,0.0264319815029481,0.8741533276106176,1,1,1
17134,107,2,413.2,158,0.0126582278481012,0.0,1.0,0.767344338538354,2,0,0
17135,16,7,1139.73,356,0.0196629213483146,92.351502424162,0.0107122003827671,0.4732476492189401,1,1,1
17138,276,1,380.5,1,1.0,0.0,1.0,0.0,3,2,2
17139,16,12,10650.77,274,0.0437956204379562,18.35409292971808,0.0516686575615489,0.7842201807787572,1,1,1
17140,247,1,454.12,1,1.0,0.0,1.0,0.0,3,2,2
17142,239,1,579.0,1,1.0,0.0,1.0,0.0,3,2,2
17144,1,2,984.57,84,0.0238095238095238,0.0,1.0,0.2976316485971835,2,0,0
17146,106,3,749.78,254,0.0118110236220472,43.840620433565945,0.0223012079300187,0.2312587226789293,1,1,1
17147,23,4,1714.59,290,0.0137931034482758,34.39476704383968,0.0282527639964802,0.2144402702544368,1,1,1
17148,52,1,124.88,1,1.0,0.0,1.0,0.0,0,3,2
17152,195,3,1689.5,69,0.0434782608695652,48.08326112068523,0.0203735444053159,0.9151680244985896,1,0,1
17153,24,1,213.78,1,1.0,0.0,1.0,0.0,0,3,2
17154,75,1,329.34,1,1.0,0.0,1.0,0.0,0,3,2
17155,18,2,251.7,161,0.0124223602484472,0.0,1.0,0.1960907958951968,2,0,0
17157,8,2,319.0,169,0.0118343195266272,0.0,1.0,0.0173784237131741,2,0,0
17158,32,3,1266.97,329,0.0091185410334346,51.61879502661797,0.0190046161166202,0.3362883110015548,1,1,1
17159,22,3,1538.88,151,0.0198675496688741,30.405591591021544,0.0318414635528116,0.2102165310455024,1,1,1
17160,31,6,3518.03,211,0.0284360189573459,28.29840984931839,0.0341315451979474,0.1682255666595111,1,1,1
17162,29,10,1715.46,277,0.0361010830324909,35.71453174518431,0.0272371715630328,0.7972705743881294,1,1,1
17163,22,2,293.1,57,0.0350877192982456,0.0,1.0,0.2262934700624296,2,0,0
17164,33,7,2467.35,241,0.0290456431535269,31.74061541096308,0.0305431033426804,0.7637793263345447,1,1,1
17165,284,1,158.68,1,1.0,0.0,1.0,0.0,3,2,2
17166,39,2,206.34,166,0.0120481927710843,0.0,1.0,0.3347397033357661,2,0,0
17169,58,2,835.78,126,0.0158730158730158,0.0,1.0,0.3695859272697737,2,0,0
17171,289,1,224.91,1,1.0,0.0,1.0,0.0,3,2,2
17172,79,1,317.76,1,1.0,0.0,1.0,0.0,0,3,2
17173,5,8,3766.6,126,0.0634920634920634,20.05587433242678,0.047492684664249,0.4702280284794002,1,1,1
17174,218,1,59.9,1,1.0,0.0,1.0,0.0,3,2,2
17175,44,4,1443.69,253,0.0158102766798418,39.551653989856526,0.0246599066033197,0.2923404196524627,1,1,1
17176,202,1,306.13,1,1.0,0.0,1.0,0.0,3,2,2
17179,178,3,711.79,184,0.0163043478260869,53.033008588991066,0.0185072056158602,0.0505449599895177,1,0,1
17180,56,4,783.97,260,0.0153846153846153,92.58509599282164,0.0106854621389361,0.5031576139042927,1,1,1
17181,57,2,239.92,317,0.0063091482649842,0.0,1.0,0.4192183584360393,2,0,0
17183,8,6,3347.31,98,0.0612244897959183,18.09696107085385,0.0523643524375309,0.2909321471559512,1,1,1
17186,47,2,144.0,14,0.1428571428571428,0.0,1.0,0.0,0,0,0
17187,227,1,203.95,1,1.0,0.0,1.0,0.0,3,2,2
17188,11,7,2474.23,352,0.0198863636363636,66.08908129688797,0.0149055551316125,0.4207623242232672,1,1,1
17189,106,2,383.75,254,0.0078740157480314,0.0,1.0,0.2557192940536001,2,0,0
17190,59,2,444.74,149,0.0134228187919463,0.0,1.0,0.1740658596130396,2,0,0
17191,28,7,2093.68,341,0.0205278592375366,44.80476165171138,0.021831791367102,0.6273407296933161,1,1,1
17193,36,7,1699.3,142,0.0492957746478873,34.15064665078345,0.0284489787608988,1.051124272633439,1,1,1
17194,274,2,262.62,87,0.0229885057471264,0.0,1.0,1.3065131920758524,2,0,0
17197,30,1,1013.01,1,1.0,0.0,1.0,0.0,0,3,2
17198,24,3,692.22,348,0.0086206896551724,237.58787847867995,0.0041913277672627,0.231009207939021,1,1,1
17201,54,1,289.78000000000003,1,1.0,0.0,1.0,0.0,0,3,2
17203,36,6,3560.08,25,0.24,7.05691150575094,0.1241170390522733,0.9215890348883315,1,1,3
17204,175,4,1564.56,89,0.0449438202247191,33.06055050963308,0.0293594784886749,0.792398400004554,1,1,1
17205,54,1,384.08,1,1.0,0.0,1.0,0.0,0,3,2
17206,53,1,204.24,1,1.0,0.0,1.0,0.0,0,3,2
17211,27,8,2317.2200000000003,343,0.0233236151603498,46.643531680384655,0.0209892080777821,0.3820525384541007,1,1,1
17212,253,1,226.85,1,1.0,0.0,1.0,0.0,3,2,2
17213,40,7,2781.23,327,0.0214067278287461,68.71681017043792,0.0143437428871929,0.2681141474533745,1,1,1
17214,60,6,1059.12,299,0.020066889632107,59.53318402370228,0.0165198645359286,0.2387340719157598,1,1,1
17217,234,1,113.5,1,1.0,0.0,1.0,0.0,3,2,2
17218,4,10,1951.97,364,0.0274725274725274,48.00376142669563,0.020406596777186,0.3559656990806608,1,1,1
17219,32,1,114.23,1,1.0,0.0,1.0,0.0,0,3,2
17220,24,14,3187.55,340,0.0411764705882352,21.23736426738594,0.0449693582375962,0.4802446113065395,1,1,1
17221,7,2,334.48,29,0.0689655172413793,0.0,1.0,0.2956284748897595,2,0,0
17222,65,1,328.65,1,1.0,0.0,1.0,0.0,0,3,2
17223,310,2,416.89,59,0.0338983050847457,0.0,1.0,0.5725853515146795,3,0,0
17226,309,1,393.49,1,1.0,0.0,1.0,0.0,3,2,2
17227,19,6,939.32,350,0.0171428571428571,43.02673587433748,0.022713471261059,0.3352679364225105,1,1,1
17228,16,8,1906.09,357,0.0224089635854341,45.48573821487765,0.0215119741753386,0.4448351535028212,1,1,1
17229,96,2,318.76,47,0.0425531914893617,0.0,1.0,0.0148182748723998,2,0,0
17230,264,8,3638.41,96,0.0833333333333333,21.321797476269385,0.0447992596054647,1.323287934040628,1,0,3
17231,12,10,3124.72,350,0.0285714285714285,17.17394667641787,0.0550238216169952,0.3157325065963673,1,1,1
17232,3,2,417.77,12,0.1666666666666666,0.0,1.0,0.0057209012624422,2,0,0
17233,35,1,190.88,1,1.0,0.0,1.0,0.0,0,3,2
17234,183,1,149.89,1,1.0,0.0,1.0,0.0,3,2,2
17235,25,2,550.0600000000001,348,0.0057471264367816,0.0,1.0,0.3438478017521321,2,0,0
17236,13,6,916.13,351,0.017094017094017,56.62861467491501,0.0173524906965234,0.2899498612626198,1,1,1
17237,11,2,314.69,12,0.1666666666666666,0.0,1.0,0.7752581322729754,2,0,0
17238,3,17,3719.1,369,0.046070460704607,17.68603498055269,0.0535159011015841,0.4967389030200235,1,1,1
17239,313,1,382.5,1,1.0,0.0,1.0,0.0,3,2,2
17242,108,2,1135.04,73,0.0273972602739726,0.0,1.0,0.3536530673315295,2,0,0
17243,1,26,8540.05,369,0.070460704607046,11.67932646459832,0.0788685426463368,0.3739183286794548,1,1,3
17244,53,1,954.9,1,1.0,0.0,1.0,0.0,0,3,2
17245,205,1,171.45000000000002,1,1.0,0.0,1.0,0.0,3,2,2
17247,15,1,280.09000000000003,1,1.0,0.0,1.0,0.0,0,3,2
17248,120,1,318.65,1,1.0,0.0,1.0,0.0,0,2,2
17250,4,2,381.97,258,0.0077519379844961,0.0,1.0,0.2098161703266834,2,0,0
17251,363,1,269.83,1,1.0,0.0,1.0,0.0,3,2,2
17252,117,2,348.91,70,0.0285714285714285,0.0,1.0,1.3177466144940442,2,0,0
17253,18,1,178.26,1,1.0,0.0,1.0,0.0,0,3,2
17254,5,2,271.19,11,0.1818181818181818,0.0,1.0,0.3490295133656523,2,0,0
17255,41,2,291.48,259,0.0077220077220077,0.0,1.0,0.363693730737914,2,0,0
17256,107,2,240.0,205,0.0097560975609756,0.0,1.0,0.0931023928562286,2,0,0
17259,148,2,581.23,221,0.0090497737556561,0.0,1.0,0.3763336574028295,2,0,0
17262,52,5,1253.36,314,0.0159235668789808,77.38378383098102,0.0127577408377771,0.8822130599034772,1,1,1
17263,208,1,63.440000000000005,1,1.0,0.0,1.0,0.0,3,2,2
17265,139,2,550.01,42,0.0476190476190476,0.0,1.0,0.5288291183310748,2,0,0
17266,2,3,296.58,146,0.0205479452054794,101.82337649086284,0.0097254149214683,0.7224029156021908,1,1,1
17267,127,2,317.2,1,2.0,0.0,1.0,1.355362304418099,2,0,3
17268,108,4,763.64,138,0.0289855072463768,46.09049070397639,0.0212357099076811,0.9472450605916848,1,1,1
17272,42,4,2148.63,221,0.0180995475113122,75.03554713156514,0.0131517433322297,0.6201903668542978,1,1,1
17274,35,1,107.82,1,1.0,0.0,1.0,0.0,0,3,2
17277,228,2,1065.35,96,0.0208333333333333,0.0,1.0,0.4894226294751361,2,0,0
17278,241,1,246.04,1,1.0,0.0,1.0,0.0,3,2,2
17279,58,1,187.83,1,1.0,0.0,1.0,0.0,0,3,2
17282,130,3,1685.46,170,0.0176470588235294,57.982756057296896,0.0169541077230874,0.4440170840733228,1,1,1
17284,60,6,1647.48,277,0.0216606498194945,31.901410627118043,0.0303938336058995,0.8122677986816834,1,1,1
17286,22,1,151.37,1,1.0,0.0,1.0,0.0,0,3,2
17287,26,7,1049.06,347,0.0201729106628242,35.81991997013208,0.027159211666163,0.2307328632195662,1,1,1
17288,9,7,1417.63,350,0.02,68.41539787698868,0.0144060256165657,0.8257397804110606,1,1,1
17289,32,3,931.02,149,0.0201342281879194,102.5304832720494,0.0096589909405935,0.434772971049709,1,1,1
17290,4,2,513.01,13,0.1538461538461538,0.0,1.0,0.5090242574066626,2,0,0
17291,308,1,550.8000000000001,1,1.0,0.0,1.0,0.0,3,2,2
17293,8,9,1854.06,353,0.0254957507082152,46.20064934608604,0.0211861492130705,0.4613125409117838,1,1,1
17295,29,3,547.0,36,0.0833333333333333,24.748737341529164,0.038836855832427,0.4665657801035363,1,1,3
17297,17,1,128.18,1,1.0,0.0,1.0,0.0,0,3,2
17298,101,2,498.42,24,0.0833333333333333,0.0,1.0,0.8033795354326033,2,0,0
17299,12,4,656.61,162,0.0246913580246913,37.322915213043046,0.026094048285232,0.5617399018575904,1,1,1
17301,21,1,163.24,1,1.0,0.0,1.0,0.0,0,3,2
17302,15,5,1135.63,291,0.0171821305841924,37.16068711241312,0.0262049788845315,0.4933305890868482,1,1,1
17303,361,1,250.04,1,1.0,0.0,1.0,0.0,3,2,2
17306,11,19,8631.31,343,0.0553935860058309,13.971142059886027,0.0667951714037514,0.3622203739763409,1,1,3
17309,95,1,82.75,1,1.0,0.0,1.0,0.0,0,3,2
17311,78,2,1384.85,239,0.00836820083682,0.0,1.0,0.2776958472153054,2,0,0
17312,139,3,644.3,21,0.1428571428571428,8.48528137423857,0.1054264982287122,0.2788721000434364,2,0,3
17313,31,1,2328.84,1,1.0,0.0,1.0,0.0,0,3,2
17314,25,8,2527.92,288,0.0277777777777777,37.35352345208835,0.0260732237873584,0.6351255594638142,1,1,1
17315,2,38,6281.2300000000005,356,0.1067415730337078,6.39948853061348,0.1351444759813813,0.5271389268136102,1,1,3
17317,46,3,2600.34,44,0.0681818181818181,21.213203435596427,0.0450182704578984,1.1949205043896671,1,1,3
17320,100,3,1200.62,268,0.0111940298507462,2.8284271247461903,0.2612038749637414,0.237580196854786,2,1,3
17321,8,2,657.16,60,0.0333333333333333,0.0,1.0,1.2366729042445108,2,0,0
17323,15,7,906.52,278,0.0251798561151079,24.733917333626447,0.0388592217436442,0.4919040948746897,1,1,1
17324,18,4,986.48,349,0.0114613180515759,169.00986164521092,0.0058820117275718,0.950033091516872,1,1,1
17325,280,1,96.8,1,1.0,0.0,1.0,0.0,3,2,2
17329,14,2,523.11,301,0.0066445182724252,0.0,1.0,0.0983793686504882,2,0,0
17330,23,2,363.9,45,0.0444444444444444,0.0,1.0,0.6447321516836946,2,0,0
17331,124,1,175.2,1,1.0,0.0,1.0,0.0,0,2,2
17333,86,1,494.25,1,1.0,0.0,1.0,0.0,0,3,2
17334,302,2,307.02000000000004,7,0.2857142857142857,0.0,1.0,1.317482128558246,3,0,0
17337,151,4,1981.06,159,0.0251572327044025,11.547005383792516,0.0797002925727394,0.7899380810712796,1,1,3
17338,17,8,6493.54,345,0.0231884057971014,23.03206874069697,0.0416110660630125,0.3891172221878092,1,1,1
17339,94,2,243.36,271,0.007380073800738,0.0,1.0,0.7168695967058885,2,0,0
17340,30,11,12353.29,337,0.0326409495548961,34.14088458139302,0.0284568818318676,1.0803321901446048,1,1,1
17341,157,3,682.29,210,0.0142857142857142,147.78531726798843,0.0067210933065312,0.8886441069606493,1,0,1
17343,355,1,193.64,1,1.0,0.0,1.0,0.0,3,2,2
17344,46,1,157.62,1,1.0,0.0,1.0,0.0,0,3,2
17345,15,4,519.6899999999999,182,0.0219780219780219,53.724606404638585,0.0182733155284098,0.6637403971944491,1,1,1
17346,4,15,2622.88,370,0.0405405405405405,24.41457410178249,0.0393475017914962,0.2754015663865156,1,1,1
17347,86,1,228.96,1,1.0,0.0,1.0,0.0,0,3,2
17348,15,5,1156.6,284,0.0176056338028169,104.34717693034791,0.0094924233295892,0.6687829918713879,1,1,1
17349,179,1,98.25,1,1.0,0.0,1.0,0.0,3,2,2
17350,8,4,1281.32,43,0.0930232558139534,20.07485989988473,0.0474499002484694,0.9223584927560244,1,1,3
17351,36,3,587.15,238,0.0126050420168067,19.79898987322333,0.0480792579877834,0.1763541347359295,1,1,1
17353,129,2,1740.0,26,0.0769230769230769,0.0,1.0,0.0,2,0,0
17354,51,1,1393.06,1,1.0,0.0,1.0,0.0,0,3,2
17356,312,1,178.22,1,1.0,0.0,1.0,0.0,3,2,2
17357,24,2,384.39,1,2.0,0.0,1.0,1.3708000499612152,2,0,3
17358,303,2,360.81,53,0.0377358490566037,0.0,1.0,0.4801843173036443,3,0,0
17359,11,1,127.86,1,1.0,0.0,1.0,0.0,0,3,2
17360,17,3,568.24,167,0.0179640718562874,117.37972567696688,0.0084473924422564,0.6043737134466887,1,1,1
17361,49,3,488.2,243,0.0123456790123456,22.62741699796952,0.0423237123247935,0.6267632512889392,1,1,1
17362,239,2,312.23,71,0.028169014084507,0.0,1.0,0.0553945228447714,3,0,0
17364,1,11,4462.68,331,0.0332326283987915,33.6986646619714,0.0288195528485557,0.5773942893623712,1,1,1
17365,13,8,4767.36,321,0.0249221183800623,28.72115530240317,0.0336460675846992,0.5566839401414221,1,1,1
17367,238,1,167.55,1,1.0,0.0,1.0,0.0,3,2,2
17368,23,8,1878.87,315,0.0253968253968253,37.04437493447168,0.0262850947537557,0.8555804932109797,1,1,1
17370,73,4,446.18,97,0.0412371134020618,39.0,0.025,0.0362780992605107,1,1,1
17371,17,3,418.4,344,0.0087209302325581,242.5376259469858,0.0041061416941696,0.823710243866941,1,1,1
17372,41,8,1337.18,322,0.0248447204968944,36.331148907685,0.0267872816471003,0.185337550612938,1,1,1
17373,40,4,646.92,273,0.0146520146520146,77.48763342194245,0.0127408606477416,0.2132734386949978,1,1,1
17374,219,2,495.77,63,0.0317460317460317,0.0,1.0,0.3191158626433187,2,0,0
17375,199,3,400.1,163,0.0184049079754601,44.54772721475249,0.0219549922938001,0.2815318597906809,1,0,1
17376,71,2,203.2,241,0.0082987551867219,0.0,1.0,0.059157555512654,2,0,0
17377,24,20,4058.32,350,0.0571428571428571,21.642226431499157,0.0441652680678447,0.4032185323959561,1,1,3
17379,11,1,389.72,1,1.0,0.0,1.0,0.0,0,3,2
17381,9,29,20275.61,364,0.0796703296703296,12.56812125807481,0.0737021715077073,0.885849997456871,1,1,3
17382,65,1,65.4,1,1.0,0.0,1.0,0.0,0,3,2
17383,4,1,193.39,1,1.0,0.0,1.0,0.0,0,3,2
17384,19,2,336.4,200,0.01,0.0,1.0,0.4998513453215248,2,0,0
17385,15,1,256.11,1,1.0,0.0,1.0,0.0,0,3,2
17386,8,6,2686.42,158,0.0379746835443038,39.40431448458405,0.0247498321096758,0.9373304969004006,1,1,1
17387,20,2,746.81,14,0.1428571428571428,0.0,1.0,0.2433937268807514,2,0,0
17388,78,4,1259.56,210,0.019047619047619,14.22439219556791,0.0656840671965293,0.287633405288121,1,1,1
17389,1,34,31833.68,331,0.1027190332326284,9.513447420266845,0.09511627918282,1.7506733556346503,1,1,3
17391,164,2,508.8,1,2.0,0.0,1.0,0.848528137423857,3,0,3
17392,307,2,417.27,52,0.0384615384615384,0.0,1.0,0.4279549129361101,3,0,0
17394,219,1,203.87,1,1.0,0.0,1.0,0.0,3,2,2
17396,39,8,7330.8,333,0.024024024024024,82.99368880193471,0.0119056564161397,0.7961886896568776,1,1,1
17397,22,2,681.41,1,2.0,0.0,1.0,0.1740241663682424,0,3,3
17398,115,3,653.38,141,0.0212765957446808,36.06244584051392,0.0269814896810418,0.4154291996068999,1,0,1
17400,126,5,2097.84,227,0.0220264317180616,44.282238726905696,0.0220837137940757,0.7329883973945935,1,1,1
17402,5,13,2633.85,365,0.0356164383561643,26.83436851005317,0.0359268075235413,0.4218339233999741,1,1,1
17403,36,1,263.92,1,1.0,0.0,1.0,0.0,0,3,2
17404,4,15,31906.82,357,0.042016806722689,19.70887009545601,0.0482884867880562,0.8262050469358171,1,1,1
17405,1,3,1031.41,150,0.02,4.242640687119285,0.1907435698305462,0.5117850822432601,1,1,3
17406,333,3,2184.42,34,0.088235294117647,23.33452377915607,0.0410938799984472,0.6752512453998282,1,0,3
17408,163,1,32.65,1,1.0,0.0,1.0,0.0,3,2,2
17409,185,2,771.85,64,0.03125,0.0,1.0,0.4594338935869062,2,0,0
17410,16,5,1214.72,200,0.025,47.14781719938545,0.0207693735285836,0.580960460505256,1,1,1
17411,12,3,778.94,250,0.012,86.2670273047588,0.0114590817504043,0.1672919670363576,1,1,1
17412,3,7,1258.06,370,0.0189189189189189,49.71116574774725,0.0197195230134188,0.2399431439971393,1,1,1
17414,44,2,778.0,142,0.0140845070422535,0.0,1.0,0.7598216826117657,2,0,0
17415,80,1,507.84,1,1.0,0.0,1.0,0.0,0,3,2
17416,30,7,6893.42,252,0.0277777777777777,27.10473513367483,0.0355811928219102,0.5681620502259573,1,1,1
17418,42,2,463.46,282,0.0070921985815602,0.0,1.0,0.3926574056146589,2,0,0
17419,11,12,4226.57,356,0.0337078651685393,32.25974130539346,0.0300663793749303,0.3969924433603655,1,1,1
17420,50,3,598.83,324,0.0092592592592592,57.982756057296896,0.0169541077230874,0.3268751304112715,1,1,1
17422,16,6,1979.37,280,0.0214285714285714,18.87591057406238,0.0503121603548054,0.1470385318494206,1,1,1
17423,46,2,698.41,172,0.0116279069767441,0.0,1.0,0.4058516119563572,2,0,0
17425,19,2,759.1700000000001,42,0.0476190476190476,0.0,1.0,1.152670582332811,2,0,0
17426,8,6,5037.26,275,0.0218181818181818,50.683330593006616,0.0193485982525923,0.8547674484107379,1,1,1
17427,72,1,100.8,1,1.0,0.0,1.0,0.0,0,3,2
17428,1,28,17256.85,369,0.075880758807588,10.784604411275003,0.0848564758816378,1.1823388481188082,1,1,3
17429,128,3,524.9200000000001,91,0.0329670329670329,16.263455967290593,0.057925829097877,0.1298274441881696,1,0,1
17430,33,2,265.76,333,0.006006006006006,0.0,1.0,0.2158357242995663,2,0,0
17431,313,1,403.3,1,1.0,0.0,1.0,0.0,3,2,2
17432,18,2,365.76,20,0.1,0.0,1.0,0.0540537664096015,2,0,0
17433,88,1,303.16,1,1.0,0.0,1.0,0.0,0,3,2
17434,2,7,2373.82,83,0.0843373493975903,10.726913193769525,0.0852739321487684,0.2446285020934939,1,1,3
17436,2,2,216.3,226,0.0088495575221238,0.0,1.0,0.1863388188979806,2,0,0
17438,254,1,388.4500000000001,1,1.0,0.0,1.0,0.0,3,2,2
17440,157,3,186.42,91,0.0329670329670329,63.63961030678928,0.0154703902955765,0.8897776640197804,1,0,1
17442,37,6,2248.56,254,0.0236220472440944,16.015617378046965,0.0587695396401055,0.252038731909896,1,1,1
17443,220,1,534.24,1,1.0,0.0,1.0,0.0,3,2,2
17444,148,3,2940.04,26,0.1153846153846153,12.020815280171307,0.07680010648203,0.3798980009536776,1,0,3
17446,177,2,120.9,134,0.0149253731343283,0.0,1.0,0.1789699545434934,2,0,0
17447,40,2,541.53,32,0.0625,0.0,1.0,0.5312604380063132,2,0,0
17449,2,7,2519.21,358,0.0195530726256983,46.216880033165374,0.0211788665260727,0.4705514040254278,1,1,1
17450,8,46,194390.79,360,0.1277777777777777,11.796806621482206,0.0781444956995195,1.3914911037723965,1,1,3
17451,1,7,1721.4,105,0.0666666666666666,15.59487095169434,0.0602595827898197,0.6799036603942791,1,1,3
17453,18,2,486.72,47,0.0425531914893617,0.0,1.0,0.5732167397784439,2,0,0
17454,192,4,517.53,168,0.0238095238095238,12.662279942148388,0.0731942255783371,0.2082080442341351,1,0,3
17455,204,1,131.7,1,1.0,0.0,1.0,0.0,3,2,2
17456,365,1,249.86,1,1.0,0.0,1.0,0.0,3,2,2
17457,127,5,1737.7,213,0.0234741784037558,19.98958061924595,0.0476426860612484,0.0831235016163953,1,1,1
17458,15,1,316.5,1,1.0,0.0,1.0,0.0,0,3,2
17459,43,2,657.3,17,0.1176470588235294,0.0,1.0,0.121605584277084,2,0,0
17460,94,6,622.4300000000001,279,0.021505376344086,47.43100251944924,0.0206479310354645,0.5350521289342863,1,1,1
17461,23,3,735.82,7,0.4285714285714285,4.242640687119285,0.1907435698305462,0.7833476650489926,1,1,3
17462,60,2,675.69,224,0.0089285714285714,0.0,1.0,0.525613005844034,2,0,0
17463,16,5,1875.86,297,0.0168350168350168,39.57587649060978,0.0246451854276376,0.5366457173047539,1,1,1
17464,158,1,289.96000000000004,1,1.0,0.0,1.0,0.0,0,2,2
17466,10,2,763.28,69,0.0289855072463768,0.0,1.0,0.2918918412853178,2,0,0
17468,10,2,137.0,5,0.4,0.0,1.0,0.7948499584140754,2,0,3
17469,16,5,1870.97,189,0.0264550264550264,8.220908303425682,0.1084491860339276,0.1825002830281779,1,1,3
17470,45,5,1125.07,324,0.015432098765432,37.07986875201511,0.0262605947124511,0.3410004999021999,1,1,1
17472,191,3,697.54,109,0.0275229357798165,60.10407640085654,0.0163655202549789,0.1615887213048646,1,0,1
17475,79,1,194.37,1,1.0,0.0,1.0,0.0,0,3,2
17480,78,1,511.82,1,1.0,0.0,1.0,0.0,0,3,2
17481,4,4,1255.59,91,0.0439560439560439,24.00694344004112,0.0399888935806045,0.3765148402905938,1,1,1
17483,65,3,414.04,118,0.0254237288135593,14.142135623730953,0.0660408825313113,0.1287193063438726,1,1,1
17486,261,1,396.87,1,1.0,0.0,1.0,0.0,3,2,2
17489,59,2,376.64,154,0.0129870129870129,0.0,1.0,0.1519949155821551,2,0,0
17490,1,7,2092.32,176,0.0397727272727272,39.72111109557066,0.024557286702051,0.4645922210246704,1,1,1
17491,1,10,3558.87,367,0.0272479564032697,20.630344425411597,0.0462313489019244,0.3163705163853971,1,1,1
17492,248,1,374.57,1,1.0,0.0,1.0,0.0,3,2,2
17495,8,2,497.56,32,0.0625,0.0,1.0,0.5332718638404215,2,0,0
17496,359,1,271.05,1,1.0,0.0,1.0,0.0,3,2,2
17498,76,1,272.22,1,1.0,0.0,1.0,0.0,0,3,2
17499,290,1,622.88,1,1.0,0.0,1.0,0.0,3,2,2
17500,17,3,1138.0,13,0.2307692307692307,0.0,1.0,0.3060873744876271,2,0,3
17501,221,2,288.6,1,2.0,0.0,1.0,1.0187629924371673,3,0,3
17502,9,4,689.1,20,0.2,4.58257569495584,0.179128784747792,0.6807168522482947,1,1,3
17503,3,2,558.96,36,0.0555555555555555,0.0,1.0,0.3084167619387439,2,0,0
17504,206,9,2997.03,117,0.0769230769230769,18.753571088500145,0.050623757877489,0.7829387906421551,1,0,3
17505,162,2,1145.84,45,0.0444444444444444,0.0,1.0,0.2121122869069329,2,0,0
17506,76,1,302.2,1,1.0,0.0,1.0,0.0,0,3,2
17507,262,2,605.58,48,0.0416666666666666,0.0,1.0,0.1764088848734495,3,0,0
17508,281,1,387.31,1,1.0,0.0,1.0,0.0,3,2,2
17509,58,8,6083.64,6,1.3333333333333333,1.2535663410560174,0.4437410968480305,0.2795581964274518,1,0,3
17510,25,1,308.48,1,1.0,0.0,1.0,0.0,0,3,2
17511,3,31,91062.38,371,0.0835579514824797,8.016075802059747,0.1109129982881851,0.5780186474997131,1,1,3
17512,29,10,2924.99,273,0.0366300366300366,20.73041244162788,0.0460184546743507,0.6649540337151442,1,1,1
17513,72,1,513.2,1,1.0,0.0,1.0,0.0,0,3,2
17514,128,1,208.65,1,1.0,0.0,1.0,0.0,0,2,2
17515,31,4,639.02,287,0.0139372822299651,69.21223398600375,0.014242532151866,0.4532218913975538,1,1,1
17516,15,5,764.88,271,0.018450184501845,47.67598976424087,0.0205440095793313,0.7261887582328415,1,1,1
17517,309,1,153.94,1,1.0,0.0,1.0,0.0,3,2,2
17519,17,6,1844.02,352,0.0170454545454545,38.72079544637481,0.0251757294576351,0.1794416211833022,1,1,1
17520,54,1,546.81,1,1.0,0.0,1.0,0.0,0,3,2
17521,30,3,723.21,170,0.0176470588235294,69.29646455628166,0.0142254664770426,0.3747139576988274,1,1,1
17522,2,5,1070.71,217,0.0230414746543778,57.151115474678186,0.0171965746802475,0.8545988532003929,1,1,1
17523,11,4,652.74,8,0.5,2.0816659994661326,0.3244997998398398,0.5682352348843934,2,1,3
17524,361,1,145.0,1,1.0,0.0,1.0,0.0,3,2,2
17525,360,1,422.7,1,1.0,0.0,1.0,0.0,3,2,2
17526,5,4,1195.9,361,0.0110803324099723,147.669676417785,0.0067263212249809,0.8649868386417502,1,1,1
17527,54,4,939.37,165,0.0242424242424242,46.47938611183815,0.0210617718949543,0.3430026039056293,1,1,1
17528,1,8,3628.5,71,0.1126760563380281,5.349677337844557,0.1574883174047167,0.3850416417553899,1,1,3
17530,1,10,2367.12,364,0.0274725274725274,38.48195825463033,0.0253280243485066,0.588388231628999,1,1,1
17531,190,1,296.7,1,1.0,0.0,1.0,0.0,3,2,2
17534,54,1,223.36,1,1.0,0.0,1.0,0.0,0,3,2
17535,280,1,164.4,1,1.0,0.0,1.0,0.0,3,2,2
17536,177,1,76.5,1,1.0,0.0,1.0,0.0,3,2,2
17537,30,2,887.6700000000001,274,0.0072992700729927,0.0,1.0,0.5637130744245858,2,0,0
17538,26,1,98.42,1,1.0,0.0,1.0,0.0,0,3,2
17540,25,2,578.9,292,0.0068493150684931,0.0,1.0,0.1008931078355653,2,0,0
17542,270,1,170.75,1,1.0,0.0,1.0,0.0,3,2,2
17545,43,3,642.32,1,3.0,0.0,1.0,0.5292699107085675,0,0,3
17548,234,1,103.3,1,1.0,0.0,1.0,0.0,3,2,2
17549,24,2,148.86,28,0.0714285714285714,0.0,1.0,0.8783970574836517,2,0,0
17550,197,3,267.16,46,0.0652173913043478,31.81980515339464,0.0304694069732028,0.8256209031016827,1,0,3
17551,359,1,290.34,1,1.0,0.0,1.0,0.0,3,2,2
17552,60,4,930.41,312,0.0128205128205128,170.968808071336,0.0058150080309051,1.198833922066092,1,1,1
17553,130,1,1487.6,1,1.0,0.0,1.0,0.0,0,2,2
17554,1,5,1952.45,147,0.0340136054421768,21.02974084481309,0.0453931803848455,0.6110362939409886,1,1,1
17555,20,2,480.31,315,0.0063492063492063,0.0,1.0,0.2632567188103068,2,0,0
17556,206,1,157.9,1,1.0,0.0,1.0,0.0,3,2,2
17557,14,3,541.46,67,0.044776119402985,5.656854249492381,0.1502211048223348,0.5347603908820894,1,1,3
17560,95,4,854.95,216,0.0185185185185185,30.61590000854676,0.0316296546905091,0.3725828003259684,1,0,1
17561,19,1,165.12,1,1.0,0.0,1.0,0.0,0,3,2
17562,14,7,1122.38,160,0.04375,11.15347479487895,0.0822809950962637,0.4316537739714301,1,1,3
17564,24,3,454.01,56,0.0535714285714285,10.606601717798211,0.0861578629398942,0.3392874270834265,1,1,3
17566,8,2,869.77,18,0.1111111111111111,0.0,1.0,0.1302883897501133,2,0,0
17567,7,8,4331.48,366,0.0218579234972677,23.528098702858006,0.0407695684901773,0.3552190767500109,1,1,1
17569,332,1,344.14,1,1.0,0.0,1.0,0.0,3,2,2
17571,50,4,1425.67,249,0.0160642570281124,57.06429122781894,0.017222288929291,0.9828842751774628,1,1,1
17572,71,4,226.75000000000003,303,0.0132013201320132,62.385895841928885,0.0157763803243199,0.4135465967984277,1,1,1
17573,29,3,380.6,65,0.0461538461538461,33.23401871576773,0.0292107102091234,0.8201555701336035,1,1,1
17574,243,1,185.65,1,1.0,0.0,1.0,0.0,3,2,2
17576,8,19,3564.83,358,0.053072625698324,11.653073313382132,0.0790321825561842,0.518141410110933,1,1,3
17578,218,1,143.45999999999998,1,1.0,0.0,1.0,0.0,3,2,2
17579,5,3,448.9,175,0.0171428571428571,65.05382386916237,0.0151391689598587,0.2540459349061527,1,1,1
17580,253,3,215.72,106,0.0283018867924528,9.899494936611664,0.0917473704805326,0.5933443578100912,2,0,3
17581,1,25,11025.24,372,0.0672043010752688,21.714509608467605,0.0440247232820388,0.9637505168338084,1,1,3
17582,236,1,175.27,1,1.0,0.0,1.0,0.0,3,2,2
17584,7,2,1242.3,121,0.0165289256198347,0.0,1.0,0.2921091524631218,2,0,0
17585,109,4,1116.68,229,0.0174672489082969,15.524174696260024,0.06051739456775,0.4681762760128873,1,1,1
17588,100,3,1240.2,133,0.0225563909774436,7.7781745930520225,0.1139189007235634,0.2837494199636046,1,1,3
17589,60,4,2404.17,181,0.0220994475138121,27.610384519838423,0.0349523439402431,0.0528075281845878,1,1,1
17590,2,3,1468.02,38,0.0789473684210526,6.363961030678928,0.1357964817893399,0.5465215174591072,1,1,3
17591,73,7,2203.67,294,0.0238095238095238,21.295539439046856,0.044852020859772,0.3281351954635346,1,1,1
17593,4,5,3923.86,350,0.0142857142857142,71.60714582591135,0.0137727490679454,0.1710664957026148,1,1,1
17594,85,2,993.18,170,0.0117647058823529,0.0,1.0,0.5171409830873163,2,0,0
17595,12,2,386.69,25,0.08,0.0,1.0,0.2746212635408096,2,0,0
17596,23,7,2806.69,346,0.0202312138728323,37.239763694201926,0.0261507892150396,0.3750751851587961,1,1,1
17597,214,1,2044.37,1,1.0,0.0,1.0,0.0,3,2,2
17600,18,1,161.67000000000002,1,1.0,0.0,1.0,0.0,0,3,2
17601,239,1,116.01,1,1.0,0.0,1.0,0.0,3,2,2
17602,2,6,5054.42,322,0.0186335403726708,76.39568050616475,0.0129206177070869,0.4615716552712488,1,1,1
17603,78,1,394.72,1,1.0,0.0,1.0,0.0,0,3,2
17604,217,2,309.36,95,0.0210526315789473,0.0,1.0,0.1685938588709585,2,0,0
17608,33,2,191.99,1,2.0,0.0,1.0,1.3287670426401512,0,0,3
17609,41,5,1105.78,287,0.0174216027874564,105.39884566097804,0.0093985982064723,0.7241494632238298,1,1,1
17611,7,15,3961.12,354,0.0423728813559322,17.12927575562049,0.055159401482984,0.377281191076128,1,1,1
17612,53,6,2048.45,245,0.0244897959183673,26.04419321077157,0.0369765144112971,0.0834023071733342,1,1,1
17613,23,14,4544.55,283,0.0494699646643109,16.080725841508013,0.058545521383517,0.6593198700720596,1,1,1
17614,57,1,386.32,1,1.0,0.0,1.0,0.0,0,3,2
17615,130,3,329.6,92,0.0326086956521739,38.89087296526012,0.0250683909793318,0.444245705105892,1,1,1
17616,174,3,571.1999999999999,195,0.0153846153846153,21.920310216782973,0.0436294269380249,0.6546536707079773,1,0,1
17618,6,3,930.28,357,0.0084033613445378,91.21677477306464,0.0108440140360676,0.1098695424177451,1,1,1
17619,312,1,214.37,1,1.0,0.0,1.0,0.0,3,2,2
17620,60,1,81.44,1,1.0,0.0,1.0,0.0,0,3,2
17621,21,3,1379.9,334,0.0089820359281437,176.7766952966369,0.0056250342505883,0.4610628008739126,1,1,1
17623,33,1,527.05,1,1.0,0.0,1.0,0.0,0,3,2
17624,15,2,843.48,204,0.0098039215686274,0.0,1.0,0.0718943870092454,2,0,0
17625,18,4,2020.4,240,0.0166666666666666,42.665364563464514,0.022901446260607,0.2746303233414823,1,1,1
17628,81,1,75.75,1,1.0,0.0,1.0,0.0,0,3,2
17629,6,8,1814.12,355,0.0225352112676056,29.43596763274804,0.0328558635646607,0.7820985281635244,1,1,1
17630,170,2,503.6,63,0.0317460317460317,0.0,1.0,0.4700940237117874,2,0,0
17631,2,3,528.33,231,0.0129870129870129,28.284271247461906,0.0341480240894391,0.6218010477321672,1,1,1
17633,31,4,1324.84,89,0.0449438202247191,11.590225767142474,0.0794266932535685,0.0542908547579652,1,1,3
17634,36,9,2358.59,302,0.0298013245033112,28.627846084338437,0.0337520316918552,0.8453321738447391,1,1,1
17636,19,1,285.56,1,1.0,0.0,1.0,0.0,0,3,2
17637,31,2,547.0600000000001,84,0.0238095238095238,0.0,1.0,0.3382365782563077,2,0,0
17639,276,1,108.5,1,1.0,0.0,1.0,0.0,3,2,2
17640,87,1,621.66,1,1.0,0.0,1.0,0.0,0,3,2
17642,120,2,712.29,57,0.0350877192982456,0.0,1.0,0.15548030166005,2,0,0
17643,373,1,101.55,1,1.0,0.0,1.0,0.0,3,2,2
17644,1,11,2895.64,260,0.0423076923076923,19.85642912957357,0.0479468462116576,0.6372578469803185,1,1,1
17646,219,3,1008.39,146,0.0205479452054794,14.849242404917495,0.0630944984278701,0.2401159402086958,1,0,1
17647,65,1,133.06,1,1.0,0.0,1.0,0.0,0,3,2
17648,61,4,1797.5,189,0.0211640211640211,65.68358496103372,0.0149961943495441,0.6248727813709276,1,1,1
17649,138,1,868.49,1,1.0,0.0,1.0,0.0,0,2,2
17650,21,1,166.07999999999998,1,1.0,0.0,1.0,0.0,0,3,2
17651,12,10,3945.0,166,0.0602409638554216,22.44685080609552,0.0426496508324277,0.5865618667558075,1,1,1
17652,25,12,4867.72,256,0.046875,18.610847276887647,0.0509921874297878,0.4878557039731826,1,1,1
17653,37,4,1207.56,84,0.0476190476190476,30.6648550189518,0.0315807541010842,0.6223533171275152,1,1,1
17654,277,1,117.55,1,1.0,0.0,1.0,0.0,3,2,2
17655,11,7,2638.94,356,0.0196629213483146,28.890598240027263,0.0334553357537312,0.3785641662452462,1,1,1
17656,73,5,1674.69,56,0.0892857142857142,4.123105625617661,0.1951941016011038,0.5259933642829763,1,1,3
17658,26,2,595.42,186,0.010752688172043,0.0,1.0,0.0944835838755866,2,0,0
17659,17,12,2999.46,355,0.0338028169014084,27.561171633625843,0.0350125692610828,0.819882051876331,1,1,1
17660,141,1,178.75,1,1.0,0.0,1.0,0.0,0,2,2
17663,26,7,1802.91,262,0.0267175572519083,19.452506265260524,0.0488937632889786,0.2448092939137447,1,1,1
17664,19,2,604.64,194,0.0103092783505154,0.0,1.0,0.1116607493180927,2,0,0
17666,4,2,728.16,62,0.032258064516129,0.0,1.0,0.1747956776169777,2,0,0
17667,66,5,2055.51,233,0.0214592274678111,43.41562698691183,0.0225145983033105,0.7717711846560343,1,1,1
17668,1,2,347.75,37,0.054054054054054,0.0,1.0,0.0978054239398213,2,0,0
17669,43,7,3406.7200000000003,207,0.0338164251207729,13.58553151947566,0.0685610941681986,0.3604666728221779,1,1,1
17670,228,1,205.7,1,1.0,0.0,1.0,0.0,3,2,2
17671,16,4,1572.71,350,0.0114285714285714,55.17547764481368,0.0178013617671895,0.1685720107622188,1,1,1
17672,50,2,3178.17,260,0.0076923076923076,0.0,1.0,0.3659893941847814,2,0,0
17673,2,6,1594.97,319,0.018808777429467,27.09797040370367,0.035589759175922,0.430737815818046,1,1,1
17674,74,2,551.04,295,0.0067796610169491,0.0,1.0,0.1290408280998098,2,0,0
17675,1,31,20374.28,367,0.0844686648501362,8.262642698786879,0.1079605499768407,0.4920333477995633,1,1,3
17676,4,6,1371.18,363,0.0165289256198347,93.72406307880595,0.0105569795836148,0.5198761854355406,1,1,1
17677,2,30,16345.38,368,0.0815217391304347,15.015263170481488,0.0624404350621692,1.0013599271474003,1,1,3
17678,264,1,298.11,1,1.0,0.0,1.0,0.0,3,2,2
17679,53,2,1992.11,33,0.0606060606060606,0.0,1.0,0.9188260044093312,2,0,0
17680,24,1,184.4,1,1.0,0.0,1.0,0.0,0,3,2
17682,10,6,2474.33,359,0.0167130919220055,39.30267166491357,0.0248122508679883,0.2047800625056184,1,1,1
17684,44,1,239.41,1,1.0,0.0,1.0,0.0,0,3,2
17685,17,7,3155.83,356,0.0196629213483146,61.9044963364267,0.015897114804827,0.8439040585649072,1,1,1
17686,7,7,5739.46,296,0.0236486486486486,42.86451523890906,0.0227974706788272,0.7299609498833004,1,1,1
17690,30,15,4726.8,343,0.0437317784256559,25.693459209570165,0.037462360803409,0.8190786970785311,1,1,1
17691,358,2,290.40000000000003,11,0.1818181818181818,0.0,1.0,0.0262973596309047,3,0,0
17692,127,4,740.94,233,0.0171673819742489,23.028967265887832,0.0416164369002918,0.5861481983651675,1,1,1
17693,137,1,200.47,1,1.0,0.0,1.0,0.0,0,2,2
17694,142,1,283.12,1,1.0,0.0,1.0,0.0,0,2,2
17695,132,2,765.34,40,0.05,0.0,1.0,0.1074324829701462,2,0,0
17696,38,8,2285.71,327,0.0244648318042813,35.90927722018629,0.0270934592957318,0.4703971390249452,1,1,1
17697,236,1,338.95,1,1.0,0.0,1.0,0.0,3,2,2
17698,261,1,154.95,1,1.0,0.0,1.0,0.0,3,2,2
17700,17,4,2534.64,265,0.0150943396226415,26.83902631120089,0.0359207965401309,0.2362567666987774,1,1,1
17701,253,1,417.95,1,1.0,0.0,1.0,0.0,3,2,2
17702,30,4,1824.37,176,0.0227272727272727,18.33030277982336,0.0517322471039503,0.2091018358381093,1,1,1
17703,35,3,798.74,104,0.0288461538461538,31.81980515339464,0.0304694069732028,0.148382859261481,1,1,1
17704,169,2,885.19,72,0.0277777777777777,0.0,1.0,0.1767147868074514,2,0,0
17705,3,9,1823.52,299,0.0301003344481605,12.498571346929443,0.0740819138780544,0.5043852727358527,1,1,1
17706,4,17,10504.49,363,0.046831955922865,30.070403500230363,0.0321849698537898,1.2399805975760572,1,1,1
17707,185,2,152.4,152,0.0131578947368421,0.0,1.0,0.1391942482650684,2,0,0
17708,188,2,263.33,138,0.0144927536231884,0.0,1.0,0.2665378768107572,2,0,0
17709,170,1,137.45,1,1.0,0.0,1.0,0.0,3,2,2
17711,11,2,385.1,280,0.0071428571428571,0.0,1.0,0.2055034820836106,2,0,0
17712,45,1,522.91,1,1.0,0.0,1.0,0.0,0,3,2
17714,321,1,153.0,1,1.0,0.0,1.0,0.0,3,2,2
17715,201,1,326.4,1,1.0,0.0,1.0,0.0,3,2,2
17716,23,11,5655.99,246,0.0447154471544715,24.98355014360004,0.0384858879742538,0.6460279134971693,1,1,1
17718,232,1,139.35,1,1.0,0.0,1.0,0.0,3,2,2
17719,38,15,5396.04,218,0.0688073394495412,10.239172785955873,0.0889745196594512,0.3268117572444183,1,1,3
17720,26,4,1195.94,342,0.0116959064327485,28.0237994093116,0.0344544828848001,0.4703074501018012,1,1,1
17722,96,4,2424.04,271,0.014760147601476,47.08856903042747,0.0207949627148868,0.5095696096028602,1,1,1
17723,127,6,3276.4000000000005,88,0.0681818181818181,7.106335201775948,0.1233603071065848,0.3476449836190944,1,1,3
17724,71,3,1033.0,68,0.0441176470588235,34.64823227814083,0.0280518818492211,0.267706513854743,1,1,1
17725,16,11,3439.08,251,0.0438247011952191,8.59263250310016,0.1042466705231143,0.0496282188624645,1,1,3
17727,15,1,1060.25,1,1.0,0.0,1.0,0.0,0,3,2
17728,4,3,2876.01,83,0.036144578313253,29.698484809834994,0.0325748976275085,0.8982952284012202,1,1,1
17730,3,13,5298.4800000000005,324,0.0401234567901234,11.658005443003145,0.0790013880546054,0.267933859599724,1,1,3
17731,79,4,1240.11,105,0.0380952380952381,29.838453936712828,0.0324270471552243,0.1028518994261684,1,1,1
17732,373,1,303.97,1,1.0,0.0,1.0,0.0,3,2,2
17733,39,2,692.19,223,0.0089686098654708,0.0,1.0,0.5277123636939953,2,0,0
17734,54,3,700.63,181,0.0165745856353591,9.192388155425116,0.0981124329991032,0.7253746378499839,1,1,3
17735,2,19,13110.02,366,0.0519125683060109,12.9515184463197,0.0716767858529257,0.2829552731229675,1,1,3
17736,9,3,377.44,105,0.0285714285714285,26.16295090390226,0.0368148513590376,1.251180934459423,1,1,1
17737,9,2,168.24,50,0.04,0.0,1.0,0.0549747782805517,2,0,0
17738,19,4,1879.05,263,0.0152091254752851,75.65932416651192,0.0130447275771424,0.557180371341099,1,1,1
17739,12,7,2791.35,349,0.0200573065902578,56.72624319190076,0.0173231435947715,0.1811894158581083,1,1,1
17742,113,2,355.11,220,0.009090909090909,0.0,1.0,0.9957360170092224,2,0,0
17744,4,6,2322.4,355,0.0169014084507042,89.09994388325954,0.0110987860469222,0.4429539445221986,1,1,1
17746,240,1,110.25,1,1.0,0.0,1.0,0.0,3,2,2
17747,113,1,71.4,1,1.0,0.0,1.0,0.0,0,3,2
17749,178,2,674.52,79,0.0253164556962025,0.0,1.0,0.1331355055605342,2,0,0
17750,5,9,1710.45,159,0.0566037735849056,6.041522986797285,0.1420147320224588,0.3793664497744241,1,1,3
17752,359,1,80.64,1,1.0,0.0,1.0,0.0,3,2,2
17754,1,5,1664.65,260,0.0192307692307692,41.68432958958718,0.0234278014815992,0.3775587673446431,1,1,1
17757,1,30,5593.39,371,0.0808625336927223,7.446856049678317,0.118387243030865,0.3445161714413569,1,1,3
17758,19,8,3408.2,231,0.0346320346320346,26.999118151383776,0.0357154105566206,0.6384959109852951,1,1,1
17759,17,3,819.96,153,0.0196078431372549,107.48023074035522,0.009218269477998,1.2233855564841427,1,1,1
17760,22,2,287.59,352,0.0056818181818181,0.0,1.0,0.2827050234737968,2,0,0
17761,33,1,712.78,1,1.0,0.0,1.0,0.0,0,3,2
17763,263,1,15.0,1,1.0,0.0,1.0,0.0,3,2,2
17764,51,2,772.55,161,0.0124223602484472,0.0,1.0,0.5696943922673368,2,0,0
17765,159,3,367.63,99,0.0303030303030303,4.242640687119285,0.1907435698305462,0.1134715639559605,2,0,3
17767,15,1,271.2,1,1.0,0.0,1.0,0.0,0,3,2
17768,8,3,2081.9,158,0.0189873417721519,77.07463914933368,0.0128082564440329,0.3901047341667668,1,1,1
17769,13,10,3957.43,309,0.0323624595469255,35.94440151122286,0.0270677006283678,0.5625026418328481,1,1,1
17770,199,5,1143.27,84,0.0595238095238095,28.827070610799147,0.0335265910973483,0.9762183448698912,1,0,1
17771,57,2,245.81,267,0.0074906367041198,0.0,1.0,0.0817540975603989,2,0,0
17772,11,2,173.45,1,2.0,0.0,1.0,0.9853428020339492,0,0,3
17774,97,4,1213.73,209,0.0191387559808612,29.597297173897484,0.0326826253415971,0.2889194811615771,1,0,1
17775,255,1,56.4,1,1.0,0.0,1.0,0.0,3,2,2
17777,25,3,647.56,76,0.0394736842105263,32.526911934581186,0.0298267851793577,0.1229426358608281,1,1,1
17779,21,3,650.32,123,0.024390243902439,7.7781745930520225,0.1139189007235634,0.4254849762714147,1,1,3
17781,159,2,188.02,94,0.0212765957446808,0.0,1.0,0.1201953660606427,2,0,0
17783,72,2,283.47,176,0.0113636363636363,0.0,1.0,0.29260107042432,2,0,0
17785,53,1,131.94,1,1.0,0.0,1.0,0.0,0,3,2
17786,85,2,266.85,232,0.0086206896551724,0.0,1.0,0.3187743892701579,2,0,0
17787,153,4,1817.54,219,0.0182648401826484,69.93568473962345,0.0140972770428677,0.5292689082530408,1,1,1
17788,74,2,1117.9,56,0.0357142857142857,0.0,1.0,1.3719604690881309,2,0,0
17789,281,1,225.9,1,1.0,0.0,1.0,0.0,3,2,2
17790,27,14,1964.3,339,0.0412979351032448,22.714222360360424,0.042168787354864,0.6019201878424016,1,1,1
17791,30,1,106.1,1,1.0,0.0,1.0,0.0,0,3,2
17793,25,1,300.34,1,1.0,0.0,1.0,0.0,0,3,2
17795,180,2,342.83,86,0.0232558139534883,0.0,1.0,0.129734902244943,2,0,0
17796,40,4,690.0,330,0.0121212121212121,141.8884538408018,0.0069984660979965,0.5377923762211446,1,1,1
17797,22,3,780.43,161,0.0186335403726708,113.1370849898476,0.0087613942487575,0.767741085542391,1,1,1
17799,22,10,3039.17,340,0.0294117647058823,30.453972556046683,0.0317924865680523,0.6828386598978677,1,1,1
17800,37,9,1187.21,297,0.0303030303030303,21.928047923020547,0.0436147029767835,0.1576483260355236,1,1,1
17802,82,3,1285.04,291,0.0103092783505154,67.17514421272202,0.0146681024521161,0.6781647602448432,1,1,1
17805,74,1,512.31,1,1.0,0.0,1.0,0.0,0,3,2
17806,11,1,546.04,1,1.0,0.0,1.0,0.0,0,3,2
17809,16,12,5411.91,358,0.0335195530726257,27.086729390808877,0.0356040030893465,1.0971308790072027,1,1,1
17811,4,39,7761.82,330,0.1181818181818181,5.687949879038847,0.1495226516475799,0.9476204090496136,1,1,3
17812,13,4,699.81,356,0.0112359550561797,183.0327839486686,0.0054338144462289,0.5355985029204299,1,1,1
17813,14,5,1698.07,58,0.0862068965517241,8.906926143924924,0.1009394826884033,1.094566337750401,1,1,3
17816,37,4,36.56,329,0.0121580547112462,88.22131261775694,0.0112080843764786,0.546072803280254,1,1,1
17817,4,3,387.68,273,0.0109890109890109,192.3330444827409,0.0051724215209845,0.4715239863720565,1,1,1
17819,72,7,3704.87,300,0.0233333333333333,37.65988139475039,0.0258666080681714,0.5086035221830596,1,1,1
17824,51,1,298.4,1,1.0,0.0,1.0,0.0,0,3,2
17827,5,5,1987.33,360,0.0138888888888888,113.34166636031664,0.0087457182655426,0.7822194906115504,1,1,1
17828,23,4,1820.09,163,0.0245398773006134,36.555893277737496,0.0266269794890695,0.8653668570765813,1,1,1
17829,299,1,889.24,1,1.0,0.0,1.0,0.0,3,2,2
17830,2,3,398.7,288,0.0104166666666666,164.75588001646557,0.006032968482932,0.3650657577443575,1,1,1
17831,33,1,35.400000000000006,1,1.0,0.0,1.0,0.0,0,3,2
17832,50,1,155.37,1,1.0,0.0,1.0,0.0,0,3,2
17835,3,3,342.24,21,0.1428571428571428,4.242640687119285,0.1907435698305462,0.0369067378407427,2,1,3
17836,47,1,110.21,1,1.0,0.0,1.0,0.0,0,3,2
17837,42,8,1541.23,121,0.0661157024793388,24.53180637070013,0.0391668331445433,0.6068225243538011,1,1,1
17838,27,5,2720.8,346,0.0144508670520231,83.38814863836068,0.011850005197832,0.3919435348146245,1,1,1
17839,42,1,318.15,1,1.0,0.0,1.0,0.0,0,3,2
17841,2,124,40519.84,372,0.3333333333333333,1.873907340784116,0.3479583303918073,0.6242835184665766,1,1,3
17843,303,1,205.48,1,1.0,0.0,1.0,0.0,3,2,2
17844,107,1,51.56,1,1.0,0.0,1.0,0.0,0,3,2
17846,85,1,2033.1,1,1.0,0.0,1.0,0.0,0,3,2
17848,81,9,901.2,277,0.0324909747292418,25.709572980840093,0.0374397599211841,0.4881333129569172,1,1,1
17849,218,4,605.8000000000001,116,0.0344827586206896,9.643650760992957,0.0939527256629669,0.3133704062487933,1,0,3
17850,372,34,5391.21,2,17.0,0.0,1.0,0.9804236871928202,3,0,3
17852,12,2,114.34,1,2.0,0.0,1.0,0.3171281768344073,0,3,3
17854,185,2,311.26,42,0.0476190476190476,0.0,1.0,0.398647747743415,2,0,0
17855,373,1,208.97,1,1.0,0.0,1.0,0.0,3,2,2
17856,2,4,1418.03,280,0.0142857142857142,120.0347172002056,0.0082620922585862,0.6395102768121491,1,1,1
17857,4,23,26879.04,362,0.0635359116022099,16.444646755902266,0.0573241759487997,1.2327074978034291,1,1,3
17858,6,12,5140.66,364,0.0329670329670329,25.64902975304772,0.0375248183242256,0.7625760650901149,1,1,1
17859,305,1,141.92,1,1.0,0.0,1.0,0.0,3,2,2
17860,369,1,226.45,1,1.0,0.0,1.0,0.0,3,2,2
17861,3,8,2097.88,317,0.0252365930599369,43.948563008091526,0.022247652273555,0.8297783842345712,1,1,1
17862,324,1,330.9,1,1.0,0.0,1.0,0.0,3,2,2
17863,59,6,3160.0,311,0.0192926045016077,31.405413546075145,0.0308590414554705,0.4845620264804186,1,1,1
17864,13,3,554.85,263,0.0114068441064638,77.78174593052023,0.0126932957398777,0.3340050462373392,1,1,1
17865,31,20,10526.32,334,0.059880239520958,17.50187959830841,0.0540485627250232,0.6453499793630249,1,1,3
17866,143,1,329.65000000000003,1,1.0,0.0,1.0,0.0,0,2,2
17867,30,6,1157.87,259,0.0231660231660231,50.65866164833019,0.0193578379325342,1.074843311100557,1,1,1
17869,107,5,428.18,261,0.0191570881226053,59.295868321494375,0.0165848843019898,0.9606647776698716,1,1,1
17870,2,12,1865.89,365,0.0328767123287671,66.52941932982459,0.0148083607104014,0.7358803255003133,1,1,1
17871,205,1,155.9,1,1.0,0.0,1.0,0.0,3,2,2
17873,80,5,1848.96,294,0.0170068027210884,30.0,0.032258064516129,0.3456166113528038,1,1,1
17874,185,6,683.46,71,0.0845070422535211,19.162463307205574,0.0495971144380272,1.170208743840014,1,0,3
17877,170,1,237.61,1,1.0,0.0,1.0,0.0,3,2,2
17878,44,1,379.45,1,1.0,0.0,1.0,0.0,0,3,2
17879,174,1,178.52,1,1.0,0.0,1.0,0.0,3,2,2
17880,365,1,458.92,1,1.0,0.0,1.0,0.0,3,2,2
17881,304,1,133.35,1,1.0,0.0,1.0,0.0,3,2,2
17883,3,4,664.34,243,0.0164609053497942,74.3796567169635,0.0132661787483964,0.5420735249254649,1,1,1
17884,4,4,695.07,368,0.0108695652173913,162.9611405622007,0.0060990061216403,0.4118932328532906,1,1,1
17885,12,1,156.34,1,1.0,0.0,1.0,0.0,0,3,2
17886,32,3,869.28,218,0.0137614678899082,98.99494936611666,0.0100005050888985,0.612629238197687,1,1,1
17887,129,1,111.35,1,1.0,0.0,1.0,0.0,0,2,2
17888,21,8,716.0,336,0.0238095238095238,34.355286555139,0.0282843132508749,0.8040765956588197,1,1,1
17889,212,2,201.37,110,0.0181818181818181,0.0,1.0,0.0187513046210267,3,0,0
17890,323,2,586.89,39,0.0512820512820512,0.0,1.0,0.8171927369823778,3,0,0
17891,162,1,203.86,1,1.0,0.0,1.0,0.0,0,2,2
17892,56,3,244.1,100,0.03,68.58935777509511,0.0143700133464643,0.8181001530658162,1,1,1
17893,225,1,107.21,1,1.0,0.0,1.0,0.0,3,2,2
17894,72,8,1118.96,295,0.0271186440677966,66.01478910783841,0.0149220793396936,0.3783275536614929,1,1,1
17895,44,1,95.45,1,1.0,0.0,1.0,0.0,0,3,2
17896,23,1,256.32,1,1.0,0.0,1.0,0.0,0,3,2
17897,173,3,541.81,201,0.0149253731343283,132.93607486307093,0.0074662483652917,0.3321526866658423,1,0,1
17898,85,2,152.06,122,0.0163934426229508,0.0,1.0,0.4428834002381085,2,0,0
17899,159,1,154.55,1,1.0,0.0,1.0,0.0,0,2,2
17900,190,2,112.2,1,2.0,0.0,1.0,0.5974485103073504,3,2,3
17901,29,1,110.38,1,1.0,0.0,1.0,0.0,0,3,2
17904,21,1,181.07,1,1.0,0.0,1.0,0.0,0,3,2
17905,71,4,798.99,303,0.0132013201320132,88.00757543151234,0.011234998764453,0.092598573928122,1,1,1
17906,247,1,72.9,1,1.0,0.0,1.0,0.0,3,2,2
17908,374,1,232.03,1,1.0,0.0,1.0,0.0,3,2,2
17911,9,1,366.23,1,1.0,0.0,1.0,0.0,0,3,2
17912,310,5,310.06,55,0.0909090909090909,23.228933107943924,0.0412729687908598,0.783419884897496,3,0,3
17913,59,2,408.65,297,0.0067340067340067,0.0,1.0,0.0949961147366731,2,0,0
17914,4,1,329.36,1,1.0,0.0,1.0,0.0,0,3,2
17917,45,3,335.03,318,0.0094339622641509,73.53910524340094,0.0134157768158684,0.0612762771271097,1,1,1
17919,88,1,1304.04,1,1.0,0.0,1.0,0.0,0,3,2
17920,4,17,4119.5,370,0.0459459459459459,21.099664294327845,0.0452495561326993,0.397092316495082,1,1,1
17921,64,4,820.23,203,0.0197044334975369,47.258156262526086,0.0207218857380287,0.2820813426031314,1,1,1
17923,282,1,207.50000000000003,1,1.0,0.0,1.0,0.0,3,2,2
17924,12,7,2962.5,362,0.0193370165745856,88.75359147662702,0.0111416154334104,1.2269379980574753,1,1,1
17925,373,1,244.08,1,1.0,0.0,1.0,0.0,3,2,2
17926,133,2,397.29,71,0.028169014084507,0.0,1.0,0.0931560545880941,2,0,0
17928,45,2,212.54,201,0.0099502487562189,0.0,1.0,0.3727498059854182,2,0,0
17929,11,4,843.0,298,0.0134228187919463,43.54690957270485,0.0224482463450781,0.2785366072794541,1,1,1
17930,36,5,1740.48,204,0.0245098039215686,39.41657857636386,0.024742321968461,0.1655680999749813,1,1,1
17931,134,2,408.36,122,0.0163934426229508,0.0,1.0,0.6442851678516274,2,0,0
17932,29,3,1331.57,183,0.0163934426229508,75.66042558696059,0.0130445401567154,0.2891085148001278,1,1,1
17934,52,2,704.25,8,0.25,0.0,1.0,1.1499458949136712,2,0,0
17935,138,2,145.79,4,0.5,0.0,1.0,1.1965377798115184,2,0,3
17936,5,1,380.13,1,1.0,0.0,1.0,0.0,0,3,2
17937,9,7,4301.22,354,0.019774011299435,50.39312122370142,0.019457856930838,0.6264298318669599,1,1,1
17939,160,1,99.14,1,1.0,0.0,1.0,0.0,0,2,2
17940,49,10,4020.04,254,0.0393700787401574,19.53202498462461,0.0487044020620883,1.4674763648451636,1,1,1
17941,131,1,304.56,1,1.0,0.0,1.0,0.0,0,2,2
17942,8,1,77.50000000000001,1,1.0,0.0,1.0,0.0,0,3,2
17946,233,2,149.57999999999998,27,0.074074074074074,0.0,1.0,1.0823583943072064,2,0,0
17947,37,1,176.68,1,1.0,0.0,1.0,0.0,0,3,2
17948,147,1,358.56000000000006,1,1.0,0.0,1.0,0.0,0,2,2
17949,1,45,58510.48,371,0.1212938005390835,11.577754422296326,0.0795054479857963,1.8495481835750176,1,1,3
17950,72,3,482.2,294,0.010204081632653,206.47518010647187,0.0048198536301393,0.4820025374610733,1,1,1
17951,40,3,1008.54,334,0.0089820359281437,214.2533546995239,0.0046456883396587,0.7289710742320298,1,1,1
17954,5,12,2314.13,366,0.0327868852459016,18.30747487677196,0.0517934119496413,0.5094825002473851,1,1,1
17955,199,4,557.3,21,0.1904761904761904,10.692676621563626,0.0855236172490908,0.7526741904507178,1,0,3
17956,249,1,12.75,1,1.0,0.0,1.0,0.0,3,2,2
17957,66,1,111.68,1,1.0,0.0,1.0,0.0,0,3,2
17958,117,1,508.46,1,1.0,0.0,1.0,0.0,0,3,2
17960,171,1,73.78,1,1.0,0.0,1.0,0.0,3,2,2
17961,21,39,1296.44,351,0.1111111111111111,9.192929746590409,0.0981072198927404,2.037645122042649,1,1,3
17962,142,1,102.41,1,1.0,0.0,1.0,0.0,0,2,2
17964,32,2,463.21,341,0.0058651026392961,0.0,1.0,0.1841307828991631,2,0,0
17965,38,14,2599.19,332,0.0421686746987951,22.97825058615212,0.0417044603152791,0.7793025831086409,1,1,1
17966,38,5,1098.43,224,0.0223214285714285,49.372732015421896,0.0198520104030459,0.7256400950630945,1,1,1
17967,372,1,112.27,1,1.0,0.0,1.0,0.0,3,2,2
17968,374,1,265.1,1,1.0,0.0,1.0,0.0,3,2,2
17969,166,2,228.2,195,0.0102564102564102,0.0,1.0,0.1375790582150863,2,0,0
17970,211,1,562.79,1,1.0,0.0,1.0,0.0,3,2,2
17972,242,1,135.19,1,1.0,0.0,1.0,0.0,3,2,2
17973,52,1,337.04,1,1.0,0.0,1.0,0.0,0,3,2
17974,25,3,703.99,195,0.0153846153846153,110.3086578651014,0.0089840271114573,0.6292438627933566,1,1,1
17975,15,13,4483.26,352,0.0369318181818181,15.149757473806355,0.0619204345094297,0.5054729072194524,1,1,1
17976,372,1,321.79,1,1.0,0.0,1.0,0.0,3,2,2
17977,29,1,288.14,1,1.0,0.0,1.0,0.0,0,3,2
17978,365,1,300.92,1,1.0,0.0,1.0,0.0,3,2,2
17979,36,4,732.41,225,0.0177777777777777,67.86997372427172,0.0145201158926473,0.6373475020102627,1,1,1
17980,166,3,811.45,194,0.0154639175257731,82.02438661763951,0.0120446538750764,0.0864688013438685,1,0,1
17984,145,1,152.68,1,1.0,0.0,1.0,0.0,0,2,2
17985,22,1,631.35,1,1.0,0.0,1.0,0.0,0,3,2
17986,56,1,20.8,1,1.0,0.0,1.0,0.0,0,3,2
17987,185,1,198.57,1,1.0,0.0,1.0,0.0,3,2,2
17988,12,7,201.12,315,0.0222222222222222,68.62263960725109,0.0143631440238564,0.8362158804686003,1,1,1
17990,237,3,630.84,125,0.024,76.36753236814714,0.0129253185333814,0.4332419352089231,1,0,1
17991,225,2,93.35,1,2.0,0.0,1.0,1.2354484843227198,3,0,3
17994,122,4,674.89,170,0.0235294117647058,34.597687784012386,0.0280917121939902,0.7331910629600057,1,1,1
17995,282,1,76.1,1,1.0,0.0,1.0,0.0,3,2,2
17997,74,8,1962.46,90,0.0888888888888888,11.201615529743489,0.0819563604149247,0.5761615297702439,1,1,3
17999,37,2,380.39,330,0.006060606060606,0.0,1.0,0.0010781617105816,2,0,0
18001,12,2,415.13,75,0.0266666666666666,0.0,1.0,0.290010359561635,2,0,0
18004,362,1,157.92,1,1.0,0.0,1.0,0.0,3,2,2
18005,4,2,226.47,44,0.0454545454545454,0.0,1.0,0.2352339157265619,2,0,0
18006,23,1,444.68,1,1.0,0.0,1.0,0.0,0,3,2
18008,70,9,2116.19,249,0.036144578313253,43.67002895088837,0.0223863745667017,1.0014793260392758,1,1,1
18009,235,1,247.39,1,1.0,0.0,1.0,0.0,3,2,2
18010,257,1,174.8,1,1.0,0.0,1.0,0.0,3,2,2
18011,373,1,102.79,1,1.0,0.0,1.0,0.0,3,2,2
18013,155,2,187.29,1,2.0,0.0,1.0,1.2619868262022285,0,0,3
18014,28,1,162.22,1,1.0,0.0,1.0,0.0,0,3,2
18015,4,1,120.03,1,1.0,0.0,1.0,0.0,0,3,2
18016,32,5,1477.66,332,0.0150602409638554,44.16918231829368,0.0221389883251217,0.6938691419449491,1,1,1
18017,81,3,523.0,230,0.0130434782608695,37.476659402887016,0.0259897822606961,0.0463646487685741,1,1,1
18018,108,2,122.14,92,0.0217391304347826,0.0,1.0,0.5469743629155477,2,0,0
18019,52,1,38.45,1,1.0,0.0,1.0,0.0,0,3,2
18022,36,1,612.72,1,1.0,0.0,1.0,0.0,0,3,2
18024,153,2,389.78,1,2.0,0.0,1.0,1.0354257951409356,0,0,3
18027,99,1,115.31,1,1.0,0.0,1.0,0.0,0,3,2
18030,4,2,230.65,39,0.0512820512820512,0.0,1.0,0.0708179780854508,2,0,0
18032,334,1,73.5,1,1.0,0.0,1.0,0.0,3,2,2
18033,65,1,93.82,1,1.0,0.0,1.0,0.0,0,3,2
18034,22,2,418.68,1,2.0,0.0,1.0,0.3432511278502769,0,3,3
18035,36,3,713.89,8,0.375,4.949747468305833,0.1680743603534397,0.8003264311670998,1,1,3
18036,32,3,403.12,214,0.014018691588785,47.37615433949868,0.0206713413592595,0.1588239712473432,1,1,1
18037,154,6,70.02,208,0.0288461538461538,27.613402542968156,0.0349486573118426,0.913352009059115,1,0,1
18040,19,2,357.20000000000005,227,0.0088105726872246,0.0,1.0,0.4782670726054589,2,0,0
18041,12,21,4097.37,362,0.0580110497237569,11.85615540774629,0.0777837516958969,0.4053391845330991,1,1,3
18042,54,1,165.04999999999998,1,1.0,0.0,1.0,0.0,0,3,2
18043,25,3,529.29,343,0.0087463556851311,15.556349186104043,0.0603997891539587,0.5521424372002927,1,1,1
18044,4,10,2088.6,357,0.0280112044817927,27.1062723368596,0.0355792467964014,0.5891971738260632,1,1,1
18045,45,1,178.34,1,1.0,0.0,1.0,0.0,0,3,2
18048,203,2,172.29000000000002,1,2.0,0.0,1.0,1.3518302373162985,3,0,3
18050,359,1,74.4,1,1.0,0.0,1.0,0.0,3,2,2
18053,71,1,300.02,1,1.0,0.0,1.0,0.0,0,3,2
18055,7,10,6761.34,363,0.0275482093663911,28.38916068580479,0.0340261503447088,0.491308801356487,1,1,1
18056,288,1,363.65,1,1.0,0.0,1.0,0.0,3,2,2
18058,10,1,170.16,1,1.0,0.0,1.0,0.0,0,3,2
18059,23,3,306.46,45,0.0666666666666666,1.4142135623730951,0.4142135623730951,0.1912411315204402,2,1,3
18061,22,10,2119.41,345,0.0289855072463768,7.47960189077229,0.1179300647461084,0.4423017986589083,1,1,3
18062,173,3,720.52,165,0.0181818181818181,48.79036790187178,0.0200842058843756,0.3052755376236944,1,0,1
18064,133,2,814.0,103,0.0194174757281553,0.0,1.0,0.0034747261974768,2,0,0
18065,6,14,2392.83,359,0.0389972144846796,38.2568914522566,0.0254732344565839,0.7611511082924394,1,1,1
18066,75,1,318.0,1,1.0,0.0,1.0,0.0,0,3,2
18067,40,1,396.33,1,1.0,0.0,1.0,0.0,0,3,2
18068,289,1,101.7,1,1.0,0.0,1.0,0.0,3,2,2
18069,26,5,2009.24,302,0.0165562913907284,20.12254125767088,0.047342788341665,0.5447948165038468,1,1,1
18071,258,2,453.0,109,0.018348623853211,0.0,1.0,0.202610287412834,3,0,0
18072,186,1,247.44,1,1.0,0.0,1.0,0.0,3,2,2
18073,114,12,3859.82,83,0.144578313253012,5.91300569622898,0.1446548786362922,0.8425449082002439,1,1,3
18074,374,1,489.6,1,1.0,0.0,1.0,0.0,3,2,2
18075,23,10,2611.75,338,0.029585798816568,15.612494995995997,0.0601956539484902,0.3783771673191599,1,1,1
18077,8,11,2584.41,359,0.0306406685236768,27.06863703829787,0.0356269525533271,0.2484322587477152,1,1,1
18078,217,2,336.13,42,0.0476190476190476,0.0,1.0,0.2513886304459359,2,0,0
18079,45,4,3613.15,194,0.0206185567010309,57.41950887982237,0.0171175694416936,0.5639639685960891,1,1,1
18080,19,2,1231.5,224,0.0089285714285714,0.0,1.0,0.5184875545362991,2,0,0
18081,36,3,343.45,98,0.0306122448979591,38.89087296526012,0.0250683909793318,0.1775636621555877,1,1,1
18082,26,1,680.84,1,1.0,0.0,1.0,0.0,0,3,2
18084,16,1,90.48,1,1.0,0.0,1.0,0.0,0,3,2
18085,330,2,689.95,44,0.0454545454545454,0.0,1.0,0.1683855991723309,3,0,0
18086,274,1,101.34,1,1.0,0.0,1.0,0.0,3,2,2
18087,98,2,4055.72,193,0.0103626943005181,0.0,1.0,0.8194775717269086,2,0,0
18088,61,1,166.03,1,1.0,0.0,1.0,0.0,0,3,2
18092,2,11,9068.26,364,0.0302197802197802,31.082149217838847,0.0311699815747993,0.5446925067599697,1,1,1
18093,93,4,2106.52,210,0.019047619047619,93.94856748952236,0.010532017769624,0.7790852267605176,1,1,1
18094,82,7,3017.3,211,0.0331753554502369,33.46440895439014,0.0290154402857565,0.5255079312740611,1,1,1
18095,313,2,580.05,21,0.0952380952380952,0.0,1.0,0.4131341921284733,3,0,0
18096,12,3,849.06,53,0.0566037735849056,27.577164466275352,0.034992974939138,0.5102513380555914,1,1,1
18097,8,6,2662.4,347,0.0172910662824207,60.398675482166,0.0162869962934373,0.5700243448281663,1,1,1
18099,127,1,168.31,1,1.0,0.0,1.0,0.0,0,2,2
18101,11,2,222.4,133,0.0150375939849624,0.0,1.0,0.0123362154271753,2,0,0
18102,1,60,259657.3,367,0.1634877384196185,11.04067714065301,0.0830518074954185,1.0613939889341493,1,1,3
18104,37,1,754.64,1,1.0,0.0,1.0,0.0,0,3,2
18105,38,1,113.48000000000002,1,1.0,0.0,1.0,0.0,0,3,2
18106,330,1,421.9,1,1.0,0.0,1.0,0.0,3,2,2
18108,254,1,271.0,1,1.0,0.0,1.0,0.0,3,2,2
18109,2,26,8004.92,369,0.070460704607046,10.073397308422484,0.0903065222124193,0.5264230898377323,1,1,3
18110,20,1,198.8,1,1.0,0.0,1.0,0.0,0,3,2
18112,12,2,352.69,155,0.0129032258064516,0.0,1.0,0.1627574597996084,2,0,0
18113,369,1,76.32000000000001,1,1.0,0.0,1.0,0.0,3,2,2
18114,290,1,220.1,1,1.0,0.0,1.0,0.0,3,2,2
18116,68,8,1403.11,297,0.0269360269360269,58.50925852660699,0.0168041078776488,0.4954324538272184,1,1,1
18117,26,1,315.65,1,1.0,0.0,1.0,0.0,0,3,2
18118,11,26,5625.08,359,0.0724233983286908,12.41195660106281,0.0745603367014143,0.4356580177273008,1,1,3
18119,368,1,180.7,1,1.0,0.0,1.0,0.0,3,2,2
18120,214,1,111.15,1,1.0,0.0,1.0,0.0,3,2,2
18121,149,2,653.3000000000001,6,0.3333333333333333,0.0,1.0,1.313553940988817,2,0,0
18122,8,6,1793.06,143,0.0419580419580419,22.34949663862701,0.0428274757043671,0.4726872217889804,1,1,1
18123,24,2,574.4399999999999,8,0.25,0.0,1.0,0.1046799677461597,2,0,0
18125,30,4,1131.75,287,0.0139372822299651,76.01973427998811,0.012983685406713,0.6203503308270351,1,1,1
18126,61,1,200.92,1,1.0,0.0,1.0,0.0,0,3,2
18127,19,3,347.08,115,0.0260869565217391,80.61017305526642,0.0122533743351187,0.7138459787039855,1,1,1
18129,243,1,112.55,1,1.0,0.0,1.0,0.0,3,2,2
18130,15,3,1059.39,42,0.0714285714285714,10.606601717798211,0.0861578629398942,0.2543863653190287,1,1,3
18133,212,1,931.5,1,1.0,0.0,1.0,0.0,3,2,2
18135,29,5,681.91,162,0.0308641975308641,50.01333155602947,0.0196027189265549,0.1751974596628783,1,1,1
18136,63,3,784.33,257,0.0116731517509727,28.991378028648448,0.0333429160555669,0.261929443192522,1,1,1
18138,295,1,152.65,1,1.0,0.0,1.0,0.0,3,2,2
18139,18,6,8438.34,1,6.0,0.0,1.0,0.7438410094922187,0,0,3
18142,157,2,1019.52,59,0.0338983050847457,0.0,1.0,0.6305368378377217,2,0,0
18143,117,2,1000.16,26,0.0769230769230769,0.0,1.0,0.0562766955111673,2,0,0
18144,8,12,2888.75,366,0.0327868852459016,17.96258738195991,0.0527354194792716,0.3593751755861314,1,1,1
18145,13,4,2861.55,300,0.0133333333333333,22.501851775650227,0.042549838606168,0.3921316145446882,1,1,1
18146,141,2,160.35,80,0.025,0.0,1.0,0.062177771217526,2,0,0
18147,46,2,179.34,63,0.0317460317460317,0.0,1.0,0.1452537850948611,2,0,0
18149,51,3,612.0799999999999,223,0.0134529147982062,74.95331880577403,0.013165981628231,0.6438892412730016,1,1,1
18150,32,3,566.58,170,0.0176470588235294,33.23401871576773,0.0292107102091234,0.1971867384651231,1,1,1
18151,135,2,653.35,156,0.0128205128205128,0.0,1.0,0.0611487459050125,2,0,0
18154,3,2,399.19,41,0.048780487804878,0.0,1.0,0.1480497626983934,2,0,0
18155,75,3,371.62,217,0.0138248847926267,18.384776310850235,0.051586873325965,0.2042071668498646,1,1,1
18156,13,2,675.64,357,0.0056022408963585,0.0,1.0,0.6318790927256971,2,0,0
18158,9,2,453.4,80,0.025,0.0,1.0,0.7305002565235529,2,0,0
18159,301,1,530.15,1,1.0,0.0,1.0,0.0,3,2,2
18160,57,2,638.0600000000001,144,0.0138888888888888,0.0,1.0,0.0021277701468172,2,0,0
18161,15,5,1618.69,305,0.0163934426229508,26.61453237111885,0.0362128167357947,0.3066025355133119,1,1,1
18164,37,1,399.65,1,1.0,0.0,1.0,0.0,0,3,2
18165,177,1,302.46,1,1.0,0.0,1.0,0.0,3,2,2
18167,23,3,1384.86,83,0.036144578313253,41.01219330881976,0.0238026135091134,0.1332696551956987,1,1,1
18168,176,6,1160.04,197,0.0304568527918781,21.011901389450696,0.0454299691020447,0.2511015506316312,1,0,1
18169,61,1,202.65,1,1.0,0.0,1.0,0.0,0,3,2
18170,33,3,980.31,184,0.0163043478260869,19.091883092036785,0.0497713427566348,0.0722426476500776,1,1,1
18171,59,5,1231.31,275,0.0181818181818181,22.998188334446407,0.0416698121568045,0.148592793190215,1,1,1
18172,15,20,7561.68,276,0.072463768115942,17.30530797791609,0.0546289634245116,0.8898232430860973,1,1,3
18173,87,4,2106.84,188,0.0212765957446808,43.40506882842141,0.0225199515817426,0.4176240106277844,1,1,1
18174,7,1,104.0,1,1.0,0.0,1.0,0.0,0,3,2
18176,358,1,476.35,1,1.0,0.0,1.0,0.0,3,2,2
18177,31,6,1340.87,225,0.0266666666666666,48.48504924200861,0.0202081237730907,0.5427421238423294,1,1,1
18178,129,4,1590.81,236,0.0169491525423728,19.92485884517128,0.0477900475888163,0.2381440858886234,1,0,1
18179,9,6,1793.17,328,0.0182926829268292,79.72891570816701,0.0123871352814272,0.318976163349377,1,1,1
18180,5,6,1843.75,138,0.0434782608695652,22.85825890132492,0.0419142069057045,0.0332299755293316,1,1,1
18181,24,1,366.85,1,1.0,0.0,1.0,0.0,0,3,2
18183,227,2,632.07,48,0.0416666666666666,0.0,1.0,0.0144761842019933,3,0,0
18184,15,1,49.8,1,1.0,0.0,1.0,0.0,0,3,2
18185,249,1,304.25,1,1.0,0.0,1.0,0.0,3,2,2
18188,15,3,2001.04,276,0.0108695652173913,106.06601717798212,0.0093400317519763,0.6687054432539191,1,1,1
18189,78,2,1090.24,191,0.0104712041884816,0.0,1.0,0.2282479256266233,2,0,0
18190,192,2,284.46000000000004,139,0.014388489208633,0.0,1.0,0.2906381384248441,2,0,0
18191,262,1,207.8,1,1.0,0.0,1.0,0.0,3,2,2
18192,72,1,957.97,1,1.0,0.0,1.0,0.0,0,3,2
18193,165,1,243.76,1,1.0,0.0,1.0,0.0,0,2,2
18194,82,1,973.84,1,1.0,0.0,1.0,0.0,0,3,2
18196,95,2,686.63,196,0.010204081632653,0.0,1.0,0.4426793483547898,2,0,0
18198,4,17,5425.56,333,0.051051051051051,13.243866504914644,0.0702056565648775,0.1036881207126789,1,1,3
18200,106,1,150.35,1,1.0,0.0,1.0,0.0,0,2,2
18202,200,3,1396.99,112,0.0267857142857142,78.48885271170677,0.0125803803412138,0.6273359759160018,1,0,1
18203,157,1,160.42000000000002,1,1.0,0.0,1.0,0.0,0,2,2
18204,71,3,1975.35,122,0.0245901639344262,31.11269837220809,0.03114032923703,0.2173990743308436,1,1,1
18205,36,2,517.36,39,0.0512820512820512,0.0,1.0,0.1799749129168173,2,0,0
18209,29,1,139.10000000000002,1,1.0,0.0,1.0,0.0,0,3,2
18210,2,6,2621.38,266,0.0225563909774436,90.94118978768644,0.0108765179383607,0.9528478979242854,1,1,1
18211,26,5,600.07,253,0.0197628458498023,54.67098560174918,0.0179626782100401,0.3373265630446321,1,1,1
18212,326,1,216.07,1,1.0,0.0,1.0,0.0,3,2,2
18213,237,1,232.48,1,1.0,0.0,1.0,0.0,3,2,2
18215,89,1,299.34000000000003,1,1.0,0.0,1.0,0.0,0,3,2
18216,31,1,481.75,1,1.0,0.0,1.0,0.0,0,3,2
18217,29,2,621.75,42,0.0476190476190476,0.0,1.0,0.0319577009269673,2,0,0
18218,211,2,641.92,71,0.028169014084507,0.0,1.0,0.1398527494694728,2,0,0
18219,3,10,2069.77,367,0.0272479564032697,33.30206867114681,0.0291527607150162,0.5066862790185467,1,1,1
18220,227,1,305.28,1,1.0,0.0,1.0,0.0,3,2,2
18221,22,5,1041.61,190,0.0263157894736842,17.635192088548397,0.0536619099630593,0.2883486844547907,1,1,1
18222,93,1,443.0,1,1.0,0.0,1.0,0.0,0,3,2
18223,5,14,6484.54,354,0.03954802259887,14.772635825429708,0.06340094395559,0.7379641669500534,1,1,1
18224,264,1,158.95000000000002,1,1.0,0.0,1.0,0.0,3,2,2
18225,3,12,5504.96,362,0.0331491712707182,20.76097738109123,0.0459538182723782,0.6575952535819102,1,1,1
18226,44,11,5228.05,294,0.0374149659863945,20.978560484456505,0.0454988851843691,0.2668878368671518,1,1,1
18227,218,1,93.75,1,1.0,0.0,1.0,0.0,3,2,2
18228,57,2,779.9,23,0.0869565217391304,0.0,1.0,0.110395334885593,2,0,0
18229,12,20,7276.9,362,0.0552486187845303,9.26352338460243,0.0974324276885482,0.1461390996170543,1,1,3
18230,9,7,2810.2000000000003,294,0.0238095238095238,21.565404393766112,0.0443156250404383,0.1597764551253729,1,1,1
18231,192,5,2071.77,97,0.0515463917525773,15.777093099385157,0.0596050814092846,0.4003784473513626,1,0,1
18232,82,4,592.97,116,0.0344827586206896,36.11555528208494,0.0269428812906022,0.5268666221745661,1,1,1
18233,326,1,440.0,1,1.0,0.0,1.0,0.0,3,2,2
18235,72,3,1796.48,146,0.0205479452054794,34.64823227814083,0.0280518818492211,0.6542989359845797,1,1,1
18236,30,6,882.24,211,0.0284360189573459,12.660963628413125,0.0732012782700133,0.2009302892191649,1,1,1
18237,3,5,987.1,132,0.0378787878787878,20.69420208657488,0.0460952652699236,0.4266287189938167,1,1,1
18239,219,5,1561.61,154,0.0324675324675324,19.72097022630141,0.0482602884458897,0.5911013537380413,1,0,1
18240,46,1,422.58,1,1.0,0.0,1.0,0.0,0,3,2
18241,10,17,2073.09,209,0.0813397129186602,12.87309856509561,0.0720819502080073,0.6267516898366807,1,1,3
18242,72,4,2232.49,142,0.028169014084507,66.65083145267832,0.0147817843258807,0.7991186675082527,1,1,1
18245,7,7,2567.06,348,0.0201149425287356,56.24825923232351,0.0174677800409934,0.7363026451336562,1,1,1
18246,24,2,596.1,210,0.0095238095238095,0.0,1.0,0.3091293863063483,2,0,0
18248,123,2,804.02,64,0.03125,0.0,1.0,0.3322615630609657,2,0,0
18249,17,1,95.34,1,1.0,0.0,1.0,0.0,0,3,2
18250,310,1,349.27,1,1.0,0.0,1.0,0.0,3,2,2
18251,87,1,4314.72,1,1.0,0.0,1.0,0.0,0,3,2
18252,51,2,518.27,122,0.0163934426229508,0.0,1.0,1.0327385473813753,2,0,0
18255,89,1,103.3,1,1.0,0.0,1.0,0.0,0,3,2
18257,39,8,2337.63,257,0.0311284046692607,28.84688643758382,0.033504332255601,0.7317247341889409,1,1,1
18259,25,3,2338.6,342,0.0087719298245614,156.270598642227,0.0063584675624901,0.4623728122439814,1,1,1
18260,173,6,2628.35,186,0.032258064516129,15.915401345866211,0.0591177223379556,0.2637616645876602,1,0,1
18261,43,2,324.24,53,0.0377358490566037,0.0,1.0,0.5467734153068443,2,0,0
18262,140,1,149.48,1,1.0,0.0,1.0,0.0,0,2,2
18263,26,3,1213.16,227,0.013215859030837,23.33452377915607,0.0410938799984472,0.2426548111312077,1,1,1
18265,72,2,801.51,86,0.0232558139534883,0.0,1.0,0.3098174188932038,2,0,0
18268,134,1,25.5,1,1.0,0.0,1.0,0.0,0,2,2
18269,366,1,168.60000000000002,1,1.0,0.0,1.0,0.0,3,2,2
18270,38,2,283.15000000000003,229,0.0087336244541484,0.0,1.0,0.2959284957464449,2,0,0
18272,3,6,3078.58,245,0.0244897959183673,21.993180761317813,0.0434911555030408,0.3407909545408377,1,1,1
18273,2,3,204.0,256,0.01171875,48.79036790187178,0.0200842058843756,0.4330127018922193,1,1,1
18274,30,1,175.92,1,1.0,0.0,1.0,0.0,0,3,2
18276,44,1,335.86,1,1.0,0.0,1.0,0.0,0,3,2
18277,58,1,110.38,1,1.0,0.0,1.0,0.0,0,3,2
18278,74,1,173.9,1,1.0,0.0,1.0,0.0,0,3,2
18280,278,1,180.6,1,1.0,0.0,1.0,0.0,3,2,2
18281,181,1,80.82,1,1.0,0.0,1.0,0.0,3,2,2
18282,8,2,178.05,119,0.0168067226890756,0.0,1.0,0.1776801875331993,2,0,0
18283,4,16,2045.53,334,0.0479041916167664,18.563404860100423,0.0511158465078592,0.5983153606928558,1,1,1
18287,43,3,1837.28,159,0.0188679245283018,89.80256121069154,0.0110129052161829,0.7899440662144146,1,1,1
