CustomerID,Spending_Std,Spending_CV,Interval_Std,Interval_CV,Behavioural_Entropy
12346,0.0,0.0,0.0,0.0,0.0
12347,23.289902310501176,0.983471512879632,18.47881670093263,0.30627872984971205,1.8242982449429777
12348,48.51485730087981,0.8368167725664208,70.14983962918234,0.7462748896721525,1.2366888840206336
12349,34.6559127045895,1.4394365039031796,0.0,0.0,0.0
12350,7.275538185065965,0.36986886706376015,0.0,0.0,0.0
12352,51.68790029756352,1.7531529924873104,64.53791797960992,1.7510287823925172,1.2043332660925898
12353,12.215427404174878,0.5490079732213429,0.0,0.0,0.0
12354,8.679742086377074,0.4663934046784049,0.0,0.0,0.0
12355,29.70352219466962,0.8405437277551262,0.0,0.0,0.0
12356,48.5722968956169,1.0193266475926477,100.40916292848975,0.6649613438972831,0.5548818839105997
12357,39.56476161876249,0.8349322325539028,0.0,0.0,0.0
12358,52.27752321904825,0.850361232438331,0.0,0.0,0.6786605743383877
12359,31.33620817089572,1.2195028742490701,56.929781309961136,0.6256019924171553,1.2328754469929555
12360,21.39461772670865,1.036755627876688,19.79898987322333,0.2675539172057207,1.0553737484758645
12361,3.280396317520186,0.17274335531965168,0.0,0.0,0.0
12362,9.664671282056695,0.4919038314477321,25.90581230363393,0.8123773893125622,1.9307009725628803
12363,15.751238912311859,0.6563016213463274,0.0,0.0,0.6896405988380765
12364,8.910810071730502,0.5768173452875582,2.516611478423584,0.0732993634492306,1.201639551901466
12365,65.1966351414414,2.236312284623329,0.0,0.0,0.0
12367,5.648958069655612,0.3679013544476716,0.0,0.0,0.0
12370,21.116236420001904,0.9945628304054551,111.80488957703653,1.0890086647113948,1.0163330726960924
12371,44.277857887191665,1.4775233833836918,0.0,0.0,0.0
12372,16.38258168926466,0.6562927551090586,41.012193308819754,0.3661802974001764,1.0895362877359303
12373,10.260282968486132,0.3939768556193249,0.0,0.0,0.0
12374,19.774010639733735,0.8783362512096876,0.0,0.0,0.0
12375,14.672205115154863,0.5451966928035687,0.0,0.0,0.6931242235924884
12377,15.531661592534688,0.7345514720199806,0.0,0.0,0.6663937864107319
12378,8.958342412809236,0.4894145587272484,0.0,0.0,0.0
12379,12.201029969133439,0.572656996579998,0.0,0.0,0.6900129174004838
12380,27.08885288224848,1.0339218880413101,46.357307945997036,0.8584686656666117,1.3378093929356112
12381,25.892950235134975,1.22076327037557,24.608602831801186,0.8711009851965021,0.8251754816936906
12383,12.680055152091024,0.678348964668539,18.5,0.4484848484848485,1.4044797143304977
12384,17.295302608156128,0.7978764850756326,0.0,0.0,0.6931471628978245
12386,22.821064830546362,0.5678294309665679,0.0,0.0,0.6509691969299466
12388,16.84279813241532,0.6057122457407709,41.54756310543375,0.6722906651364685,1.5832970923116627
12390,7.172142344268664,0.4174097101276685,0.0,0.0,0.0
12391,5.523439108549907,1.1984289328364484,0.0,0.0,0.0
12393,18.045403220237354,0.7297521838084106,85.04900548115383,0.9851236156118205,1.0843414600754826
12394,64.92458923381407,1.3775964331957908,0.0,0.0,0.6104215202283394
12395,12.640153861413182,0.6532314335908861,19.92166477161804,0.6333477239531747,1.9309241255575036
12397,15.703009487720134,0.8210212853034303,0.0,0.0,0.6931137001606377
12398,22.43008874276701,1.1656197150600955,0.0,0.0,0.0
12399,10.49116802024393,0.5583176955706416,17.009801096230763,0.35936199499079075,1.2788185275310258
12401,5.419340365764086,0.32143181291601935,0.0,0.0,0.0
12402,7.2340105813379285,0.3527221471397039,0.0,0.0,0.0
12403,64.97959679776415,0.7596398970980144,0.0,0.0,0.0
12405,42.769103308331616,1.3502953002823375,0.0,0.0,0.0
12406,23.678103145939364,0.7279597195923149,0.0,0.0,0.6918666639700657
12407,16.695276404955607,0.7526030274111783,32.516662395352526,0.6135219319877835,1.200201405474965
12408,24.172746971617563,0.8786894573470578,38.379682124790975,0.6792864092883358,1.3802780138602437
12409,61.50616794139595,0.605470252939188,72.8319984622144,1.4142135623730951,0.6857900649330979
12410,28.210280245656218,1.0578905952245852,0.0,0.0,0.0
12412,12.510621638051878,0.6220232784959935,21.920310216782973,0.4714045207910317,1.0816344855938995
12413,10.267213627643855,0.514647299631271,48.79036790187178,0.36275366469793147,0.883582900309831
12414,18.572886072412754,0.5944274627112418,50.91168824543142,1.106775831422422,1.0772913753303515
12415,181.1023956131187,1.035164687949166,14.99219094974728,0.9895835610394245,2.1409884122496448
12417,11.076127647062123,0.5827783585640097,15.508062419270823,0.35446999815476166,2.011447538356256
12418,16.13403350302239,0.8204809283896636,0.0,0.0,0.0
12420,9.201862041164851,0.44446776127813703,0.0,0.0,0.0
12421,11.561200883065126,0.6446446765190458,43.54690957270485,0.4340223545452311,1.3713077771613982
12422,17.520070403299535,0.85031951033984,59.39696961966999,0.5210260492953508,1.012120875444908
12423,7.838852929581782,0.5270001324134882,35.55009878761976,0.7130392306972445,2.0177398152884436
12424,62.474226064024606,1.064321041886663,0.0,0.0,0.0
12425,14.685976941632408,0.6802562659531224,0.0,0.0,0.0
12426,11.490219434096032,0.5915373895678633,0.0,0.0,0.0
12427,17.504324559364463,0.6571010672563554,193.04015126392747,1.1062472851801002,1.0938920406278898
12428,43.42766763742172,1.6047003674249587,37.50595190861617,1.1766573147801151,0.9117564925390669
12429,35.84802256740429,0.9271699522819477,56.36783953047458,0.4763479396941514,1.3220364586833107
12430,14.033241574593843,0.6020501455558981,0.0,0.0,0.0
12431,50.33543798253851,1.8233401299272518,23.38450694017654,0.9860936661520227,2.0312176011610648
12432,75.6796474737069,1.615513928188046,63.33508769499995,1.9792214904687484,0.508725856330661
12433,27.0369316523465,0.8489549684607827,105.58156404726475,1.7121334710367258,1.5706499256619557
12434,8.336415331029793,0.5170575415579052,0.0,0.0,0.6505390661372668
12435,118.22086735838245,0.5435518538449158,0.0,0.0,0.6930133644173586
12436,18.84557161731459,0.5923835403568367,0.0,0.0,0.0
12437,18.247716430729014,0.7333861606522332,19.356751368176734,1.0219402896242376,2.0654115154015145
12438,40.54791789245686,1.3670110096705275,0.0,0.0,0.6160242784335012
12441,4.004083143265363,0.25378804134784777,0.0,0.0,0.0
12442,8.012192791822558,0.5587952661970865,0.0,0.0,0.0
12444,36.38456452930298,1.279339632552717,9.03234926989282,0.2424791750306797,1.518260623801286
12445,16.22621335986927,0.48654312923146237,0.0,0.0,0.0
12446,6.119333243775087,0.34799811923973617,0.0,0.0,0.0
12447,7.176101973805942,0.3915688709499769,0.0,0.0,0.0
12448,19.12305152907218,0.9360488010670551,0.0,0.0,0.0
12449,17.994325824835112,0.845013813262272,16.165807537309522,0.2975302000731814,1.3633516248563968
12450,18.193495698031363,0.735536514980043,0.0,0.0,0.6927056255840527
12451,21.135579050968854,0.8280646807314879,63.53148825582476,0.8171252508787751,1.3402382202909422
12452,16.023037669155816,0.8186980716757505,0.0,0.0,0.0
12453,5.037722056802528,0.3063571093389931,0.0,0.0,0.0
12454,104.4952025875328,0.4442395117287427,0.0,0.0,0.0
12455,23.523037711380642,0.8582057328037496,38.880586415330725,0.8796512763649484,1.016502402180111
12456,34.238720340309676,1.3454216364895473,26.16295090390226,0.25036316654451923,1.0835009463549823
12457,46.29048069629005,1.2144437076247268,58.478771076918726,2.076169387346227,0.9216955209347144
12458,18.02832329094384,0.7231119749375827,0.0,0.0,0.6908950307633351
12461,32.83688746905623,1.3899127580990809,0.0,0.0,0.5532293715438987
12462,21.327398878292733,1.1115583776377993,0.0,0.0,0.6530436960859887
12463,7.328468719731287,0.45231406158456916,51.11751167652823,0.8244759947827134,1.3837696419188468
12464,26.566101335118464,0.635631317782629,33.10445229730832,0.7828755610849941,1.4268449939702639
12465,6.353031668294546,0.4023127344882626,0.0,0.0,0.6753289812603942
12468,11.894366717135764,0.6195492162885641,0.0,0.0,0.6128578872179969
12471,76.19169714190105,1.767962685993754,14.616695360143192,1.2008050012582225,2.2966238650048663
12472,15.530018825041692,0.801063339123833,26.867576494106544,0.482651074744429,1.819622555550439
12473,53.242991326316854,2.2710953378327634,34.7598906787694,0.8635997684166311,1.2830443308585822
12474,10.212934432582509,0.5870942908373182,14.946719097002722,0.8385948008219348,2.0593209465397084
12475,10.97910594272536,0.5463902982362147,0.0,0.0,0.0
12476,26.005650763997817,0.8889294714837834,26.218949889980973,0.7688841609965095,1.8649102724229203
12477,48.76364839072834,1.1066098514205653,50.122849081032896,0.9047445682496913,1.5671245801311071
12478,20.812875568850277,1.1002562746569111,0.0,0.0,0.0
12479,9.067401152254927,0.5331741952198459,0.0,0.0,0.0
12480,28.908123428200177,1.3565974859880081,30.072135496724094,0.29386451625463283,1.354803287680078
12481,20.611551737305664,0.7992228333968268,38.40572873934304,1.019621116973709,1.8511418684326026
12483,31.40725948847776,0.9479128450272566,40.16928464102178,0.8870189037449605,1.8783646678368542
12484,17.15008436296153,1.3065378732252733,64.65833279632254,1.0740586843242947,1.3736448871388247
12488,16.826931830099472,0.7126432250592695,4.949747468305833,0.15229992210171792,1.0263154529949876
12489,8.673208227200645,0.3884337724539745,0.0,0.0,0.0
12490,17.133910877765565,0.7747992619049274,34.590461112855955,0.9698260125099801,1.9513381293169858
12491,9.367493712916941,0.5290070298345796,0.0,0.0,0.0
12492,5.372805280200221,0.40825236732648607,0.0,0.0,0.692361858920449
12493,5.7762227955256185,0.2929794381462711,0.0,0.0,0.690547825594092
12494,7.523139437715911,0.46487580186511934,44.94737663831635,0.7794342769650234,1.6639096840147098
12497,44.84968852109857,0.6019515284204583,0.0,0.0,0.0
12498,6.960856110175046,0.3965808534407383,25.45584412271571,1.414213562373095,0.667635085930985
12500,96.51899053152205,1.3827870653110854,30.52521726194408,0.9943067512033902,1.6594022326750697
12501,11.642558487285982,0.7996446994803199,0.0,0.0,0.0
12502,29.728509806771058,1.1735347747357845,25.578311124857326,0.48034387088933944,1.5766972076737849
12504,46.544862617813266,0.8690047994198101,0.0,0.0,0.0
12506,2.086586656124731,0.6529454842295077,0.0,0.0,0.0
12507,54.5300895356124,0.877623470273726,86.2670273047588,1.052036918350717,0.642310513047302
12508,4.446343368666961,0.7703258905717737,0.0,0.0,0.0
12509,18.9161684431977,0.7502163121948097,0.0,0.0,0.0
12510,32.124828805109225,1.0789250135548658,0.0,0.0,0.6165723061653114
12512,2.8716329271773575,0.7073499929292919,0.0,0.0,0.0
12513,9.986948600695868,0.5708785069564347,0.0,0.0,0.0
12514,10.635650297696987,0.5329948168211484,0.0,0.0,0.0
12515,22.111873695671594,0.9220484209818752,0.0,0.0,0.0
12516,32.54597290933833,0.6449364325128399,0.0,0.0,0.6869721542479974
12517,8.341167975955502,0.9464814791082778,27.676705006196094,0.6919176251549024,1.3562069323015173
12518,8.975297314683546,0.5410774844647793,6.48074069840786,0.2400274332743652,1.590641278130918
12519,10.909873683542338,0.576158098532338,0.0,0.0,0.0
12520,11.726679982218656,0.6766436712007301,23.7679756535273,0.49260053167932233,1.2633233014735223
12521,8.921051867890215,0.5653014457374403,0.0,0.0,0.0
12522,4.292248827829067,0.2672633143106518,0.0,0.0,0.0
12523,5.421290511365846,0.32107857110398524,31.83568926709631,1.0336262749057243,2.091496307076989
12524,33.07600885140862,1.061801734081227,29.099991818031906,0.6345792608293562,1.7508634837599983
12526,8.519842518452757,0.4594267455608477,9.192388155425117,0.19768576678333585,1.0618209513404184
12527,13.665484131048844,0.7053962156487601,129.4005409571382,1.0650250284538123,1.040167769213819
12528,12.022408286335333,0.572057410649632,38.161498922343185,0.6318128960652846,1.757822861400873
12530,19.07785642520893,0.7574767933583929,24.576411454889016,0.26713490711835886,1.3852570468978
12531,6.801954736345584,0.9234405887068753,0.0,0.0,0.0
12532,9.539831562978458,0.43631851187049514,0.0,0.0,0.0
12534,13.107948691309758,0.758185761354886,0.0,0.0,0.0
12535,8.924090775398799,0.4235626249229555,0.0,0.0,0.6924601943860365
12536,362.18342853366886,7.501281547782153,10.606601717798213,1.4142135623730951,0.0
12538,7.189807997966221,0.41485360065198695,0.0,0.0,0.0
12539,17.993077023812585,0.8821482176050061,118.93835938557979,1.151016381150772,0.9317700828166025
12540,29.064644578260108,1.0367650212539725,12.805597734324367,0.613441807632305,2.2371349549584583
12541,12.460669363861442,0.6603832191043386,25.45584412271571,0.2036467529817257,1.0600769189041577
12544,10.293882927787461,0.5247753571987168,0.0,0.0,0.0
12545,14.49607340078051,0.7245211068073707,0.0,0.0,0.6600612065135827
12546,10.423762822155396,0.6192334349795285,0.0,0.0,0.6446173307185766
12547,4.709185552877331,0.18129684515408395,0.0,0.0,0.5427761578694685
12548,5.1154667431232514,0.2686694718026918,0.0,0.0,0.0
12550,17.690194838414094,1.0450971733772823,0.0,0.0,0.0
12551,3.1989581637360205,0.19041417641285835,0.0,0.0,0.0
12552,23.762512249782276,1.0854923141831017,0.0,0.0,0.5872799090272999
12553,11.880807825798376,0.6145888975720937,15.594692829435418,0.44275153143507495,2.034140357509365
12556,3.8508279922498896,0.7718112786971172,0.0,0.0,0.6924776018324754
12557,446.19750586925,1.2279682105257002,43.36184959154764,0.491352403303656,1.407530430024069
12558,22.013082391242627,0.8969621658900168,0.0,0.0,0.0
12559,24.540081014342157,0.917451534245759,0.0,0.0,0.3950180650478181
12560,17.180256921113195,0.8453226445597187,53.74011537017761,0.7902958142673179,0.8511716705662413
12561,4.683017857108812,0.3137043571854343,0.0,0.0,0.0
12562,19.084931131101076,0.8478288909404085,13.633292583476182,0.43510508245136753,1.929671389445761
12564,8.372563611497462,0.3848190760373094,0.0,0.0,0.0
12565,4.985759721446673,0.30750985124054314,0.0,0.0,0.0
12566,9.859135965605915,0.5326989431153488,0.0,0.0,0.0
12567,17.3024339679799,0.820833498174614,39.73488531644594,1.042606320256599,1.8660763383871601
12569,14.513757164608462,0.6615251926681497,8.98720715645958,1.1755418643470334,2.080134882534484
12571,6.172507623041566,0.403889954356947,0.0,0.0,0.6921748678130208
12572,11.707049057175709,0.6883664995105373,0.0,0.0,0.6921718862632505
12573,7.948758213888326,1.3863537435459892,0.0,0.0,0.0
12574,6.252552206172219,0.3148458423799241,0.0,0.0,0.0
12576,4.856508961927609,0.32479331573959375,13.904435743076137,0.20752889168770353,1.5713055821870632
12577,5.486704022682708,1.2261257089303104,228.39549032325485,1.414213562373095,0.6089850032652055
12578,25.465203831639116,1.0388344421050055,0.0,0.0,0.6816572268434619
12579,8.532003659938383,0.5618003408978091,0.0,0.0,0.0
12580,6.165258848310155,0.35594470136984296,0.0,0.0,0.0
12581,3.775621929216557,0.2864515145326405,0.0,0.0,0.0
12582,22.969411242211955,0.988202141991284,0.0,0.0,0.6734970805715936
12583,22.17591686712561,0.7522545817111627,17.57620769458181,0.6760079882531466,2.3827379931504717
12584,16.30945833072536,0.6696353953979148,28.137417893514776,0.8275711145151404,1.8345975825013436
12585,22.168976141315973,0.9453952866499141,0.0,0.0,0.6645448683417056
12586,8.664634178922125,0.483959459572171,0.0,0.0,0.0
12587,10.161364737737413,0.282260131603817,0.0,0.0,0.0
12588,9.00508498325005,0.41903606250581904,0.0,0.0,0.0
12589,10.452372920244741,0.5657095506410681,0.0,0.0,0.5050065636033672
12590,92.92868335397537,0.6406106963999657,0.0,0.0,0.0
12591,14.520936211606278,0.833707279456251,0.0,0.0,0.0
12592,7.501755785766493,0.30857313561196725,0.0,0.0,0.6913810700299845
12593,7.060304863241017,0.35461947411638683,48.08326112068523,0.874241111285186,0.6848142734492793
12594,15.063362015621719,0.5324624254373177,25.267458210996303,0.8092780209927641,1.9717787091272434
12596,22.139078629520753,0.9668189027400009,0.0,0.0,0.6850918696789892
12597,24.5527987143534,1.3271016984474264,60.53373714990124,0.7322629493939666,1.090676017202275
12598,14.759405335168182,0.6444558212955661,33.92849624051819,0.8731598297192182,1.5056981087914156
12599,9.571122666975539,0.574686324887644,34.42479726398787,0.7593705278820854,1.7104917996255442
12600,40.75933722999641,1.0036773511449497,15.459624833740307,0.4104325177099197,2.150119632002746
12601,13.235267960620142,0.6421992563985789,17.017148213885115,0.4827559776988685,1.5792824743695915
12602,4.742312439383055,0.3716545798889542,0.0,0.0,0.0
12603,344.5024237940859,0.9320953024731763,0.0,0.0,0.0
12604,6.328255025413142,0.39834794400271567,0.0,0.0,0.6089387387399707
12607,5.979403091173288,0.38234624168792986,0.0,0.0,0.0
12609,11.517063728264421,0.6132349680044952,16.97056274847714,0.1414213562373095,1.0657644425484833
12610,18.07965561038475,0.9127920852666697,25.38208029299411,1.005230902692836,0.9170705668549815
12611,16.95708263784011,0.923650296198511,0.0,0.0,0.0
12612,16.82652448712418,0.4540991495587742,0.0,0.0,0.0
12613,14.444812522366968,0.6608269143823806,66.56325312562981,1.3051618259927416,0.9850333953093381
12614,2.840700432528643,0.18001903881677078,0.0,0.0,0.0
12615,18.75354551679627,0.8594321201051018,35.510561809129406,0.6456465783478074,1.3728719840500854
12616,14.658441570446485,0.6576056781919074,0.0,0.0,0.6524539029449189
12617,7.629709980742645,0.9013242741574301,0.0,0.0,0.0
12618,8.464237064904852,0.5251063544862296,0.0,0.0,0.0
12619,52.293229019619524,1.2925241433593384,22.315513501982043,0.7596770553866228,1.6642923881846932
12620,7.175569027080602,0.4928680168816235,40.30508652763321,0.42650885214426676,1.0823216552341952
12621,38.81796118358395,1.324209266748848,15.5856434163545,0.8365175844936031,2.3978833350245363
12622,4.623276091494193,0.28237666300075587,0.0,0.0,0.0
12623,8.66373442100155,0.5111347741003863,0.0,0.0,0.0
12624,7.714713164962045,0.4572537555075533,0.0,0.0,0.6910759629112946
12625,33.26730738060531,1.066013530986451,0.0,0.0,0.6536375776518129
12626,20.06456022399176,0.891020093082915,48.51509338045518,1.2937358234788048,1.6855722506243875
12627,11.934482442148543,0.6129089146872222,18.91472089846072,0.8936088613446008,1.5747911898064313
12628,7.599360900599534,0.3961724651280178,2.1213203435596424,0.07190916418846245,1.08001422208896
12630,18.883951614305428,0.9509732652300353,0.0,0.0,0.68768589783085
12631,26.501484202705264,1.2826635601621597,0.0,0.0,0.0
12633,30.181442757934793,1.4086663086310474,13.228756555322953,0.1740625862542494,1.1828163270727845
12635,13.112677188488433,0.7840374596178806,0.0,0.0,0.6748779829859619
12637,13.096385023818971,0.8481692089356182,32.22170223992046,0.8879996680293041,1.4799435417500855
12638,23.999062256758673,1.3934455299521924,0.0,0.0,0.0
12639,22.57095114295885,1.021520109329551,0.0,0.0,0.0
12640,15.644463146454843,0.7059174741287155,38.890872965260115,1.364592033868776,0.6468580801325081
12641,8.260037664697554,0.44432693193639344,0.0,0.0,0.0
12642,17.588552924759018,0.8158438973843574,22.627416997969522,0.5518882194626713,1.0938093954832744
12643,178.85244586335503,1.283384370431652,43.8782406210641,1.0860950648778243,1.345063370178643
12644,5.560847386497312,0.36070864594048396,0.0,0.0,0.0
12645,14.852057824200466,0.6107550902819061,17.616280348965084,0.1880741674266735,1.3793555828234212
12646,17.70379111941846,0.5914538559684557,0.0,0.0,0.6894079981927501
12647,29.12468444573024,0.946617568921774,27.020194468043883,0.8741827622014197,1.9314354719890967
12648,8.957338119691373,0.5914293366248038,0.0,0.0,0.0
12649,14.348826522773397,0.7134025472020903,74.24621202458749,1.4142135623730951,0.6724260190466718
12650,23.94229545342191,1.5228530373630524,0.0,0.0,0.0
12651,3.904404564078882,0.3082424655851749,0.0,0.0,0.0
12652,17.011660034448713,0.8875841666705125,0.0,0.0,0.0
12653,62.69382183641587,1.2199173423381147,0.0,0.0,0.6490156948873729
12654,4.3682877629667844,0.27574825574394135,72.25591094621025,1.0212849603704628,1.0745204384454978
12656,32.48421949457042,1.0103282894363537,24.404576073624664,0.45403862462557515,1.5545177687778744
12657,30.52879756792872,0.873217472031457,19.28730152198591,0.8766955237266323,0.7698971345429029
12658,8.707792838091127,0.4569354160356834,0.0,0.0,0.0
12659,5.585738984234762,0.304632361705648,0.0,0.0,0.0
12660,2.855510866323627,0.15145508470912747,0.0,0.0,0.0
12662,7.065240961115043,0.4221034503416974,18.103406677565783,0.49194039884689633,2.2707263549928403
12664,98.81014131062572,0.7488867461906379,34.48705761379395,0.8899885835817793,1.8957462399857707
12665,7.937253933193772,0.37796447300922725,0.0,0.0,0.0
12667,26.117632029740165,1.3898406091971447,0.0,0.0,0.0
12668,28.116420496660513,1.1890111237966308,115.00144926623028,1.00584357958802,1.316800792033237
12669,112.08461237859281,4.125518252438157,64.34671708797582,1.2256517540566823,1.0327951980426282
12670,19.389599298417107,0.5953983196056053,37.133767202731626,0.6721043837598484,1.2770964820256658
12672,12.750529400773914,0.5644324657270435,0.0,0.0,0.0
12673,10.091602631403546,0.694239845572543,0.0,0.0,0.6544597114383685
12674,19.10951263869058,0.8048764584447976,21.197484127446195,0.3762867004872105,1.3708714626309246
12676,22.285103682990048,0.7532200675493673,10.545141061171254,0.18565389192202914,1.6507880035793714
12678,155.71285285941283,1.45745123066922,25.139971794299647,0.9066875073353972,1.5157406197897085
12679,17.121998660219766,0.7384017678842687,44.06056437828882,0.5927430185420021,0.9129531959354606
12680,5.7386538952451005,0.3458583031637849,30.512292604784715,0.8246565568860734,1.0940066823052463
12681,18.867566274905087,0.873071431407593,17.436005440303283,1.0706319130010788,2.138247354494875
12682,24.98317287324109,1.0673771920141057,11.084886677078758,0.9420583578253902,2.4464892779437895
12683,25.063034923300503,1.017119426090432,23.67650571931853,0.9284904203654326,2.1376135544510797
12684,14.463138910445998,0.6650068468170544,37.30102768914908,1.1024934292359334,1.4576806007531433
12685,11.391930034752999,0.624688452804749,8.734987120768983,0.6932529460927764,0.8970890772100651
12686,3.9516868007761663,0.3103186852752206,0.0,0.0,0.0
12688,25.909800727775,0.9090579904529567,0.0,0.0,0.0
12689,10.35102443559077,0.5973611620318332,0.0,0.0,0.6767152508198067
12690,13.081858542144028,0.5380574706930528,0.0,0.0,0.0
12691,33.14135354079747,1.0238688099107154,66.9686493816323,1.0239854645509525,1.5773568590961486
12693,14.246854036331095,0.6491655751386393,17.672954855748753,0.2775856783625459,1.3755681975068752
12694,15.910949513288465,0.6769293318059416,0.0,0.0,0.6930896322405901
12695,14.370884541569543,0.6665759880130178,31.480152477394387,0.4698530220506625,1.2894139648587892
12697,17.548235947754087,0.7513420919787358,45.96194077712559,0.6613228888795049,1.0732323584039793
12700,14.368521722278645,0.7795084244240732,18.475208614068027,0.26905643612720426,1.376822456939266
12701,6.863147029992694,0.45598875855838933,0.0,0.0,0.6811047238313261
12702,2.744333003912543,0.15037441117329,0.0,0.0,0.0
12703,5.230737906607351,0.3873937437445049,0.0,0.0,0.0
12704,27.9173469702975,1.0495063880428308,15.349887544182453,0.6800583089194757,1.4545287490566572
12705,16.373694993901722,0.7962410043785535,37.84838173555113,0.8958196860485474,1.9348986040465388
12707,14.285712725243423,0.7812610121193082,0.0,0.0,0.0
12708,7.207940993062049,0.4171339026767353,20.841331797922873,0.5615927729979217,2.171083519017284
12709,53.53957413008129,1.1437589014408545,11.112066503491688,0.45092443782285113,2.1520785571441032
12710,8.775641211555861,0.5880875644373478,17.67766952966369,0.3432557190225959,0.8294463244572987
12712,24.125906902041603,0.7299023500150207,17.034723895086127,0.608382996253076,2.2008515419843255
12713,14.375259619153505,0.6437568387576846,0.0,0.0,0.0
12714,14.33692751641287,0.7885696807190985,30.923292192132454,0.43707833487113007,1.564465782016705
12715,15.35663064483563,0.9113469833876342,0.0,0.0,0.0
12716,7.152467813466684,0.46846223422073413,0.0,0.0,0.6513894661399844
12717,17.077638169681002,0.9110458974300715,0.0,0.0,0.676338332760031
12718,8.023529615161902,0.6398617531503721,0.0,0.0,0.0
12719,6.611012721495753,0.3997666425898664,0.0,0.0,0.6858630872689301
12720,10.947516846355194,0.6702874336244927,11.802419304925381,0.7912236405536569,2.4765230684203647
12721,9.238305665031818,0.5599753069579134,22.67156809750927,0.3542432515235823,1.752976483040085
12722,12.79252317289958,0.6796144143256295,16.522711641858304,0.7867957924694431,0.8369898031763773
12723,10.702049000696045,1.0184415036452026,22.715633383201094,1.514375558880073,0.9560250666902133
12724,8.808055843962547,0.45261046502362295,43.66157731156002,0.4030299444144002,1.2018551304784106
12725,8.889099333257656,0.4986871996217479,0.0,0.0,0.0
12726,11.24606736753999,0.5344802244356134,23.549239195070964,0.4347551851397717,1.8376789021753273
12727,28.310906987358727,0.9885738868145961,42.9391041670255,0.8392007329060358,1.7682088304146073
12728,7.958721066508912,0.4377472637109872,86.72562097404281,1.0006802420081862,1.3744864953318938
12729,6.143852174203213,0.35261949301181766,0.0,0.0,0.0
12731,71.08949033719003,1.030832616814436,20.752217844234035,0.6773720958058587,2.1626696126020666
12732,11.983077335319273,0.6086384831280423,0.0,0.0,0.0
12733,16.137965273236063,0.9246913296293615,0.0,0.0,0.0
12734,22.170250336881626,0.8032699397420879,0.0,0.0,0.0
12735,11.09023099795671,0.6117217606015348,0.0,0.0,0.0
12736,21.068459839295333,0.36014461263752706,0.0,0.0,0.0
12738,3.433319358606452,0.24310597325182473,0.0,0.0,0.0
12739,30.687671244810794,1.1511208908856612,0.0,0.0,0.0
12740,6.322009670018408,0.39919144314896404,0.0,0.0,0.0
12743,3.5502384462841547,0.8706182892631752,0.0,0.0,0.0
12744,369.85623612261463,3.8585913542801684,48.133148660772235,1.0939351968357327,1.2717223707830334
12747,46.59594803470983,1.1437967611076028,17.461385970191486,0.48102991653420074,2.1229548471963398
12748,21.78654059343414,2.9688598938019335,3.1354739005765278,2.188518695704422,2.1188817501782613
12749,11.160059878220078,0.5428787732140262,50.940324563813554,0.9843540978514697,1.2725822037042054
12750,7.752775724124322,0.4215297805635234,0.0,0.0,0.0
12752,73.19723033217778,0.888401340943538,0.0,0.0,0.0
12753,72.44463078264968,0.6659821984751777,43.28163582860518,0.6421607689704032,1.594818022415014
12754,95.04691831946813,1.9888651474808494,7.0710678118654755,0.19641855032959654,0.11158861846988846
12755,1894.2780319403132,1.9877260005407345,0.0,0.0,0.029366418457562157
12756,22.64865558923973,0.8083031973318962,0.0,0.0,0.0
12757,99.47834214858756,4.69721206770004,23.06840946297588,1.4569521766090028,1.2374517928967694
12758,17.02908848653182,0.5917135335753411,0.0,0.0,0.6853213514119803
12759,7.374191757484192,0.4574441159699356,10.606601717798213,0.09512647280536514,1.0836112962507423
12762,27.009146141995917,0.9816230978855731,0.0,0.0,0.5546627328902465
12763,26.31112421612463,0.9585497002312243,0.0,0.0,0.6487794252214752
12764,29.117840071063654,0.7735511389223937,0.0,0.0,0.0
12766,17.53714680295252,0.7777973238805604,25.13961017995307,0.41899350299921784,1.9203786719422806
12769,32.8962824647406,0.9204975855821085,0.0,0.0,0.0
12770,71.95736243313351,0.6389347361704851,0.0,0.0,0.0
12772,18.005438895835052,1.109616165552823,0.0,0.0,0.0
12775,10.730962087312923,0.510983447636903,68.85249934945475,0.9431849225952705,1.5739393253706888
12778,9.273260706054208,0.5639091681192736,41.13392760240627,0.7092056483173494,1.5397023969685413
12779,16.394010021182787,0.6135359508198794,48.67384161069329,1.0324754281056152,1.8705990998443411
12781,15.677647697704316,0.47408035469749604,0.0,0.0,0.6380952773993872
12782,17.958129376375716,0.7935438907241341,45.96012764705222,0.5252586016805968,1.5627571398332927
12783,47.779489752475214,1.8030725138069006,12.853015210447703,0.9051419162287115,1.1466529416018798
12784,10.079444107318901,1.0352828981090756,0.0,0.0,0.0
12785,11.81904602330911,0.5304268130351901,0.0,0.0,0.0
12787,13.110849304056709,0.5655372171011823,14.142135623730951,0.1554080837772632,1.0822388224776152
12789,11.506547049397577,0.5011016679106185,0.0,0.0,0.0
12790,8.612819459829577,0.5566576654450975,0.0,0.0,0.0
12791,114.97556262093264,1.1939310760221455,0.0,0.0,0.0
12792,9.03351384198493,0.5638334399800851,0.0,0.0,0.0
12793,14.02010688623483,0.6168559163849011,0.0,0.0,0.5529424393982901
12794,10.090821997531155,0.5277565229238409,0.0,0.0,0.6581142735856746
12795,26.537868982077104,0.8630602252115764,0.0,0.0,0.0
12797,8.312727652560323,0.425404320290061,0.0,0.0,0.0
12798,1240.4974824641927,1.422376804449099,65.05382386916237,0.8131727983645296,1.022158918786698
12802,8.190750230188522,0.47890162251441376,0.0,0.0,0.0
12808,3.5487995399294077,0.2054510226776045,26.16295090390226,0.15808429549185657,1.0810787053874495
12809,14.570298349725032,0.7444308490386989,0.0,0.0,0.0
12811,5.687414420956057,0.3424489599876425,15.556349186104045,1.414213562373095,0.6909198498358085
12812,5.879105212125234,0.38402098145740504,0.0,0.0,0.0
12814,32.470343392086264,0.5157297235083587,0.0,0.0,0.0
12815,18.546249955693373,0.8196582362454521,0.0,0.0,0.680727324205
12816,13.632566141629802,0.6909199897016152,0.0,0.0,0.6866611789397896
12817,13.358657617190936,0.32181781780753876,0.0,0.0,0.0
12818,118.99735400142585,1.0803349735551735,0.0,0.0,0.0
12820,5.279517831490071,0.33055113022679095,124.54048873090764,1.1603151123997606,1.3504419814047512
12821,4.392114145450534,0.28421791277721314,0.0,0.0,0.0
12822,14.571163594662423,0.7063838687236231,0.0,0.0,0.0
12823,138.96915125307487,0.3949109157518468,51.43928459844674,0.9352597199717589,1.3403143999227565
12824,8.947605415230752,0.5632809613738134,0.0,0.0,0.0
12826,5.609080761062992,0.34611746586249065,50.64944882885367,0.8465088940755487,1.6435763614148213
12827,8.320543852417341,0.4835838575158283,11.313708498984761,0.5954583420518296,1.0347293035668463
12828,9.187188522858637,0.5050333826899547,21.224985276791124,0.8489994110716449,1.2722809868845002
12829,21.020824090756896,0.78917769624002,0.0,0.0,0.6045181203203394
12830,134.07934370776076,0.7476572586218654,21.33541656495134,0.8143288765248604,1.2005074423685729
12831,9.833629939029525,0.41154461497914774,0.0,0.0,0.0
12832,3.5025311157110672,0.24689538710857845,0.0,0.0,0.611572712467446
12833,5.030143845005755,0.2892411047010832,0.0,0.0,0.0
12834,4.183209044321924,0.2410454023874596,0.0,0.0,0.0
12836,12.9772913133871,0.8691724699535155,7.637626158259735,0.09128636842541515,1.3483081865709383
12837,6.875995795651578,0.6153016371947722,0.0,0.0,0.0
12838,5.61818412326108,1.01157414717713,0.0,0.0,0.682726212573777
12839,8.728569905895478,0.49017440121671774,23.80260705393639,0.8595385880588141,2.2075115292989196
12840,10.537611270113604,0.4366888566042744,13.45362404707371,0.49828237211384113,1.371883823394029
12841,10.220292671474786,1.0671679296976668,9.281429175306563,0.6257143264251616,2.4642055146318493
12842,30.522410657044944,0.9274095053034683,0.0,0.0,0.5907563612304212
12843,12.3585156172554,0.7477865358860022,31.873260923613728,1.1500661158004952,1.2151484305893872
12844,5.307772098117113,0.84674238894984,0.0,0.0,0.6904792050498875
12845,41.46181119029278,3.1615377506789373,10.115993936995679,1.379453718681229,0.47714172348920336
12847,11.96214258355313,1.2490017384208814,0.0,0.0,0.0
12849,20.350341643805585,0.9876080501613724,0.0,0.0,0.6339062522261769
12851,2.812619347127644,1.0403237709452744,0.0,0.0,0.0
12852,5.111357379865536,0.27890571483779203,0.0,0.0,0.0
12853,16.09245839255821,0.6413631161512138,50.27922035990614,1.3966450099973928,1.0017480520138509
12854,15.03975011659573,1.2490543698191998,60.10407640085654,0.502962982433946,1.091575471685572
12855,4.330127018922195,0.3409548833797004,0.0,0.0,0.0
12856,6.418552286627969,0.924536759437772,3.70135110466435,0.3427176948763287,0.8800874234316288
12857,11.809233470851616,0.49098403801443813,0.0,0.0,0.5886413149392536
12863,133.6212108910857,1.281861194273654,0.0,0.0,0.0
12864,61.143542586278066,1.2468095959681498,0.0,0.0,0.0
12865,7.028926169103319,0.4257972274888347,0.0,0.0,0.6611592235713633
12866,12.81863463268042,0.5960876027501983,0.0,0.0,0.0
12867,7.130345966350858,0.9502841667195371,13.827508813954884,0.2514092511628161,1.8888891765490816
12868,5.904255373135322,0.3931124693076048,14.560219778561036,0.3935194534746226,1.552237149508735
12871,47.24727870951453,1.3653847882636083,0.0,0.0,0.6454332754195651
12872,8.675186973257638,0.9543182829724887,0.0,0.0,0.6584669706687085
12873,17.0,0.18181818181818182,0.0,0.0,0.0
12875,172.73911557606172,1.00655021749883,0.0,0.0,0.4123917226972368
12876,20.992060032254077,0.8044675443601034,0.0,0.0,0.6324032496346668
12877,12.410395419152579,1.2444577603088334,15.538807723070178,0.4911692096372757,2.2839878850110082
12878,6.617481662404998,0.3637722524626427,0.0,0.0,0.658225685219775
12879,56.14766519336905,0.9795133664800434,18.384776310850235,0.7993381004717494,0.35541555568365457
12881,67.25485643643673,1.5798120639431446,0.0,0.0,0.0
12882,61.75429078832685,0.5487244232886653,0.0,0.0,0.0
12883,4.118723098868968,0.2459044026788586,36.950417228136054,1.7320508075688776,0.6784750403271607
12884,55.695937912921444,1.2615161475180396,0.0,0.0,0.0
12885,6.173301609069432,0.37295520348864863,42.42640687119285,1.4142135623730951,0.6883116264922511
12886,5.871800778655694,0.3493091002972772,0.0,0.0,0.6853778894398623
12888,30.414159202581946,0.42943294931918485,0.0,0.0,0.5389772641871216
12890,6.679220678629595,1.439525049669164,0.0,0.0,0.0
12891,83.91861136442462,0.7605916437863259,26.16295090390226,0.48902711969910767,0.9093571683867351
12893,6.547896207296888,1.183312804550304,0.0,0.0,0.0
12895,3.0378528245373877,0.17927243063257117,0.0,0.0,0.5945071450625523
12897,17.365363034884513,0.32083811611795865,0.0,0.0,0.6750180607164878
12901,284.30916581968563,1.8680669807926762,8.125616347431192,0.8810909292395269,2.204980576874557
12902,4.766596269876441,0.3437118740897347,0.0,0.0,0.0
12904,7.408149442945524,1.0467183953296395,0.0,0.0,0.6923612905098124
12906,55.308113924618844,1.1933691497909067,33.0,2.0,0.6388501601260022
12908,80.61017305526642,0.21496046148071044,0.0,0.0,0.6815502814029536
12909,34.821976508183845,1.4544652757162533,46.75735236302415,0.8780723448455239,1.2909870283890936
12910,26.802477088696296,0.6537104498322697,26.076809620810597,0.8411874071229225,1.7640767197834297
12912,33.47994769748136,0.48337769640832134,5.188127472091127,0.5929288539532717,1.0329527386252728
12913,46.67830089811212,0.9397192999382379,119.6895289210102,1.326199766437786,1.4121437863708666
12915,5.461284932768397,0.3303953486069153,0.0,0.0,0.6883341385013159
12916,25.54756486436682,0.9093323488472796,4.358898943540674,0.0726483157256779,1.3802810205134308
12917,0.0,0.0,0.0,0.0,0.0
12919,19.89414444565259,0.7449930139400606,30.57286378473564,0.9614108108407434,1.3777528142538575
12920,4.574013135532206,0.7798354003221201,0.0,0.0,0.0
12921,15.952469249561519,0.692452856992052,13.524199357225118,1.3792384613600688,2.1986712186339443
12922,5.352446555266492,0.3696988098758246,0.0,0.0,0.0
12923,5.2370095441499105,0.8581865671037318,0.0,0.0,0.0
12924,34.26401372842372,1.1009107977430777,29.569128044860125,0.3727201014057999,1.2458506065437056
12925,6.168163864112679,0.3999241753260869,0.0,0.0,0.6912649690726994
12928,18.71997831832796,0.7623397385657384,48.03123983409131,0.5966613643986498,1.586227960543233
12929,3.065352170399257,0.20808500096049262,0.0,0.0,0.0
12930,5.447373220186038,0.3275236423873279,0.0,0.0,0.6909870732091341
12931,577.226646864789,1.1254667600718828,23.643878003258415,1.003073612259448,1.044767346002165
12933,6.427519174638179,1.121454138086427,24.748737341529164,0.19110994086122907,1.0416280184330133
12935,6.150210413461067,0.3671852378101901,41.302138766251154,0.7892128426672195,1.7795317615348152
12936,20.085317365297662,1.1704950433766848,31.240998703626616,1.5620499351813308,0.5617820143257226
12937,12.058335782426063,0.9619285725907767,37.233497463081996,0.44502188202886844,1.2659975077331067
12938,4.102614342641099,0.32349333348317755,0.0,0.0,0.0
12939,172.7906293455731,0.701200122540705,46.995440508324094,1.2274928490980175,1.6851844770354996
12940,7.765379319523769,0.8415313534523426,0.0,0.0,0.6711285433916294
12942,7.29574335973869,0.8000888316718845,72.12489168102785,0.6164520656498107,1.0548192175947655
12944,7.678847113239445,0.38107791996357937,0.0,0.0,0.691864627253495
12945,8.695647109682318,0.4320118447406703,0.0,0.0,0.0
12947,14.68011230229196,0.8877679370334729,36.569112649885284,0.801954224778186,1.5877635635464395
12948,7.229478967355137,0.406121000611732,37.31710957009755,0.9064884915813171,1.562246287575899
12949,8.404646395828001,0.4336221690006815,36.450226989952306,1.1597799496803007,1.3319483588978747
12950,66.61718611714254,0.831359349264394,7.7781745930520225,0.7407785326716212,0.45441195745257185
12951,6.441978257567138,0.3814078305249934,60.639920844275515,0.9504689787503999,1.5404767603019338
12952,5.732306412451427,0.32631176660997896,20.808652046684813,0.8670271686118672,1.0174144878360476
12953,5.789766580685576,0.2983963373401691,0.0,0.0,0.0
12955,21.355406689181432,0.8080395034122582,16.234736421225527,0.6172903582215029,1.8063374877221832
12956,3.7924421609115733,0.6667567415315989,0.0,0.0,0.0
12957,7.420974880508916,0.43962027050411995,40.5697518097506,0.8684656350711137,1.6502663342695814
12962,7.712389572413123,0.46322396921284575,0.0,0.0,0.6533092603448329
12963,8.558684002094267,0.43793054092573924,102.04224148664635,2.023500539395253,1.3880897436750512
12965,5.503246658587378,0.7771034003783138,0.0,0.0,0.0
12966,3.963964906224295,0.2474694035600134,0.0,0.0,0.0
12967,58.14987592570974,0.6652102128896894,0.0,0.0,0.0
12968,21.266182073893752,0.7821324778923778,0.0,0.0,0.0
12970,3.353294872046932,1.1196433877566927,181.86533479473212,1.7320508075688774,0.20617859518600581
12971,36.56015994058782,0.9965092464442776,3.8674827690873643,0.9871953014186966,2.3933707193451372
12974,7.626504535406206,0.4213538417351495,0.0,0.0,0.0
12976,46.288799239826204,1.378761959485752,0.0,0.0,0.0
12977,6.578022119147973,1.5087206695293518,0.0,0.0,0.0
12980,265.2201760900991,0.7192509080532592,20.479519386101675,0.8401854107118636,1.883302152307796
12981,7.948374146889876,0.4270793695604684,0.0,0.0,0.6931306533123229
12982,5.381140149835285,0.3858040769073282,0.0,0.0,0.0
12984,6.551526539669972,0.2687805759864604,0.0,0.0,0.0
12985,7.834755876804509,0.4804349324962019,0.0,0.0,0.6693369522970869
12987,9.110788563783503,0.45659939106128167,0.0,0.0,0.6891533225819776
12988,5.5297757873175,0.9503462834065791,0.0,0.0,0.0
12989,151.26036573483847,1.398109418687696,18.79282654818933,0.7411255540131002,2.215222217338277
12990,13.227181609599732,0.4199105272888804,20.506096654409877,0.14805845959862726,1.075292143962189
12991,7.491363687104849,0.4609978448075479,0.0,0.0,0.6719481371929118
12993,3.732490098604729,0.2429772221581823,5.131601439446886,0.056185417220221384,1.237088357432563
12994,4.064516526004531,0.2544441904787221,23.33452377915607,0.17744885003160507,1.0957314583926814
12995,55.91060006832336,0.7937336750187871,0.0,0.0,0.0
12997,15.831898001528455,0.7613412629414037,43.29357150124408,0.4432788890912363,1.3862524559487195
12999,13.59014558946508,0.8347022824098935,22.627416997969522,0.9428090415820635,0.6086853458728345
13000,12.551081331130206,0.7274628798074907,34.64823227814083,0.2696360488571271,0.9978744233874572
13001,45.211773005389105,1.560960588831133,35.08776873999707,1.3324469141771038,2.061932239321459
13002,5.140351572189814,0.2974986441118536,0.0,0.0,0.0
13003,18.582314620807242,0.7480301088550382,12.727922061357855,0.23570226039551584,1.0557732496693217
13004,5.668397369130755,0.4048919691311964,11.329620210653447,0.5698329691748775,2.3223131287786836
13005,12.149935738988024,0.6149471076770266,0.0,0.0,0.6609762340110963
13006,17.128158832752572,0.8399244248009108,0.0,0.0,0.0
13008,6.893913105928149,0.42059869910225345,0.0,0.0,0.0
13011,1.6039014932345452,0.09518703223943888,0.0,0.0,0.0
13012,7.85072840026382,0.4204465096660809,32.69775003181193,0.8145346983013647,1.5740364482875204
13013,13.661634085581285,0.6218946535900055,32.23305286456275,1.0626281164141567,1.9840873141031952
13014,29.48633571505251,0.9272218611712623,19.32614809008769,0.6514431940478996,1.6809895297181447
13015,21.777181145624674,1.1453864833875056,66.71581521648372,1.3755838188965714,1.0536458615672373
13016,5.488934541892478,0.3266023414259536,34.64823227814083,1.4142135623730951,0.6902003693498544
13017,0.0,0.0,0.0,0.0,0.0
13018,7.516190225475124,0.4730086597781726,9.730997260934137,0.9730997260934137,2.117555789910726
13021,11.858549128537613,0.5937478255599061,35.59469262203486,0.8112750455164641,1.8594351890159626
13023,7.781974816926746,0.45119436538204066,0.0,0.0,0.6928399712219692
13026,27.82828931418254,1.1412520223992184,41.572226305551645,0.6136121963919062,1.5057748917481137
13027,119.31125422446695,0.4487981206360157,34.20964776199837,0.7186900790335792,1.515225275059422
13028,7.145371801510276,0.4862120169781081,0.0,0.0,0.6902217843967335
13029,177.64859976931987,1.4240368718983556,75.66042558696059,0.4714045207910317,1.0937396362217664
13030,8.622600491094607,1.067740842320466,0.0,0.0,0.6906919824605701
13032,8.868401195173307,0.6233111770746845,0.0,0.0,0.6929957435110625
13033,3.493806207874418,0.20168915395758905,0.0,0.0,0.0
13034,4.891347880092365,0.28156241200338766,0.0,0.0,0.5709962097611901
13035,25.226183611500563,0.738823878932741,0.0,0.0,0.6541159869881428
13037,8.47357266113987,0.4616335679738429,31.81980515339464,0.5439282932204212,1.0925540392091564
13038,30.38389369873941,0.9364738387652769,2.1213203435596424,0.02029971620631237,1.0607466852294551
13040,4.582475490041686,0.29106256528426194,0.0,0.0,0.6877165787147106
13043,28.31508920916685,0.7127844772068647,0.0,0.0,0.0
13044,10.485896462449556,0.6174007230731982,0.0,0.0,0.0
13045,9.790266474772729,0.577256277993675,0.0,0.0,0.0
13046,12.478408289737041,0.6940050057059263,0.0,0.0,0.6224086188024227
13047,8.573930276655911,0.45550510807119504,25.415437128730336,0.6727615710546265,1.9443572438812733
13048,7.578183619194704,0.5613744531107079,18.448125469362285,0.1779561942382214,1.3857389647254355
13049,45.15949678030691,0.962771753250132,0.0,0.0,0.5442755745569077
13050,8.536053650935946,0.5893630515940397,17.5836097924554,0.8226250195300772,2.2175963165864583
13052,15.400303759418287,0.7962242357303724,0.0,0.0,0.0
13055,5.734498217544194,0.35887539178148953,95.45941546018392,1.4142135623730951,0.5966668927833199
13058,37.248451549791206,1.097964673538429,42.42640687119285,0.6734350297014738,1.0200373431905487
13059,27.509076424232887,1.1999597131617399,0.0,0.0,0.0
13060,12.509541615445848,0.6101620142154837,0.0,0.0,0.0
13061,15.128490010572769,0.6085229882375113,0.0,0.0,0.0
13062,28.294397775081645,0.8969922633174767,0.0,0.0,0.0
13064,10.497964723786154,0.6470442486679154,60.58327602014712,0.5806703771899085,1.3173876733244698
13065,4.704480212088693,0.3199393906987355,0.0,0.0,0.0
13066,7.57980697372072,0.7727925546699119,0.0,0.0,0.0
13067,4.930962622141075,0.6406066112256722,0.0,0.0,0.0
13068,9.899494936611665,0.057555203119835266,0.0,0.0,0.6923188014458084
13069,16.115198408929267,1.5439075867638699,14.729712382713736,0.9410649577844886,2.4626054322727278
13070,9.171937878357248,0.360784269690626,0.0,0.0,0.0
13072,9.165443641355129,0.3621682500112103,0.0,0.0,0.0
13075,24.03382863447205,0.5749657245553932,0.0,0.0,0.0
13077,9.48134370067527,1.4561280382788682,149.81432953270303,1.2313506536934495,1.0574203511981823
13078,39.6615496696054,1.1243983406413662,7.706490770772389,0.544243698500875,2.467320587037768
13079,29.517954987882653,0.8046693772253335,20.2895703913776,0.6056588176530627,0.98007248899629
13080,4.959161219399909,0.5123100433264369,0.0,0.0,0.0
13081,28.966126780263146,1.046720403332611,34.500241545048155,0.9745830944928858,1.7856046788352502
13082,114.07162335010874,2.3043943360437944,25.068121475007143,0.9595453196174982,1.5591184275953005
13083,9.5240465016035,0.5643879408357629,0.0,0.0,0.6571307664338937
13085,11.616394072835654,0.6142104153104797,0.0,0.0,0.6353192082127549
13089,40.43712422692511,1.2497008855557132,4.32849341724784,1.2478539581255033,2.5370269560926104
13090,90.50230828623191,1.5742499325949741,21.372160180225833,0.7760840288908821,2.1213770440204556
13091,8.254456920210986,0.501253817952781,0.0,0.0,0.0
13092,7.727154888228051,0.4042836829117077,53.66174925711361,0.7478989443500155,1.4484543434226635
13093,48.52181164201813,0.9849980978006787,8.383657572069263,0.6243149255796259,1.1494250007742017
13094,23.221479000195522,0.2891660419674431,22.554177198268818,0.7254267519911023,2.193942309915745
13095,3.5155426323684367,0.28351150261035785,0.0,0.0,0.0
13097,12.287146995368092,0.8647420944028374,17.98610574860495,0.4996140485723597,2.145973551068835
13098,57.636907533787905,1.1414655794083424,9.039798046303284,0.8055265585814808,2.274982414469202
13099,0.0,0.0,0.0,0.0,0.0
13101,6.812992708263904,0.5386297229579131,0.0,0.0,0.0
13102,18.067166802649286,0.8549722541255466,13.743845190935872,0.890446308145141,2.4081807611400436
13103,15.509403368832176,0.5086301014620702,0.0,0.0,0.0
13104,49.456278873364504,0.9004493276776,40.82523729263554,0.5848887864274434,1.707055108985128
13106,0.0,0.0,0.0,0.0,0.0
13107,20.567550220701172,0.7788602347845209,58.23229344616267,0.6065863900641945,1.2770868991224829
13108,27.228325202504344,0.7778188082758483,0.0,0.0,0.0
13109,7.096108202308601,0.4240306729581513,0.0,0.0,0.6913729128949984
13110,9.160880829736207,0.892291589346027,45.49029200463178,0.9853492852988834,1.5680207638265922
13113,134.30676321835378,2.1934868841373607,12.182732547832435,0.7937757750712352,2.1339218210064876
13115,10.34848472513936,0.5411491153908972,62.864934582006846,1.102893589158015,1.0660506610355263
13116,8.02050937127516,0.48013585253273505,0.0,0.0,0.0
13117,6.254219340685414,0.48260315144743327,35.33513023283526,0.7107641138788702,1.7391524126073499
13118,14.898066702220476,0.9825826044826956,83.03162048280161,1.2439194079820466,1.3150705472975135
13120,0.0,0.0,0.0,0.0,0.0
13121,3.7968145671263507,0.6690893749561819,0.0,0.0,0.0
13122,4.76560549747624,0.284162124872552,0.0,0.0,0.09918538993830689
13124,13.849812360805922,0.8418075810366399,39.59797974644666,0.29550731154064674,1.0984206036763648
13126,8.181387401596695,0.5455193443750058,59.943624308495856,1.1688171870737354,1.7582379232380148
13127,6.868984329162917,0.39755668070163885,0.0,0.0,0.0
13130,9.899494936611665,0.30935921676911454,0.0,0.0,0.0
13131,24.597725341302873,1.0083852744035466,48.79036790187178,0.5986548208818624,1.0830770124199818
13132,16.678229322483045,0.6472792751287081,0.0,0.0,0.0
13133,4.145752272478652,0.26430114669718185,0.0,0.0,0.6920680799383137
13134,8.53061803237648,0.46610720858444854,45.50824101193101,0.8923184512143336,1.026686091934248
13135,0.0,0.0,0.0,0.0,0.0
13136,8.588852821442538,0.41830807073266413,30.04995840263344,0.780518400068401,1.3533987009391675
13137,4.948075470949751,0.9542613381917717,36.615115275889366,0.8717884589497468,1.8027986906557867
13138,3.9158336728996344,0.2563384089534149,47.07228483938293,0.6763259316003295,1.764380313088894
13139,18.783841726427546,0.6304621759572043,35.852010636318106,0.8925811776676708,1.4543333322032486
13140,6.994096751688574,0.7592949366979949,171.82694782833104,1.3371746912710587,0.6623001740149825
13141,10.04593343631965,0.5677450607653178,58.68205290660283,1.0250140245694817,1.3144158865419433
13142,7.405796656043964,0.5546690647335021,0.0,0.0,0.0
13144,23.180613307963473,0.6267853981423201,0.0,0.0,0.0
13145,104.31928041674112,1.0119570628281167,116.64618867898486,1.0540318254125136,1.2611014908074238
13146,14.158323134135209,1.0514677964278474,0.0,0.0,0.0
13147,68.58921197972754,0.3849001794597505,23.437861108329262,0.7990179923294067,0.8675632284814613
13148,9.09854415709852,0.7829354286115442,35.68702336093102,1.1824013764163892,1.6826506849089744
13149,12.539046086985476,0.6433886397150168,48.0,0.5274725274725275,1.3459469531456072
13151,9.517896244776134,0.5599341125183317,0.0,0.0,0.0
13153,40.68028688385052,1.2549963046722836,0.0,0.0,0.0
13155,8.932254675356841,0.7813057209653943,116.940155635265,1.053514915633018,1.2702172324738403
13157,9.976240665371847,0.4984625365475647,22.6789182575654,0.27434175311571046,1.2279238362579012
13158,6.350932643304625,0.41773406725814316,76.95020034628456,1.0352044889634695,1.3819749901847407
13159,7.729622979483455,0.6504742361981418,23.57965224510319,0.6737043498600912,0.9583774711724238
13160,9.367496997597597,0.4081698038168888,0.0,0.0,0.0
13161,8.528458138156376,0.6051234155676364,0.0,0.0,0.0
13162,14.115659768421217,0.6605127802126863,27.061657993059725,0.3829479904678263,1.0753975924977641
13165,23.382023093584024,0.9613942220410865,0.0,0.0,0.6456850397902097
13166,7.054184236600461,0.6932443760801028,0.0,0.0,0.0
13167,8.613748815344346,0.7075350018290504,26.210684844162312,0.6392849961990807,1.3567424631661869
13168,8.392117820608432,0.8333655004204887,68.00980321492875,0.7286764630170938,1.22537490270554
13169,54.94673229359131,1.0020024686015696,0.0,0.0,0.6033340987859048
13170,2.497960438198822,0.6890331352673245,0.0,0.0,0.0
13171,13.736679796652057,1.349004655421521,157.6848122046001,1.1385184996722029,1.083023476469596
13173,6.17069159600275,0.7502890955128467,0.0,0.0,0.6912512861210941
13174,7.891525615104567,0.8796282052881347,174.65537495307723,0.9951873216699557,1.0378380927693545
13176,6.499168527534563,0.949476775388541,0.0,0.0,0.0
13177,2.4020671244967815,0.14457476054680576,0.0,0.0,0.0
13178,12.183851294641027,0.5639223667366823,19.795903055374307,0.6016991810144167,2.023309884651753
13182,3.564410954778567,0.3235560364958263,0.0,0.0,0.0
13183,41.05960779262501,0.9751939553251446,19.300259065618782,0.4795095420029511,2.0295826663393206
13184,9.70112812258599,1.0321016347524903,35.505085707699834,1.1791356877095887,1.6894847834446474
13185,0.0,0.0,0.0,0.0,0.0
13186,9.2478545508795,0.4635986709221332,12.727922061357855,0.2892709559399513,0.9180295696252523
13187,5.134776195373717,0.8049602543378845,0.0,0.0,0.0
13188,59.821233688381916,1.0440005879298764,0.0,0.0,0.0
13189,4.765313919225937,0.5301292913056321,0.0,0.0,0.6928188169323946
13192,4.8288841485187515,0.3335961810609046,0.0,0.0,0.6929794953758506
13193,4.053620622083824,0.9972429423178732,0.0,0.0,0.0
13194,12.691072978016214,0.6272358967718062,0.0,0.0,0.0
13196,8.565039183419493,0.524065408546176,88.95129753597378,1.0674155704316854,0.9166004752681807
13198,6.137832402067542,0.4078365898517201,31.693847983480957,0.4527692569068708,1.729056972578719
13199,72.05896798929794,0.8734758453320784,9.286238971415404,0.9930371154403757,2.256039110532817
13200,13.46187369326177,0.7117036052477806,28.583211855912904,0.8166631958832258,1.091736869395909
13203,8.033449630757936,0.5266563487143772,46.130250378683186,0.5990941607621193,1.2859851595501843
13207,19.08126511978251,0.6099661190692083,0.0,0.0,0.5149365618303989
13208,6.75690587807511,0.8225990488056143,36.156603822815,0.7289637867503024,1.5322255347487426
13209,11.500654173541285,0.6266046105744869,44.87761134463375,0.9548427945666755,1.5140508811738407
13210,6.0310925977038305,0.3753650479503346,0.0,0.0,0.0
13211,41.597863155346204,1.9454162588727326,128.69343417595164,0.7353910524340094,0.8513480259381678
13212,5.51301708929244,0.9933616215099055,28.991378028648448,1.414213562373095,0.6588748613927706
13213,9.658203499174197,0.5716491831575305,32.877297131404625,0.9326892803235355,1.2923771593731594
13216,33.546316042152824,0.5025815910911611,0.0,0.0,0.0
13217,83.11892744736302,0.6226370084824376,10.606601717798213,0.6428243465332251,0.3193754850530176
13218,5.922458948781326,0.47273778326798577,0.0,0.0,0.0
13220,45.97204644957525,1.1783531782898367,48.01388688008224,0.9174628066257753,1.118651634207155
13221,9.85428113630247,0.767494548088839,0.0,0.0,0.6776273190682705
13223,38.11676796371906,1.1677931361433536,0.0,0.0,0.6652042646399302
13224,21.87519890964305,1.0958145978531273,0.0,0.0,0.685367953801265
13225,112.59705445067266,0.5574249582943769,20.77899580505917,0.35119429529677476,1.8846347638443761
13226,4.14974974145028,0.6135846581942932,0.0,0.0,0.0
13227,22.122895380125993,0.7726273124607448,0.0,0.0,0.0
13228,0.0,0.0,0.0,0.0,0.0
13229,2.809848750377856,0.17457898418004697,0.0,0.0,0.0
13230,6.168081474164608,1.3426213250282604,28.66808285112512,1.0527827035723916,2.010634059247011
13232,5.938537668268733,0.905478268511806,31.426103799230347,0.8270027315586933,1.445412456074495
13233,8.051814374951906,0.5721642287859134,0.0,0.0,0.6931317646992753
13235,14.194793214986015,0.7984889546482672,0.0,0.0,0.0
13236,7.24642985441249,0.3502335701937969,0.0,0.0,0.676971467829111
13238,15.388639050544949,0.6807869087478677,98.1851991561525,0.8637994060658578,0.9613895481501702
13239,8.929287952201639,0.5689860632244035,0.0,0.0,0.0
13240,6.147789787175539,0.6206613662936203,16.65332799572906,0.18641785069845965,1.329625219308091
13242,0.0,0.0,71.4177848998413,1.414213562373095,0.666278442414676
13243,6.34719911696246,0.6134910073555129,0.0,0.0,0.0
13244,2.2246474799968667,0.49339150615997535,0.0,0.0,0.0
13245,8.408425833650432,0.312508277208843,0.0,0.0,0.0
13246,27.514398965553724,1.952161351654544,61.27968668327213,0.9852039659690053,1.4616208429009092
13247,11.810156688206977,0.5891880531712453,14.798648586948742,0.7046975517594639,0.9374175188821785
13248,5.22270345555014,0.29159570916574395,0.0,0.0,0.4526174521740044
13249,54.12499531077396,1.749869824922058,118.79393923933998,1.414213562373095,0.6769412695561203
13253,32.22321781494217,1.1258111814226688,0.0,0.0,0.6903203578935759
13255,21.30580353102328,0.693287892426479,0.0,0.0,0.684688362228445
13258,16.652268641978146,0.9058178138440401,120.91525958289962,1.2530078713253847,0.6280233107503446
13259,3.397778343921011,1.0112435547383962,0.0,0.0,0.0
13260,69.16298385490815,0.9922597303526868,0.0,0.0,0.0
13261,26.09913791679718,0.24880017079882916,0.0,0.0,0.33563591133840903
13262,12.608407368245855,0.6924583406595657,0.0,0.0,0.0
13263,4.819827554026414,1.0843540251302035,8.99831634083271,0.9998129267591901,2.277962556218296
13265,28.16994286471347,1.2162610671023437,30.357591033106257,0.5544765485498859,1.5156279825862804
13266,16.433490017229982,0.8014747652016313,11.545168214058602,0.5269578852889818,2.152249376479128
13267,10.660588013580949,0.4974873483886021,19.58056926676182,0.9844978960941697,2.17603452166212
13268,6.282224598787329,0.85985859397529,24.4367664709461,0.9933644906888658,1.6246606779402817
13269,16.37024481691346,0.9675972343398344,27.956009399384268,1.0752311307455487,2.162966736791104
13270,0.0,0.0,0.0,0.0,0.0
13271,2.428154513638962,1.0723287943202704,0.0,0.0,0.0
13272,4.787839457068989,0.25968177558589395,0.0,0.0,0.6929593578759679
13273,6.223321594347079,0.7164566521050028,0.0,0.0,0.0
13276,8.797130677722116,0.4466077544407348,0.0,0.0,0.5422568323447544
13277,10.955363982999378,0.3391753555108167,44.63556130859489,1.154367964877454,1.0201586281914605
13278,8.50980792769047,0.7212631781433892,0.0,0.0,0.0
13279,6.880111029465861,0.44951723604495647,0.0,0.0,0.0
13280,5.562869153709128,0.5802762168535404,122.32947314527271,1.1486335506598377,0.4081134133390949
13282,21.560551620637774,0.7046305315275474,60.81118318204309,0.602090922594486,1.094006951343094
13283,6.437556472244212,0.48113277072079313,0.0,0.0,0.5854951007997351
13284,5.157613366764286,0.3332619601766277,0.0,0.0,0.0
13285,5.071008419728948,0.35003195668309756,42.15843134336634,0.4772652604909397,1.372844113353384
13291,8.506086066706358,0.9893262850701089,0.0,0.0,0.0
13292,6.875368517982474,0.368149418000927,0.0,0.0,0.6836171949521404
13294,4.697208710666192,0.2903029166296317,0.0,0.0,0.6874031205389395
13295,3.6928760246362637,0.18354254595607672,0.0,0.0,0.0
13296,9.701907029033002,0.5550290062375859,0.0,0.0,0.0
13297,21.172995983396316,0.5977494858580198,21.73323108360405,1.1050795466239347,0.9110986596938075
13298,127.27922061357856,0.7071067811865476,0.0,0.0,0.0
13299,18.19890106572372,0.6385579321306569,0.0,0.0,0.0
13300,5.371834416658801,0.2888937275354971,0.0,0.0,0.0
13301,6.385995180427593,0.8368774929454206,7.637626158259734,0.12252876189721498,1.382756567445753
13302,0.0,0.0,0.0,0.0,0.0
13304,3.7796951880126146,0.26420877088164874,0.0,0.0,0.0
13305,12.442561976915476,0.5037071659837038,32.73419890233726,0.8093620607720752,2.1399277659126166
13307,0.0,0.0,0.0,0.0,0.0
13308,24.120707062384767,0.9401001662700215,86.2670273047588,0.9585225256084311,0.9629493781433299
13309,5.487427373394151,0.4030469243701386,40.97153483415854,0.5462871311221139,1.5601464687449151
13310,3.552700220068902,0.22596081008892074,43.1335136523794,0.29243060103308066,1.0914276985472156
13311,21.079296196833663,0.9156183923645942,0.0,0.0,0.4732060067252061
13313,9.524327838709711,0.4776493399553516,48.586692279539534,0.6150214212599941,1.325348403932455
13314,5.698362934869398,0.4553167795988126,36.062445840513924,1.015843544803209,0.8757466643640996
13316,77.35748456607678,1.1258623519711797,43.58898943540674,0.6054026310473158,1.3175685468832161
13317,6.07957298319644,0.3315625109586039,63.73539048283928,1.0951098021106405,1.2752471182913747
13318,26.469095305956138,0.8261781417677801,19.091883092036785,1.0909647481163878,0.6916682434561454
13319,14.408397250038078,0.6323696899666799,13.200126262022394,0.9375089674731814,2.3926614644307036
13320,4.681138226365423,0.3203981739489474,55.48873759602033,1.2330830576893406,1.0957517105517143
13321,64.266079671656,1.2459935074524393,0.0,0.0,0.0
13322,8.641981312176044,1.0830636294585978,0.0,0.0,0.0
13323,42.10373894719248,1.122267586331208,21.587033144922902,1.079351657246145,0.9769981837169464
13324,63.94867748634253,0.6734322498017664,39.75480404233486,1.1111591191956949,1.6178748973586523
13325,45.28724735206671,0.80474895339079,0.0,0.0,0.0
13327,22.011521468398215,0.6552908036030419,27.24229904290123,0.5903903817347016,1.861812413787974
13328,63.11562331057465,0.8200091681032717,0.0,0.0,0.0
13329,36.814236416652406,0.7932091496617122,0.0,0.0,0.6667164905390324
13330,12.377610305104206,0.5749812400151831,26.16295090390226,0.23464529958656735,1.094893516058726
13332,3.4650389264631305,0.2073691007572691,0.0,0.0,0.0
13334,9.200495209325384,0.6971609287719485,4.242640687119285,0.038221988172245806,1.053649910976039
13336,3.9830809239907268,0.2554798359034197,0.0,0.0,0.0
13338,28.472719856441394,1.1107997151500688,0.0,0.0,0.0
13339,4.7164293633958065,0.29610657306349525,0.0,0.0,0.0
13340,62.82835606921988,0.7841489681232083,50.693852355750856,1.3224483223239354,1.221341679504438
13341,11.596510210871537,0.627767518021015,0.0,0.0,0.0
13343,8.686013190537924,0.46695031723458835,0.0,0.0,0.0
13344,27.83635077680172,1.3022367801642494,147.78531726798843,1.4142135623730951,0.6467792436468205
13345,7.68283287938971,0.3944971953473535,0.0,0.0,0.0
13347,8.849490703666833,0.20739373573158734,0.0,0.0,0.0
13348,7.690140969570593,0.46056627983396775,0.0,0.0,0.0
13349,10.357111244615139,0.6700379262244954,0.0,0.0,0.0
13350,14.937171530558704,0.6102284308586773,0.0,0.0,0.6407975461609771
13351,8.333968142487706,0.3565906035187551,0.0,0.0,0.0
13352,8.598097489257878,0.5185042960505278,0.0,0.0,0.0
13354,6.413009045651491,0.4398793072616116,0.0,0.0,0.0
13355,15.690450339452934,0.7441743157884895,0.0,0.0,0.0
13356,8.719023096830643,0.4766726154156084,0.0,0.0,0.0
13357,5.827570470660295,0.8598759609138888,0.0,0.0,0.0
13358,7.954944259851222,0.5254615482670556,0.0,0.0,0.0
13359,9.69404423735983,0.507241371961225,0.0,0.0,0.0
13362,8.247273564113716,0.44295133581047796,87.18562572656879,0.9442486540783623,1.3858227212497671
13363,8.483892847809157,0.5128801721597475,0.0,0.0,0.6694659546730657
13364,5.183965020458118,0.384111219654573,0.0,0.0,0.0
13365,9.124294616989742,0.5248159681197675,0.0,0.0,0.6229062370546519
13366,0.0,0.0,0.0,0.0,0.0
13368,11.349759996160419,0.5279804938861921,0.0,0.0,0.21802916971158287
13369,12.559338542112187,0.5703605150822972,0.0,0.0,0.0
13370,6.99184893658014,0.3612305543028938,0.0,0.0,0.0
13372,8.9308898148715,0.5424954197708761,0.0,0.0,0.0
13373,14.542914190230254,0.6937219237848533,14.142135623730951,0.13216949181056964,1.0934643997473115
13375,15.965687616920263,0.7586597853028316,0.0,0.0,0.0
13376,10.131652202011548,0.5265724942208089,52.32590180780452,0.7809836090717093,1.0798604656818689
13379,5.42538814192587,0.9191397404059127,19.091883092036785,0.3503097815052621,1.0226080758874638
13381,11.383709362571112,0.5380135273890466,25.971137826441105,0.4900214684234171,1.7762168892899854
13382,2.179678220026329,0.1466217018718101,0.0,0.0,0.0
13384,26.15121809472929,0.9573825065448723,18.584043334717734,0.7689948966090097,1.4921971948270305
13385,7.62667028682016,0.49934238741176196,0.0,0.0,0.0
13388,10.324687514346746,0.533693786740712,0.0,0.0,0.0
13389,4.753600723991999,0.30381677894078896,66.46803743153546,0.6042548857412315,1.085641596269268
13390,37.67481345980056,0.9001848532888679,0.0,0.0,0.0
13391,0.0,0.0,0.0,0.0,0.0
13394,13.213158851895056,0.8127076856706429,13.04935685333627,0.2994934359782095,2.077019216199668
13395,7.947898674073126,0.542395268931287,0.0,0.0,0.0
13396,21.841598015620765,0.6900776013576094,0.0,0.0,0.5971996407236568
13397,33.35034468398402,0.8207295357200447,33.595634637057636,0.509024767228146,1.6002758733336546
13398,7.074953003377479,0.4022144970652347,0.0,0.0,0.0
13402,11.68546505951817,0.7335980833527174,0.0,0.0,0.6931189250587311
13403,17.320508075688775,0.692820323027551,0.0,0.0,0.0
13404,14.536098701320977,0.6332808654383569,0.0,0.0,0.40012727565264294
13405,8.427226034765273,0.39747524755596964,12.020815280171307,0.0989367512771301,0.7051251986231403
13408,47.9487119022129,0.8151457012992037,6.242635004809962,1.078755624060645,2.495206132864337
13410,21.802917272404205,0.6086193085431757,36.124783736376884,0.5432298306222088,1.5750647851171573
13411,9.207474673833268,0.7760924567033426,0.0,0.0,0.0
13414,109.42187287303888,1.8886191650146948,82.02438661763951,1.0126467483659198,0.5934010470224267
13416,19.996944210998286,0.533251845626621,0.0,0.0,0.6669088796588934
13417,7.803308915226606,0.34095259214822177,0.0,0.0,0.6580298150470142
13418,24.15879371591615,1.1985895048394692,27.386664852893382,1.3151788206191737,1.9935685453346499
13419,7.5965473517030535,0.5498270045564501,0.0,0.0,0.0
13420,10.408236350533718,0.5209001614280246,0.0,0.0,0.6468735546752324
13421,15.354683186021514,0.8626785721558429,0.0,0.0,0.6872401612440381
13422,10.219026283737927,0.4941614964150008,0.0,0.0,0.0
13425,16.471293130350983,0.7910066211680612,46.66904755831214,0.5018177156807757,1.0543865992784318
13426,26.29119129206155,1.1335771184223478,30.64718584144391,0.7791657417316248,2.134478450227765
13427,14.694614777130969,0.7314518169186374,4.949747468305833,0.05076664070057264,1.053981538504918
13428,2.218670802435917,0.7515065655708238,0.0,0.0,0.0
13429,8.762166469501606,0.5831000729604764,15.143755588800731,0.7327623672000353,1.096820460863958
13430,8.935283220160947,0.6443871922700514,0.0,0.0,0.6930966558626717
13431,29.02192082057875,1.0519331477004354,0.0,0.0,0.6322747577886392
13434,66.7406874402714,1.249264140466296,0.0,0.0,0.0
13435,42.77515274243464,1.1339672344833838,17.255916859635906,0.5720193434133449,1.7543581074441377
13436,4.698021101775434,0.28633375601252076,0.0,0.0,0.0
13437,12.886832986352841,0.6314739496138344,22.49814807193398,0.7802825920901958,1.0934812210504894
13439,3.6631399134017846,0.6972244733132297,0.0,0.0,0.0
13441,19.99561028749137,0.8762909039151423,0.0,0.0,0.0
13447,10.47089476459605,0.5471268320236347,5.656854249492381,0.9428090415820635,0.0
13448,12.969772972552601,0.714563814929707,68.76408946535975,0.9685083023290105,1.3614487470209584
13449,7.659206935263793,0.49857794905444724,0.0,0.0,0.0
13450,19.922715094595983,0.6921265005560031,17.59829537199555,0.46556336962951195,1.5526242652993898
13451,4.94770480610247,0.7364659809160808,18.59211302317912,0.24303415716574014,1.5830334683276153
13452,0.0,0.0,0.0,0.0,0.0
13453,8.167421473721786,0.38894662180870176,0.0,0.0,0.6924819065920405
13455,11.839684386706072,0.514603512848876,0.0,0.0,0.6444614172562895
13456,35.714791723092276,1.27356450289509,33.61993456269658,0.8989287316229032,1.5524746047542877
13458,18.45953479754951,0.7309895945049808,8.836840136029597,0.3320200051109386,2.292395192722609
13460,3.426091925554967,0.3175074287747189,0.0,0.0,0.6783491750238322
13461,27.603762801431994,0.5157796509610131,52.32590180780452,0.8439661581903954,1.0633435679498255
13462,2.9141894241795603,0.17312016381264717,0.0,0.0,0.0
13464,5.792594862745232,0.3520133831928537,0.0,0.0,0.0
13466,6.626737729922355,0.3658802903822021,0.0,0.0,0.0
13467,9.402501096008507,0.8589452976394443,0.0,0.0,0.0
13468,13.474436184860537,0.713286788156271,5.962315519092089,0.6097822689980544,2.42280054479967
13470,0.0,0.0,0.0,0.0,0.6108643020548935
13471,7.944928693534759,0.8159653103275573,10.535653752852738,0.7023769168568492,1.0771570584198669
13473,11.31836895114688,0.5623834657724884,0.0,0.0,0.6830765958437741
13474,2.7458472206816964,0.7654262908821314,0.0,0.0,0.0
13475,8.627178417180236,0.5181922808514577,9.018499505645789,0.2552405520465789,1.2886284257310845
13476,20.351765905415796,0.953113456534366,0.0,0.0,0.6777558708017428
13477,10.516214612803324,0.5711483413847727,27.94279871451677,0.5544206094150153,1.6591251977372574
13479,8.646912468511244,0.4309808507315789,0.0,0.0,0.6923185260921159
13481,6.326044260332845,0.382109114895753,36.09593698280551,0.6908313298144596,1.345654950147458
13482,3.869478940726681,0.23052571678939282,0.0,0.0,0.0
13483,6.5758619206914615,0.4685664757511373,0.0,0.0,0.0
13484,24.321815604220717,0.6200590338870801,0.0,0.0,0.0
13485,12.885425338963707,0.652440962478349,0.0,0.0,0.0
13486,5.601415391706979,0.3443462389214116,16.97056274847714,0.44659375653887207,0.9909605936735906
13487,4.476728298287098,0.26452687198776736,10.606601717798213,0.07190916418846247,1.0931155220755584
13488,17.212658639709748,0.8099343071278216,16.781122149786665,0.5820042364087861,2.233036932268065
13489,41.072152433181614,1.2791647403108706,63.67364708679199,1.0160688364913615,0.9542176934850005
13491,5.496601770729965,0.38879748012269666,35.83992187491485,1.02399776785471,1.8254340216099283
13492,14.51249784264077,0.5714301739841543,19.091883092036785,0.49589306732563077,0.560458675782899
13493,47.671480374238726,0.6164780935194055,0.0,0.0,0.6020753887791654
13494,5.548250386648136,0.31577976019625126,0.0,0.0,0.0
13495,33.95494210822182,0.7970370836261705,87.8877124517415,0.9792502780138329,1.2478749646512204
13496,12.164894511971529,0.6516941023969564,0.0,0.0,0.5430475087549962
13497,6.0771934889185815,0.33175312825586284,0.0,0.0,0.6861757100686359
13499,17.988382366800415,0.6518035901731651,61.0163912403872,0.9762622598461952,1.2427359325537857
13500,5.651786213565245,0.3148573445338335,52.32590180780452,1.0678755470980514,0.5927138798335333
13501,23.717021227962036,0.9201422823311045,0.0,0.0,0.0
13502,12.011159299269092,0.7404139294069989,148.49242404917499,0.9705387192756535,1.0831963406255636
13503,4.023286993901146,0.3154064048711989,0.0,0.0,0.0
13504,5.436369845730431,0.4041500915962203,0.0,0.0,0.0
13505,27.056715244657322,1.3240062949318274,35.72580766523457,0.6783381202259728,1.315075631101252
13506,4.771560944403189,0.2705674442870167,0.0,0.0,0.6431860936553386
13507,5.936384214452394,0.38791132590929506,43.2087954009366,0.9193360723603532,1.2397901269109903
13508,5.735378445149973,0.620208536918083,0.0,0.0,0.0
13509,19.246494950112172,0.8643753090729347,32.830879772961715,0.7242105832270966,1.4229610801420087
13510,5.817023889069968,0.3733939958712219,24.43358344574123,0.40722639076235384,1.348878680582097
13512,5.433243528325898,0.3244243976150968,0.0,0.0,0.0
13513,14.423453123298872,0.7032400352656691,0.0,0.0,0.0
13514,3.128897569432401,0.08223121076037847,0.0,0.0,0.0
13515,5.261744137970395,0.34837384879730376,36.47373484212075,0.6324925117130766,1.3140963094418945
13516,43.73448265012881,1.3849887625723636,81.31727983645297,0.7494680169258338,0.9310586807690526
13517,4.869670655164164,0.3225977778719177,18.384776310850235,0.30641293851417056,1.026825602422643
13518,5.351401140622151,0.30837262426246775,0.0,0.0,0.0
13519,4.432464446719067,0.28887751994910416,0.0,0.0,0.0
13520,39.452617837488916,1.0123452367697572,14.652644812456213,0.23557306772437642,1.7478939634746846
13521,2.392881658052097,0.9539582159838286,0.7071067811865476,0.20203050891044216,0.576406953538412
13522,9.370325501283295,0.37242947143415317,0.0,0.0,0.0
13523,22.132346065513733,0.9601207409223891,88.65288113385449,1.0681070016127048,1.2713085437836085
13524,12.082589201961715,0.4796229063673826,21.344398172198094,0.48235928072764056,1.5481948252891538
13525,98.95851285597752,0.9442906535447455,0.0,0.0,0.688116128806608
13527,6.7777333203172025,0.660733518293138,48.911143924467765,1.008477194318923,1.4839595755355073
13529,12.543615602407161,0.6113667599301645,0.0,0.0,0.6774193230492302
13531,9.640744838390912,0.43839683018726755,0.0,0.0,0.6582300850729736
13532,3.843936080643719,1.2063134483499856,0.0,0.0,0.0
13533,2.1821353576939826,0.6124387428809878,59.39696961966999,1.414213562373095,0.6896942801853473
13534,8.677351673521384,0.43755725566982556,14.846985250026105,1.0268808242092984,2.3658831132327056
13536,16.02661156992197,0.8319379956488673,9.806460455570434,0.8287149680763747,1.221604488648472
13538,16.221633703175524,0.3166185287733834,24.33926868252208,0.5408726373893795,1.8345793662727239
13539,5.5050567935581105,0.3226266375671589,60.81118318204309,0.5478484971355233,1.0393035326898816
13544,2.602321373377908,0.7769189783599669,0.0,0.0,0.680859051126584
13546,5.483524761905703,0.857087715381041,75.66042558696059,0.8092024126947656,1.095249459982004
13548,6.958051746031058,1.264340230225013,0.0,0.0,0.6775036266489726
13549,6.730377724446489,0.3738284294780777,26.028189846139256,0.7297623321347455,1.4618781300711845
13551,10.2,0.44444444444444436,0.0,0.0,0.0
13552,21.411851659496364,0.6240235693142383,23.963988133712785,1.0672221436066422,1.865849388376731
13555,22.99758891596492,0.7537867033729295,73.90083445627211,1.7320508075688776,0.6656142382075967
13557,10.118071882015155,0.5890053145028169,0.0,0.0,0.6776069945762568
13558,2.871058811572377,0.8303892044180181,16.258331197676263,0.7995900589021113,1.0097301943890917
13560,2.835004342362128,0.5365323352523382,0.0,0.0,0.0
13561,20.793141409376545,2.052051175322654,0.0,0.0,0.0
13562,9.020184182651102,0.41107251197800865,31.81980515339464,0.39042705709686676,1.0985377716238571
13563,28.898367959943677,1.8211773565486093,0.0,0.0,0.6729427718119336
13564,59.748055399387084,2.8353527107460907,138.59292911256333,1.2485849469600299,0.6229090991067502
13565,5.714163307467654,0.9039139359077965,0.0,0.0,0.689725763807429
13566,5.221501863548356,1.0506160075733795,0.0,0.0,0.6348853569150659
13568,2.7759964308212552,0.6333619028059904,0.0,0.0,0.0
13569,3.232635598573595,0.7351813401438275,0.0,0.0,0.6242609763206517
13570,10.635411821616717,1.1990317724483333,0.0,0.0,0.0
13571,3.9081890220119933,0.6369448538015645,12.102591758492363,0.5641038531500678,1.9812459363856343
13572,31.11773534546342,0.7418351211127274,0.0,0.0,0.0
13573,9.347157330110912,0.825496231599469,0.0,0.0,0.34213255247617463
13575,5.52703444957269,0.3472940902923815,20.62967118820204,0.5464813559788619,1.5345459159298933
13576,73.67862357985673,1.3820212421973501,7.915453983487358,0.3801206715234042,2.3891492219359893
13577,12.641355461763865,0.6217305660858027,18.448125469362285,0.2574157042236598,1.3765802130807692
13579,10.410900641823119,0.5126985156773118,0.0,0.0,0.6490695229926651
13581,9.47874815925957,0.803283742310133,0.0,0.0,0.0
13583,6.454497267659916,0.4379964344339854,0.0,0.0,0.0
13584,6.216102278456484,1.0476576873803063,0.0,0.0,0.0
13587,101.35858551273719,1.1382210613446064,0.0,0.0,0.0
13588,8.10188416018481,0.5686794182505323,37.1098754665501,1.2579618802220374,1.7187815648530764
13589,6.954307503780867,0.3846712961395975,0.0,0.0,0.6674785403483097
13590,18.43622456640815,0.80929176620525,24.913851568956577,0.4280730510129996,1.7445561548675665
13591,9.384474914412516,0.4872302641912095,54.44722215136416,0.5417634044911857,1.0840622321923374
13592,5.559059272934586,0.3587068412927624,84.32674546073743,1.109562440272861,1.0053663712855716
13593,9.603729749343493,0.6034507274706772,41.93944046678099,0.7390209773882113,1.3651538657369098
13594,7.991678681844394,0.5234240515100743,0.0,0.0,0.0
13596,4.863464811679346,1.1582336146258054,0.0,0.0,0.6766771604843713
13598,4.315096271618203,0.9580054996099688,0.0,0.0,0.0
13599,20.80677891157492,0.9972067266935999,22.90133298809436,1.2758402778882652,1.9241495497233578
13600,9.92530615846087,0.8590598442545395,0.0,0.0,0.0
13601,6.472048193023759,0.9241515766303467,0.0,0.0,0.6902136580758724
13602,6.708717678168869,0.35976708852592504,0.0,0.0,0.0
13603,5.017181249696654,0.8242904572338424,0.0,0.0,0.0
13606,7.525876703417269,1.1535349620266004,103.23759005323593,0.7321814897392619,0.8699315288918137
13607,5.473723049700855,0.7911754382246335,0.0,0.0,0.0
13610,4.518543207255066,0.9022076234580032,8.750238091998792,0.1951725968475567,1.8965354364589173
13611,10.69422059296877,0.6753476052907399,76.36753236814714,0.565685424949238,1.065395119224202
13614,7.416536352144887,0.925650936242516,55.89573627150226,0.5497941272606779,1.3091430295424842
13615,6.564035952384,0.36144707056628594,0.0,0.0,0.0
13617,10.271177071568669,0.8304821771270929,4.242640687119285,0.06060915267313264,1.0712726770884464
13618,8.221295362404724,0.6026662891127857,0.0,0.0,0.0
13621,4.990491367948376,0.44339179794724876,0.0,0.0,0.0
13623,15.36066731225495,1.6638771460759194,75.80842081633588,1.1442780500579002,1.588751459874015
13626,4.1218203410600776,0.3044535492755179,0.0,0.0,0.0
13627,20.73014364989644,1.1639964209234668,62.1825270205921,0.8403044191971905,1.5997652626402894
13629,101.78790950180723,0.7706890673180687,18.0,0.5806451612903226,2.142949441696394
13630,35.62749167000361,1.2449930152724489,22.569152989571112,0.4888625196296992,1.767791272434051
13631,278.19120494561093,0.9966399562280471,20.89258241577618,1.2662171161076472,1.2351518926096954
13632,10.414370514896229,0.7167866868314026,55.174722473248565,1.0170455755437524,1.2781368907849469
13634,7.668906029876322,0.9153065933725769,49.34234151990222,0.675922486574003,1.4997739336768112
13635,7.497878108087917,0.4340386755753349,0.0,0.0,0.0
13636,5.519100799071561,0.36634287586554737,56.310892966340596,0.9119172950014671,1.5346248165446958
13637,6.227736923483427,0.7760659213717781,67.88225099390856,0.7802557585506731,0.9936446223991414
13638,5.0447936387074215,0.3290798198765441,0.0,0.0,0.0
13639,38.97632217128754,1.5087511243651672,0.0,0.0,0.0
13642,5.458320130591339,1.015358310651151,0.0,0.0,0.0
13643,7.326884899330844,0.39494990216630144,13.435028842544403,0.17562129205940397,1.0128898276417035
13644,7.968597416722522,0.44333077623462924,1.5275252316519463,0.05207472380631635,1.3540956901532537
13645,27.270350199438216,0.5408637485013529,0.0,0.0,0.0
13647,21.867062596854094,1.0294245615042268,25.423086620891127,0.3404877672440776,1.3829859364102157
13649,16.55594331028228,1.09863443778561,0.0,0.0,0.6831204126869375
13650,9.810299741025853,0.5128618747827101,44.902115763068444,0.9016489109049889,1.5959112920650504
13651,1.5257784898208515,0.09718334330069117,0.0,0.0,0.43840026774890695
13652,4.368632857839509,0.25132763820350024,69.29646455628166,0.430412823330942,1.0830424654811135
13654,8.34172295195836,0.5114729309042813,37.459311259018094,0.8178888921182991,1.5209605495246354
13655,6.546564259510182,0.39294682415572874,0.0,0.0,0.677297230061545
13656,6.762295277120483,0.8727840605265473,0.0,0.0,0.6829026914347727
13657,17.675820348713664,0.7400772637761518,0.0,0.0,0.6724603713986467
13658,19.86782317745609,0.813030196298555,58.4144673860851,1.210662536499173,1.0538547093683628
13659,12.17453446624361,0.804825568579542,0.0,0.0,0.6380017000849769
13662,7.340771721215001,0.43336849628452484,55.86143571373726,0.6457969446674827,1.0806784189618588
13663,4.133603382410669,0.2836166357277601,0.0,0.0,0.0
13666,5.902674984250527,0.8367643214531165,160.51323932934628,1.414213562373095,0.554916400052969
13667,3.205690238691526,0.9143500451320004,0.0,0.0,0.0
13668,18.671035320192303,1.3789993699296124,11.861037497888445,0.6777735713079112,2.2918530760367024
13669,11.622929923216434,0.4786381574419945,0.0,0.0,0.5273072637737491
13670,7.292715543609253,0.5213551289397521,0.0,0.0,0.0
13672,14.239376039700616,0.4583736050120913,0.0,0.0,0.6365141682948128
13673,7.901481947783835,1.293954264350371,0.0,0.0,0.0
13675,7.931443500397643,0.4073088359351322,0.0,0.0,0.6570221589925981
13678,4.25205754115973,0.29248891082784045,0.0,0.0,0.0
13680,36.99036469786559,1.9377504731018504,161.8528137949209,1.440826235563094,0.8994934544351946
13681,8.479049882195639,0.5838225762356419,39.1066916694999,0.8626476103566154,1.079512474467992
13682,4.907477288111819,0.24743582965269678,0.0,0.0,0.0
13684,1.4998214836301755,0.6692643835922246,0.0,0.0,0.0
13685,205.96804414628667,2.5750627425772508,15.980196077228422,1.743294117515828,0.6640017577115086
13686,0.9258200997725516,0.10286889997472796,0.0,0.0,0.0
13689,66.95271963607352,0.4414465030949903,0.0,0.0,0.0
13690,11.474013513636416,0.5995130428024833,0.0,0.0,0.0
13692,31.701370353553777,1.1289054966259608,118.08683245815344,1.1193064687976628,0.729212094525021
13694,95.0682584568168,0.8302442542479791,7.505553499465135,1.0507774899251188,2.476077534329336
13695,22.5143493045378,0.8091798099173773,8.07145288336317,0.5067279837088986,1.9391004919543167
13697,3.9591868617256005,0.31401349861670325,0.0,0.0,0.0
13699,8.181575790615303,0.371190812977556,0.0,0.0,0.0
13700,13.654171611001484,1.1875184570209492,30.226000580809746,0.9128657893533144,1.901205988044889
13703,0.0,0.0,0.0,0.0,0.0
13704,8.17567972826662,0.47465884057941604,8.078852464481397,0.7979113545166812,1.100182499072195
13705,29.773129348742152,1.1710836706161047,64.34671708797582,0.3525847511669908,1.0704494344939208
13706,8.738638021664714,0.528349588661369,0.0,0.0,0.0
13707,9.247096264091551,0.550415571082197,0.0,0.0,0.5896502021289795
13708,3.7070973265123888,0.6368295730670029,0.0,0.0,0.0
13709,16.782652595373403,0.8911072561129357,40.93971917417859,1.595053993799166,1.6940668548619289
13710,18.76807014966795,0.8319180030881184,0.0,0.0,0.0
13711,7.015769691129716,0.3618384749055237,0.0,0.0,0.0
13712,11.162193332853539,0.4877728252426822,0.0,0.0,0.0
13715,7.01014207973148,0.6819583434059754,24.85290056847825,1.1045733585990334,0.9849333604216831
13716,5.088206578989909,0.7727244587705242,0.0,0.0,0.0
13717,6.8234898828760855,0.48165477612844254,20.0074985942771,0.3803706957086901,1.769228486821462
13718,27.90380764448834,1.092303675530452,0.0,0.0,0.6600344263362103
13719,6.774949738175351,0.39023210994789287,62.63319141371184,1.1545288739854718,1.2880182270983278
13720,10.435915283109324,0.5610005715385685,25.423086620891123,0.5608033813431865,1.340434622316733
13721,7.374808436217139,0.39396847448025313,0.0,0.0,0.0
13722,18.933036961127726,0.6774864725229989,106.77312395916867,1.414213562373095,0.6659451303328445
13723,12.370425080273783,0.37139129588012354,0.0,0.0,0.0
13725,15.755503665167037,0.8273278169696308,41.13740043179338,1.1248507930568503,0.947750266432472
13726,38.765993014520575,1.5080411487040957,0.0,0.0,0.5843353597378521
13727,8.885206155236503,0.532877903036854,0.0,0.0,0.0
13728,3.1551280847101566,0.19561582984307269,16.34013463836819,0.3025950858957072,1.7808252052288203
13730,8.672115092478139,0.49548358886069616,0.0,0.0,0.0
13731,3.5273087936480416,0.21952166618946525,0.0,0.0,0.6931043677509598
13732,5.4922508598547966,0.3684875338006918,0.0,0.0,0.0
13735,12.191007641517645,0.828159008518341,57.83885660465059,0.8342142779516912,1.3285833860278167
13736,4.002076160698589,1.0444002550805171,0.0,0.0,0.6928824591850729
13737,15.018624070317403,1.3267335751163782,0.0,0.0,0.0
13739,26.831138626603234,0.3711084180719673,0.0,0.0,0.0
13740,7.079542229679698,0.4642322773560458,0.0,0.0,0.0
13741,7.170288648639803,0.36472003658386565,55.86143571373726,0.7705025615687897,1.063100627128399
13742,9.769023088855505,1.0015446760233462,26.032497173550393,0.9609311037216588,1.7501191576817243
13743,15.07004698392016,0.4605485437840836,28.329607598176626,0.6718484015377856,1.7556042241797745
13744,10.951461525575748,0.6818855977735775,0.0,0.0,0.5363732629421492
13745,5.642762089615333,0.47016748513659284,0.0,0.0,0.0
13747,0.0,0.0,0.0,0.0,0.0
13748,42.95311926234322,1.2683230575751228,72.20053093064251,1.0426069448468234,1.064643734633275
13750,101.66178029716185,1.4811764549202218,44.128599947577456,0.6304085706796779,1.6076881200786275
13751,51.73385013702344,1.5716612699855224,0.0,0.0,0.0
13752,13.40377972354041,0.8587241283584577,10.606601717798213,0.4419417382415922,1.4828107923815306
13753,13.719620937017982,0.6477979828880951,0.0,0.0,0.0
13754,12.967056159921015,0.5506180959626757,0.0,0.0,0.6877258430026445
13755,7.444967139462131,1.1780501823841807,4.7207747548166585,0.674396393545237,0.8998710795003604
13756,40.052375535483066,1.095946701436471,39.64974860074858,1.4397953402506467,2.0731174605968845
13758,22.17251330891098,0.8130836555272867,55.97291011432822,0.9354803918829229,1.5405289602566499
13759,32.043692681503906,1.2148622511602758,0.0,0.0,0.4229418195294482
13760,4.071124554449864,0.8091429254982468,0.0,0.0,0.6914690555220095
13761,4.903987360198383,0.3206268296958733,0.0,0.0,0.6898245030354646
13762,31.653278773973124,0.7223948598650621,0.0,0.0,0.0
13763,50.59807668093249,0.44255909771305885,0.0,0.0,0.0
13764,4.2898478757961875,0.5863528796693348,84.8528137423857,0.6379910807698174,1.0930779557565864
13767,56.0794373203498,1.1984205286003733,11.42716757250714,1.1588113594655127,2.2774282334254394
13769,20.316982634807875,0.9807912918956353,26.018156053887534,0.6468602333839443,2.179524148895107
13771,15.6845919559778,0.7084842918868676,68.5297988712453,1.1296120693062413,1.0621690448099868
13772,8.18269042074967,1.279302027569883,55.86143571373726,0.5449896167193878,1.0560622317567483
13774,3.26378196687106,0.20812522687293716,0.0,0.0,0.0
13777,190.53384566522857,1.444929607241516,11.892622747167742,1.0541937061201323,2.0047226852329123
13778,8.121708735098654,0.40903961172852765,0.0,0.0,0.0
13780,11.172808647344475,1.7689788975268328,0.0,0.0,0.6291034872055133
13781,5.87496382967589,0.7812451901164746,0.0,0.0,0.0
13782,5.480680485234994,0.6910945787302898,37.69350076604719,0.6040625122763973,1.5839779056279104
13784,58.09794665740305,0.7312991957818143,19.124155754786493,0.6013885457480029,1.8995803836078289
13786,23.424163348376577,0.7116716295079688,0.0,0.0,0.0
13787,7.124926364456319,0.714705919292473,0.0,0.0,0.6438413746592255
13790,5.781913108298947,0.7459463585821463,0.0,0.0,0.0
13791,66.39701526698046,0.4817725382168767,0.0,0.0,0.6649991875927088
13792,4.2360479888809754,0.2816089176959994,0.0,0.0,0.66478793111831
13798,69.2264907797415,0.6502703025966294,4.804455453825356,0.7798536388817969,2.49678805822258
13799,8.729158081379703,0.4942037063754732,0.0,0.0,0.6931157683925955
13800,9.705873143867505,0.5736742616199091,0.0,0.0,0.0
13801,3.844796545242453,0.2722608391027599,0.0,0.0,0.0
13802,69.70732323709865,0.9093406112566191,42.42640687119285,0.49333031245573084,1.0476007579310136
13803,3.4787825372070147,0.21344535002894305,0.0,0.0,0.0
13804,8.88936883258506,0.46204118312314457,47.71582546702928,1.1096703596983555,1.3339278241898722
13805,53.34235955670618,0.7500007292203984,0.0,0.0,0.6897758183087322
13806,16.587026255480517,0.6469703664669832,0.0,0.0,0.0
13807,2.798468969173782,0.17397231602323687,0.0,0.0,0.0
13808,18.028870949654564,0.7840164518119924,15.478479684172259,0.6956620082774049,0.9897914123347522
13809,9.421914935967425,0.7292033488010906,0.0,0.0,0.0
13810,98.90555042330949,2.309320327960342,19.091883092036785,1.4142135623730951,0.44643089531183056
13811,50.200176217894814,0.8012305596471855,33.94112549695428,1.2570787221094177,0.6764334832849831
13812,4.938802695339435,0.3298643729725782,14.142135623730951,0.4561979233461597,0.6925593102517054
13813,10.830544013654785,0.546733050160353,13.503086067019396,0.4309495553304063,1.0820590022006242
13814,20.273859026763816,0.7318063000440357,0.0,0.0,0.6692224943540132
13815,19.22190448285632,0.8400180736221029,84.59511412211306,0.8573829133997944,1.0476031448500376
13816,11.151065404529051,0.5461714473854031,0.0,0.0,0.6473334066035501
13817,5.543548737829916,0.3473945629221316,0.0,0.0,0.6383798721547191
13819,14.966956395010934,0.4724956638053174,2.1213203435596424,0.24956709924231088,0.6522867896835989
13821,4.673811447034564,0.715057762096876,0.0,0.0,0.6104198300687382
13822,12.997027325440445,1.9742319988010804,0.0,0.0,0.5718952166490857
13823,20.138489433586294,0.8411540393703943,0.0,0.0,0.6274887618816855
13824,36.30657652194657,0.9830261928081876,26.595739007091595,0.38544549285639995,1.4568195493843175
13826,5.509032986327496,0.2907141417587069,0.0,0.0,0.0
13827,4.136674994971837,0.9336507087304473,47.37615433949868,1.114733043282322,0.5833469253672057
13828,2.899166875402066,0.20758748928841944,0.0,0.0,0.0
13831,51.50053819357681,1.7299396848486304,48.95406009719725,0.6993437156742465,1.5715603030613992
13832,2.4000000000000012,0.13793103448275867,0.0,0.0,0.0
13833,7.284295899314393,0.5489724040543591,0.0,0.0,0.0
13835,5.44292493534973,0.35870073384405754,37.634204300520736,0.600545813306182,1.3014093762699555
13837,13.361620542014053,0.9359636863967962,0.0,0.0,0.6800278896069534
13838,3.5310103625524984,0.8882017594786039,126.25899307904105,1.0405960968052834,1.0969741814288148
13841,0.0,0.0,0.0,0.0,0.0
13842,6.552347093725759,0.39868133497188296,20.931435688934478,0.5526451667045407,2.147116158768977
13844,6.022220171122415,0.33306897688858,0.0,0.0,0.0
13845,27.188015333557868,0.7818139753403438,0.0,0.0,0.0
13846,5.057497098600939,0.3215526557961894,70.71067811865476,0.42341723424344163,1.0520845995776673
13848,180.22208521710095,0.7180162757653424,96.87362902255701,0.7096969159161686,1.0464262045467427
13849,5.295018624860896,0.3477335941421701,0.0,0.0,0.666904430426894
13850,4.699059202290313,0.27390660228457836,0.0,0.0,0.0
13851,98.09964329417537,2.9968662951084326,89.80256121069154,0.9403409550857752,0.935080019626652
13853,37.85093168270778,0.7985868133471655,0.0,0.0,0.0
13854,65.01172041608767,0.8818387827848805,9.82860362795053,0.6817528528058171,2.4100193502222966
13856,28.998322232634294,1.0449845849597943,2.8284271247461903,0.1663780661615406,0.5544972782126482
13858,6.440111517950319,0.32771072164247356,0.0,0.0,0.0
13859,4.38536744401739,0.6104110580258846,0.0,0.0,0.0
13860,5.100813674341662,0.3111500435427934,17.764665303161028,0.8561284483451098,1.3613326339195166
13862,6.18642181965182,0.38921345228102394,9.428932172031036,0.21291137162650728,2.024087214836772
13863,5.343972403805205,0.34953053854439176,0.0,0.0,0.0
13865,4.276587209553845,0.25579714547933513,26.025628394590846,0.3394647181903154,1.372319046323337
13866,8.302045932579912,0.39894502318980835,0.0,0.0,0.0
13867,7.928748193977236,0.47636994339805516,70.71067811865476,0.7603298722435995,0.9968301565212823
13868,464.7298439941895,4.8037252005638935,0.0,0.0,0.4379693868047925
13869,5.9465273725484264,0.5879591952760486,53.200877185750734,0.684989835009666,1.231245898243953
13870,32.0600582888247,1.3305617238968872,40.79974322981761,1.0091809279460184,1.6945047558077824
13871,9.385424621699437,0.4924847027511046,12.391040262539656,0.5291547443077433,2.2476766528411662
13873,4.851814012252136,0.2864263918937349,6.363961030678928,0.06734350297014738,1.0853935813433089
13874,40.3010335949778,1.3422492454613755,0.0,0.0,0.0
13875,17.299044772125598,1.006889817102772,17.7857620959388,0.2891993836738016,1.6084854329656575
13876,4.940551347678477,0.2818570450998316,0.0,0.0,0.0
13877,27.199617644371397,0.6959984044107318,0.0,0.0,0.0
13878,21.748775048519654,0.6109540172658522,0.0,0.0,0.0
13880,9.20710736542336,0.4718264706158683,22.889060507349157,0.8031249300824266,2.162465402454811
13881,95.1420910026979,0.9869327462819604,14.006264262696574,0.8870634033041164,2.1490706986740067
13882,9.956787277260439,0.5433421818121686,5.377421934967226,0.36457097864184584,0.9654124686221113
13883,8.096234083389247,0.4298649606059021,99.13753073382452,1.6454361947522742,1.0929942000264583
13884,10.541451396524824,0.7896719558087413,87.91425747093963,1.2787528359409401,1.071680772313735
13885,8.591845832812341,0.474687615072505,0.0,0.0,0.5171338673760849
13886,3.6277587203855415,0.2383155671135189,0.0,0.0,0.0
13887,7.294246470948688,0.3964831438936492,0.0,0.0,0.0
13888,5.545889855998927,0.3662889788153775,0.0,0.0,0.6711401639297632
13889,13.277328510696435,0.4777163052541293,0.0,0.0,0.0
13890,5.814733199108451,0.33953564950920195,81.15571452461003,2.063280877744323,1.4094646231435006
13892,23.47491443418501,1.0013471250185557,94.69424480928078,1.2971814357435723,0.6020606231228853
13893,64.2484241051872,1.6431822021787006,0.0,0.0,0.0
13894,13.649404900253131,0.652711438324598,202.2325394193526,1.4142135623730951,0.5975051527998229
13895,18.66493763663769,0.8493648999538181,28.160255680657446,0.6257834595701655,1.3312836780018198
13897,9.833140991804495,0.5372264971740468,0.0,0.0,0.0
13898,5.782912852586148,0.4450391472521886,0.0,0.0,0.0
13899,9.456067577755972,0.46243509723402526,0.0,0.0,0.5413220661812621
13900,14.372638784360099,0.8340960492981769,43.1335136523794,1.09198768740201,0.7475801187348943
13901,9.542345914138478,0.4958878143159295,26.28529373369578,0.42914765279503314,1.2933941688661665
13904,4.275716620098275,0.3342010345194659,0.0,0.0,0.6710949103043232
13908,14.315681372518158,0.7370653193421599,20.840665376454112,0.318989776170216,1.3238250846993354
13911,13.897396027325403,0.7969338768280024,26.4436732914105,0.8564752483047936,1.6582259719944508
13914,11.13020121860637,0.5863143749924339,0.0,0.0,0.0
13917,7.703667575749038,0.5097265709582512,0.0,0.0,0.55146266557558
13918,49.83311531571116,1.2326386493447896,0.0,0.0,0.44529464021613896
13919,5.256718490247912,0.38249556333500045,0.0,0.0,0.6873233498991396
13922,11.3943124910131,0.463048983669618,0.0,0.0,0.0
13923,10.710563047266646,0.6100625436315124,0.0,0.0,0.0
13924,7.299373851275851,0.46443523974183565,8.502940667792526,0.6345478110292929,1.3255496583868673
13925,6.246762771384169,0.3776148523800235,14.52583904633395,1.0375599318809965,0.9795501929771004
13926,11.632991876555234,0.5716457924597166,0.0,0.0,0.0
13927,6.632943755011258,0.3991283958143111,0.0,0.0,0.0
13928,6.32246492106225,0.3674506594672078,30.171730698343,0.7480594388018925,1.0277007471822095
13929,122.36689480592554,1.306950754469032,0.0,0.0,0.6929448580285443
13930,8.034688031573216,0.40490216557996284,0.0,0.0,0.6628183062428159
13931,31.769364995831353,1.4889523241927212,0.0,0.0,0.6155485814544848
13932,7.391763434165535,0.3847371989155776,0.0,0.0,0.0
13933,13.93600011515091,0.5265001111195502,0.0,0.0,0.693084614577929
13934,20.27719718813356,0.6816973352479561,0.0,0.0,0.0
13936,6.715824939304522,0.46367690377056026,0.0,0.0,0.0
13937,8.654623042050993,0.49034691456379564,0.0,0.0,0.0
13938,4.855820268110269,0.4743335455871041,0.0,0.0,0.0
13939,7.673442855232927,0.6073431157954123,83.43860018001261,0.5794347234723098,1.096719477663592
13940,7.458768358460402,0.4355407316592699,13.051181300301263,0.3132283512072303,1.3807193138879663
13941,92.07564275687089,0.8103728415749761,25.90205912020638,0.2968717377674084,1.593871344191135
13946,53.594578236642896,1.0498074338071333,39.59797974644666,0.42125510368560276,0.9868431029960332
13947,2.7380650101851134,0.15110734051794222,0.0,0.0,0.0
13948,11.854113210189952,0.3486503885349986,0.0,0.0,0.0
13949,13.47303529042758,0.888092895237716,5.167204273105526,0.29029237489356885,1.316134416986823
13950,14.560886233301861,0.6840133924322405,84.1130192063036,1.0783720411064566,0.983087254934508
13951,6.164979398599415,0.35648928244551437,2.1213203435596424,0.03626188621469474,1.0634958213482004
13952,12.398832818004248,0.5224863117620568,0.0,0.0,0.6598359914529913
13953,238.02182948098198,1.354058557553486,12.890565025113007,0.225490933383901,1.921427046477694
13954,6.392342893389454,0.3632673493697407,0.0,0.0,0.6925734893543407
13955,10.124780758943212,1.0345484426713092,0.0,0.0,0.656205885416367
13956,6.583337807317515,0.9749102187333277,34.53500639447844,0.5232576726436127,1.517993352278046
13959,6.906184650801076,1.0621347172746554,84.8528137423857,0.6017930052651469,1.0546559957768633
13960,16.86713453058128,0.879183452206478,0.0,0.0,0.6867661956848394
13962,3.41338914490356,0.22145255437298236,0.0,0.0,0.616189297075904
13963,10.137954826651521,0.5339459158708328,8.504900548115382,0.4399086490404508,1.0387947106574782
13967,6.5760930650348906,0.16297628413965032,0.0,0.0,0.0
13969,20.202417848856815,1.3968187963896783,16.681268113736223,0.8125546072593575,2.104472016520005
13971,8.003226127689642,0.4323307784711219,22.388347309216353,0.5936304210777064,1.898656753272961
13972,5.204066633298379,0.41030748751366986,0.0,0.0,0.5430121163478214
13973,16.977250821453556,0.7055147677974655,0.0,0.0,0.0
13974,3.9572318601149714,0.26790418550549866,0.0,0.0,0.0
13975,7.237706703191486,0.9683585610774428,44.28092139962763,0.9148950702402403,1.4195214008682817
13976,23.703047061506677,0.6621332773201485,0.0,0.0,0.0
13978,12.522410463226473,0.954500518056797,0.0,0.0,0.4892291795434909
13979,5.458738552980656,0.3388688905939456,0.0,0.0,0.0
13980,14.371346745268074,0.7898711611769204,0.0,0.0,0.0
13982,15.368476826518622,0.9113643626989743,63.95571384429489,0.590360435485799,1.3571182488681761
13983,48.453631254522605,1.9914261356110667,27.3439373370206,0.9087109084810471,2.1399032818969412
13984,103.63103687079786,1.801280366245631,35.415392133929565,0.4203607374947129,1.4176979145226063
13985,8.335364616313743,0.4120380575277645,13.635159787020553,0.7545147708232717,1.9551928475694211
13986,19.372728882606452,0.7858873977216623,0.0,0.0,0.0
13988,9.796037659013356,0.5526265470759423,26.527344382730814,0.5741849433491518,1.7251527550152592
13989,30.720945379333628,0.9948492674654673,0.0,0.0,0.6037330030082667
13990,8.045782228389399,0.41353201302354764,0.0,0.0,0.0
13991,8.271607482654305,0.8117282481196323,27.48090245970827,1.0651512581282274,1.33652423840189
13992,6.262826837778608,0.4077361222512115,0.0,0.0,0.0
13993,28.617929782591233,0.9989641882820997,16.58743069745454,0.4672515689423814,1.9991185896083001
13994,8.866989019804615,0.5941634739227697,11.945710527214361,0.4236067562841972,1.1626765432624921
13995,5.294419601739992,0.32670112130361795,33.80828300875393,0.587970139282677,1.5585821939374476
13999,11.627967067102462,0.6198705600624613,14.486984754348546,0.4592415916364092,2.235938855347283
14000,20.22588845538123,0.47728082124204524,0.0,0.0,0.0
14001,52.83461750611567,1.00855085593247,33.23401871576773,0.20326616951539897,0.9986075401785507
14002,5.519688802580795,0.4897313229783047,0.0,0.0,0.0
14004,15.84486104301039,0.5912468006116074,38.7543545940324,0.9568976442970962,1.5591060600162874
14005,38.597948649263124,1.1278412111572964,12.893796958227625,0.25158628211175854,1.0917583552751957
14006,34.454811700404704,1.0742622049825306,38.18376618407357,0.3896302671844242,1.095341741572481
14009,5.357162761867785,0.3234583114078966,0.0,0.0,0.0
14012,8.732062132790231,0.29213103242303085,0.0,0.0,0.0
14013,6.90054721537776,0.49600144882424385,67.17514421272202,0.8142441722754183,1.0766386108858848
14014,6.811458354293939,0.525845987207458,0.0,0.0,0.0
14015,28.2101872416779,0.6150432171643643,0.0,0.0,0.0
14016,32.026286671632754,1.1877407805963944,20.744477176668816,0.32079088417529095,1.3570219356752156
14019,17.490839486544264,0.8120338251080966,8.48528137423857,0.18856180831641264,1.0750318711138156
14020,7.128543506468676,0.4325034174739863,0.0,0.0,0.692687916281089
14021,19.17904813711795,0.6677307469798938,8.48528137423857,0.1697056274847714,1.0418473849654508
14022,7.593852986106802,0.4832451900249783,0.0,0.0,0.0
14023,7.9430285386363435,0.4215828320196665,0.0,0.0,0.6910525983959208
14024,4.763257813723714,0.23256675318760886,0.0,0.0,0.0
14027,6.668849975820419,0.3817315383984213,0.0,0.0,0.0
14029,19.70363978944959,0.6319860514941279,0.0,0.0,0.649434177656621
14030,21.84694865974631,2.249409354862888,42.75400287580991,0.8674725221178823,1.682615964996759
14031,136.46111889813199,1.973480419493939,14.780308397995938,0.7431439976646003,2.266821780120222
14032,17.127258768934624,0.8230965972992419,26.970972050212307,0.7512805585017356,1.998426869035949
14034,13.118501032166364,1.791210137557618,95.45941546018392,1.4142135623730951,0.5861645341435912
14035,19.636406481003075,0.9075522946080608,64.66000824827249,0.9686892621464044,1.5610813612468517
14036,6.075939870162653,0.36844445075589377,0.0,0.0,0.0
14037,4.015979984772738,0.7639092362339446,0.0,0.0,0.5516430831863922
14038,4.663131477279065,0.274938217555771,1.4142135623730951,0.02209708691207961,1.0606327572796157
14039,21.66985617549564,0.8542650266292632,0.0,0.0,0.0
14040,18.02060076645607,1.1714895986957323,20.839647527991186,0.8043372730101861,1.9007801506124538
14041,10.859188034190437,1.612636650293467,0.0,0.0,0.0
14044,3.9905951815971106,1.2775870729355658,62.960304954788775,0.6697904782424338,1.365870512700632
14045,93.4774397916417,0.3379211560475073,122.78572121111368,1.4005975803549089,0.9904787466181288
14046,10.525707331821687,0.9507703893509492,0.0,0.0,0.0
14047,43.91601455706805,1.0738970860884278,49.00680224893955,0.5415116270601056,1.4158558295822554
14048,3.3477470705206014,0.6941636401196574,0.0,0.0,0.0
14049,12.248171030845164,1.051989091868737,51.884487084291386,0.5188448708429139,1.1702474492014647
14050,5.103282483208643,0.3692283269377602,0.0,0.0,0.6467421321101702
14051,58.81854207704242,0.7912610662628485,10.015680347028495,0.6206900496750053,2.4211583824419143
14052,4.231329409467971,1.0514485575532766,0.0,0.0,0.0
14053,51.54786408442804,0.7922822529787211,0.0,0.0,0.675861014082813
14054,2.669943819633664,0.17326046850315793,0.0,0.0,0.0
14055,122.06386982049833,1.6821546472148492,0.0,0.0,0.0
14056,7.590218815241344,1.0219281417536872,6.556613263658113,0.5322711874556402,2.2752108910639564
14057,28.87256659041488,1.318729762120989,19.4662100403066,0.9495712214783707,2.3034901259862197
14059,11.947384651043926,0.5205832091958138,0.0,0.0,0.0
14060,32.201052398143794,1.059310696080243,9.333508401719437,0.4679753516182448,2.428973049035415
14062,93.16113061998958,0.9881542018107132,27.00673316718696,0.8487830423973045,2.0095859460158385
14064,36.8608985575278,2.178314805355699,35.83643397437865,0.5899001477263975,1.3214225203758456
14066,10.437210218389641,0.47892803361997693,0.0,0.0,0.0
14067,5.988123980717706,0.8310180063979736,0.0,0.0,0.6731736490749919
14068,8.504525383156524,0.7677585450282362,0.0,0.0,0.0
14071,5.943955951817406,1.3384869048170305,77.77746031681244,2.1020935220760117,1.3139669437945571
14073,3.1488353565348732,0.2710199922865026,0.0,0.0,0.0
14075,14.625662953616144,0.6674415840696774,160.51323932934628,1.2589273672889905,1.098515089667934
14076,2.771064123547413,1.0408177486991181,0.0,0.0,0.0
14077,15.601999529379249,1.3120899848502832,30.5,0.5281385281385281,1.5698234538035538
14078,32.05769383530983,1.9857153332905828,33.07113545072198,0.6147051199018956,1.757422402230057
14079,44.73882203377395,1.4312606355779454,0.0,0.0,0.0
14080,2.4000000000000004,0.21052631578947373,0.0,0.0,0.0
14081,4.334130058931442,0.7095855615893835,0.0,0.0,0.688759384952573
14082,5.241457394252437,0.8340316292637624,0.0,0.0,0.0
14083,5.003618030457629,0.8892656967222399,44.606213532581826,0.9803563413754247,1.0403997991770395
14085,8.071459612374305,0.8164828967635307,25.525650305710368,1.2121118860253526,2.1258346246913105
14087,2.2667715737219596,0.8044812189425739,0.0,0.0,0.0
14088,67.01748620234748,0.7817762796220351,39.05124837953327,1.5314215050797362,1.6206443395801855
14089,11.615424095704682,1.0100368778873636,0.0,0.0,0.0
14090,0.0,0.0,0.0,0.0,0.0
14092,10.454512760558567,0.548765052640243,16.72630355964015,0.6302665109429622,2.351136953993871
14093,4.3648534039639,1.0349093539939243,0.0,0.0,0.0
14096,52.55883555133662,4.122290711024795,2.1252450839060106,0.37782134824995744,1.2755892836562037
14098,13.099159260553073,1.8668635525728845,0.0,0.0,0.0
14099,12.254922745722002,0.9869725841144333,12.473972903610141,0.3734722426230581,2.2421155180953862
14100,5.324996208015986,0.7103637835218863,0.0,0.0,0.0
14101,142.33508023928144,0.8335122713655407,19.0,0.38,1.776551520695031
14102,17.05691215382503,0.9906019791161949,3.593976442141304,0.38853799374500586,0.8804618279212217
14104,18.6870349631579,1.8150304529222323,0.0,0.0,0.6927212499650085
14105,9.398281678081123,0.5492468541876302,0.0,0.0,0.0
14107,12.753816503273583,0.5803129700035331,17.534727447743997,0.3393818215692387,1.8860413162572018
14108,9.839382892442993,0.5595140043536013,0.0,0.0,0.6928218797426873
14109,5.205952789302305,0.3249207704835003,0.0,0.0,0.0
14110,52.860943751292744,1.4417086090373077,14.500783677881941,0.6158633994467233,2.1094415867829106
14111,49.02267077587675,0.7075509962600383,62.69237061503843,0.8321996099341384,1.1093597291591344
14112,9.182163761786784,0.503969333271319,40.641932368757594,0.9715202956675122,1.5342818831401381
14113,89.98942769553375,1.662468643922663,139.15578799796052,1.1927638971253758,1.384973829074504
14114,19.19438938360696,0.7448732071355507,0.0,0.0,0.6931006189492819
14116,11.228595157789215,0.5846788632431429,9.626352718795768,0.3850541087518307,1.3774203269872425
14117,0.0,0.0,0.0,0.0,0.0
14121,10.335464374842722,0.5910971838210143,11.532562594670797,0.6406979219261554,0.8498369308373487
14124,58.550696665368555,0.6977298329921416,0.0,0.0,0.0
14125,6.198238765787085,0.3777165896908308,21.920310216782973,0.654337618411432,0.6916570051700294
14126,73.92010444359764,1.5702513229206583,1.4142135623730951,1.4142135623730951,0.2990783176342648
14127,5.029535781730162,0.31181690323671235,56.568542494923804,0.6082638977948797,1.046532906002518
14128,5.933868743144694,0.4281693524465191,0.0,0.0,0.6922881677513262
14129,7.64785939944408,0.35385963444832286,75.03998933901843,1.1634106874266423,1.3332201593796693
14130,6.089224691996147,0.8431737576235727,0.0,0.0,0.0
14132,11.810392471427262,0.6586889943155668,7.149980574954188,0.40395370479967163,1.8608405425036814
14133,8.121358671224087,0.3754673449479467,131.52186130069785,1.4142135623730951,0.6918902060476273
14135,34.41482256094053,0.9832156559302114,31.692894478724416,1.2122965101151415,1.9878432860443
14138,14.296292818214301,0.6839774450376352,0.0,0.0,0.647658738397856
14139,10.679057549889231,0.6677300185107018,0.0,0.0,0.0
14140,4.359562543546724,0.30771737112890624,0.0,0.0,0.6807500068514427
14141,11.826125335405422,0.5169156441338573,21.1266025033211,0.6275228466333,1.3755962996779998
14142,5.9971353370657114,0.4231326045202067,0.0,0.0,0.0
14143,1.7501020378415486,0.10579200574171711,0.0,0.0,0.0
14145,127.6503348996782,0.37522144297377485,54.51910979953115,0.9677948485123873,1.0603303979740206
14146,20.13625059364142,1.0089746181495345,71.68158759402584,0.8263007215449665,1.3593579391714
14147,74.91776825293184,0.7749045123389723,0.0,0.0,0.6631535507043875
14148,65.03850782421134,1.2411928974086133,0.0,0.0,0.0
14149,3.706940366165455,0.23239964679735065,0.0,0.0,0.0
14150,28.46339295413564,1.1236004749294404,0.0,0.0,0.6906764895515363
14152,6.878533155211723,0.5424972631224942,0.0,0.0,0.6930697786868489
14154,30.123255046062603,1.1640799500566694,0.0,0.0,0.0
14155,4.756092583904004,0.24030783581830756,0.0,0.0,0.0
14156,159.76563327096713,1.9055426105820403,8.125952075595245,1.2868076600649363,2.217629170767908
14157,7.0977941833715885,0.7870405673670215,0.0,0.0,0.65324947185085
14158,6.019237169073917,0.48612993722576253,0.0,0.0,0.0
14159,3.563567207956973,0.9142394579129802,31.942483031571328,0.942256136624523,1.8679098474241396
14161,7.837699258343847,0.7622298742040985,19.79898987322333,0.2605130246476754,1.0335927382354724
14162,8.98245608580044,0.7760623518973285,0.0,0.0,0.6669043753340501
14163,47.88965690127851,1.018133193317204,13.45362404707371,0.2690724809414742,1.3061375440984062
14164,68.73940206000124,1.2216443859980488,0.0,0.0,0.0
14165,3.773696993665496,0.7698908506743709,0.0,0.0,0.0
14167,6.983820085485116,0.6317560441952995,29.022979401386987,0.3002377179453826,1.374184618266433
14171,5.269878670697433,0.8401906674192559,0.0,0.0,0.0
14173,24.96412961113163,1.605801966823745,91.65696918401787,1.328361872232143,1.0635368700507817
14174,2.4833875127457534,0.48020285089535614,0.0,0.0,0.0
14175,11.899620684240514,0.5502415920155902,33.23401871576773,0.24709307595366342,0.8785350461383173
14176,8.464715188699882,0.4548555570284214,20.663978319771825,0.8984338399900793,1.0255583755666204
14177,22.666036092803672,1.7017456175215928,46.119410230400824,1.4877229106580911,0.5153834597339113
14178,6.089990858675352,1.2285706420307108,12.581732790041283,0.4414643084225012,1.6831387258836645
14179,4.0845695095498655,0.9363332811077383,0.0,0.0,0.0
14180,13.408814614737016,0.6777091614938725,7.02054438617554,0.4800372229863617,2.3134902573581937
14184,6.429460373033321,0.3407163968133536,0.0,0.0,0.0
14185,85.9119656004525,1.304001501651189,0.0,0.0,0.0
14188,13.933809828835539,0.4408660793990878,23.797058641773354,0.4295497949778584,1.787371171540168
14189,10.834661734713292,0.6169179214149784,14.292086490912943,0.5589084102591654,2.43714753135227
14191,10.883118271088726,0.6016802637087022,7.171069824248152,0.40211606491111135,1.9338540037594667
14193,10.69317589602461,0.5262698035283206,0.0,0.0,0.6930997690467559
14194,11.603425743516643,0.5919530962980053,15.276056256011959,1.0252386749001314,2.1705849863929005
14195,128.11772859738178,0.8861898223139055,0.0,0.0,0.47354429066700277
14196,57.818723610954954,1.0339542848883219,0.0,0.0,0.0
14198,7.101252241739459,0.39485149333880654,18.583146486355137,0.2534065429957519,1.3859483893159554
14199,116.67261889578033,1.2586043030828515,0.0,0.0,0.0
14201,13.417043842272616,0.6641745453335208,41.18616272487642,0.8320436914116448,1.8712551206307313
14204,3.4103818845268146,0.9318561939960246,0.0,0.0,0.0
14205,6.099891600367329,0.3136863047114118,0.0,0.0,0.6921441082815945
14206,7.082534188150157,0.43165127914128215,0.0,0.0,0.0
14208,3.6927562726084275,0.2433607666145003,0.0,0.0,0.0
14209,16.255604630503118,0.6820763675907898,34.083720454199245,0.534227593326007,1.7635561918371276
14210,7.437860693426339,0.39807213130666086,26.632686683847727,0.5063248418982458,1.7896545231256193
14211,15.128291316801885,0.7560432945793634,35.65208869858018,1.1983895360867287,1.457099189596171
14212,62.27008948479554,0.5235322522262535,0.0,0.0,0.0
14214,5.7531222915310645,0.38377824482026857,51.71959654392778,0.8444015762273923,1.1041494465728212
14215,6.045731299320134,0.36482744805141276,47.460509900337144,0.6684578859202415,1.431557296880615
14216,39.74210649546233,1.2748242718600977,8.888194417315589,0.8080176743014171,0.6260405093805805
14217,14.044526377621894,0.7004821184062631,14.870552556422822,0.6683394407381044,2.3818600140148
14218,5.016248749329675,0.3551745633228469,0.0,0.0,0.0
14219,8.648359051618653,0.673098881046593,0.0,0.0,0.0
14220,25.113452086765886,0.8339381622740094,0.0,0.0,0.6930953285586752
14221,12.815992933248253,0.7205449301202845,41.81506905411015,1.137825008275106,1.897503970315721
14222,7.721414709879999,0.4633956454543964,0.0,0.0,0.0
14223,5.602503100284781,0.3391585221081865,28.991378028648448,0.339080444779514,1.0968891458031138
14224,10.343802862395027,1.1623135810789367,35.50117368951811,0.5120361589834344,1.3558279354994491
14226,34.715155228412726,1.0419880925475218,58.32380874622873,0.9802320797685501,1.218810106840397
14227,8.532137764025036,0.44558100028182407,37.785946829182116,1.3284121932134338,1.5415852745733165
14229,37.222382431087794,0.9623159883942036,140.71424945612296,1.0015249071610175,1.0246343420779176
14231,9.942043088596542,0.5369955541474404,5.656854249492381,0.10878565864408424,1.0986105630555985
14232,9.145062393362316,0.5134991358872824,25.591339680967597,0.4674217293327415,1.538970002567973
14233,47.72208637764379,1.1418952521449988,78.47929663293371,0.8817898498082439,1.2546367709383694
14234,6.092592965680389,1.249222760094888,3.511884584284246,0.3010186786529354,0.6791983276947116
14235,37.08443109053537,0.9315740783857768,36.80919269240589,0.8045725178667953,1.2117106456300784
14236,49.99896467499531,1.5278989327403527,0.0,0.0,0.6667623040481692
14237,6.678453122625861,0.3733296776623152,0.0,0.0,0.0
14238,8.843780603177743,0.48178580064979193,0.0,0.0,0.0
14239,10.671595559885036,0.5020134417149859,20.10417314334956,0.750155714304088,1.8558940894352376
14240,13.39328965062375,0.6318015200105549,0.0,0.0,0.56753689799225
14241,16.262707851605363,0.7610064507068489,0.0,0.0,0.0
14242,3.4350506425184877,0.1959037971138685,0.0,0.0,0.6930530166356967
14243,8.896679516735762,0.4845667293192298,17.524585904126553,0.44807179868505387,2.127449667927042
14245,5.855330584435753,0.37342449031212094,0.0,0.0,0.6755509605350035
14246,6.879477724781567,0.3500270201746316,57.27564927611035,0.848528137423857,1.0966981245632343
14247,5.2969020489140135,0.7745707463499324,0.0,0.0,0.0
14248,67.21671172940763,1.7771620524663265,0.0,0.0,0.0
14250,6.273159533468804,0.3657050540768558,57.982756057296896,1.414213562373095,0.6502616041811736
14251,28.968783815759956,0.7846529630271474,17.841898254763514,1.3216220929454454,1.0278532976830916
14256,8.320025294423981,0.45504028708694094,0.0,0.0,0.6898491515969465
14257,30.58691031274301,1.0459694724525954,48.609841253255155,0.7685350395771566,1.4331989766418904
14258,78.29672176208656,0.6859471061194736,24.807832864411424,0.612539083071887,1.9950047147312517
14259,11.480635870891469,0.4783598279538112,0.0,0.0,0.0
14261,12.375210714722632,0.5531058121668975,0.0,0.0,0.4845291852828084
14262,10.593122047762987,0.578565081306878,26.01098668969381,0.7950956630037409,1.8544204464692733
14264,8.738742842685568,0.4448262668073618,0.0,0.0,0.6452138842023336
14265,5.810557040274157,0.33974738437605884,0.0,0.0,0.691936822747478
14267,16.63918561041308,0.6035688338077873,68.58935777509511,1.4142135623730951,0.6878122923454201
14270,5.594012346959116,0.3292933280459035,0.0,0.0,0.0
14271,5.521539237889699,0.49159003186339906,0.0,0.0,0.0
14272,7.2786310187820185,0.5484400941177427,0.0,0.0,0.612216312981235
14273,5.215178349939231,0.2700862048828289,33.80828300875393,0.536639412837364,1.3225111310214905
14276,5.963324607715409,0.34084052984959556,19.79898987322333,0.2084104197181403,1.0965085195626494
14277,15.15366033104119,0.808684022220072,130.10764773832474,1.3276290585543342,0.6680117012348532
14280,5.854624545726956,0.3494255175008628,0.0,0.0,0.0
14282,23.772804730357866,0.9944273083000817,26.81192124557882,1.048510886698613,2.080307925571785
14284,4.503215417092761,0.24208801906252558,0.0,0.0,0.6814026049985191
14285,56.0121106639059,0.791790089018099,43.55838993045236,0.8485400635802407,0.6631309459470411
14286,10.80738713618928,0.6537549874443421,123.74368670764582,1.1300793306634322,0.999437377215326
14287,6.698031634575772,0.3412913135434635,134.35028842544403,1.4142135623730951,0.6915211244851474
14288,15.807039571026573,0.5928566177600215,0.0,0.0,0.0
14289,12.180914326130715,0.6282542560061273,40.525300739167875,0.7288723154526596,1.6768827458756257
14290,21.909066109311414,0.9560044399976034,129.5505049520585,1.4890862638167643,1.240167668499431
14291,9.305129832902931,0.5679046598591373,27.812067724480883,1.0225024898706208,1.7151669389700328
14292,72.42294361686298,1.4865349792969722,30.95820915824613,0.907200268373513,1.6661808562541789
14293,10.362453171797927,0.6039879638813577,50.714889332423866,0.4191313167968915,1.332892048452453
14295,16.20888645157341,0.4876319630437247,0.0,0.0,0.0
14297,10.203655441720258,0.48464881477224614,112.07289294621306,1.3133542142134345,1.0355049464038542
14298,32.53648974095283,1.0336701846582255,9.569180410672818,1.2031425662541848,2.342512846606044
14299,40.57055522938046,1.462971590268711,67.71315550593864,1.5302408023940937,1.822220517017189
14300,3.637306695894643,0.2525907427704613,0.0,0.0,0.0
14301,24.375288663642475,0.4950147665000659,0.0,0.0,0.0
14304,10.030560838522147,0.44469822468346987,0.0,0.0,0.0
14305,9.596614579732865,0.5420474517321249,14.849242404917497,0.4714045207910317,0.6998075898383372
14306,58.85685718012144,0.9278449004184776,0.0,0.0,0.4810909274358456
14307,7.113533210450959,0.427421781034667,39.9787443524681,0.7088429849728386,1.5855149875312242
14309,17.388569375619717,0.8647977356069876,24.156853508447067,0.5601589219350045,1.908344650282833
14311,3.6617411734108996,0.2360433941475472,0.0,0.0,0.0
14312,8.491453495402403,0.45840223263982094,30.875556675143525,0.5360339700545751,1.660287605215608
14314,14.136008731503487,0.9424005821002325,0.0,0.0,0.0
14315,11.900974616882568,0.48445604877823384,34.64390278245221,0.7909566845308724,1.3582167242752214
14317,11.332300858767523,0.5347737241150272,0.0,0.0,0.0
14320,6.4908047614770314,0.42113679148954136,0.0,0.0,0.5753529890667618
14321,9.046062939097913,0.7268761989280048,51.97034410764149,0.6476055340516074,1.607161559572007
14323,6.5295410519581205,0.3884961456227355,0.0,0.0,0.6931070590287007
14326,15.300792171369055,0.6657946008754553,0.0,0.0,0.0
14327,18.504869854536494,0.7125250706062504,0.0,0.0,0.0
14329,9.850676207465947,0.5087550425803575,35.831085200795506,0.6935048748541066,1.6604299800759936
14331,5.546110558584488,0.3356484149059042,0.0,0.0,0.45707619218462714
14332,28.245023842194822,0.8476995762452993,26.870057685088806,0.4333880271788517,0.9713289151578306
14333,23.72963638274179,0.8572845513996312,0.0,0.0,0.0
14334,6.153605612886975,0.3905964279145093,21.598059877595265,0.44862438914886305,2.0678342463059405
14335,6.039833688788396,0.8126030888687246,0.0,0.0,0.5426351776004339
14336,8.611581065747163,0.47992909568783687,84.50049309520823,0.9863870789323917,1.0967888364522198
14338,8.072642636694935,0.42543932837636084,0.0,0.0,0.07377120389507778
14339,12.545174283452495,0.5674348667883655,0.0,0.0,0.0
14340,8.396606457373124,0.3740136506625,0.0,0.0,0.0
14341,8.294108488715201,0.49028538732163646,48.57100840154399,1.249989186804441,1.3780269653850883
14342,38.195626251730765,1.1997549229483457,49.31869152089635,0.7870003966100482,1.0214496876476393
14344,13.06001998051106,1.0419487135126193,32.49615361854384,0.9557692240748189,1.4450708560374226
14345,11.521869061340121,0.6343477185542368,0.0,0.0,0.0
14346,10.427506643597017,0.6124340713559594,0.0,0.0,0.569785318781509
14348,18.785680760461858,0.825603080519358,0.0,0.0,0.0
14349,2.603262758395186,0.6045029626236013,0.0,0.0,0.0
14350,7.031803592586037,0.44736318052715746,0.0,0.0,0.0
14351,0.0,0.0,0.0,0.0,0.0
14352,11.374724320901288,0.49548828787198834,38.501082235871415,1.0043760583270804,0.982253115896544
14353,5.868560300448484,0.3886463775131447,0.0,0.0,0.0
14354,9.178137065875623,0.5048480234255018,0.0,0.0,0.6904822126505609
14355,4.07194391817069,0.256831325113977,0.0,0.0,0.0
14356,18.19690237021708,0.856349240929743,0.0,0.0,0.0
14357,5.733536696383873,1.0412145305033387,0.0,0.0,0.0
14359,4.196635280408303,0.2530366160433869,14.849242404917497,0.4432609673109701,0.976682591961499
14360,10.67181328773732,0.5917001301330231,18.33939293797189,0.8873899808696075,0.9323094535286076
14362,2.7540796125375757,0.700479305918366,0.0,0.0,0.0
14364,61.56656174608456,1.1427744927111612,10.605479266689953,0.7498823723922189,1.2272231253757508
14367,17.864998606671712,1.0107692117380276,14.065493067720565,0.8052763206710248,2.1306183035287143
14368,5.261653732430517,0.2715692248996396,0.0,0.0,0.0
14371,10.666888018536616,0.4245527569566812,0.0,0.0,0.0
14373,7.4078083803511,0.3870833902208282,0.0,0.0,0.0
14375,4.081099207166953,1.1878393376960628,0.0,0.0,0.0
14377,43.16176232816181,0.7694342202573209,0.0,0.0,0.6929533108707542
14379,5.8652731052384794,0.775071998968601,0.0,0.0,0.625974096500427
14381,3.5972124850135927,0.9939012194630018,0.0,0.0,0.0
14382,5.2901297116812,1.1069161471245024,0.0,0.0,0.0
14383,18.18840070223882,0.8600819445792547,51.61879502661797,0.8259007204258875,1.0020194090323353
14385,4.837160017300135,0.3350662522497743,0.0,0.0,0.0
14386,7.886244806170878,0.38766652839323135,0.0,0.0,0.0
14387,10.000859465635314,0.7907782425836707,4.949747468305833,0.13199326582148888,1.0551579993904325
14388,7.1939638862310415,0.41647803278064693,24.88449507701724,0.48521299593069833,1.8652158307257178
14389,15.540749601670383,0.670206555186751,0.0,0.0,0.6093152241936151
14390,19.24399417276105,1.1828917373570567,46.273835556855,1.0311718229939832,1.4907591626241876
14393,3.595552808679077,0.2645734222721911,0.0,0.0,0.0
14395,7.0302706236788115,0.7014817981781801,26.99173153816871,0.5915995953571225,2.1393462223205684
14396,5.458844278780039,0.8166061442876756,0.0,0.0,0.5345597960904708
14397,22.83205215744734,0.7602062556250071,6.08571669669385,0.5396201997068438,1.9756853540176431
14400,20.235517248969288,0.8802643661462191,0.0,0.0,0.0
14401,21.179723736758657,0.9514324938269658,34.88683002353336,1.2029941387425298,1.913390341507863
14403,70.25737619825522,0.9521195302681947,33.291640592396966,0.8684775806712252,1.190569150566888
14404,13.499601455010705,0.9431188275721027,18.14662503056698,0.27247184730581053,1.729283637807697
14406,5.416669871793924,0.27644886108039163,0.0,0.0,0.0
14407,37.112451151081366,1.255582920026574,31.34166555880526,0.9327876654406327,1.3288360281581657
14408,24.43257064825045,1.0029752427030567,23.258690132220835,0.5559846246746016,1.7237303900330962
14409,56.31505363207523,1.4766140941183628,64.32340165134303,1.0902271466329327,1.3087256813194785
14410,6.501243757632625,1.1354394248537167,27.254095367223517,1.0382512520847054,1.694883260992391
14411,17.539161832943947,0.23099554624761548,0.0,0.0,0.0
14412,13.115831189681986,0.7324139853724211,0.0,0.0,0.6727835383377638
14413,3.2037419450687485,0.6005384249110123,0.0,0.0,0.0
14414,10.016457784386242,0.6490376658909708,87.30864791073104,1.9842874525166145,1.316941631744172
14415,6.721622442785621,0.6721303465671996,15.222590867762055,0.5160200294156628,2.318379698673134
14416,55.1735628880195,1.5756800628947674,0.0,0.0,0.5767846494789415
14418,13.102901557880605,0.8386939182744586,43.1335136523794,0.837543954415134,0.9123188383213585
14419,4.226271058107234,0.8228378711699622,72.33049149563412,1.0303488817041897,1.5104126394775736
14420,5.031224571578491,0.3765109222124697,0.0,0.0,0.0
14421,27.51156992561638,0.9135447700700302,0.0,0.0,0.6859776493973015
14422,10.187287498574628,0.5304335789803002,41.692925059295135,0.7926411608231014,1.6398487236805537
14423,71.64244551939862,0.8104349040655954,0.0,0.0,0.0
14424,0.0,0.0,0.0,0.0,0.0
14426,21.68184490370899,1.0836882810271202,41.063298022010414,1.2922016860073207,1.5425462622588801
14427,11.519910896305733,0.5389951154213614,0.0,0.0,0.0
14428,9.458571272024345,1.0941528266281386,59.14389233048498,0.7486568649428479,1.4857985509710938
14431,15.026040827216478,0.5430791182555492,0.0,0.0,0.0
14432,8.106852104084616,1.3730010080914397,5.458937625582472,0.354476469193667,0.9672092395788501
14434,39.367360730802,0.3441202861084091,4.61519230368573,0.4807491983005969,1.0509801397896399
14436,5.216452604766746,0.5271510604412836,0.0,0.0,0.0
14437,3.394112549695428,0.2693740118805895,0.0,0.0,0.0
14438,5.776484898082725,0.3941498414158038,0.0,0.0,0.0
14439,39.45914487816644,0.47447529576487885,0.0,0.0,0.0
14440,30.62119919711441,0.714331866852708,103.79908477438518,1.1695671523874387,1.5314475578756133
14441,19.07503877620503,0.5679448053210986,65.6835849610337,0.7788567386683839,1.3205777898142808
14442,15.093471549320196,0.5981109230020835,0.0,0.0,0.6818368240050992
14443,4.65552128135207,0.3048609204096201,59.180514811323945,0.5672253815781848,1.3751013232325744
14446,3.539578563609898,0.9976110728733721,74.29894570808749,0.9135116275584527,1.3281943196392667
14447,5.832573806217025,0.3509883397395113,63.61865554484262,0.9787485468437326,1.3818350096598178
14448,52.144493767445454,2.7784464509095748,0.0,0.0,0.5859051013743437
14449,3.6859003857328654,1.0483544256631896,68.8210239195359,0.5865428174960446,1.3630271918468275
14450,7.538409744392975,0.6239759747040228,10.606601717798213,0.15261297435680882,1.0622893246234928
14451,4.02150071600572,0.6615608114288225,0.0,0.0,0.6893888061796306
14452,2.9271351976569586,0.6862894503657974,0.0,0.0,0.6924742711381114
14453,3.5758679205587818,0.6559584278520236,0.0,0.0,0.0
14456,3.5265248065296357,1.117009228818491,13.936078563006372,0.8320046903287387,1.4727132247379933
14457,16.84091446448203,0.5927812201507227,0.0,0.0,0.0
14459,30.058232022397995,0.6051158836231859,0.0,0.0,0.0
14460,9.192735447079938,0.33863739732301656,55.154328932550705,0.551543289325507,0.8738953876465207
14461,11.20494363660261,0.9590263019545188,37.476659402887016,0.6633037062457879,1.0257873118562686
14462,7.523873745860847,0.9010537315029805,17.33621770872887,0.6444690598040472,2.1417165839551515
14463,71.34512597227648,0.8082601786821851,26.870057685088806,0.5069822204733737,1.0652863915054307
14465,23.461274515343742,2.88107695584316,39.59797974644666,1.4142135623730951,0.6848746105497237
14466,26.0534191508959,0.8254911894316601,23.506736623076087,0.41360826902773173,1.9111478926573893
14467,4.396537515175671,0.6608463764543564,145.6605643267937,1.4863322890489152,1.0470706339557896
14470,8.632349001296067,0.8048548473638432,0.0,0.0,0.6502634218507825
14472,6.205814295084384,0.9003499602025525,18.25481019452394,0.5173427990350915,1.902626481284489
14473,24.936640855232625,0.7448855764556984,0.0,0.0,0.6549676167347211
14474,6.2736675424744615,0.3322067683083654,0.0,0.0,0.0
14475,17.267815693565453,0.7833323531130841,2.8284271247461903,0.024382992454708537,1.0984767386077645
14476,6.4956069275107104,0.572167508681982,0.0,0.0,0.0
14477,60.764009815752694,0.463989079228411,54.42732157045148,0.5937525989503798,1.3335865784745038
14479,4.0873599594247265,0.2326402506550042,0.0,0.0,0.687841021147751
14480,9.964736671035364,0.4642235324259443,0.0,0.0,0.0
14481,10.253460694170363,0.48326628148043377,0.0,0.0,0.6919767425481683
14482,28.96332434082111,2.0166422672815028,57.34806012412277,1.3153224799110725,1.20529476760281
14483,8.714893860512587,0.5720936888739117,0.0,0.0,0.0
14484,7.351660947113835,0.31971686524476167,0.0,0.0,0.0
14485,2.299631611892714,0.6520825686814936,0.0,0.0,0.0
14487,7.720178732957121,0.9292634453251407,119.10373629739749,1.7566922757728245,1.0998454578149024
14488,26.555669092797935,1.1477813904881282,0.0,0.0,0.0
14489,5.275028746448882,0.34151422675442716,0.0,0.0,0.0
14491,10.913203080241303,0.5441716844047229,0.0,0.0,0.6605834666379156
14493,10.523202210444536,0.5298603016285998,47.752835866923476,1.3082968730663966,1.3473781142630592
14494,7.5203495359495856,0.3772029718518709,0.0,0.0,0.0
14495,0.40824829046386274,0.019785862219573312,0.0,0.0,0.6327161256503984
14496,30.67427772637993,1.0816638087660189,0.0,0.0,0.6847156992926637
14497,4.917798853806698,0.3000108689239839,0.0,0.0,0.0
14498,15.683627897574492,1.5464718003350895,66.37456842295347,0.8375339864095076,1.4457025163322994
14499,3.8547419194039696,0.9172103374924815,26.16295090390226,0.2084697283179463,0.9806655127960779
14500,32.14837809728065,0.6306253234719477,38.18376618407357,0.7636753236814714,0.6246332753364575
14501,8.146135348194944,0.3242759184823432,0.0,0.0,0.5796760985629149
14502,5.816503348647693,1.4690339420303642,31.366826071150037,1.0853573035000013,1.7546568071441588
14503,17.270698027861947,0.7993752861967113,45.48955924165456,1.3147271457125596,1.3144112568297277
14504,5.03050450000781,0.7994890257862277,102.77321311184804,1.3463739708975726,1.0499839257505938
14505,7.406473864331573,1.0020544119859873,31.609221077762374,0.6469723612407504,1.6854237620389498
14506,6.1126395514142144,0.9599557185759114,30.247589435633817,0.3466772428152873,1.530869075877321
14507,24.731047536180952,1.716465364936864,44.58699361921591,0.8917398723843182,1.5871867233031887
14508,4.267049591702106,0.8798995250959412,0.0,0.0,0.6931361214701428
14511,9.580941503890196,0.4955119159913093,8.261355820929152,0.27310267176625297,1.2053544008665051
14512,8.01628303366899,0.6697708143504316,0.0,0.0,0.6897613581362843
14513,50.68080692087997,1.334905689436905,16.263455967290593,0.17394070553251972,0.7700790708773406
14514,12.44651333112927,0.8609423159827894,7.7781745930520225,0.057830294372133995,0.9160600894658655
14515,16.102734371454552,0.7736948330075827,50.32196339571818,1.2707566514070248,1.3415715457114805
14517,5.983537464429825,0.3259303203502401,0.0,0.0,0.5464742356619108
14518,9.999577470240096,0.9175502639435771,0.0,0.0,0.0
14520,68.3269346597665,1.0100064251258905,0.0,0.0,0.6688570623740269
14522,41.82325580027569,0.7295702060507385,43.431939092485074,0.7575338213805536,0.961200814957637
14523,12.787029975958477,0.6364609055186932,0.0,0.0,0.0
14524,11.65789142672004,1.2671078341172834,39.6049690244617,0.9748915452175189,1.6367667983272807
14525,24.714518388111426,1.660109147994189,21.85299914035992,0.5187655582281286,1.9365683863714662
14527,7.616640651687188,0.870082421938641,2.6904728775220987,0.4260572885225611,2.509420493676531
14528,13.119363875460275,0.6483678813856597,0.0,0.0,0.0
14529,2.742899908503245,1.0130379960119398,10.606601717798213,0.43292251909380464,1.0640127392589978
14530,11.607812011217668,0.8569256724995015,19.123284236762263,0.3554513798654696,1.770357991225046
14532,10.329636482284883,0.7086849277656992,11.0,0.2894736842105263,1.3114776032769107
14533,24.64877773627164,0.7838172761467501,91.7314922295864,1.6883096729371727,1.5162115621461147
14534,11.86951235753544,1.3852502026199152,9.554025945364911,0.5256260228841537,2.3527521210445665
14535,7.661311355836861,0.8827042715134695,38.18376618407357,0.4062102785539741,1.0810491971028708
14536,10.958422219638175,1.2119326086910671,0.0,0.0,0.0
14537,13.194671651844917,0.3710955015143694,0.0,0.0,0.0
14538,10.526246200062372,0.5151285970410433,0.0,0.0,0.5874965476602262
14539,8.079544361953475,0.4810326329956672,0.0,0.0,0.3942940899479704
14540,9.17512933127452,0.6999275582446988,118.79393923933998,0.7972747599955703,1.0340961719301123
14541,16.176553842455267,1.228472942573485,36.476998623398664,0.9935369274855667,1.582251797865859
14542,9.486174149782409,0.45937889345193267,0.0,0.0,0.0
14543,60.888631607048566,1.2075986138195416,16.263309567712167,0.7414882781631686,2.183771106933299
14544,17.04518544208781,0.959841507766559,0.0,0.0,0.6872635852048943
14546,5.284646848770283,0.8178822665846975,42.78921203605725,0.7101943906399544,1.5751817824404344
14547,9.17688629112019,0.8381052672088088,6.824326235712107,1.0163890138294627,0.7210441410276442
14548,94.22356393174694,0.5773502691896258,0.0,0.0,0.6931471805599453
14549,3.532728536003143,0.6839745471448485,0.0,0.0,0.0
14550,18.72544917034584,1.1739786841730888,0.0,0.0,0.6871105996709567
14551,7.003764146673003,0.3760814125905066,0.0,0.0,0.6316563131537263
14552,2.3587611524333436,0.8287886765683282,0.0,0.0,0.0
14553,16.465753134789434,2.16536141635482,88.53059734728251,1.113592419462673,0.8914777231158975
14554,10.657547473013427,0.966817127881472,13.279056191361391,0.9716382579044921,0.41880936450528217
14555,13.12060883459591,0.8500425295443762,0.0,0.0,0.6684510180800338
14557,32.494676256273124,0.6594723611714782,0.0,0.0,0.0
14560,27.496120846863548,0.9092591922618958,16.01353594098859,0.980420567815628,2.1538015404155506
14561,6.4672415459747015,0.41289432128525705,45.254833995939045,0.8380524814062786,0.6919342473881503
14562,12.68326153011292,1.057194636848126,16.975111539094694,0.9882770416596226,2.0585344308068323
14565,13.183908660524537,0.5402683342002298,69.0869017976635,0.7850784295189034,1.3428293744928683
14566,0.0,0.0,0.0,0.0,0.0
14567,29.454700504642414,0.6351480152730075,0.0,0.0,0.6920657185195792
14569,35.731357620782376,1.885642690748883,0.0,0.0,0.0
14570,13.601658494209575,1.8088970757226346,0.0,0.0,0.0
14572,11.77142209511085,1.1219426320159025,32.39392947245929,0.6131343117815639,1.6865545572580016
14573,6.867852932505742,0.9761255090290727,28.374724668267707,1.2138919644178698,1.5489264946654298
14576,0.0,0.0,0.0,0.0,0.0
14577,3.963327351421049,0.5670391925472416,42.59499188089291,0.36509993040765354,1.3145127162793213
14578,6.038416012066625,0.8594080785720156,0.0,0.0,0.0
14581,7.662081770564937,0.9397935793622217,0.0,0.0,0.0
14582,12.203352681401398,0.6416625719779895,0.0,0.0,0.0
14583,3.404678004680734,1.0674492817867487,59.00564944703741,1.192033322162372,1.3636675120163937
14584,7.760240236310505,0.7445589619011097,7.810249675906654,0.8678055195451838,0.6891900900517567
14585,6.78026210313378,1.2520063737082434,0.0,0.0,0.0
14586,3.031011642826099,0.24262395186086907,0.0,0.0,0.0
14587,4.246804864726085,1.0158551177224293,51.980593906352624,1.345775894015602,1.8882329149361845
14589,4.589934640057525,0.34641016151377546,0.0,0.0,0.0
14591,7.9312615029566,1.0796871871985088,113.73800303035627,1.732050807568877,0.4604651325517449
14592,2.9851100706292653,0.8581812074171712,9.899494936611665,0.7071067811865476,0.595519523169721
14593,6.861037185505727,1.6875315979172323,125.15790027001891,1.4142135623730951,0.6882371990360485
14594,4.222276520203574,0.5891600336223822,0.0,0.0,0.633216337460188
14595,8.96636848306071,0.5254335202069358,95.18403227432636,1.6411040047297647,0.9195812216566763
14597,24.496255454928846,1.5255551718519917,0.0,0.0,0.4817619428403358
14598,2.832099106129369,0.6379463680067958,0.0,0.0,0.0
14600,4.079952736654351,0.25932122750961983,0.0,0.0,0.0
14601,28.141787941981022,0.9206978668623441,0.0,0.0,0.0
14603,254.55844122715712,0.7713892158398701,0.0,0.0,0.0
14606,7.216006776991919,1.602679874626495,2.0122356254016798,0.5626920289877038,2.5097575639290985
14607,227.7453383065898,1.1820573399539347,58.89876146884672,3.1509625477160794,0.6864145002811483
14608,62.30153388962426,0.6979977468517968,137.19086461325816,1.1561027916847597,1.3254969656720637
14609,31.315689358530815,0.20822986474187657,42.14261501141095,0.5694947974514993,1.3701576904666184
14616,115.49661813230723,0.8532551575968323,6.363961030678928,0.17435509673092953,0.7725623387602811
14618,19.125668615763477,0.5529247937485827,229.80970388562795,1.4055639381383973,0.6653691642566797
14619,5.582653208117559,0.2830672958177446,0.0,0.0,0.0
14620,7.107283068471709,0.4476703323326334,0.0,0.0,0.6832702064566432
14621,9.166982225091623,0.4715842250488879,71.11961754677819,0.7990968263682943,1.5931048430474923
14622,5.071507242850563,0.33221552217812034,0.0,0.0,0.0
14623,7.333678086598759,1.1051030234514858,28.335784207723396,0.5638962031387741,1.589708345116455
14624,3.536159368145485,0.20354249185694623,0.0,0.0,0.0
14625,4.776759616970107,0.281413758655687,0.0,0.0,0.6469148419651449
14626,18.952535632186795,0.828371797470968,36.35014901390823,0.5242809953929072,1.3601431162617714
14628,18.32367764175196,0.6544560143491384,0.0,0.0,0.693061425269841
14629,5.775991311606453,0.9154760423396846,0.0,0.0,0.6585919032857812
14631,23.850768745600167,0.9711032181072183,85.55992052357225,0.6927928787333785,1.0948123006251884
14632,5.252210419024955,0.36677447060230134,0.0,0.0,0.0
14633,3.7524342976119844,0.21759549420771146,0.0,0.0,0.0
14636,8.422267875342198,0.38669099042318855,0.0,0.0,0.6930266099768987
14638,15.240436126743006,0.5497001308112897,0.0,0.0,0.0
14639,5.8050632321213325,0.3345532656919169,70.0949356230534,1.1379047990755422,1.3638988499908735
14640,10.144008667280842,0.5059879716207245,21.40560674215987,0.5324777796557181,1.7503517122444028
14641,11.0416846540734,0.6997265306763878,0.0,0.0,0.0
14642,39.965675272663674,0.8315787613954155,0.0,0.0,0.0
14643,18.345579368490693,0.8196955368518923,0.0,0.0,0.6926411615584525
14644,34.89233684437799,1.092013045830117,0.0,0.0,0.5340244133659814
14645,18.312261418947198,0.920075436815917,0.0,0.0,0.673860678987664
14646,170.09430673743793,1.2602005509621854,7.026762500348701,1.5377717325991078,2.3603932265561585
14647,17.3908826555822,2.1450805018808734,0.0,0.0,0.0
14649,11.287948533606784,1.5849274024284021,70.02142529254886,1.0148032651094037,1.0688401297390198
14651,5.893118184255693,0.918267728069173,0.0,0.0,0.6556897587045459
14652,4.269149209780499,1.0842995891017206,0.0,0.0,0.0
14653,9.176416399058711,1.1166905530419833,105.94463963158621,1.9031971191302914,1.334715502335688
14655,32.217858362234125,0.8170223315803357,71.33722730804723,1.0047496803950315,1.3171377791946377
14656,3.0696328456286137,0.8437403458178633,0.0,0.0,0.6895037016376537
14657,5.326147232555363,0.7911798251656124,51.05226080530942,0.49726228057119565,1.2278659257946762
14658,9.766963870683231,1.1460325804159972,0.0,0.0,0.6931409848913859
14659,6.022338666862119,0.6022505297443471,15.027950150113146,0.39677756171915896,2.091989307258722
14660,15.71532586765024,1.6499607196385078,0.0,0.0,0.6883932199853622
14661,29.2521900889489,1.0839162608225623,0.0,0.0,0.0
14662,5.041060318271283,1.0981990137966668,94.97543542060406,0.9962458260902524,1.3209031801522082
14664,5.612444263620343,0.8710467041314552,0.0,0.0,0.0
14665,11.014709266463601,0.5400249681220919,97.17467091102839,1.5610388901370023,1.089250812580841
14666,8.870943586219568,0.6360727795496746,0.0,0.0,0.0
14667,16.54020117434435,1.0255740891766558,12.548962079604923,0.867939740376133,2.070349822683731
14669,5.398948863481739,0.722699632904114,63.63961030678928,1.4142135623730951,0.6387872571217699
14670,2.77767486373471,0.890951041267907,0.0,0.0,0.0
14672,10.02585025488279,0.798872530269545,0.0,0.0,0.6603495047493046
14673,18.76398862607763,0.7996631872435755,159.03982729702224,1.7573461579781464,0.9777338274430094
14675,8.199807883147036,1.3830184441190536,0.0,0.0,0.0
14676,38.25919228359113,0.6305866307376179,28.49034924320866,0.5720953663294912,1.5979627549643531
14680,107.75340823195155,0.9668315007434937,11.463399313010246,0.5102403255049072,2.1943209965809345
14681,120.00906860574766,1.6836626520497717,98.99494936611666,1.4142135623730951,0.5145416040146906
14682,7.353910524340097,0.2828427124746191,0.0,0.0,0.6730116670092563
14684,4.161266329930368,1.4170682409330289,66.12803238163575,0.7895884463478895,1.5471193422279246
14687,34.52452031320845,0.8241315839112109,0.0,0.0,0.0
14688,22.26686337487303,1.2930975717044577,11.694690653184642,0.6551647424753301,2.459863777096839
14689,6.937477188689686,0.7995319455050169,0.0,0.0,0.0
14690,5.725363191402743,0.7701591594569199,0.0,0.0,0.6792971699993686
14691,24.478897753192804,0.8220106324351871,49.96915715385508,1.1042907658310515,0.9142113231917116
14692,4.688796528333136,0.5389876830811483,37.589892258425,0.6162277419413935,1.3003113742602774
14693,42.94261744301508,1.9869342946450008,0.0,0.0,0.0
14696,7.648137139164235,0.4782499954743263,13.847984209503805,0.2276380965945831,1.9452596310262014
14697,7.998398879277943,0.9329557040672007,0.0,0.0,0.0
14698,4.2498480918531385,0.7135406467181227,7.52772652709081,0.6273105439242341,0.9767029282973014
14699,5.5072846238932875,0.40372287172314025,0.0,0.0,0.0
14700,13.907742705777208,0.7155148799554327,77.07463914933368,0.7519476990178895,1.0946491729168046
14701,19.131202262179585,2.5139358970373706,55.35534559294419,1.4663667706740182,1.669455377903089
14702,7.530783264824851,0.793763871795921,27.974914357926696,1.26798478676155,2.1898119760525723
14703,3.7765390200151474,0.2611303970843676,0.0,0.0,0.0
14704,3.3544563314422486,0.8999226700638906,20.618559600515262,0.9996877382068006,1.319822423205397
14705,0.0,0.0,0.0,0.0,0.0
14708,42.73587985348906,1.0623548531101623,44.54772721475249,0.24409713542330133,1.0823650742827517
14709,11.619920124269399,0.4628095574018504,16.16651046472493,0.575662093699404,2.111173514640474
14710,4.15533273727138,0.9529164543591669,8.144527815247077,0.5682228708311914,0.6917240132258475
14711,17.45514545885997,2.1721580203614783,18.75129625148915,0.7653590306730266,1.8328052159440356
14712,37.46162709137623,1.0212313970410174,5.656854249492381,0.13797205486566783,0.9599941110747443
14713,9.445450836548071,1.200891040065781,21.19748412744619,0.6056424036413197,2.0066271152640303
14714,23.531146003164025,1.4689522444075178,0.0,0.0,0.0
14715,11.827279235933698,0.9681302609597784,89.79049689879956,0.8831852153980284,1.2839355597141966
14716,7.609197088832722,1.2694304776929133,0.0,0.0,0.6827579623205731
14719,5.719799428886181,0.8461188946252955,45.61706552011721,0.7447684166549748,1.5848686819061126
14720,8.472495820915784,0.4722470968709179,32.526911934581186,0.5421151989096864,1.0749152495058296
14722,6.062756327423551,0.9356105443554863,0.0,0.0,0.0
14723,4.670096855376728,1.1208555001249507,137.44708072563782,1.914304745482421,1.0309263184800712
14725,12.179212738354376,0.8819617067658584,0.0,0.0,0.0
14727,16.629400871147865,0.6191600592429767,0.0,0.0,0.0
14729,3.7788920640034602,0.8558529348440004,0.0,0.0,0.0
14730,4.191148233428505,1.0472331326482405,25.88711759047069,0.6613497194645797,1.5637918271377402
14731,6.564212070081991,0.7772999925101037,107.48023074035522,1.3107345212238442,0.6406738651776676
14732,12.39268210933427,0.674091030890822,14.556948921555023,0.3116166435806886,2.0492606323001543
14733,33.70933545423535,0.7103431767829597,26.669696797540222,0.8478805340258453,1.684824141898738
14735,18.376548871434743,0.5877403034211013,14.850219939720237,1.342148157817281,2.3047477088062793
14737,43.408331827643686,0.6336710669957861,70.0035713374682,0.4011665979224539,0.8820862314796839
14738,14.261781855648799,0.585899973528879,27.342274960214997,0.607606110227,1.4730600824019016
14739,41.491729002214655,0.6379613303332614,48.69907596659304,0.811651266109884,1.870029912504039
14740,6.93486812153812,0.4261835388630742,21.213203435596427,0.49333031245573084,1.0843180157227175
14741,16.43983988952509,0.692653608039462,72.2820863008256,1.0067142938833649,1.530864330229837
14744,49.47329588933656,1.1693900735674745,89.78956880766644,1.552557385723339,1.3996138017543032
14745,9.358374453992658,0.5291723381291638,42.1218470630147,0.9853063640471275,1.3740376150126887
14747,5.605197168175053,0.307414835548906,0.0,0.0,0.0
14748,6.5812111630633305,0.413722615936879,64.17424197708402,0.7594584849359056,1.3675895968181049
14752,74.02276622769512,0.9498866418706383,0.0,0.0,0.0
14753,4.309846051601582,0.22959314844721207,0.0,0.0,0.0
14754,5.988766781314464,0.384827894418765,0.0,0.0,0.6521196100374821
14755,10.102249976340415,0.4738315512186939,10.498677165349081,0.3280836614171588,2.157447042990593
14756,8.531471601158007,0.4387191740337829,0.0,0.0,0.0
14757,8.996419820719977,0.40649697168532595,0.0,0.0,0.0
14758,8.586779572140138,0.41080640245134953,20.744477176668816,0.550738332123951,1.2935871170816768
14759,4.748204476262407,0.29786334100799244,7.7781745930520225,0.06853017262600901,1.034957352325099
14760,4.9439862459355615,0.2771292738753117,0.0,0.0,0.0
14761,14.770461924210272,0.634916299985592,0.0,0.0,0.6645555357049607
14762,7.53714168381521,0.5266869937445742,0.0,0.0,0.0
14764,26.423808708561808,0.5696832635694246,0.0,0.0,0.0
14765,7.563278944615362,1.1607881580417896,14.142135623730951,0.19372788525658838,0.8253795751338042
14766,10.114626281793248,0.5520704739048701,28.36370920736567,0.3994888620755728,1.7305913575382104
14768,17.95318913173924,0.4660744842092222,0.0,0.0,0.617823540765622
14769,9.492211222912617,0.9692508239513574,20.016659728003237,0.4003331945600647,1.6285182001900393
14770,7.653350502001439,0.45409076253859426,0.0,0.0,0.6252642673337174
14772,4.28952503198198,0.27722048892602197,0.0,0.0,0.0
14775,9.209601934753215,0.5460777903796747,109.60155108391487,0.7003293998972197,1.088184504722582
14776,15.659302876509201,0.7217974378724251,26.791582425995088,1.0424740243577855,1.8329149027352272
14778,12.360369422833106,0.5919231176958086,0.0,0.0,0.6894556839079207
14779,9.344956902639796,0.9922134740599032,28.991378028648448,1.3484361873789976,0.3215694150825309
14780,5.786745415786192,0.34900403463685487,0.0,0.0,0.5694831181335818
14782,28.758981205877234,0.8623382670427956,0.0,0.0,0.0
14784,11.723176353255285,0.606392100758058,0.0,0.0,0.6711286713953644
14785,14.677820001621495,0.5689077520008331,0.0,0.0,0.0
14788,16.943640735665706,0.7481296686535546,0.0,0.0,0.6895668932190658
14789,13.975492835674887,0.42427118505388245,0.0,0.0,0.0
14790,12.351297164367477,0.7625690139866642,62.32442004008809,0.7956308941287842,1.0249581934972656
14792,1.6263455967290594,0.5246276118480837,0.0,0.0,0.0
14793,3.96522888493087,0.24242632599254194,0.0,0.0,0.0
14794,8.960204280242214,0.5430797118132124,62.98465421566325,1.1521583088231082,1.548996019995115
14795,9.216746533710618,0.42069592394266797,0.0,0.0,0.0
14796,8.74821421419016,1.2442162493678361,12.063719713808561,0.5421896500588117,2.4937730825066287
14798,6.974621310454242,0.4817281899703632,52.32590180780452,0.4087961078734728,0.9832837234121169
14799,8.540407349319333,0.7040285069191587,0.0,0.0,0.0
14800,10.974555951409956,0.9736076449955143,19.45998224795976,0.6731440400237653,1.9598000629894652
14801,2.047275534167185,0.6253974138752404,0.0,0.0,0.0
14803,38.86422301555167,2.022382842746465,68.58935777509511,1.0634008957379086,0.890705007540697
14804,18.155616440466385,0.6167163848772798,0.0,0.0,0.0
14805,12.501975884538265,1.0593939720063075,140.18202452525787,1.4159800457096754,1.002410993407357
14806,5.197538753189734,0.2956353807595381,0.0,0.0,0.0
14808,16.938191134930566,1.452108011071434,25.264317016015184,1.360386300862356,1.3185743331353597
14810,5.414440456430356,0.6612843249562909,16.938122682280937,0.5244000830427535,2.159018678447042
14813,4.712529410865875,0.9095791180980264,0.0,0.0,0.0
14815,5.0797425880178695,0.3458270483814349,0.0,0.0,0.6034747545956697
14816,65.8660430343284,0.9691527391477417,0.0,0.0,0.0
14817,8.966356792023381,0.508745499484368,0.0,0.0,0.6920819821047164
14818,15.556208288399096,1.1351444175177208,7.7781745930520225,0.08690697869331869,1.0369481011830566
14819,12.458422081838084,0.5952860920494545,0.0,0.0,0.6202086755118883
14820,6.9673405956196435,0.3982985615189924,43.2087954009366,0.864175908018732,1.0173488629818361
14821,1.1313708498984771,0.04636765778272447,0.0,0.0,0.0
14823,2.953316138035366,0.6431637671109591,9.192388155425117,1.414213562373095,0.6440700244534978
14824,31.271975618967545,0.8041848462371166,11.150485789118488,0.4234361692070312,0.6342136089645458
14825,12.454096297474853,0.6766980488634283,20.629193788503617,0.6285903924474786,2.1804349595196713
14828,100.74659003133146,0.8004131447137225,17.67766952966369,0.25435495726134805,1.039974605535443
14829,8.334271272419471,0.5018126205169777,89.81647955692763,0.787863855762523,0.9970095261164805
14830,4.755697736561742,0.9649871123749285,0.0,0.0,0.0
14834,18.04858862569221,0.702932882591047,45.50494478625372,1.038925680051455,1.5458415580612401
14836,7.621663204314396,0.4463638772658505,11.313708498984761,1.131370849898476,0.0
14837,5.389026865519068,0.35284322611461616,23.115651263447745,0.630426852639484,1.369952247692488
14840,1.4250000000000007,0.09069212410501197,0.0,0.0,0.0
14841,10.719362199804209,0.4488409300352516,49.58528007382836,0.8155473696353349,1.5710980420896994
14842,23.919164510117582,1.227844065708821,33.291640592396966,0.37975255428589694,1.153037280923807
14844,39.15549628570483,1.5957735780945035,5.507570547286102,0.09387904341964948,1.376930042698412
14847,10.545141061171254,0.4430731538307249,0.0,0.0,0.0
14849,14.321429626760393,0.700672929609211,16.545008880039312,1.1443233807519984,2.3309016164305634
14850,10.452091952832992,0.6738109931220041,0.0,0.0,0.0
14851,11.556166102994538,0.6327811692262582,0.0,0.0,0.6742523014014421
14852,7.841136651845095,0.39527849049908464,26.349573051569543,0.6861867982179569,1.5922224357564378
14853,69.37575224817385,1.3122777852744107,0.0,0.0,0.688301940741612
14854,20.34201412797298,0.9360851191024696,20.235282717735046,0.6258334861155168,1.5710296997742184
14855,18.837737006506803,0.5835278248743686,0.0,0.0,0.6918443881978744
14856,16.087491832886613,0.8096619293953823,14.142135623730951,1.4142135623730951,0.5451897912248085
14857,6.155835263927242,0.31484427495536216,0.0,0.0,0.6871752624778535
14859,11.33161715058486,0.48549484741081883,61.58192375472963,0.9723461645483625,1.0525708412040484
14860,10.8619770509123,0.701513313527685,0.0,0.0,0.0
14861,10.381116991923363,0.4951641780073152,0.0,0.0,0.0
14862,6.728608341460065,0.38394341463395515,0.0,0.0,0.6542805537734834
14863,15.359011331817847,0.6333375492952329,0.0,0.0,0.0
14865,4.1861199218369265,0.3207754729376955,0.0,0.0,0.5997675727407826
14866,139.50712344729078,0.959784655993564,64.51018242389053,2.0274628761794165,1.3006852037464702
14867,7.471002227660912,0.37866204904515516,59.39696961966999,0.7919595949289332,0.995583618032962
14868,9.281838249235173,0.4525288573870662,24.33692080534664,0.7504777340855792,1.7222928956524788
14869,6.000169652195742,0.5870360277055225,0.0,0.0,0.6900680244555777
14870,19.66302171785718,0.7811131622067023,0.0,0.0,0.0
14871,4.019367011345373,0.7540448851637631,50.89531740085067,0.42889312416447195,1.3678010766953765
14873,5.534934841866136,0.29821847208330476,0.0,0.0,0.0
14875,40.301031862660665,1.2926517740459773,0.0,0.0,0.5590654139853501
14878,15.097239503438383,1.2601866650688365,27.521095804595323,0.645656206559421,1.8802837904882634
14880,4.430480811606867,0.29486766754771765,3.5355339059327378,0.03351216972448093,1.0275495749221468
14881,6.84336260654847,0.45550964883055595,0.0,0.0,0.0
14882,27.023303075140706,0.5040806067942135,0.0,0.0,0.0
14883,7.389817829092258,0.5142666591497914,33.830459648074545,0.8902752538966986,1.4150674004820474
14885,24.010711260562342,0.4706014071348392,0.0,0.0,0.0
14886,7.189371239790682,0.3547387124896718,0.0,0.0,0.0
14887,116.75901107266482,0.3762374148420993,0.0,0.0,0.0
14888,6.250002105262802,0.3385699948679741,0.0,0.0,0.0
14889,2.444585854495604,0.1798812254963653,0.0,0.0,0.0
14890,4.700265949922408,0.2618532562630868,0.0,0.0,0.0
14891,4.914289075869686,0.2925277598464945,0.0,0.0,0.4853529104900791
14893,6.056239637466731,0.3571559506685554,0.0,0.0,0.0
14894,19.987583171250794,0.70105133501909,0.0,0.0,0.0
14895,14.813309331527332,0.6622874683963054,17.34075414697887,1.1894380100815831,2.1781561931045275
14896,8.749624462752825,0.8025979732030024,0.0,0.0,0.688393811757522
14897,13.007567320964652,0.5235850954002955,97.12363255150623,1.0117045057448566,1.2411414261546665
14898,14.546447980368859,1.2944856739618784,38.47986486462758,0.5560674113385489,1.6908549333692506
14901,14.055537585988676,0.9493710701228553,78.93928498717044,1.768947562737713,1.3593623691907464
14902,6.497401180877102,0.3906331498152529,0.0,0.0,0.0
14903,6.0993778624988355,0.7703892512308936,31.57002798013753,0.49328168718964893,1.5943384427001968
14904,16.194125775521766,1.089673387532183,0.0,0.0,0.6674386459940644
14905,26.19455980228135,0.7227258242940566,0.0,0.0,0.6931459919359827
14907,11.940699605064555,0.5627418339480882,78.71636847992079,1.30469119027493,1.5528414994161934
14908,22.732740705862984,0.7364818803195351,0.0,0.0,0.0
14910,4.705945676762927,0.3250336601885296,9.539392014169456,0.5611407067158504,1.0440377581678
14911,44.516978759059064,1.7565357139962967,2.7010327449787126,1.8374372414821174,2.4022812093613477
14912,19.494100013276718,0.6064881031957958,0.0,0.0,0.6867930214644327
14913,10.59096981236497,0.7506858832485374,34.44318994131254,0.32089928516750815,1.3861036169994991
14915,19.90257330704812,0.776736307026725,0.0,0.0,0.6903663893419603
14916,7.820381935420918,0.47453025975776664,79.95206897468842,0.9556024180241642,1.0636778901676136
14918,22.18853535071887,0.6201186788698873,0.0,0.0,0.6919335989707855
14920,4.89675539602718,0.285460852320637,0.0,0.0,0.0
14921,6.947456167749257,0.41175741494331003,0.0,0.0,0.6221533471832327
14923,7.53182318334122,0.4423978374943447,0.0,0.0,0.0
14924,34.829668467494145,1.1233565059665906,0.0,0.0,0.0
14929,12.133926891908564,0.596181864440746,0.0,0.0,0.0
14930,8.576049634744335,0.46262078388412076,116.67261889578035,1.4142135623730951,0.6907393037541436
14931,45.07728575025071,1.469506325742859,50.176355653501446,0.8577154812564349,1.5966433468514545
14932,9.636284332422644,0.4506281012603773,0.0,0.0,0.0
14934,13.677675655383407,0.6292943097181065,0.0,0.0,0.6855193360738885
14935,93.71891738953597,0.5251212655811643,0.0,0.0,0.0
14936,18.871340857445148,0.8441871928679091,38.54743521824457,1.1243001938654666,1.596472445211825
14937,39.34449582688356,0.8247915123893512,51.61879502661797,1.414213562373095,0.6911386812161033
14944,26.246985322389857,0.7562370246695098,27.18087562975115,1.1325364845729646,1.611482101091584
14946,0.750555349946513,0.02231581813517878,0.0,0.0,0.0
14947,10.184184895121552,0.49026404144041585,0.0,0.0,0.6670263839856758
14948,8.837260596994465,0.5052291964487702,27.0129598526337,0.69621030548025,1.4343727531570045
14950,10.068227832935964,0.5153457134315284,0.0,0.0,0.0
14951,8.977058758155056,0.5760248168471915,0.0,0.0,0.0
14952,54.18359802268788,0.9231860928442319,40.89498746790369,1.3541386578776056,1.4879950098466717
14953,5.216624216434247,0.9899742319504644,0.0,0.0,0.0
14954,4.831259478775746,1.2215755590800441,0.0,0.0,0.0
14957,4.624392752928036,0.9487555656545807,0.0,0.0,0.0
14958,8.558120743599082,0.7193425216761956,16.263455967290593,0.33532898901630087,1.0624391536525524
14959,9.603926539070102,0.8148049607505335,30.138568866708543,0.39311176782663315,1.3508955881442806
14960,12.898630926268098,1.573927938759157,0.0,0.0,0.6726286770213713
14961,15.805069086793685,0.6999865934406714,30.319430356503354,0.703059254643556,1.739474353497239
14962,25.196413435249074,0.9943336004439256,0.0,0.0,0.0
14963,10.928114629734226,1.454339761182536,55.02120803229727,1.2795629774952852,0.9596555107929172
14964,26.92584512875011,1.697473384771599,0.0,0.0,0.0
14965,9.747539893225698,1.3506607865404556,0.0,0.0,0.0
14966,4.1908166893185435,0.8323804839750399,0.0,0.0,0.0
14967,73.05173509233028,0.9450418511297578,0.0,0.0,0.0
14968,3.3369670059499836,0.8365592466979429,0.0,0.0,0.0
14970,27.04295407425728,0.5775287605522076,28.36077102854105,0.3444628060146686,1.374430868230801
14971,5.660341884342454,0.811104276037143,5.656854249492381,1.4142135623730951,0.687726891229594
14972,5.162562221689,0.8096725624327089,0.0,0.0,0.0
14973,71.41399233137471,1.7385581456913468,45.96194077712559,0.7856742013183862,1.0394185139911385
14974,3.3873723486755085,0.621862219793563,0.0,0.0,0.0
14975,18.84207921358227,0.7403831940751767,0.0,0.0,0.0
14976,10.520852633738631,0.9578198285779802,39.22074281125572,0.8780763315952773,1.5707650785555107
14978,6.641840432626489,0.7427890015881173,68.04900195202474,1.0632656555003865,1.3566716937549947
14981,4.1822994358879395,0.32763802866337166,0.0,0.0,0.0
14984,4.464242322297831,0.8582263572664277,0.0,0.0,0.6925944888373594
14985,3.3139745097979385,0.9715780365709205,0.0,0.0,0.6801556741324679
14987,0.0,0.0,0.0,0.0,0.6931471805599453
14988,9.156100264374679,1.094768968060582,0.0,0.0,0.0
14995,2.6938707499593106,0.7045668042169444,0.0,0.0,0.6928801153144114
14997,13.000437010406168,0.6188417471083127,33.94112549695428,0.5221711614916043,1.0265296820041883
14998,6.875141284051962,1.1995151936722663,0.0,0.0,0.6825094116851543
15000,4.433145622395494,0.6958986645283639,0.0,0.0,0.0
15002,11.453366515173277,0.8022714338544774,84.83120495037974,1.017974459404557,1.3104591337529148
15004,10.796379857521526,1.3686918427758532,0.0,0.0,0.0
15005,3.7517221501072333,0.6646292348489757,6.338953871289504,0.5063661376473864,2.392191889398577
15006,4.336793283731626,1.2437973926135835,0.0,0.0,0.0
15007,9.253618907151292,0.7076886551896979,0.0,0.0,0.0
15009,6.7678100272624695,0.9761934924961321,1.4142135623730951,0.23570226039551587,0.0
15010,5.758146723053394,0.37276796290887515,0.0,0.0,0.0
15012,2.4775359234466228,0.7496326545980704,0.0,0.0,0.6884616622257949
15014,14.447805643043504,1.9436260810490162,0.0,0.0,0.6886301205432821
15016,4.311935210918398,0.5071671619522935,0.0,0.0,0.0
15017,2.9837593736761017,0.475196587621612,0.0,0.0,0.0
15018,9.189375889978155,0.5740929295848991,70.71067811865476,0.4311626714552119,1.068307473460349
15019,3.3552260771795255,0.8829542308367173,0.0,0.0,0.0
15021,4.55211512235321,1.1220889366889395,33.74457628377379,0.764749604164845,2.0688871137167713
15022,5.924470654608175,0.8837217563556348,10.263202878893768,0.9055767246082737,0.6688785860818258
15023,15.432005421679383,1.2748924035220723,22.42419328413944,0.6194528531530232,2.1695735787458292
15024,8.522112806471,0.7951024089151494,53.749677001613485,1.3626678676465391,1.473144714416533
15025,4.247774044247872,0.8112244534252321,0.0,0.0,0.0
15026,10.498180292486497,1.365434963415088,86.2670273047588,0.8802757888240693,1.0333374318913242
15027,28.180893208285763,0.9251336700182916,61.17461347105786,0.890892429190163,1.305109918697473
15028,14.666928638960327,1.1225943180362854,178.63463643239328,1.492768549574317,1.0110244381491904
15030,34.27367502909485,0.4629075503659489,0.0,0.0,0.606345041479378
15031,7.634923671906582,1.2684116017326168,74.27202254774899,0.8043901358961985,1.3524929104928027
15032,100.37143658833142,1.052472162810436,77.78174593052023,1.4142135623730951,0.6862422209151842
15033,5.425706812093853,1.069757825376977,21.863846362837847,0.6168483299860208,1.9774225035483468
15034,15.159157791731007,1.3862262237570857,54.55709111083719,1.1399989187339115,1.7138452599872296
15035,9.59699451410199,1.0252793569451737,0.0,0.0,0.0
15036,3.851825689508445,1.050761169729508,72.8319984622144,1.3613457656488672,0.6916072214485735
15038,5.323376709246771,0.9809337796454666,55.490539734264615,0.8979051736936022,1.5906314702435533
15039,21.09131281583768,1.5907628760531651,4.202426260320334,0.5702407314888949,2.3641042097965563
15041,2.622482010437842,0.9742517033509033,0.0,0.0,0.0
15042,28.204128775766147,1.0374504809742569,0.0,0.0,0.0
15043,0.0,0.0,0.0,0.0,0.0
15044,11.27704350250791,0.6634218337161465,16.77883090881682,0.801376998630057,2.1397556956452504
15045,49.67810428603879,0.8103434350548697,0.0,0.0,0.6915056743473497
15046,33.290968866959645,1.3153513842370659,13.138317419494195,0.5712311921519215,2.094032772841055
15047,3.996572232600033,0.2558773910633861,0.0,0.0,0.0
15048,4.723358896533685,1.1929848013638,48.05552344250693,0.4789587054070458,1.3102967892742874
15049,39.74928049663289,0.9841366797878902,0.0,0.0,0.0
15050,21.196209822493287,0.9277333726997382,32.526911934581186,1.4142135623730951,0.5704386886449371
15051,10.62392173867192,1.0917001233320287,52.32590180780452,0.8305698699651511,0.988117864867502
15052,14.05494364697135,1.9540657586854224,0.0,0.0,0.0
15053,10.145603498168668,1.0323132294386212,18.384776310850235,0.13322301674529155,1.0961118430107653
15054,2.596744387869011,0.9799035425920795,0.0,0.0,0.6865206013828693
15057,47.13920873328274,0.7911918216395224,0.0,0.0,0.5518679909438333
15058,8.812129314492383,1.1445454758845444,24.864968664099834,0.8755270656373182,2.0283693409849137
15059,4.835940584849943,0.8567696667534583,31.63971283958545,0.8728196645402883,1.7583989992011924
15060,2.614836551839803,1.0438985871279691,0.0,0.0,0.21241931792441685
15061,233.34063639096885,1.7243560908003766,10.454341059747597,1.3802079488992613,2.0687174622142384
15062,6.46448547303478,0.37300393979205804,44.06056437828882,0.4621737522198128,1.3505641988683204
15063,101.46340719688058,1.3681689212092851,0.0,0.0,0.0
15065,20.44301955528864,1.0033367945808878,36.373066958946424,0.43301270189221935,1.247257155075968
15066,12.046816816583178,0.5662175117184541,0.0,0.0,0.0
15067,14.778929659449364,0.6945781838618766,144.2497833620557,1.4142135623730951,0.6927582257604781
15068,3.987561897698404,0.7494333478398041,0.0,0.0,0.6843143091293384
15069,4.430248933272944,0.27950341615738744,0.0,0.0,0.0
15070,0.0,0.0,0.0,0.0,0.0
15071,39.70728165152893,1.0512380206500067,0.0,0.0,0.6732471207709916
15073,12.01675260424555,0.6219076303938621,123.03657992645927,1.3981429537097645,0.4620180801457191
15074,5.598689083537601,0.3139996815316133,0.0,0.0,0.0
15075,21.776542235577526,0.7606000289259062,0.0,0.0,0.0
15076,8.884373583015577,0.49422070223961323,0.0,0.0,0.0
15078,8.568627940279569,0.3869602512671016,11.95376397283632,1.055745536062467,2.4801554060697906
15079,17.163195431746008,0.9006935890533406,51.00326786916044,1.0066434447860613,1.0201832372228155
15081,5.580560279246434,0.3648147567653176,64.84083075758154,0.7583722895623572,1.5892301167173788
15083,9.632523033971939,0.54606139648367,0.0,0.0,0.0
15087,11.71626187744847,0.5725676945387602,0.0,0.0,0.0
15088,13.310464161816732,0.6540092039476529,0.0,0.0,0.5678192628918299
15089,10.095612150508089,0.604692487658694,14.956603892595403,0.6446812022670433,0.935144357255107
15090,4.97084400465123,0.2998253752936596,0.0,0.0,0.0
15091,6.268176044076955,0.39118237881947254,0.0,0.0,0.0
15092,5.274567674591554,0.29955387505598485,0.0,0.0,0.605797499372304
15093,44.3120734692046,1.0410448365841558,27.270863572685045,0.3884738400667385,1.7550016639921742
15095,12.900390172587626,0.4423743893999842,33.51119216023208,1.015490671522184,0.9862744996504995
15096,11.028455343914995,0.5529559632757416,0.0,0.0,0.0
15097,6.120922261663951,0.6168294765462704,0.0,0.0,0.0
15098,22226.80778362021,1.6704977478200902,0.0,0.0,0.0
15099,15.474018528071968,0.867039627133247,0.0,0.0,0.0
15100,101.15176716202244,0.34641016151377546,17.67766952966369,0.9065471553673686,0.5004024235381879
15101,30.378663300556386,0.765374315511766,0.0,0.0,0.6284506626781706
15103,12.891941440979599,0.6415177866729498,0.0,0.0,0.6785219153323995
15104,5.962079294513492,0.40039658892142693,0.0,0.0,0.6560381567421181
15105,22.573795740606265,0.9917454510582023,21.264210934494294,1.1094370922344847,1.3834379150768015
15106,5.194676078020222,0.3651742033869627,12.685293322058685,0.20377981240254917,1.5401037201666203
15107,11.627637693587348,0.5822917154848124,10.639548862616309,0.9016566832725684,0.9542983261375599
15108,10.938438256770256,0.504753928403165,23.75570107012911,0.8384365083574981,0.987993987599909
15109,4.014080294222527,0.23176461127586506,0.0,0.0,0.0
15110,23.20907783858823,0.8154981672026784,86.12200647918046,0.8787959844814333,1.3542693274401671
15111,7.0419156253199375,0.37737062835052104,189.50461735799473,1.1082141365964604,0.9431527715077459
15113,35.14228837788376,0.9736512975506191,9.192388155425117,0.42755293746163336,0.6633948651966459
15114,5.774068938549051,0.4120510262027136,14.212670403551897,0.47907877764781676,1.8902879004182913
15115,9.461075293764745,0.5841715361767065,0.0,0.0,0.0
15116,28.533694613260803,0.9491896193655415,19.65536398374076,0.3153266949263223,1.311649429741774
15117,26.094517202716037,1.3284530403888226,40.92676385936225,0.8268033102901464,1.3651577139967028
15118,0.0,0.0,0.0,0.0,0.0
15119,8.29317871426953,0.4358277102093597,0.0,0.0,0.0
15120,8.278181160939482,0.4844819251427711,0.0,0.0,0.0
15121,4.678321048270184,0.2861858545651602,0.0,0.0,0.6505905273625989
15122,11.658118026891694,0.5851250953036021,2.8284271247461903,0.03108161675545264,1.0720939697095244
15123,12.723662979411895,0.6132415511308823,0.0,0.0,0.6927703952088691
15124,4.967788336109031,0.40456498746748176,0.0,0.0,0.6930405312847845
15125,67.00172455439741,0.7381041575653053,16.995959442250896,0.9791910789774179,1.7651920323195782
15127,13.127059695529688,0.5166481074667921,0.0,0.0,0.0
15128,7.153111452762333,0.49600093010316654,12.662279942148386,0.24195439379901373,1.3675197653780722
15129,59.63266154266534,1.4530207024377468,18.89855961589548,0.8007864244023508,1.8877892510679508
15130,5.603096720309482,0.37341530958410407,0.0,0.0,0.0
15132,15.273162548430149,0.8121281201296285,24.240118261537695,0.3990142923709909,1.3879632433422573
15133,26.746223268216777,0.7895202406081783,60.10407640085654,0.6948448138827346,1.0985360306544287
15134,9.559893707257627,0.5027934211556329,15.70259305246839,0.495126807960715,1.880591203891012
15135,2.1633307652783924,0.14002140875588298,0.0,0.0,0.0
15136,7.249032577518258,0.38309956887482827,38.43175770115127,1.2397341193919764,1.0476829502560716
15139,5.860519798421665,0.42571947574587415,0.0,0.0,0.6251424373529988
15140,17.435118865599822,0.5924644830616909,26.94438717061496,0.7698396334461417,1.7593057573302704
15142,11.391055195263451,0.5938313250929337,0.0,0.0,0.0
15143,3.3378716815715612,0.1801125594218611,0.0,0.0,0.0
15144,18.799327434741773,0.6199363649450438,18.536450577173618,1.0019703014688441,2.091679821099979
15145,9.588394014320542,0.5377134573999784,88.79189152169245,1.0961961916258327,0.9221077686675502
15146,9.478628834961551,0.6499255733909258,0.0,0.0,0.6597095764911132
15147,15.243506293729935,0.684552006775362,0.0,0.0,0.0
15148,4.953336435384262,0.3288085522509384,0.0,0.0,0.0
15149,14.36526986383721,0.6344109194858982,0.0,0.0,0.0
15150,6.182875352054867,0.3990475523908912,24.673422498262738,0.8954064616305025,1.630199841636899
15152,6.820198093629958,0.38946363613588725,11.84080003439571,0.8309333357470673,1.6980512704743198
15153,4.850521483099385,0.3241047004652588,0.0,0.0,0.0
15154,3.857948316149923,1.1062870483528218,0.0,0.0,0.0
15156,9.828021307887102,0.5621911532452657,17.67766952966369,1.1404948083653992,0.6345523920143503
15157,11.600323876457486,0.7489607734003345,37.476659402887016,0.21233234789171113,0.990269913147217
15158,50.22328202281147,0.8758419884396618,0.0,0.0,0.0
15159,24.211281228248197,0.922160852446097,12.646092096778238,1.0478190594473398,2.272056282747072
15160,45.09366252590268,1.140456816537751,0.0,0.0,0.0
15163,12.992951755478698,1.2375459024169284,0.0,0.0,0.6929822294915688
15164,6.116131494531877,0.7472410224029219,6.363961030678928,0.047315695395382364,0.9870936607290826
15165,4.12512971392357,0.2283516192228322,0.0,0.0,0.0
15167,2.9461229173105523,0.741049322759096,0.0,0.0,0.0
15168,15.497861788001599,0.7271894607733482,0.0,0.0,0.0
15171,274.1056821738652,1.0628370770603537,0.0,0.0,0.0
15172,6.194760777671495,0.4195829472884852,11.818065267490557,0.20916929676974436,1.5804392230721018
15174,5.956523238509952,0.48266486647226126,0.0,0.0,0.0
15175,4.598980983539344,0.4719218462630718,0.0,0.0,0.0
15178,5.5677643628300215,0.41242698983926085,0.0,0.0,0.0
15179,18.626698744033572,0.7849217169374575,72.8880420005001,0.9718405600066681,1.0706079478151822
15180,2.807964862078347,0.19254616197108665,0.0,0.0,0.0
15181,58.72933934584997,1.3628668410013336,10.606601717798213,0.10449853909160801,1.0492403023781938
15182,6.342069657213315,0.29528782220307637,0.0,0.0,0.6750583964532916
15184,6.381592520106399,0.988396914068992,0.0,0.0,0.6808342480404004
15185,15.745971639030182,1.064533527846352,0.0,0.0,0.0
15186,7.389641438175151,0.34127315166215666,0.0,0.0,0.6865766629022735
15187,68.37554413959597,1.3024785577900002,12.63102755688773,0.9287520262417449,1.9076948667307385
15189,72.77715605913512,0.9509020790586018,8.09621627358842,1.0379764453318487,2.3767972873646053
15192,14.191527682416162,0.6930518536494793,72.8319984622144,0.5945469262221583,1.087339691374017
15193,16.647016416029498,0.6334481132431315,0.0,0.0,0.0
15194,22.989914237687522,0.9357113296584051,13.281607542052237,0.5179456980187502,2.1544993484846198
15195,0.0,0.0,0.0,0.0,0.0
15197,73.29769427057761,2.1725680724136343,96.16652224137046,0.5558758511061876,1.0213792363209921
15198,9.778078884252608,0.5049617271355407,0.0,0.0,0.6868896649205296
15199,78.55295943436782,0.8049093344736987,53.25723737984663,0.6468490370021858,1.3841440795030808
15201,15.307364215721023,0.8541641442126826,31.51058023373525,0.7927189995908239,1.3854694866555741
15203,6.328807560224295,0.4916788891300196,34.846807601271024,0.6156679788210428,1.7448623420968359
15204,19.571984513017014,0.556408682219828,0.0,0.0,0.0
15205,13.446665555615063,0.7616291494056661,0.0,0.0,0.5841175152878396
15206,21.75,0.46573875802997855,42.0039680665212,0.4755166196209948,1.065358528012615
15208,12.033849674110696,0.5808643478056467,75.63233435508916,0.8619069442175402,1.5341660020888797
15210,10.677938841121765,0.644842009850943,0.0,0.0,0.0
15211,5.660942030101966,0.3291208568389242,0.0,0.0,0.6828279953612959
15212,11.249133299948046,0.5525114587400808,0.0,0.0,0.0
15213,4.269070067254745,0.31203801313876617,0.0,0.0,0.0
15214,6.26980329791098,0.41510879885533497,36.82843104631711,1.0831891484210914,1.6095028326098997
15215,9.584010116645663,0.45641869279478353,34.64823227814083,1.4142135623730951,0.676215650750444
15216,21.637467504308354,0.4479806936709804,0.0,0.0,0.0
15218,37.417204137280144,1.0789255807890206,19.13257838231835,0.6272976518792902,2.168173114558866
15219,30.5430138402294,0.8990584613640706,0.0,0.0,0.0
15220,7.583805522555895,0.4987775139064621,12.891857895586655,0.285218095035103,1.6890039032716038
15221,18.73933029753198,0.23235375446412868,0.0,0.0,0.0
15222,48.42003717470692,0.41384647157869164,0.0,0.0,0.0
15223,41.418899433267875,1.0961005473574033,0.0,0.0,0.0
15224,18.081554440617403,0.7859592715121823,0.0,0.0,0.0
15225,5.382125298362418,0.3023665897956414,0.0,0.0,0.0
15226,8.568197739314845,0.4439193181433765,0.0,0.0,0.0
15227,8.220471458388813,0.39100159470768503,77.95030468189333,1.1175670922135243,1.3801772363235982
15228,17.326986481842,0.6395213378855142,44.37717130838032,0.5864824401988588,1.3118575154293373
15230,14.000193392227226,0.749544804518683,0.0,0.0,0.0
15232,10.872788565165598,0.5506918366175433,0.0,0.0,0.6930470809733656
15234,5.162520042267457,0.3668795969124081,0.0,0.0,0.0
15235,5.708313731863454,0.3631969885146112,11.420078012788785,0.8319262128521632,1.5754606456068532
15236,20.52779010674716,0.9590931368983256,0.0,0.0,0.0
15237,4.7588555497160545,0.3335835358997178,51.01307022061438,0.6832107618832283,0.9794634942674106
15238,25.11740379554725,1.1715316278858594,16.263455967290593,0.21259419565085744,1.073683284437558
15239,6.087407753984064,0.38212503355823046,0.0,0.0,0.6762742525354585
15240,12.289251896318271,0.5616890299916354,29.8942580885806,0.44953771561775335,1.6033883410229528
15241,11.18997593091448,0.7007910047599649,30.021420923828945,0.986619466980294,1.692494115013676
15243,4.120192699229962,0.2862329145606264,0.0,0.0,0.0
15244,11.478752226343978,0.61794824911838,0.0,0.0,0.691549641470327
15245,32.97610820633872,1.1665581397720626,14.142135623730951,0.22447834323382462,1.0279690499747076
15246,3.3877061605610117,0.2174351907002108,0.0,0.0,0.6544253284514996
15247,30.093897498773174,0.5072005196422444,0.0,0.0,0.0
15249,9.363324966493591,0.4899728395284949,12.017663767315279,0.6555089327626517,1.961973690167226
15251,44.360848960629475,0.46962889183774825,14.41295713354249,0.632147242699232,1.8900166378239103
15252,6.528604793497833,0.3877785724694304,0.0,0.0,0.6752632510598282
15253,6.261035662067707,0.3613971793613466,44.31986010808247,1.158689153152483,1.0207064696107881
15254,5.475078296512405,0.32811096463318445,0.0,0.0,0.0
15255,13.267133589156533,0.6999554118991491,0.0,0.0,0.0
15256,7.625379771963275,0.46472603993681716,0.0,0.0,0.0
15257,53.641047937279566,1.1839424107234966,0.0,0.0,0.0
15258,5.97422112108056,0.32595724712231056,0.0,0.0,0.6930614444851764
15260,11.627419699078121,0.4944367958542583,48.49089261569297,1.0815812479336722,1.747326373713554
15261,6.913270060107345,0.5154702579940332,0.0,0.0,0.0
15262,3.8609476384259174,0.21575566574048152,0.0,0.0,0.0
15263,4.250249457919554,0.3258768992079398,0.0,0.0,0.0
15264,6.166293208789127,0.3601989734397062,0.0,0.0,0.0
15265,7.4245157881404555,0.40422429462958953,0.0,0.0,0.6916773417173714
15266,9.815531909512934,0.4936562569746656,0.0,0.0,0.0
15267,83.16646526968997,0.5326961836578176,37.77455051574627,0.950303157628837,1.067725078540333
15269,121.05668093913695,0.5922538206415702,0.0,0.0,0.0
15270,57.74839823562631,0.995038570307368,53.92463877177729,1.1080405227077526,1.2949133583828685
15271,7.737708176637064,0.845661286042494,22.644408377549425,0.905776335101977,2.237860164621501
15272,8.750309095557316,0.7635945826801548,0.0,0.0,0.6783183271782022
15274,6.934590221174945,0.4548414535847473,0.0,0.0,0.6905713271165764
15275,5.163671954024625,0.3441664501008057,0.0,0.0,0.0
15276,2.119826423284867,0.8146550440530121,0.0,0.0,0.0
15277,13.829718001463373,0.6485213599748358,0.0,0.0,0.0
15279,5.637105246095336,0.3686792181880534,0.0,0.0,0.0
15280,6.544141400265329,0.9256211315792544,0.0,0.0,0.0
15281,6.092649988364792,0.36313202340445777,25.019635146363402,0.7440783686650826,1.6420813195968376
15286,30.139522778792188,0.37588263702505326,0.0,0.0,0.0
15287,24.12573434388224,0.9914210007964923,0.0,0.0,0.6103463560067927
15288,24.978083952776146,0.9529817161109814,31.88521078284832,0.39856513478560396,1.4402301331221203
15289,16.027314208124604,0.9891508907097694,2.1213203435596424,0.019372788525658834,1.0828753514675182
15290,25.1008076696333,0.6446459703502098,13.014132589566755,0.639422699487384,2.2715908151505384
15291,48.592846047911,1.0721382822301122,26.581411335206198,1.0881279493944058,1.914525637474143
15292,4.803185817767203,0.6636434477958444,0.0,0.0,0.0
15296,14.009270728054574,0.7399679054585764,40.75291400624009,0.7463903664146536,1.4998265405301436
15297,4.593172851320236,0.27905059850062186,10.606601717798213,0.40024912142634766,0.6528438563769996
15298,71.13764268695694,2.845564990082238,24.88007600105317,0.7602245444766246,2.138808860777208
15299,222.34152561832826,0.34532665321982814,55.46079696506353,1.0982336032685847,1.2682127986878193
15300,5.107254825427437,0.2880572377567646,0.0,0.0,0.0
15301,40.36492990229359,1.9345169399069773,27.299683647850706,0.9594138023206319,2.1677462006551016
15303,6.96828691865118,0.3763229408002972,0.0,0.0,0.0
15304,18.01730640355338,0.596771381454101,29.11962192323899,0.6683191916808949,1.8782070873086283
15306,12.821127514304344,0.6332229708601795,19.091883092036785,0.46004537571172976,1.0732030401026131
15307,2.7706114629785024,0.1619451415282125,0.0,0.0,0.0
15308,3.363989816479848,0.20586789871200795,0.0,0.0,0.0
15311,46.52619164720481,1.821451949609913,2.960012315660852,0.824771233465872,2.4810690352729154
15312,12.88398183333053,0.6547517393810185,58.28664798505172,0.6312633355781775,1.3296987995581084
15313,0.0,0.0,0.0,0.0,0.0
15314,5.152592407176485,0.37705344321808587,0.0,0.0,0.0
15315,6.05738474177676,0.3928540498610694,0.0,0.0,0.6766248392417163
15316,0.0,0.0,0.0,0.0,0.0
15318,7.662399537133696,0.8088387970232614,0.0,0.0,0.0
15319,6.010126870541088,0.4702299752012587,0.0,0.0,0.0
15320,11.075888996531702,1.4926515324940715,0.0,0.0,0.0
15321,16.4481966233765,0.5685598346695852,155.56349186104046,1.4142135623730951,0.6808930502541627
15322,6.726207312324113,0.41563781061324856,0.0,0.0,0.0
15325,3.78178087435439,1.1418279798100013,0.0,0.0,0.0
15326,5.13358182123076,0.4776037753543103,0.0,0.0,0.0
15327,9.357327788067133,0.4482552233804615,0.0,0.0,0.0
15329,9.536328087029025,0.5178343345342997,41.012193308819754,0.6213968683154508,1.080725242997289
15330,65.47506489555336,1.1905223280214192,0.0,0.0,0.6877579421806314
15332,23.82426491322371,0.5019982854098166,1.7320508075688772,1.7320508075688772,0.0
15333,67.12463065075293,1.0441725231508585,0.0,0.0,0.0
15334,3.4431868708602495,0.96930503089591,2.8284271247461903,0.3535533905932738,0.6549226745198315
15335,3.6468470726681934,0.7546501961030924,0.0,0.0,0.0
15339,4.286818847074527,0.642197677719458,0.0,0.0,0.687986837999258
15341,41.788862011728604,0.35159793231414993,0.0,0.0,0.0
15342,6.496440817640184,0.38394094812323476,0.0,0.0,0.0
15343,6.026323209766585,0.3471955758713259,0.0,0.0,0.0
15344,9.346134174085023,0.43089599696104297,7.7781745930520225,0.2131006737822472,0.9941104180254202
15345,6.042744322521715,0.3070968299294463,0.0,0.0,0.0
15346,3.6151283436658894,0.24347191919150668,0.0,0.0,0.0
15347,44.64893055830116,1.1073643491642151,0.0,0.0,0.0
15348,9.86521160442086,0.561800205263147,0.0,0.0,0.0
15349,6.253201844956831,0.9502343404252588,0.0,0.0,0.5360009766432634
15350,4.628660713424566,0.2001150330058178,0.0,0.0,0.0
15351,9.322217993665914,1.070092519590651,113.4749605272752,1.9287528701519863,1.3481005741894683
15353,13.781450284371534,1.1173861263743619,0.0,0.0,0.6734485944097054
15355,11.133338337061017,0.5625942491205712,0.0,0.0,0.6892159685847341
15356,3.7967111855388973,0.7122693313915371,16.76305461424021,0.4530555301146003,2.159603069486347
15358,8.45789225113405,0.5583068131079716,14.312498700353443,0.8442766087287144,2.4530605804339776
15360,13.086159453054561,0.3975418243397502,0.0,0.0,0.0
15361,66.37944432255688,1.1091762395156548,0.0,0.0,0.0
15363,8.478502226218968,0.4161228086487837,0.0,0.0,0.0
15364,44.02862185402277,1.3982085149494192,0.0,0.0,0.6553166835354296
15365,16.375742062138773,0.8066449735057468,86.43841738486424,1.8008003621846715,0.7252345948163466
15366,4.91629655622529,0.3590264866540186,0.0,0.0,0.4639856294741975
15367,10.384301213414865,0.5254121588176397,101.21429411566992,1.399275955516174,1.078019398382074
15368,115.09287076096416,1.030052094338964,0.0,0.0,0.0
15370,29.20899344886065,1.1507073968244173,31.751640377572095,0.659203606454784,1.7382640810496726
15372,39.46832313456111,0.530858187024584,0.0,0.0,0.0
15373,17.879963704552207,0.9769218261445548,26.937975897504725,0.8253975901742395,2.0835123278231618
15374,33.580351397804044,0.5996491321036437,0.0,0.0,0.0
15376,6.1265788416037905,0.5811845077411651,20.506096654409877,0.22658670336364506,1.0110448779144794
15379,10.832346099809913,0.5674616741770487,21.02775943049251,0.6819813869348922,1.3773687298370794
15380,54.859954142994226,1.1684346486030506,90.46316008925032,1.019303212273243,1.588890909001641
15381,98.96918148559466,1.3265534923092188,0.0,0.0,0.6916866502573313
15382,11.350132268845883,0.5755384236625787,41.781574886545386,0.7487737434864765,1.4334220595849323
15384,7.9379822880174045,0.5066192522045323,0.0,0.0,0.6916392729636034
15385,41.988963340671354,1.590089497879501,0.0,0.0,0.0
15386,4.167736215416028,0.32780185385369887,0.0,0.0,0.0
15388,4.6193029777229375,0.3286824375781228,0.0,0.0,0.0
15389,0.0,0.0,0.0,0.0,0.0
15392,14.234174428901872,0.7786696788911694,133.52527850560733,1.1315701568271808,1.3513723446646317
15393,9.989639936484503,0.5170175072794532,0.0,0.0,0.6906618594918288
15394,11.708388200674895,0.45577960424694125,43.86342439892262,0.37813296895622944,1.322273677893921
15395,1.6643316977093245,0.10842551776607978,0.0,0.0,0.0
15396,18.00366147131262,0.8746313435990584,0.0,0.0,0.0
15397,1.5727894540168648,0.10039081621384244,0.0,0.0,0.0
15398,6.5296785392915035,0.35425931296089996,0.0,0.0,0.6915582845597017
15399,7.5165111343397255,0.4607003894688286,25.45584412271571,0.6698906348083081,1.0943270161047578
15400,31.078692886206646,0.5207264934857299,36.754818278243015,0.7946987735836327,1.2531897923213342
15402,12.210425471122226,0.8182233830386482,0.0,0.0,0.6077905109125932
15405,40.57732996566996,0.9298729296057281,0.0,0.0,0.0
15406,9.787913531812638,1.015761228850169,0.0,0.0,0.6930751440508598
15407,17.27466543603877,2.5018210326321717,56.358968526165675,0.6239000205848599,1.3081106562114484
15408,6.135656083853025,0.7807931239276998,0.0,0.0,0.0
15410,21.9187145989008,0.7749079009939311,12.996336480130156,0.5258633257856132,1.7228428806175364
15411,8.520271244386652,0.6207368223789287,7.211102550927978,0.1386750490563073,1.2604417752957413
15412,30.226878417873202,1.586462941157466,0.0,0.0,0.0
15414,12.992168366612127,0.6538838124891895,125.86500705120545,1.0850431642345297,0.18872885880799267
15415,6.295356441189903,0.5275346261013518,0.0,0.0,0.0
15416,15.113195833679763,0.728288290113875,25.579940057266228,0.3536397242940032,1.363559833925283
15417,2.422251346846895,0.1332999955025807,0.0,0.0,0.0
15419,8.244460911077553,0.485468035393938,0.0,0.0,0.0
15421,5.915523917799756,0.3298989516008534,78.54510381515409,0.9425412457818492,1.052749804871517
15422,4.019660018790975,0.2468573194753925,0.0,0.0,0.0
15423,20.152543263816604,0.9265537132789243,0.0,0.0,0.0
15424,14.125082508868857,0.6264058085531659,0.0,0.0,0.0
15426,6.971168049862841,1.4063804990776152,103.30980915027705,1.1840665805189345,0.9936734759268655
15427,4.619437403909735,0.9530778251522976,9.192388155425117,1.414213562373095,0.5625165517026883
15428,5.830413364419371,0.3730270866551101,0.0,0.0,0.0
15429,5.579753308960782,1.1514779698874646,0.0,0.0,0.6679804294339715
15432,6.416822422352048,0.3748362884719929,0.0,0.0,0.0
15433,3.2831037330476205,0.2524043747514578,0.0,0.0,0.6119250315084329
15434,10.904034863127332,0.5758362306256513,43.522982434571276,0.9114760719281942,1.3524956297207327
15435,2.8488084969363507,0.553389017423499,0.0,0.0,0.0
15436,3.323091124081429,0.973957916334343,107.48023074035522,0.977093006730502,1.0679142265955561
15437,3.9964555887345066,0.8984837204888729,0.0,0.0,0.0
15438,3.9685458293939355,0.633629108026877,0.0,0.0,0.0
15440,7.131408752730367,1.1523856929453784,6.363961030678928,0.08318903308077029,1.092630925999106
15442,0.0,0.0,0.0,0.0,0.0
15443,7.235443344046451,0.8538820533860207,77.78881667694914,1.4816917462276027,1.6509608197200782
15444,4.364715709412887,0.6739756746727837,0.0,0.0,0.5531174640535719
15445,4.981465647778774,0.21944782589333806,0.0,0.0,0.0
15447,5.395248938752604,0.3129293062368591,0.0,0.0,0.0
15448,5.893646565690026,0.33362062073289817,0.0,0.0,0.0
15449,5.580071623378496,0.3435581593017175,57.982756057296896,0.4955791116008282,1.0970584431663848
15450,6.297293562070658,0.43950960092620456,0.0,0.0,0.0
15452,7.486802142559871,0.8060336797068522,106.77312395916867,0.9165075017954393,1.059514063269372
15453,4.695705937059053,0.9673011502689407,9.025888691240695,0.29755677004090203,1.7203302692270441
15454,5.099867645341396,0.7118743223536287,0.0,0.0,0.0
15456,5.113178044769625,0.6859949972858492,53.033008588991066,1.4142135623730951,0.6892968254124545
15457,3.121386084567115,0.7636579613822612,0.0,0.0,0.0
15458,8.948615216094293,0.38752973591103723,0.0,0.0,0.0
15460,3.005863155423897,0.8042999770003046,0.0,0.0,0.0
15462,11.856229662847369,0.5559186968939517,4.242640687119285,0.09223131928520184,1.0705543873627406
15463,9.147611710167851,0.5076366098872281,0.0,0.0,0.0
15464,7.625892149744591,1.1415026624492548,0.0,0.0,0.0
15465,106.14571896955015,1.3999546869921715,15.497865128120445,0.7726208421643623,2.1514102426419663
15466,4.238582008597808,0.7222048082087558,0.0,0.0,0.0
15467,8.778847160422794,0.869722702983511,90.50966799187809,1.274784056223635,0.5429280552197309
15468,3.5284070542639654,0.1811335999279912,0.0,0.0,0.0
15469,14.79914670841199,0.6595107622354244,0.0,0.0,0.6846638683977888
15471,10.026159187102145,1.6444028657384024,0.0,0.0,0.0
15472,3.1386606820733234,0.6419910965592975,0.0,0.0,0.0
15473,66.59041700097421,0.41355837116684524,12.225656083281038,1.6671349204474144,0.6742550940835723
15475,8.019238628282608,0.5121180335605814,0.0,0.0,0.0
15478,27.099901413443508,0.8648384683287322,0.0,0.0,0.0
15480,16.225587240933105,0.8063516574732078,0.0,0.0,0.0
15482,99.10704944394487,0.8785640875685302,45.22710370000393,1.4632298255883625,0.9308319162794599
15483,2.687097035474608,1.0113534028560178,60.6217782649107,1.7320508075688772,0.6929926729578084
15484,19.873455459784772,1.0394789615919433,11.532562594670797,0.46130250378683185,1.2601215065521147
15485,30.76911337160072,1.027628640760257,189.50461735799473,1.1082141365964604,0.9760801328347284
15488,43.3597878223591,0.9496230359693189,0.0,0.0,0.0
15489,14.344509176343541,0.6323178217170161,84.14570696119915,0.899954085146515,1.091493878196566
15491,13.678223680727402,0.679479127003416,31.753739937210547,1.1504978238119763,1.520284986335232
15492,10.069666004658654,0.534434704399134,0.0,0.0,0.5734695321284026
15493,5.431776126401188,0.805893450664978,57.63679380395825,0.9768948102365805,1.356821256338889
15494,10.273035074972388,0.9883772575845295,0.0,0.0,0.39068044176806044
15497,54.876352787317195,0.6521512373710647,0.0,0.0,0.5405121307922037
15498,25.58108041350695,0.9835626123964103,15.586582000603546,1.1383458764485737,2.2674990859459836
15500,6.8137205481672245,0.4094639234997448,26.312227829154516,1.1117842744713176,1.0742033951982708
15502,222.06877340376212,4.554739293861521,48.509980229002174,1.528967858220699,1.524261204492487
15503,1.7845633748688767,0.8492721207479867,0.0,0.0,0.0
15504,2.6733703399190647,0.6578424080815416,0.0,0.0,0.0
15505,38.00889594844781,1.0210201461659607,8.88350531415762,0.35182199263990577,1.3656678414023724
15506,8.109954801731572,1.3582016905458998,49.49747468305833,0.8534047359147988,1.0468339496990333
15507,8.385643079399006,0.7834502836387081,0.0,0.0,0.0
15508,9.304486407518274,0.8557816884358035,11.945710527214361,1.3574671053652683,0.9520178895673578
15510,0.0,0.0,0.0,0.0,0.0
15511,5.290645324725901,0.9310111324484939,10.03327796219494,0.5574043312330522,1.0639478692652102
15512,4.802231624091926,0.2778150526334172,0.0,0.0,0.44565090460475554
15513,47.74178210848649,0.9963578866159902,18.134212781442,0.9772929043890897,2.1811266620208363
15514,65.81276214492073,2.8299999666130096,61.540952941020414,1.7684181879603569,1.1338947138791688
15516,2.6623786357315895,0.6396873223766434,0.7071067811865476,1.4142135623730951,0.0
15517,8.246409008681386,0.8338128421315861,0.0,0.0,0.0
15518,7.513029746607592,0.8277115837082162,36.59104756500915,0.9702171702843334,1.5524121012289143
15520,7.451560436658653,0.3904747827070037,0.0,0.0,0.0
15521,26.02068088963175,1.6045016880814191,28.051822791126458,0.9262394317824775,1.7351959968407145
15522,7.926663807858071,1.1328348135791548,0.0,0.0,0.6464256524972156
15523,71.38226615281356,1.7325372236793657,0.0,0.0,0.0
15524,0.0,0.0,0.0,0.0,0.0
15525,4.599291519992586,0.9912266206880573,240.41630560342617,1.2995475978563578,1.0773554957611342
15526,55.359736271048114,1.4917740843720861,0.0,0.0,0.0
15527,18.434485705753453,1.2366638831654768,23.754698783308417,0.5008520827805991,1.809747539902639
15528,13.313802606549109,1.5094356070739843,0.0,0.0,0.0
15529,6.2925741898560945,1.0584146233341498,20.922077653362567,0.6189963802769991,2.1023358527019687
15530,10.191994592894238,0.7326757520102357,54.53744890745563,0.7304122621534235,1.313954644665226
15531,7.577956280732211,0.8606852668109353,0.0,0.0,0.5529926985419091
15532,5.725598978507297,0.9271462610601785,78.58965156643292,0.712292914499392,1.3632919818057452
15533,10.165473244403907,1.0447816031867507,40.30508652763321,1.1682633776125568,0.6215389899897095
15535,6.802094868097225,0.9510759043760101,46.60829682935575,0.9079538343380991,1.0039993185269565
15537,4.641271065284731,1.004241846076754,0.0,0.0,0.0
15539,12.703494290750161,0.9672831146617326,0.0,0.0,0.0
15540,7.737182026699754,0.5441056277566634,0.0,0.0,0.0
15541,2.687686985132246,0.9155752680469296,0.0,0.0,0.0
15543,3.5007260773706745,0.766622322590168,0.0,0.0,0.0
15544,5.964688968607927,0.4355739383455239,29.548990797366617,0.6566442399414804,1.8666709612961725
15545,3.3894124003657455,0.9379010809976271,0.0,0.0,0.690304761797157
15547,9.71583332569531,1.3765358709137143,23.171324010730515,0.8606491775414191,2.20290330995357
15549,15.099436889697738,1.0254982946004985,55.154328932550705,0.4634817557357202,0.8125761072689739
15550,7.762191246730505,0.822565999080244,34.122328955294556,0.3458344150874448,1.3853826986266866
15551,9.817926125155697,0.6529373426352227,0.0,0.0,0.0
15552,4.715048889397836,0.8894344331975499,0.0,0.0,0.0
15553,5.915102393971623,0.7576006542607114,0.0,0.0,0.0
15554,2.639597038843718,0.17013977230116048,0.0,0.0,0.0
15555,6.341567509667998,1.1864448481929943,31.454880762920144,1.3404068506926199,2.051613513882744
15556,9.530499766877476,1.056029927344611,0.0,0.0,0.0
15557,20.78780636385313,0.8777707743630583,0.0,0.0,0.0
15561,28.13471339325847,0.9488468025056255,68.52979887124529,1.0177692901670092,1.0654906336533385
15562,0.0,0.0,0.0,0.0,0.0
15563,10.362930108468177,0.8361737041621947,97.50897394599124,0.8706158388034932,1.0372391833843835
15565,5.495886773630933,0.2539102228519719,0.0,0.0,0.6928184134311288
15567,33.01894239891486,1.2425815643911835,0.0,0.0,0.0
15568,15.105624290175369,1.0557940726889377,9.192388155425117,0.2664460334905831,1.070994618365422
15569,69.79035099064805,1.5726431302455381,96.02560422442895,1.6920811317079991,1.0574530299281801
15570,7.947564940009289,0.6162648302307996,30.157164081765806,0.9318224856725389,1.783547454339559
15571,18.318958337920478,1.605369717358466,19.39931270260195,0.8953528939662438,0.6199794687496462
15572,17.047390658497296,1.4357187591865275,54.956043040476146,1.216738960305745,1.5173459323183696
15573,6.7465998787130035,1.1550685445487734,0.0,0.0,0.6297705915824374
15574,5.645170846719457,1.3505001100019491,100.38094108611122,1.5603255091105372,0.43905542921776863
15576,36.09667255433594,1.7268013915029898,0.0,0.0,0.0
15577,6.96719689140595,1.04960089139691,108.89444430272832,1.414213562373095,0.35588656543039016
15578,14.370711177377054,1.4698603092517837,0.0,0.0,0.0
15579,4.763532870860105,0.6969023993513062,0.0,0.0,0.6825753160583956
15581,205.91148142071265,8.337244795932081,24.43342841769088,1.2267830167878266,0.749842020619054
15582,5.710767633705067,0.36794566763266445,31.81980515339464,0.3263569759322527,1.053803795766094
15584,5.647876338100998,0.9580460751974497,37.5410886008029,0.8220676335942242,1.3331005642160425
15585,6.634818858893027,0.4517447498916842,0.0,0.0,0.0
15587,66.47217462968997,0.6547692536415483,94.36807369726974,0.940545585022622,1.2500065363879451
15589,4.003868080483088,0.24264345878839272,38.18376618407357,1.4142135623730951,0.6671549384473275
15592,10.913099793434,0.6740295307077462,0.0,0.0,0.0
15593,34.60705130461132,0.8660423249402232,0.0,0.0,0.0
15594,5.667186151595189,0.3294540934056736,60.390396587537,1.1080806713309541,0.8203033722975488
15596,7.272557720383453,0.39811668252264404,34.50120770833006,0.5267359955470238,1.427344503453362
15597,6.032795598002036,0.40891488170824414,0.0,0.0,0.0
15598,5.14596011396372,0.29933289677369157,0.0,0.0,0.0
15599,6.695633535854207,0.45707583147060515,0.0,0.0,0.6771423392578095
15601,9.865907619918618,0.5969137916828942,16.13047760273414,0.5923621718518187,2.1002020472663956
15602,21.418983761194617,0.7591463343901564,48.36154759428492,1.0898376922655757,1.713859918269556
15603,14.594683963690345,0.6020909225944862,0.0,0.0,0.0
15604,5.787905366314464,0.4547085873993525,0.0,0.0,0.0
15605,5.997743024924861,0.33536865432343177,55.54202613036966,0.6631883717059064,1.5823314594964946
15606,21.88962481649633,0.5771947807209938,19.791773182670767,0.6089776363898698,1.8992965877418457
15607,5.1416629057044805,0.6380452250301474,0.0,0.0,0.0
15608,12.666959395963305,0.6949176758812433,30.0055550412475,0.9891941222389287,0.8885087528006166
15609,6.130057095982059,0.32860129166347135,0.0,0.0,0.0
15610,4.2631146673138725,0.22744698562940807,0.0,0.0,0.0
15611,41.09893851910976,1.110468036269892,21.997245006563613,0.8248966877461354,1.8748406244504374
15612,28.682865093989477,0.8818713326361101,0.0,0.0,0.6516165962579653
15615,20.666841197390283,0.8406050369043928,14.158044231115275,0.9161087443662824,2.239063113032769
15618,5.481941996457572,0.3175478822072582,30.664855018951798,0.8931511170568485,1.0628388208431028
15619,28.729311396783142,0.25620670092256076,0.0,0.0,0.0
15620,5.059417737090291,0.325745743383915,19.091883092036785,0.12685636606004508,1.0753416225683248
15621,77.17350840530275,0.9549477850358028,5.033222956847167,0.9437293044088438,0.4888968323212172
15622,7.820631570091488,0.3900238412283196,39.36618382027179,1.3288163314859678,1.4479431798225748
15623,3.497257990239267,0.22073514870460106,0.0,0.0,0.0
15624,6.267041145844479,0.3622998298993629,26.627053911388696,0.5788489980736673,1.3122316729960477
15625,13.4479159261923,0.5609652987605146,15.132745950421556,0.35192432442840826,1.0218139860453144
15626,5.637759481637108,0.40877510298937303,0.0,0.0,0.6793405761674463
15628,8.18738456402056,0.44213884811834087,32.709762631798036,0.7309444163530288,2.0062844241217244
15630,10.811884644976155,0.546814244277464,0.0,0.0,0.6373348107540262
15632,14.115339631547343,0.7175157651693163,14.175767384955952,0.38761863943238933,1.9000426185426267
15634,4.603976024926199,0.2835542614407431,0.0,0.0,0.0
15636,17.700258114878814,0.6105558431369975,0.0,0.0,0.6812959952275446
15637,7.206983187622036,0.4839933193693165,0.0,0.0,0.0
15639,11.22038268806669,0.6595259268354822,0.0,0.0,0.0
15640,29.82667941937638,1.1534439924844688,17.63488052097351,0.6858009091489699,2.177556687791604
15641,8.152918181569952,0.5140935055144257,67.35725647619564,0.801872100907091,0.99588231678904
15643,13.038488878503077,0.6479971882388578,63.63961030678928,1.4142135623730951,0.6930291889109218
15644,3.0283494047102337,0.886527870013574,50.269274910227224,1.6215895132331364,0.6923040716843701
15645,13.535805301156987,1.150082311825237,0.0,0.0,0.0
15646,5.640284455547947,0.44100159937489525,25.45584412271571,0.23790508525902532,1.0728898509192346
15648,11.974863603955301,0.4554219062887085,0.0,0.0,0.692499840192097
15649,144.2497833620557,0.3535533905932738,0.0,0.0,0.6615632381579821
15651,17.920208890901588,0.8872763182869423,157.6848122046001,1.414213562373095,0.6485080721312448
15652,10.876822671560447,0.6762991534990507,0.0,0.0,0.0
15653,207.9824084868718,1.4221991827603377,0.0,0.0,0.2121412689179231
15654,28.850752676490092,0.6567437440585042,0.0,0.0,0.0
15655,4.473092947495507,0.2712561046869767,0.0,0.0,0.0
15656,5.025112505126297,0.3155381265743968,47.648014998878324,0.6006052310782982,1.2877343163398702
15657,0.0,0.0,0.0,0.0,0.0
15658,12.006819685979764,0.562764715288574,26.663020584072363,0.5892380239574003,1.1945995395873061
15659,10.705438295133417,0.3842709128616988,0.0,0.0,0.0
15660,8.476008680155266,0.47651935910321574,36.354406296112955,0.8604593206180581,1.7194891768733565
15661,78.52940850407572,1.2674210539715254,0.0,0.0,0.0
15663,3.208116442885312,0.20901294328918352,0.0,0.0,0.0
15664,10.261160925032401,0.4514135437868458,0.0,0.0,0.0
15665,11.089209824655333,0.5737478154245603,0.0,0.0,0.6420674519804003
15667,14.085894745071426,0.6077148270474197,0.0,0.0,0.0
15668,0.0,0.0,0.0,0.0,0.0
15669,18.144984677298407,0.8749809953398127,12.12435565298214,0.16384264395921813,1.3464962163112992
15670,3.5534527596622865,0.2464110552785174,0.0,0.0,0.0
15671,49.59911796239277,1.4559811529983988,43.325512114688266,1.0439882437274282,1.5610666927708303
15673,15.88133718631098,0.854422136562121,29.103264421710495,0.3683957521735506,1.3207076258507713
15674,30.66048931593195,1.4286339336288083,64.87423731086683,1.441649718019263,1.276799556349614
15675,6.491732030968681,0.4211633743715972,36.76955262170047,0.3714096224414189,0.9620579398205583
15676,8.332475239008469,0.4898945206532792,164.04877323527901,1.2427937366309016,0.5744231512024458
15677,8.322299839660435,0.41786877456719007,0.0,0.0,0.0
15678,15.073423833376614,0.5128468556861905,0.0,0.0,0.0
15679,6.024619282404071,0.8482338227836983,63.121575814719115,1.2061447607908111,0.8439720190999348
15680,8.864148434707502,0.5184178947777467,208.59650045003153,1.1751915518311635,1.0734735993918236
15681,16.11513168968554,0.5988822990080591,75.95832190528347,1.1961940457524955,1.0347628495992933
15683,8.136517477807482,0.41994928917716035,0.0,0.0,0.0
15687,5.590371220531923,0.310046982261969,40.92829094892676,1.0328906233167636,1.8886390421722923
15689,21.963833909406617,0.7779398078892544,0.0,0.0,0.675868246055753
15690,9.271398009611687,0.7347203961570823,0.0,0.0,0.6904011819103344
15691,33.092597359530416,0.4838099029171113,0.0,0.0,0.0
15692,5.571538060862222,0.3499709837225014,0.0,0.0,0.0
15694,82.44423295447987,0.9924761815059157,29.771781511340137,1.054586266069269,2.1108416794863025
15695,5.969843841997503,0.3203487109711329,0.0,0.0,0.0
15696,7.388761244012302,0.4617199493967036,46.226667216064385,1.1196770605967152,1.5523702619783748
15699,4.543237774662931,0.2640990794249403,0.0,0.0,0.0
15700,6.137680080579782,0.7576512702099404,0.0,0.0,0.0
15701,5.340483319188328,0.8207390682088744,30.501366089625122,0.8551784884941623,1.1395331504612327
15703,37.03390338595163,0.8755059902116226,0.0,0.0,0.0
15704,18.212743949637744,0.9290514741359144,23.180451534284945,0.939748035173714,1.0783662408910075
15705,17.768258215143096,0.7450003444504443,0.0,0.0,0.0
15706,13.238571965161793,0.6865443332615775,20.816659994661325,1.2489995996796794,1.0322132297839337
15707,4.24142215245095,0.9599022194044959,8.144527815247077,0.498644560117168,1.0185973466051916
15708,9.63828458656329,0.8250974844036773,31.595358308882442,0.5815096621266707,1.767418311264528
15709,8.54085807554877,0.38457897525923174,0.0,0.0,0.0
15712,16.796748858219427,0.830157493272436,27.39069184960468,0.3955334563119809,1.5353323131418624
15713,10.197260095255608,0.5431677650963178,0.0,0.0,0.69233208825067
15714,9.431889925302627,0.9976914512378867,0.0,0.0,0.6731682083102069
15716,12.315669421161097,1.2989238491763655,32.90896534380867,0.4447157478893063,1.2319816152070993
15717,9.458103101875889,0.4404971504533015,0.0,0.0,0.0
15719,4.8188987603330435,0.8948983648026824,5.736644568830365,0.2294657827532146,2.3665000864958845
15720,6.402682969384543,1.3688029998183178,0.0,0.0,0.0
15721,8.452410843057091,1.5168600353360324,0.0,0.0,0.0
15722,35.55191490436815,1.1037191924633767,44.02556075736003,0.6960562965590519,1.3309486232664909
15723,5.915280955329831,1.1941236788208915,0.0,0.0,0.0
15724,8.55922946829381,0.4313930087112573,0.0,0.0,0.6918880461714474
15725,6.2692457792886875,0.48312068618239135,0.0,0.0,0.0
15727,22.105158822519954,1.2890151621949246,24.945941553687646,0.44152108944579904,1.8388178889751328
15729,3.4641016151377544,0.2037706832433973,0.0,0.0,0.0
15730,4.87497742416602,0.3044468807469322,62.22539674441618,0.8889342392059454,1.0826191683911301
15732,9.274884910870329,0.44148098990950835,0.0,0.0,0.6912899496113929
15733,2.134400774612552,0.13150959794285597,0.0,0.0,0.0
15734,61.25544609633938,1.189026539628074,0.0,0.0,0.683872011903578
15737,5.147713076867507,0.3075505688516168,28.253107709384732,0.8750962564853678,1.490065742173659
15738,20.25481548843369,0.728133263409891,12.100767390069583,0.5261203213073732,2.4205991867625034
15739,33.58585416510945,0.598251766389552,0.0,0.0,0.0
15740,6.566925544812512,0.38160078708233863,0.0,0.0,0.0
15743,6.394629894200568,0.7173436895312062,30.4138126514911,0.5431037973480554,1.0027127271766312
15744,4.018357873559794,0.34641016151377535,0.0,0.0,0.0
15745,7.799565922713935,0.4417846748172959,79.01898506055365,1.0974859036188007,1.0718873000344384
15746,4.8285752168044995,0.6867132571643945,0.0,0.0,0.0
15747,12.56613389104787,1.1997971868377604,38.890872965260115,0.4891933706322027,1.072061784802696
15748,4.128032218866514,0.5805952487857263,0.0,0.0,0.0
15749,1290.3059422305844,0.2897330691692885,68.58935777509511,1.4142135623730951,0.6926078555240631
15750,6.34503054384076,0.7540494951674087,45.09936120337383,0.8745028488188832,1.7637049018726982
15752,5.045594470252819,0.7862876518643156,34.341908314283685,0.6262962002604927,1.9107352340610217
15753,0.0,0.0,0.0,0.0,0.0
15754,2.9267269355981194,0.17870413284067282,106.06601717798213,1.0934640946183725,1.045532284539647
15755,5.845451634609883,0.3486131671692898,45.36298050172629,0.8043081649242251,1.4902177082952166
15756,2.1125028785465276,0.761033759908686,27.574142476844738,0.44236592208841824,1.3750290731371846
15757,6.250808456802716,0.3937269121190927,0.0,0.0,0.6567018522654956
15758,7.722873673560755,0.33864001491862017,0.0,0.0,0.0
15759,24.646186607378315,0.6818025065272217,12.020815280171307,0.17296137093771666,1.0879179713441478
15762,4.2851908195972275,0.27160952518217973,0.0,0.0,0.6899203682419748
15763,8.975876406666908,0.5037431097106331,0.0,0.0,0.6924025522965596
15764,15.088095336746491,0.8280128051824768,43.83263624287273,1.165761602204062,1.0305640317473082
15766,21.420811290976737,0.7478858763433762,0.0,0.0,0.0
15768,45.527406532593595,1.9768103442742018,46.66904755831214,0.848528137423857,0.9805523733360145
15769,304.2656703937842,0.7031577699921345,13.551383693187939,0.9570186224002781,2.2635508571847365
15773,149.4067641485262,2.350345522094862,0.0,0.0,0.0
15774,6.154467889265488,0.5681746574284978,0.0,0.0,0.0
15775,2.3919507878358566,0.15961540052288842,0.0,0.0,0.0
15776,4.942980763014298,0.36823795105644136,0.0,0.0,0.0
15777,65.11514085869446,1.305897143597696,38.10949138119444,0.9607434801981791,1.0918942623245607
15780,5.202449522530975,0.31743611377166775,38.890872965260115,0.4496054678064753,1.0084001342290514
15781,5.6764648932421435,0.32863225225740417,39.59797974644666,0.282842712474619,1.078239142535585
15782,34.68048364015343,0.5703285208191246,0.7071067811865476,0.01790143749839361,0.9184671307693195
15783,5.847648348592039,0.33238764466215404,0.0,0.0,0.0
15785,28.313924846781827,1.0090536856562735,56.536124144951195,0.8631469335107053,1.3065604927565106
15786,9.045728483900845,0.48968198880854913,48.08326112068523,1.414213562373095,0.6529229139813364
15787,4.612940714349034,1.0023372049532209,24.748737341529164,1.4142135623730951,0.692424039926429
15789,4.609323883897362,0.32801906375586126,0.0,0.0,0.0
15790,5.205122476945187,0.8249005510214242,0.0,0.0,0.0
15791,11.689446856879922,0.5436311468825342,0.0,0.0,0.5527924021436884
15793,53.440131859697146,0.6641206929468064,144.95689014324225,1.1459042699070534,1.096216993786986
15795,5.576673569004921,0.38396139390863543,0.0,0.0,0.0
15796,13.303651577054463,0.6525342089971248,30.832110657868487,0.7242442100841591,1.9074955024519662
15797,120.63195205725081,0.43719109198967404,47.37439533475159,0.6932838341670965,0.8802786747098481
15799,7.773863340116137,0.8616719154561285,28.284271247461902,0.21925791664699149,1.0361467281842254
15800,5.7919888844114435,0.9859339092020395,0.0,0.0,0.6472888765468287
15801,5.9630877280965935,0.35869882475509374,25.45584412271571,0.8211562620230874,0.3844282702059135
15802,0.0,0.0,0.0,0.0,0.0
15803,35.83669219030765,0.6894654839172266,0.0,0.0,0.0
15804,15.505313283918666,0.9657668643151704,11.081994678784413,0.6890359385772693,2.0103648122251916
15805,11.639405349707307,0.6337114379109446,25.908734048579063,1.230088263434021,1.9619013285029574
15806,27.73621235314809,1.095901734619275,5.656854249492381,0.049190036952107656,1.0909878856541626
15807,9.782012068403054,0.5194563328723826,18.384776310850235,1.414213562373095,0.6081499690222918
15808,16.285098175679167,0.9069150275748578,12.055427546683415,0.5833271393556491,0.9476234173749734
15809,4.005651952307541,0.2718223594446438,56.35822921277779,0.850690252268344,1.4087671443977143
15810,6.258981724023067,0.4001848973678163,16.522711641858304,0.22948210613692088,1.172999453793914
15811,5.897724366222253,0.35355191096607785,37.296112397943034,0.5484722411462211,1.6075758095816097
15812,68.32244790286005,1.5552485448200928,13.889444433333777,0.26582668771930673,1.5370864218371008
15813,33.77057089997526,1.0359785844107419,0.0,0.0,0.6764814484555759
15814,25.544746636669,0.9454548882915329,9.71253485622231,0.9105501427708417,0.6814808927521205
15815,44.4814757515307,1.0376046423997927,30.26962173533062,0.6209153176478076,1.5764314986608838
15819,6.570335056821413,0.4241261707150719,6.658328118479394,0.08838488652848754,1.3531420751170695
15820,20.842552662056253,1.7118726217748397,0.0,0.0,0.0
15821,6.07488911311534,0.6596663952170924,0.0,0.0,0.0
15822,16.02232544574582,0.5971255262285703,0.0,0.0,0.6931307882335636
15823,0.0,0.0,0.0,0.0,0.0
15825,54.2666823343656,2.036502508138462,0.0,0.0,0.0
15826,14.55632521460318,0.5983341179059646,108.89444430272832,1.414213562373095,0.6847324088333921
15827,4.683026424357232,0.2933124404583009,19.47384834157772,0.8581695879339334,2.250863411559851
15829,6.675794684280416,0.5352053461475481,0.0,0.0,0.6928787089107242
15830,6.05319723461359,0.40985189609362843,0.0,0.0,0.0
15831,13.768282595115632,1.1677350035769594,94.75230867899737,0.7178205202954346,1.0349251767184475
15832,3.8667349674080467,0.24952937802798136,0.0,0.0,0.0
15834,12.402953623709887,1.5158394356005815,60.00277771348034,0.8738268599050535,0.9766870058424317
15835,8.433362969752448,0.4419584614529262,26.057628441590765,0.2742908257009554,1.3625046276305477
15836,4.573974809239285,0.33296751905359867,0.0,0.0,0.0
15837,4.696048523932694,0.2875278447226508,0.0,0.0,0.0
15838,237.25649721727962,1.1777112866980577,16.940206263068173,0.8687285263111884,1.9271895974092612
15839,6.502331764568797,0.38450015680003186,14.142135623730951,0.24810764252159564,1.0581461963716952
15840,5.525627241341603,0.419597073675957,0.0,0.0,0.6269559215518938
15841,30.870021658362816,1.1853103752618763,65.18435395092905,0.740731294896921,1.0387522296613048
15843,2.4938406267098503,0.1677236234861606,0.0,0.0,0.0
15844,4.666322671304169,0.39260784292753453,0.0,0.0,0.0
15845,14.38781798183554,0.5349250846613083,19.39931270260195,0.4310958378355989,1.8759374277791458
15847,10.573058150696449,0.5975474074943404,0.0,0.0,0.6905746502117143
15850,2.4863648051237526,1.0097441327067365,0.0,0.0,0.6931367676043497
15852,12.594802688486421,1.7241345227223026,0.0,0.0,0.6521344628681214
15853,3.0369816382823864,0.8222874471883718,0.0,0.0,0.0
15854,40.43441843806413,1.9030200465026061,26.22212806009459,0.819441501877956,2.1277767962179364
15855,6.610955885612836,0.7425537330801792,11.67618659209133,0.3706725902251216,1.5526831084598887
15856,35.36744223240625,1.3920306817851598,15.30811750472479,1.1371744432081272,2.237237877880335
15857,18.757679745921386,0.8842003920636343,0.0,0.0,0.0
15858,10.263055917998855,1.3623683360585062,86.07119146381093,0.9864893004448244,1.538460595288979
15860,6.707702072334434,0.9747072730236997,38.93767914427948,0.8438506316097719,1.6822089930299056
15861,8.098350812084657,1.3969025777157171,52.69227828132117,1.4578891224080957,1.2644826462891583
15862,6.137081078919306,1.0831703469901282,41.645327869202006,0.34323072419671985,1.3102733799097666
15863,2.961492513665488,0.7743588792268853,0.0,0.0,0.39325411848547326
15864,67.50724361913046,0.6972736285234926,51.75712511336,0.8862521423520547,1.525851494510165
15865,16.05268184120248,0.7173341007988775,53.74011537017761,0.6248850624439257,1.097936894482933
15866,4.406115389805722,0.8600841215514573,0.0,0.0,0.0
15867,7.543360604633977,0.9120948315960237,13.585706774821418,0.5312846224790498,2.4082767782429366
15869,7.16055145522027,0.7177778122714786,0.0,0.0,0.0
15870,3.8548923643016124,0.827393656095689,0.0,0.0,0.0
15872,2.8723176366922143,1.018637014093047,0.0,0.0,0.0
15874,47.409233539068154,1.2912535122809015,40.51995393218835,1.1152280898767435,1.2919674184086714
15877,6.200892867926048,1.6216249999238976,0.0,0.0,0.6929894869731471
15880,3.8226949481572117,1.1692582427071407,0.0,0.0,0.0
15881,26.723466003153014,1.545664082034818,24.185050478894325,1.896866704227006,0.6188116794417606
15882,19.642112337401464,0.8749101087617819,97.57219549304675,1.7320508075688772,0.5937912688932594
15883,6.833063612563059,0.8444817317786265,0.0,0.0,0.6548942963640769
15885,8.601201181504003,0.4081234249823963,152.02795795510772,1.4142135623730951,0.16648369066162744
15886,16.80787989352469,1.1137807649361988,0.0,0.0,0.0
15888,21.431810875990916,1.5280240657827282,0.0,0.0,0.0
15889,4.56069636741734,0.9491457519408613,0.0,0.0,0.6365038270210999
15891,7.367739827378164,0.8708912325506104,0.0,0.0,0.0
15894,12.210406057849221,1.8995509329228535,0.0,0.0,0.6750922797904562
15895,40.50159350400471,2.4865632000002895,0.0,0.0,0.0
15897,21.913675098909803,2.3685125078758626,0.0,0.0,0.0
15898,34.80485473158101,2.155130397814042,98.47630848754098,1.079192421781271,1.3153538424340097
15899,4.262897097827564,0.30313934917884905,0.0,0.0,0.0
15900,5.945023570592632,0.8635362197038655,0.0,0.0,0.0
15901,2.8397251593261172,0.9052657977405452,11.313708498984761,0.16396678984035887,1.0962784528731153
15903,66.74122834760873,0.963347396352286,56.199644126987145,1.1957371090848328,1.0424677561409093
15904,5.770402444181523,1.0512027770551717,0.0,0.0,0.0
15906,9.53128295459884,0.91197395096596,33.86099033794887,0.8719568327368807,1.4619585744615853
15907,4.258605327879645,1.0960697985860062,98.2878425849301,0.9589057813163913,1.067323069625428
15909,23.99797491456311,0.8751996686565686,0.0,0.0,0.0
15910,3.750641485312917,0.8127232032483475,30.098251808116064,0.6731238423540333,2.044295869396816
15912,11.909131809995063,0.8550884452796697,0.0,0.0,0.690738279268929
15916,8.438047958343082,0.8559034046052115,39.3143618493172,0.7930851093522202,1.6175844773115564
15917,8.055512887382644,0.7852652692818175,0.0,0.0,0.0
15918,7.600601152844123,0.9096252464284024,0.0,0.0,0.6818113814030078
15919,3.783150157703146,0.845442923864336,0.0,0.0,0.6812644246643699
15920,2.012346776284495,0.7208406362810131,0.0,0.0,0.0
15921,17.263307263287263,1.2843575918286507,0.0,0.0,0.0
15922,17.00185016669977,0.5061443892657577,0.0,0.0,0.0
15923,4.855696948651435,0.8024050670576025,0.0,0.0,0.0
15925,10.558002673543205,0.6116149267802002,0.0,0.0,0.0
15930,6.422272628461496,0.31612339778658655,0.0,0.0,0.0
15932,20.805847379321627,0.9586526736656906,24.24674745001403,0.6018696175535397,2.078768626558668
15933,6.561754710416581,0.4384536223166769,24.041630560342615,0.7513009550107067,0.6426120279943495
15935,86.47375869258975,2.489289220148436,0.0,0.0,0.0
15937,5.95599937637913,0.2868386352573368,0.0,0.0,0.0
15938,14.035652502697213,0.6244543601971174,30.21451086260816,0.5782681504805389,1.5910818580613035
15939,78.65882630424511,0.9776060544664078,11.189673418325988,0.6637941858328976,1.8945431710994702
15940,0.0,0.0,0.0,0.0,0.0
15942,11.99464972302326,0.497644310462084,0.0,0.0,0.0
15944,64.54540778914226,1.1912409927248648,0.0,0.0,0.0
15945,108.75302294649101,1.2016908612871935,0.0,0.0,0.0
15947,61.26187130558508,1.0400144405130236,0.0,0.0,0.0
15948,3.7011518439198645,0.23247467718603895,0.0,0.0,0.6309988100657444
15949,7.821237693890111,0.4074454819694892,0.0,0.0,0.647494150477964
15950,11.520437435169926,0.6394769039238819,125.35682403975196,1.1535904052737909,1.3326175258065218
15951,4.937793918389851,0.28585686743382555,0.0,0.0,0.6913776149792914
15952,7.43148051942698,0.8384451780600012,28.095076674273972,0.4436064738043259,1.3307420866888662
15953,20.002460109584383,1.181309338873115,47.187568984497034,0.9437513796899407,1.727724416836355
15955,17.317424511722574,0.717595586683128,38.71178843844035,1.462945493313153,1.8921457145176466
15957,9.218434583966078,0.9027355557988652,0.0,0.0,0.0
15958,14.863389826781008,0.9970649620265171,0.0,0.0,0.0
15963,6.801868946401508,0.40456353662002337,0.0,0.0,0.6750377700622654
15965,8.018197038960109,1.1567807089933462,192.04773712109534,1.6508401471727394,0.4784465034920785
15967,3.9433812223415594,0.790879408534945,0.0,0.0,0.6786149147052858
15969,17.358191604815108,0.5211887585892541,62.22539674441618,0.683795568619958,1.0461770818733298
15970,16.921073466914773,0.592587736822867,0.0,0.0,0.0
15971,145.23225333087353,1.2103120031859644,21.846156308480115,0.8286473082526941,1.6834109276109908
15973,84.8068871024046,1.102032188972836,0.0,0.0,0.0
15974,16.415284575208098,0.839327189470716,19.788885769542457,0.4826557504766453,1.8633269078614276
15975,4.328026272221956,0.2799725897774371,0.0,0.0,0.0
15976,3.191531497741015,0.7257856935504233,0.0,0.0,0.6928237326669467
15977,12.898355185463943,0.7948888218360682,0.0,0.0,0.6391447705595881
15978,12.995829446141453,0.5795479011821577,0.0,0.0,0.0
15980,39.68539950380116,0.7113679742308636,116.67261889578035,1.4142135623730951,0.6245046468735269
15981,24.451872179708108,0.6958619682179994,17.31913337763703,0.42688004804034935,2.035734122024189
15983,15.413203838782298,1.1807921477555556,191.6828978634592,1.6429962674010787,0.5288280950291461
15984,18.82005966283092,1.7907001550442259,38.09017079393463,0.9496164463861819,1.7114993311667388
15985,24.383741777320868,0.7897257101248858,0.0,0.0,0.5173370453424817
15986,3.746594057669851,0.31199331910170064,0.0,0.0,0.0
15987,35.337367413902214,3.408874536923481,57.7408001330082,0.9786576293730204,1.531662433217189
15988,5.5441353732603815,0.9472356835919148,0.0,0.0,0.0
15990,10.466948604271664,0.6871284637514063,0.0,0.0,0.6930571316256362
15992,0.8256108849411647,0.058986250412562384,0.0,0.0,0.0
15993,4.944744708122369,0.9756678399051847,4.273952113286562,0.8013660212412304,0.923618144475796
15994,12.651942143402334,1.036874458564361,0.0,0.0,0.0
15996,5.316126182751517,0.651559757662723,33.33616654626023,0.6017358582357443,1.7508773788453957
15998,4.666555083526959,0.7641746917493185,21.406774628607646,0.2650993762056674,1.5337867480164704
16000,501.02960435930777,0.3638353711348322,0.0,0.0,0.0
16003,39.503590326652365,1.4875025329828118,85.88752334691382,1.047408821303827,1.1181554969814747
16005,2.287278663319467,0.8102613766938751,85.01764522732913,0.9885772700852224,1.0194603182129103
16006,10.152576027787234,0.8009921915413991,0.0,0.0,0.0
16007,4.393605631337767,0.9938882499177645,49.57149718672347,0.8958704310853639,0.9822773524958077
16008,9.046642374802696,0.623541497908202,55.154328932550705,0.6128258770283411,1.088581765970154
16009,10.889656827935958,0.9872662857372609,60.91250555783544,1.3338504866679293,1.0009853607687136
16010,5.774367469401531,1.2186395150148015,75.66042558696059,1.3158334884688798,0.5834418135793927
16011,10.796439202040247,0.6806549214272216,13.968331529366193,0.5969372448447091,2.2529822930251364
16012,19.76716349539951,1.3128852521868692,47.37615433949868,0.7962378880588014,1.0034231975393153
16013,304.7112288507913,1.140699606531001,9.681722408346076,1.261640880407704,2.4426966988219636
16014,4.067284103777719,0.8903593028892316,16.97056274847714,0.13468700594029476,1.0548693595405896
16015,6.74462046420107,1.7402017670857182,0.0,0.0,1.0798633063327703
16016,5.676189052238815,0.8841064365943699,54.485035079543145,1.0594312376577832,1.6512922664563177
16017,4.243725349113639,0.6409251046424224,0.0,0.0,0.0
16018,12.394102903094147,0.8487035492458698,0.0,0.0,0.6713312370752103
16019,28.15063722817303,1.1895975840167778,32.44225639501667,0.8265543030577496,1.7825778100006555
16020,13.39073618242277,0.7238150719632525,33.94112549695428,1.414213562373095,0.6689139470082741
16022,7.063697466252137,0.8544613984770524,0.0,0.0,0.0
16023,5.225055584525979,0.7331526570027145,50.91168824543142,0.462833529503922,1.067106408326334
16024,3.334370731427922,0.8493859529190695,0.0,0.0,0.0
16025,3.8117181477773565,0.2427514628070918,0.0,0.0,0.0
16026,3.1489360562403177,0.4268116133664711,0.0,0.0,0.0
16027,49.923430287457876,0.8546520346229762,16.80178561939177,0.4038890773892252,1.4687732877680324
16029,614.1574355569437,1.8343275889811124,6.072538771263912,1.191447480437856,2.060758244051037
16030,5.989089711008048,0.5243436831881215,0.0,0.0,0.0
16031,5.77302956370694,1.051668591049466,0.0,0.0,0.6866889748178977
16033,7.650225330546956,0.9866052131064708,11.304141972347754,0.605010415421429,2.4487802465477437
16034,14.320705199207104,0.7197978395763223,79.19595949289332,1.1646464631307842,0.6480175497102811
16036,12.18696547442174,0.8832065317730401,0.0,0.0,0.5608829096242767
16037,21.109467505211406,0.9628654682969343,14.142135623730951,0.32141217326661253,1.0950893987368855
16038,7.745664196578229,0.4268669064204374,102.5304832720494,1.0624920546326362,0.8603336553724181
16040,8.512741411916249,0.42124638709950607,26.870057685088806,0.2660401750998892,1.0981857364938177
16041,296.74456804913325,0.5623002173745577,77.78174593052023,1.4142135623730951,0.39527500687771644
16042,5.3163151562944675,0.3152658766167257,100.05123687391375,1.2951616423807606,1.164539619748727
16043,12.303190582752084,0.6199362171699005,71.58212067269312,0.7697002222870228,1.2996569295359819
16045,6.907701558183174,0.42764170159558695,23.115651263447745,0.4103370046765872,1.2424226367106765
16048,19.987057955444214,0.6235238794398444,0.0,0.0,0.0
16049,3.784075972555658,1.061919700156833,22.627416997969522,1.3310245292923248,0.6857271787127743
16050,6.4492841980073,0.46767833198022474,0.0,0.0,0.0
16052,9.841863510629166,0.9242207351306182,0.0,0.0,0.0
16053,10.2994518922114,0.572210694100835,0.0,0.0,0.5693252586732772
16054,7.048249096116778,0.6293882341219218,0.0,0.0,0.0
16055,4.517584689695527,0.2681059163024051,0.0,0.0,0.0
16056,7.449651067775367,0.7619406973132661,0.0,0.0,0.0
16057,5.141650142179357,0.274903525753695,50.957498630394596,1.1408395215759985,1.354009640634308
16059,5.463296720978325,0.6736217238475597,37.05671329192593,0.6196774797980925,1.6559473977022696
16062,23.09531609001312,1.2812713283064092,9.237604307034012,0.07850655218442502,1.3575241987405784
16063,2.9114709076083516,0.19970127303767174,0.0,0.0,0.0
16065,6.034304980489175,1.2000821536622832,0.0,0.0,0.0
16066,17.17010292823265,1.1507885027497293,23.69950773047125,0.8943210464328774,1.0560714060180014
16070,28.136117166456092,1.0895873572646262,0.0,0.0,0.0
16071,4.5110449111570805,0.29037500960734025,0.0,0.0,0.0
16072,21.489417875605916,0.8458663251967007,0.0,0.0,0.0
16073,0.0,0.0,0.0,0.0,0.0
16076,12.323667565600829,0.7113848724286633,21.301408404140794,0.953794406155558,1.8635923926196334
16078,0.0,0.0,0.0,0.0,0.0
16079,85.91805432531406,1.3345259917393457,6.363961030678928,0.553387915711211,0.6620224537294552
16080,12.433230741310428,0.5725377943134291,0.0,0.0,0.673078826298422
16081,11.019628076630061,0.8911808662207502,34.477045503735766,0.4477538377108541,1.2456922676994155
16083,38.28714855556795,0.9007920380857961,0.0,0.0,0.5693725555036143
16084,9.479589318939984,0.8258617866929235,0.0,0.0,0.0
16085,3.84909963452975,0.6549089046127581,61.638732411798784,0.8329558434026862,1.556865765517483
16086,17.964790049189858,0.6247842516148747,27.183021661814323,0.3564986447451059,1.5402900481789614
16091,4.082721122573263,0.2332539205431306,0.0,0.0,0.6931456009140269
16092,4.575873172861946,0.28534166216217843,18.384776310850235,0.2664460334905831,1.0896260746233355
16093,0.0,0.0,0.0,0.0,0.0
16094,7.719785191968636,0.4510600401528654,105.13324878457813,1.5236702722402626,0.5438381289447912
16096,32.67056440877443,1.2227770348240696,0.0,0.0,0.0
16097,4.7532708037027875,0.25686413421792964,0.0,0.0,0.0
16098,35.43095185809055,1.1836050390610764,18.93145530591877,0.40279692140252704,1.8865781485612045
16099,8.462652729970088,0.45094064280480045,0.7071067811865476,0.008081220356417687,1.046146148722217
16101,4.332599163178142,0.2551154694363824,0.0,0.0,0.0
16102,25.309771201963468,0.7831418668026955,19.091883092036785,0.4492207786361596,1.0634923533469696
16103,24.53111925813288,0.8236295321831917,30.219199195213626,0.6745356963217328,1.3876869085153227
16104,9.871347213668857,0.9467822105979523,0.0,0.0,0.0
16105,27.691175489675405,1.0683323877189586,0.0,0.0,0.0
16106,3.6404486902944635,0.2015380341554418,0.0,0.0,0.0
16107,75.62255712858874,0.7316423870799993,16.769019053003667,0.6210747797408765,1.72423583671639
16108,6.113004957459881,0.34827802724993984,0.0,0.0,0.0
16109,37.28249234284261,1.0967589432097258,0.0,0.0,0.6927086323226894
16110,3.2429728094579255,0.8583398439962509,119.50104602052653,0.9018946869473701,1.0435380308348086
16112,11.676813991838701,0.9544754463544457,97.61830429449864,1.5173829683082691,0.6146171223572012
16113,5.5091246775366844,1.024127774978935,0.0,0.0,0.0
16114,2.212454600018464,0.13038406482613413,0.0,0.0,0.0
16115,4.357088660257094,0.7418677671139259,13.031098334734637,0.3269451195094712,2.023907395117221
16116,8.532941703635803,0.47344890160190817,0.0,0.0,0.0
16117,6.053130557011792,0.782024532579793,0.0,0.0,0.0
16119,13.863090564516991,0.5239263251896066,0.0,0.0,0.582252610990398
16120,36.95135183939311,0.8467700591088755,0.0,0.0,0.0
16121,3.9762958159446744,0.9721658301487365,0.0,0.0,0.6355936128602726
16122,19.14069314306969,1.0627192943465245,105.69768209379049,1.0896668257091804,1.2974072719490697
16123,8.774122463243833,0.4561243726424762,0.0,0.0,0.0
16124,9.61844818328536,0.4249113655266625,0.0,0.0,0.0
16125,9.409344782224172,0.42274574794855446,0.0,0.0,0.0
16126,27.937141695835948,0.5198417846729135,20.81665999466133,0.23477436084204506,1.2887615349814014
16127,6.071947133101497,0.3700996347795198,0.0,0.0,0.0
16128,11.954623926442698,0.5658707648325197,51.86119294167203,0.7887633907478636,1.3352165160181406
16131,33.60119859448985,0.7474300850325987,39.85849972088764,1.0714650462604205,1.3378346447672693
16133,49.298165634593595,1.1421436903656879,10.941928826839119,1.1671390748628394,2.096861778470083
16134,6.183226116687311,0.3501317188177383,0.0,0.0,0.68973515595606
16135,34.77526385508061,1.4110337956848475,0.0,0.0,0.0
16136,10.09732896622925,0.526658732626353,127.9863273947651,1.1795974875093558,0.977461870483281
16139,8.658961906044084,0.4224482131023537,0.7071067811865476,0.007562639370979118,1.0248762391651949
16140,19.246471631239345,0.9289093840058703,0.0,0.0,0.4577603486991153
16141,7.811716664176916,0.3777425853083615,0.0,0.0,0.0
16142,7.183616453106706,0.49649532776356725,0.0,0.0,0.0
16143,24.06622271909788,1.1611619496294554,39.291220393365236,0.5412013828287223,1.5559651537239545
16144,0.0,0.0,0.0,0.0,0.0
16145,8.86093583310956,0.5223989605490582,13.96662688936261,0.4013398531426038,2.2679827929187506
16146,21.41344180994226,0.8458853506713055,12.727922061357855,0.3439978935502123,0.9390577616569957
16147,6.229591997090697,0.3654693971626542,0.0,0.0,0.0
16148,0.0,0.0,0.0,0.0,0.0
16149,5.122612180865887,0.32870033956789524,0.0,0.0,0.6791412403448045
16150,6.0361726921312275,0.34399674868211394,47.96526521001074,0.5849422586586676,1.5845091126578559
16152,31.857442557515796,0.5051096937015911,0.0,0.0,0.0
16153,11.75680309867966,0.5735874729515958,44.27941583474952,0.5826238925624937,1.4496401928012892
16156,18.97547797146825,0.7901282931323341,22.30590889043913,0.6008325627054312,2.0362230444562583
16157,25.85647439812036,0.7087309676805896,28.284271247461902,1.0101525445522108,0.569167940240333
16159,9.216909925318168,0.3705822485768362,0.0,0.0,0.0
16160,46.637716112718536,0.9096137484927159,0.0,0.0,0.5243077411469463
16161,7.96272464498034,0.676942133475504,14.681921656561574,0.7402649574736928,2.305200958074859
16162,9.616652224137045,0.5142594772265799,0.0,0.0,0.0
16163,159.71269726188544,1.1186973891796785,0.0,0.0,0.6926649586305468
16164,18.43226435738332,0.7619601548378476,7.7781745930520225,0.6222539674441618,0.6094317916791853
16168,43.49170629526745,1.1253002473693658,13.83351559966424,1.033538521813995,2.2136927812134264
16169,13.25105003819871,0.617859456407341,13.051181300301263,0.5843812522522954,1.3463813452634197
16170,7.969443397409642,0.5284636612695712,20.668817092422103,0.5327014714541779,1.5615351090723733
16171,0.8660254037844386,0.03549284441739503,0.0,0.0,0.0
16172,10.096100092827871,0.610967195871921,27.215191835933595,0.7559775509981554,1.3608180937973813
16173,6.142775652236699,0.36380587934167374,11.554220008291344,0.722138750518209,1.0096510559923253
16174,67.39894675523806,1.535511639215963,5.656854249492381,0.47140452079103173,0.6119805844684585
16175,6.576407173123868,0.3676130417999251,22.516660498395403,0.4690970937165709,1.374068899274135
16177,8.840891196189283,0.3994980206140661,0.0,0.0,0.0
16178,11.809280551450081,0.47738375144820944,0.0,0.0,0.0
16179,11.197438505788236,0.5706890773463865,0.0,0.0,0.0
16180,67.74122131528485,1.070205306818892,11.816050423853463,0.551415686446495,1.5024306570334338
16181,38.32879838260712,1.379906991584337,0.0,0.0,0.0
16182,143.5490646145755,0.6073717723373274,17.009801096230767,0.23090227732439952,1.328688579051658
16183,17.585301275564802,0.7787768862255972,0.0,0.0,0.0
16184,11.520007461768065,0.4473634875858119,16.98528775146303,0.5856995776366563,1.4960000027641256
16185,5.079383630374471,0.29742712178011105,0.0,0.0,0.6574595847194491
16186,9.762425464027068,0.5311306760664999,35.418279820659635,1.1292784870355246,1.9974475778578147
16187,14.632523825505219,0.6245579110176808,14.96534458211833,0.8551625475496188,1.9334659824807816
16188,6.076603499154275,0.4146542627699839,43.3628104870214,0.6603473678226609,0.9734921665781482
16189,13.731234798477123,0.7009633505812528,0.0,0.0,0.6338218016119264
16190,27.552543016329118,0.7686221782498358,0.0,0.0,0.0
16191,47.64310562848108,1.2323427289570281,58.27124401270217,1.9808921477405836,1.8332032459279743
16193,5.6995545634919775,0.34438396154030076,0.0,0.0,0.0
16198,11.272979124986481,0.42201823114846276,0.0,0.0,0.0
16200,5.67923082451704,0.9407398693236754,0.0,0.0,0.692966876785621
16201,7.127969087248015,0.42458669508204033,25.357444666211933,0.7244984190346266,1.3619049263859804
16202,13.968688854028269,0.6883576515249237,0.0,0.0,0.0
16203,3.696675772191264,0.21822171028283735,35.21836642056717,0.3397270072723521,1.3042848636561455
16204,6.107271724739247,0.8580377321489169,0.0,0.0,0.0
16205,11.618780448935054,1.4954956578786351,55.58177159225255,1.1266575322753896,1.0093131190335454
16206,11.079828643303873,1.299722944416162,25.238858928247925,0.28043176586942137,1.3796147513434298
16207,15.12107471659324,0.7284862812903078,0.0,0.0,0.0
16208,8.634417388357111,0.857904356173139,0.0,0.0,0.5633335371415932
16209,177.98067669690417,3.618420737047136,25.468935326524086,0.6530496237570278,0.9149450661945803
16210,452.75777216069145,2.641013642780623,28.348410060198727,1.3239642061081824,1.7062045821780667
16211,33.953742277170356,1.427618866540379,0.0,0.0,0.0
16212,3.694687930318206,0.2194313021743582,0.0,0.0,0.5914349172120642
16213,25.00615924127494,0.9436286506141487,0.0,0.0,0.0
16214,18.135403374330632,0.7508423885867305,46.66904755831214,0.9524295420063701,1.021604162341503
16215,3.9949091917776367,0.23077668118377104,0.0,0.0,0.0
16216,26.350530474855844,1.065622099581024,0.0,0.0,0.0
16217,13.256193521017513,0.6535510363689817,0.0,0.0,0.6724074057859171
16218,27.483163460213923,0.7484036368952273,42.68957718225843,0.7489399505659374,1.6841984658922478
16221,8.399832532643758,0.9420990167962959,104.65180361560904,0.6342533552461154,0.9081996293651752
16222,5.096358975463172,0.8245951195654461,0.0,0.0,0.0
16224,6.555541565675428,0.4858580948852321,48.01388688008224,0.7541448201060038,1.0766812918527602
16225,7.850729146488424,0.9595717542592026,52.494444150468595,0.9129468547907582,1.2974712062417644
16226,21.785347631575025,0.6831404086414244,16.263455967290593,1.0492552236961672,0.6928245706449767
16227,62.26902119031582,1.1890208361717742,0.0,0.0,0.0
16229,15.898372754600336,0.7393860275739321,0.0,0.0,0.6501536720983556
16230,6.526899517452707,0.42145542333606023,0.0,0.0,0.6929827228644754
16232,17.624825601335107,0.658120607186944,51.032669275017675,0.900576516617959,1.0886888951070028
16233,18.149483195389895,0.7439975968893524,156.97770542341354,1.0678755470980512,1.088289636333911
16235,7.079750374294198,0.37549263494890306,39.90405159045048,0.5504007115924204,1.3674904328617385
16236,9.484872165717363,0.4389112524626267,0.0,0.0,0.0
16239,11.771009585701078,0.5399545681514256,0.0,0.0,0.43978195894084254
16240,38.93381580879064,1.4133766629522255,0.0,0.0,0.6929739387827416
16241,4.421311311782075,1.1223366534373775,22.772923848422725,0.7676266465760468,2.151889985617902
16242,9.703743965205293,0.7917664320898189,33.41057716751788,0.7536220413725837,1.5695866675064658
16243,11.782344312156049,1.4688329501832278,0.0,0.0,0.6918541017934776
16244,4.739304537265727,0.2832222708200172,0.0,0.0,0.6159479079800372
16245,5.373322952378891,0.34209008227869514,26.16295090390226,0.22457468587040566,1.0577543399609715
16247,5.27503428108924,0.7367366314370446,0.0,0.0,0.0
16248,5.91686693155375,0.27081253119443083,0.0,0.0,0.0
16249,19.841713530405514,0.7605694409650627,18.31210892642716,0.39808932448754697,1.3881004027622343
16250,4.731409999113388,0.291582374637226,0.0,0.0,0.6800715810977843
16253,18.890410634175275,0.6307298616135137,0.0,0.0,0.6901922387954625
16255,7.811898472417364,0.8050706274462437,31.291258478093482,0.6367407248449255,1.8473380679340006
16256,34.54542962089642,0.5968536409654764,0.0,0.0,0.0
16257,2.1566756826189692,0.09187116858866748,0.0,0.0,0.0
16258,46.74498654127583,1.212753157594054,30.199337741083,0.7023101800251861,1.5796238847781725
16260,54.69743044292687,0.9508462484646131,0.0,0.0,0.0
16261,5.263820301205998,0.8739789742639472,49.903239707791855,0.6595141811602447,1.3621815190027158
16265,14.14195110206029,0.6698409003729676,32.683547630486586,0.7386112458867026,1.8466291914955402
16266,9.561681314645533,0.6767250579463476,17.14253967960018,0.7911941390584698,1.4620092403916127
16268,9.331341860048367,0.6289378921623253,0.0,0.0,0.0
16270,17.68536443402343,0.8368175663640122,0.0,0.0,0.0
16271,10.504117282357525,0.9774758602848723,95.60509051997877,1.080283508700325,1.329229222511939
16272,8.921157903172286,0.5417268583417711,0.0,0.0,0.0
16274,5.06367256328172,0.9478029382312482,0.0,0.0,0.0
16275,8.725363541961674,0.5142925980758662,0.0,0.0,0.0
16276,198.47086436049,1.4690663535195412,0.0,0.0,0.0
16278,42.77734296963173,1.737135647977559,0.0,0.0,0.0
16279,8.279318608947271,0.5868434207907882,16.97056274847714,0.22039691881139142,1.0282159316572297
16281,82.89864530930313,0.6834316025033963,0.0,0.0,0.0
16282,11.149327333969527,0.7287142048346096,0.0,0.0,0.0
16283,7.3023196315095795,0.7716942589050173,13.341664064126334,0.2668332812825267,1.3954084998224656
16284,6.569421344835502,0.8690449004054391,0.0,0.0,0.6926805413819461
16287,5.923326165014288,0.33253760926396003,0.0,0.0,0.0
16292,6.990579795864785,0.39318397528437166,0.0,0.0,0.0
16293,8.528286584236676,0.4474621127439107,44.57982852267504,1.1697331099244177,1.7822671922042095
16295,5.7493328825709975,0.3418744478740799,14.422205101855956,0.8012336167697753,0.6922569667303666
16297,4.146397929465246,0.2746868452775917,0.0,0.0,0.0
16298,17.196565250370682,0.7761739581411039,74.24621202458749,0.9109964665593557,1.0484299815555145
16302,10.81502826457871,0.5100990948905146,0.0,0.0,0.0
16303,19.338542001310408,0.5844170935528633,90.50966799187809,0.5915664574632555,0.9409369420705448
16305,4.590098981286641,0.2795586556345332,0.0,0.0,0.0
16306,9.82146277168578,0.636879772311065,31.357614705203584,1.0315004837238022,1.0905970371371907
16308,261.2789058968723,0.40824829046386296,33.18132004607411,0.44839621683883935,1.320888343149322
16309,14.141509990802847,0.8406009590185255,0.0,0.0,0.6916873065820135
16311,6.6974761168918215,0.4021137447262477,0.0,0.0,0.6464556417359972
16313,3.1895286354987733,0.18614794152099348,0.0,0.0,0.6681099748691992
16315,2.598098311297098,0.160681081230549,0.0,0.0,0.0
16316,28.551330635534352,1.4669557509300004,39.48779196518481,0.9498781572381226,1.5710867064456955
16317,10.238127759363541,0.5265388256222445,65.76093065034893,0.7430613632807788,1.0686676599982026
16318,6.517717643075205,0.37737813566487544,0.0,0.0,0.0
16319,13.856406460551028,0.10279233279340524,0.0,0.0,0.0
16320,7.902579942035371,0.4261545719180139,0.0,0.0,0.4697206742301167
16321,13.771283115104549,0.4422732433594395,113.31813623599712,1.8130901797759538,1.074499001055953
16322,5.854592586538738,0.6629531008475388,0.0,0.0,0.6461247927091363
16323,0.0,0.0,0.0,0.0,0.0
16324,3.366620995296948,0.926708214624055,33.94112549695428,1.414213562373095,0.6680912406314652
16325,18.465894795222766,0.5593465709376847,12.727922061357855,0.128564869306645,1.09366049939751
16326,9.008921594791364,0.9237810800326731,25.078083188518544,1.0062193871936453,2.068689463759789
16327,10.228470420497775,0.848776101299819,28.430617298961344,0.4038439957238827,1.7861348981174687
16330,17.64067748200991,2.7310802342042253,66.46803743153546,1.414213562373095,0.4924766772942786
16332,8.955658625831417,0.8600400262065069,55.41389717390395,1.217887849975911,1.7127712218576334
16333,532.8805293360365,0.9005822637388511,17.574060972001295,1.2510348488543295,1.9781043695664928
16337,3.813605031113387,0.25247302423789386,0.0,0.0,0.0
16338,14.201185929991263,0.727248813919478,0.0,0.0,0.0
16339,2.6160675087861005,0.4758649402066576,0.0,0.0,0.0
16340,4.424078359686382,1.2327826853261266,0.0,0.0,0.0
16341,22.488418735841588,0.878155376703232,57.518113089124654,0.9860247958135655,1.0686596167295714
16342,9.931672136582613,0.46206718789348705,2.516611478423584,0.0732993634492306,1.2811864985806152
16343,6.427968597933735,0.8154678365981579,0.0,0.0,0.0
16344,21.001071401240463,0.41545146194343147,0.0,0.0,0.0
16345,15.774856907597991,1.0417694556728658,0.0,0.0,0.0
16347,10.046161617579923,1.0412289402550023,0.0,0.0,0.0
16348,7.549929335406452,1.2074132456500841,25.841181603530956,0.7563272664448085,1.5126828262827505
16349,6.061353213415118,1.0196668957146928,0.0,0.0,0.0
16350,7.12799504829523,0.36391100320906794,125.52423404798508,1.2108447014275088,1.268638198122145
16351,3.0061544015093906,0.1562653360108845,0.0,0.0,0.0
16352,7.454696612693342,0.422157400605561,0.0,0.0,0.0
16353,99.7528381245287,1.404609664545898,18.394957430623723,1.1335828108507617,2.203925481233683
16354,7.311634628772786,0.7204490917689202,0.0,0.0,0.26647966409642043
16356,4.7520071141469495,0.6956236508407962,14.142135623730951,0.36261886214694744,0.7415286910905172
16357,6.779097001056456,0.34981984281799344,54.44722215136416,0.6083488508532309,0.9398407276274796
16358,12.222363878569329,0.657083927380546,44.523402086243735,0.7379569406559735,1.3693175404586866
16359,39.004978093621794,1.4702719451368642,19.34461903771397,0.48061165311090603,2.0948478631105507
16360,5.158309948712114,0.972177087753676,7.726577508832744,0.47694922894029285,1.3283933997011728
16361,6.967078301117934,0.823623558448577,9.237604307034012,0.45430840854265636,1.094516256511584
16362,8.92108925282054,0.9834481939633678,16.580611166861935,1.1635516608324166,1.0161713484187889
16363,11.89999663865499,0.5440744622647672,0.0,0.0,0.0
16364,9.726554643833419,0.7291064099954334,0.0,0.0,0.6930045832497753
16365,66.00035337041467,2.1851300436836367,45.92987667552104,1.0650406185628067,1.346681297260621
16366,7.864533193581244,0.43251328287339563,0.0,0.0,0.0
16367,4.589620207530671,0.7416507687839342,0.0,0.0,0.5171783459301663
16368,9.772244572382341,1.4930554801701905,0.0,0.0,0.6695967408888572
16369,11.156780792038763,0.8473540758342069,38.18376618407357,0.42903108071992774,1.060727552335925
16370,5.2237198549316375,0.9018962613773046,15.695009822658072,0.3315847145631987,1.3706323735519195
16372,3.016614189515271,0.7952914314760452,0.0,0.0,0.0
16374,4.050673613610051,0.9505206247187614,0.0,0.0,0.634477805853219
16376,11.267314553681944,1.426950404970814,0.0,0.0,0.35529753094438565
16377,155.87394907424397,1.1525728266359359,0.0,0.0,0.0
16378,8.909274268097807,0.5645772369920087,25.45584412271571,0.8211562620230874,0.5127880187493721
16379,9.510036315568609,0.476074868861319,14.364307617610162,0.5823367953085201,0.9575025697789838
16380,133.9045081659212,2.4064744052867186,0.0,0.0,0.0
16383,5.541289781997359,0.8456693365308077,0.0,0.0,0.6904087433754051
16384,5.815080479653611,0.3283107884150029,0.0,0.0,0.6109367652026405
16385,10.376702431919682,1.1013427899103443,78.48885271170677,0.5146810013882411,1.0342697420957794
16386,4.292411349499537,1.1908329090667065,0.0,0.0,0.49000399643354414
16387,12.049912862755482,0.5108059712910336,0.0,0.0,0.0
16389,33.188884627751875,0.8164724488221028,51.507281038703645,0.6777273820882058,1.2715874241925453
16392,4.039428739989672,0.8218015882252149,0.0,0.0,0.0
16393,8.684726909101828,0.9408280716049133,19.642255008480614,0.6547418336160205,2.1834745868693686
16394,14.727909262851101,0.7859480684716149,37.16068711241312,0.6434751015136472,1.6093987264369833
16395,6.467459346154967,0.9134215230967401,69.16164640415477,1.032263379166489,1.333453275474891
16398,11.700690974739889,0.5624672645847526,0.0,0.0,0.6223686080433142
16399,4.507265084995904,0.805321857220797,0.0,0.0,0.6851040531738806
16400,8.59497963213685,0.8201046600597791,0.0,0.0,0.0
16401,25.05839390637601,1.1372614306803615,13.565330140405054,0.4634118992063838,2.2223300509082575
16402,7.324150130987413,1.4667857405181732,0.0,0.0,0.6048665857514707
16403,3.4983329363188607,0.19708917951092172,0.0,0.0,0.0
16404,6.070592628538014,0.31514192632067334,0.0,0.0,0.0
16405,43.5710196116639,1.3025715877926427,0.0,0.0,0.0
16406,2.0551107759504883,0.7813630226830827,0.0,0.0,0.0
16407,10.239900678310939,0.8280775186157897,20.972866068115515,0.6376884953143231,1.9862858788840954
16409,7.25715714589912,0.8298472348530204,17.23127002477376,0.24704329784621878,1.545455762915534
16411,4.157233564414071,0.8715374348876458,0.0,0.0,0.667559304865674
16412,3.7942036287567102,0.8746435289895598,0.0,0.0,0.0
16413,6.578374885108956,0.7777636210464441,0.0,0.0,0.0
16414,7.224767256096346,0.4005811547934608,0.0,0.0,0.6739633926126974
16415,5.610979033047103,1.4404224758000646,0.0,0.0,0.0
16416,16.536769130627604,1.1167116304684799,2.1213203435596424,0.1462979547282512,0.6501643519823825
16418,5.844758582091767,0.8828548215874543,60.10407640085654,0.6641334408934425,1.0552506820430738
16419,17.03779359737248,0.8937468227333003,40.4573849871689,1.0268371824154543,1.383981039010148
16422,72.1044032579919,0.7671035048090499,3.626489841627655,0.5545091500959717,2.442060993916057
16423,12.445157285839382,0.6472114617621313,0.0,0.0,0.0
16424,10.47471813463255,0.39213530003865493,0.0,0.0,0.0
16425,4.929861632367152,0.3420122044258678,0.0,0.0,0.0
16426,6.593889082149501,1.2854325893146152,59.052942348370756,1.9684314116123585,1.5733411394276624
16427,15.147761477451967,0.5655432394302983,0.0,0.0,0.6891793398942694
16429,194.2068774528853,1.3650105602030242,0.0,0.0,0.0
16430,35.47523666822629,0.707500149607305,0.0,0.0,0.0
16431,8.771113528516233,1.132531265641243,59.39696961966999,1.414213562373095,0.6906893586284938
16432,43.98165169379483,1.2242630951647828,0.0,0.0,0.0
16433,14.297052966587616,1.319059483512371,0.0,0.0,0.0
16434,8.891545446553968,0.6366749572503745,33.54797559714545,0.75672125407095,1.694837547963129
16438,5.531303579299839,0.9145513527495193,14.933184523068078,0.8071991634090854,1.3437217343249808
16440,12.778953684235058,0.9898356453494236,64.59811658761164,1.2604510553680321,1.2513874163006122
16441,7.090128880086165,0.44638796726670504,0.0,0.0,0.6874084379123806
16442,4.040298120978817,1.139791295336037,65.05382386916237,0.3634291836266054,1.060872808614811
16444,8.415584049309505,1.0797944920983067,25.632011235952593,0.3560001560548971,1.2827368733049336
16445,2.6148484882469685,0.7146564346863867,0.0,0.0,0.0
16446,97265.13175258388,1.732006085608937,0.0,0.0,0.00020604220008645365
16447,8.506616075943011,1.1823411402414905,0.0,0.0,0.0
16448,8.841455866660494,0.9361486438308532,0.0,0.0,0.0
16449,6.621208150465811,0.3742434201679159,0.0,0.0,0.6772912500934289
16450,18.234446124150452,0.6430459969404173,0.0,0.0,0.0
16451,11.15314268528121,0.5848746960105515,0.0,0.0,0.0
16454,3.464823227814083,1.0042965877721979,0.0,0.0,0.0
16455,7.510294778795242,0.403827536200007,46.82307123630401,0.918099436005961,1.5181088148829966
16456,22.17814980588887,1.1405711849468185,49.45031176174053,0.7272104670844195,1.4787868797587285
16457,11.313081415384188,0.48866256833584987,0.0,0.0,0.0
16458,8.024880794622014,0.46544557460897074,10.71282903262966,0.5218283482942814,2.3789873088269586
16460,6.841903906500165,1.1337110017889855,24.748737341529164,0.9339146166614779,0.6597178877268194
16461,3.7350979916965708,0.8140155443533671,0.0,0.0,0.0
16462,19.629909152447276,0.4330127018922193,9.192388155425117,0.08796543689402027,1.0397207708399179
16463,7.9958372676260945,0.4609523734148901,78.99578047803143,1.3093223283651618,0.988468026478153
16464,4.925612562197125,0.8842034294874201,0.7071067811865476,0.011687715391513183,1.058162065270118
16466,11.035056199426812,1.0185401054689036,26.90477033291061,0.6305805546775924,1.6936241406534978
16468,35.28462838120873,0.9421796630496322,0.0,0.0,0.0
16469,2.7483985131535436,0.7690428322708746,80.06872048434394,1.0820097362749181,1.0801373057456487
16470,5.056053509767312,1.1274139176280422,54.945427471264615,0.5386806614829864,1.3660219777696696
16471,4.815280165984435,0.27952061691358626,0.0,0.0,0.0
16473,6.92454139488037,0.3942986463821032,51.61879502661797,0.6037285968025493,1.0486515645123087
16474,6.644167590309662,1.2780659003534482,19.887181801351343,0.8838747467267264,1.3350432690113612
16475,14.380422372762478,0.7397608422512391,46.82235933112869,0.7634080325727504,1.1485618509102975
16477,5.410327055495405,0.3166648293026664,23.31880500082855,0.45873059018023377,1.7566280445443534
16478,9.505777500149735,0.48821213746992603,27.577164466275352,1.414213562373095,0.5997265657114798
16479,6.795277067211318,0.790595011642443,0.0,0.0,0.0
16480,15.729580979142147,1.0836846857420919,0.0,0.0,0.0
16482,4.411076966002747,0.3598920559697645,0.0,0.0,0.0
16483,4.102135373178589,0.5593151926113613,0.0,0.0,0.0
16484,4.077812935058859,0.25215266726804714,0.0,0.0,0.0
16485,8.015280198886792,0.9257301480908711,0.0,0.0,0.0
16488,12.430350529478815,0.7226947982255125,33.94112549695428,0.5954583420518295,1.0741916522953718
16491,9.592886203953288,0.5114457442982615,0.0,0.0,0.0
16493,12.462175873417934,0.5163261017522579,34.67467856135559,0.4194517567905918,1.256579974344838
16494,11.80480849968714,0.7141185740195237,0.0,0.0,0.0
16495,8.089864779856175,1.14655964063361,192.33304448274092,1.414213562373095,0.653521023610283
16496,8.590652871145451,0.5102230811486058,62.932503525602726,0.4099837363231448,1.0635203722758448
16497,13.491061149196996,0.6186702980725536,59.90659396093221,1.0621736517895783,1.18281360661773
16498,6.965797940823504,1.0348318224458013,0.0,0.0,0.3174655551947882
16499,7.320975432724095,0.3806226110870374,0.0,0.0,0.0
16500,43.58494552438533,1.1960145705938199,128.24078914292443,1.9790245238105622,0.9901297736174342
16503,5.610062852280752,0.3290979863482036,47.843494855622744,0.5695654149478898,1.3587588225262675
16504,6.530407009100917,1.1594512630221703,0.0,0.0,0.0
16505,110.36451603663203,0.5677187038921401,0.0,0.0,0.0
16506,8.921322771876378,0.29638946085968026,0.0,0.0,0.6681649831163481
16509,16.100642008222003,0.5754972397769756,0.0,0.0,0.0
16510,6.260204489983554,0.3280236129374696,0.0,0.0,0.0
16511,5.118174454058878,0.9102471773366767,0.7071067811865476,0.005819808898654712,1.083475932214929
16513,19.314303977913895,0.7729343340616589,10.14889156509222,0.8457409637576849,0.8912842051158756
16515,18.202481742254754,1.2641156126890827,23.697749541535234,0.368836568739848,1.6010900005302913
16516,1.694402549573153,0.09996475218720667,0.0,0.0,0.0
16517,6.050724616304475,0.6322207650717643,0.0,0.0,0.0
16518,9.698069117890666,0.8009637527164408,0.0,0.0,0.6703950948932393
16519,13.075439836696772,0.7903139198301007,0.0,0.0,0.6925095271063004
16520,5.970986014964494,0.8900253383285028,52.32590180780452,0.5879314809865677,1.086844057540978
16523,22.83208463538272,0.7030127551779629,11.433445858993094,0.7497341546880718,2.2619075779448696
16525,40.857441010622146,0.5739351680446942,9.389355675444403,0.6668576474037218,2.310810470124504
16526,15.402448073818226,0.7956905948039448,0.0,0.0,0.0
16527,9.759812419382786,0.5991290619633387,0.0,0.0,0.0
16528,5.046401892321254,0.3510037730430887,0.0,0.0,0.0
16529,10.552886106294041,0.6954125934954887,0.0,0.0,0.0
16531,5.983179661226122,0.3701659453429735,55.9764831573641,1.0025638774453272,1.713913514871956
16532,888.233482818566,0.5264541742642046,59.39696961966999,0.37123106012293744,1.0906195400623218
16533,6.231108116975183,1.0067053714124352,14.849242404917497,0.6318826555284042,0.32134460632463857
16535,15.304811963801182,0.7990722877942512,0.0,0.0,0.0
16536,7.889376601797074,0.7904178973328944,0.0,0.0,0.0
16539,22.470972503488255,0.7281008652421653,101.33607452432722,0.8238705245880261,1.0099807365393108
16542,16.68088366963813,0.6972447613124114,0.0,0.0,0.0
16545,110.82919290511865,0.9799221300187324,0.0,0.0,0.0
16546,20.2607251433243,0.6434836163159595,0.0,0.0,0.6642398570418323
16549,5.038497135197087,1.189697708977996,66.38712224520656,1.8613211844450437,1.2960889555346167
16550,6.250607124488083,0.6824370862805992,47.43065113053653,0.7353589322563804,1.3732197361359333
16551,21.631312541269065,0.7506636894553963,121.62236636408618,1.0135197197007182,1.0985750269652899
16552,18.437844154315425,0.8254374177003718,0.0,0.0,0.56336708078126
16553,50.31734171288326,0.7389492508299552,21.449305985805864,1.2224993048904895,1.706539404246836
16554,6.546503044497412,0.4066636701873915,50.204581464244875,0.34743654992557005,0.6687010477331659
16555,4.374448200496096,0.2601196943175125,0.0,0.0,0.691148341095198
16556,9.177355844542557,0.5732749087360121,10.576703960434301,0.21882835780208898,1.8939656813965284
16557,13.963333478012396,0.5449589081360169,0.0,0.0,0.6527703882528887
16558,16.808100156473326,0.9272333566362412,10.298753686023376,0.5481129412729527,2.411736647404846
16560,7.712658777754787,0.513315614925266,0.0,0.0,0.6708424315806449
16561,3.696610798806044,0.22420358186529066,0.0,0.0,0.6924705713240555
16563,65.70661974536944,1.1583737962421543,0.0,0.0,0.0
16565,69.36863484313353,1.1980765948727727,0.0,0.0,0.0
16566,30.91612116214481,0.9053626084642024,44.07852840858763,0.6411422313976383,1.4947927730134387
16567,18.32720111856516,0.74104902859263,0.0,0.0,0.6510041276715708
16569,19.659043720384776,0.7914268808528493,0.0,0.0,0.0
16570,20.45318412312868,0.689359404963143,24.550967394381836,0.7515602263586276,1.8848307142099447
16571,7.099897281372537,0.4344766183059674,31.11269837220809,0.2449818769465204,1.095549128177547
16572,6.50368000704872,0.36718478645183933,70.71067811865476,0.9555497043061454,1.0951310398863094
16573,6.292944747927204,0.3982816404408351,0.0,0.0,0.6861610671201581
16574,5.6245617818720115,0.3488563926378175,0.0,0.0,0.0
16581,5.536442901358236,0.47078596099985004,0.0,0.0,0.0
16582,64.6616903583567,1.237070793157771,0.0,0.0,0.0
16583,1.976472187432018,0.11852906671256479,0.0,0.0,0.0
16584,26.370765198280786,0.7888016254506687,0.0,0.0,0.6451094236459505
16586,38.07324179882019,0.6565059476033226,0.0,0.0,0.0
16587,5.252639751493944,0.3032836631997391,0.0,0.0,0.0
16589,3.892705372056351,0.27972144690762907,13.435028842544403,0.3019107605066158,1.0128808729199643
16591,30.849113079273085,1.444923329239957,0.0,0.0,0.0
16592,10.303633405789231,0.5410204040300834,25.564111749165264,1.3695059865624248,1.9843949756482069
16593,14.182367438261009,1.1602700385814844,0.7071067811865476,0.005105464124090596,0.9875706385602788
16594,3.25945180241243,0.9539507732500899,0.0,0.0,0.0
16595,3.855120161108163,0.9098323347795253,0.0,0.0,0.0
16596,9.226874245015663,0.4426243891272754,0.0,0.0,0.6925212211604852
16597,8.5364350761617,0.6636499948148812,0.0,0.0,0.0
16598,3.241180340554965,0.22345262602929783,0.0,0.0,0.0
16600,5.5733839042218545,0.4247588283776121,69.98356950027627,1.0571536178289467,1.5525285068620085
16601,7.502764551415596,0.9501049881286089,0.0,0.0,0.0
16602,12.213573094471172,0.6707196253212847,0.0,0.0,0.0
16603,5.180918068459061,0.36510293764919693,0.0,0.0,0.0
16607,29.66225808719492,1.5239995074237394,20.668631006728717,0.8020662778730546,2.152137770741194
16609,9.183289909392348,0.46138281064980685,20.409964886463342,0.5211054864628939,1.5443318458085051
16610,3.0782787398154836,0.24411409514793686,0.0,0.0,0.0
16611,5.568693144116789,0.4300481229528758,0.0,0.0,0.0
16612,5.989432807979847,0.33284152478543516,29.569128044860122,0.31909130983662,1.332368885477794
16613,7.109744882824599,0.3448040648648345,0.0,0.0,0.0
16614,10.609141841609274,0.5449291528513821,0.0,0.0,0.0
16616,13.614212709128427,0.8977839003262023,0.0,0.0,0.6802426739679679
16617,24.093609111131524,0.7933358284863855,0.0,0.0,0.0
16618,23.130917158330025,0.8387129605413535,75.91442550661897,1.0470955242292272,1.2532034801353202
16619,4.642193080151514,0.2873025203223606,0.0,0.0,0.0
16620,6.951811114938163,0.3496105276846416,0.0,0.0,0.690682308216223
16621,27.48187290155713,0.9797097828405821,17.953644012660305,0.24045058945527192,1.316019062475469
16623,22.486896184222495,0.8685552794214945,0.0,0.0,0.0
16624,18.642391426844952,1.103957447831227,0.0,0.0,0.6917855430071724
16625,4.127152498640628,0.28499011489352244,0.0,0.0,0.0
16626,23.39907111350693,0.9490910537530851,19.59889452664784,1.2154353194820366,1.9778122130320264
16627,5.033051810414412,0.31183716297487063,0.0,0.0,0.0
16628,13.431280431583216,0.7182010513906154,33.396606614045886,0.6548354238048213,1.5918228965045211
16629,7.514072021761188,1.1512235400682642,0.0,0.0,0.0
16633,8.081331704349214,0.42605612675976573,17.22498185775532,0.4024528471438159,1.7334985362978075
16634,12.18015234350996,0.5030810972537385,0.0,0.0,0.5552958553057632
16637,9.372026473589044,0.5601443317519242,37.04051835490427,0.5787580992953792,1.3770436925214504
16638,15.527057548970193,0.8684036660497871,45.600012183234234,1.2035193831352144,1.7154493772972437
16639,18.313236039676273,0.7281546882202239,103.23759005323593,1.0121332358160386,0.9029967606076534
16641,5.126717598359922,0.26620775067208596,0.0,0.0,0.0
16642,10.321043595930158,0.509807043513468,0.0,0.0,0.6875329756522941
16643,6.925101642830433,0.38353622357781725,0.0,0.0,0.0
16644,4.064032899178536,0.30220206739076166,0.0,0.0,0.39312171526896644
16647,8.01268417525037,0.524047362671705,0.0,0.0,0.674289687377851
16648,5.633301359817912,0.36824030082068504,0.0,0.0,0.0
16650,16.879446188284387,0.7814256944539666,0.0,0.0,0.0
16652,34.00587795789696,0.5923695556714661,38.02981286657438,1.0763154584879542,1.3880332226899759
16653,6.817155394490746,0.38789415188087467,0.0,0.0,0.27428992254147
16654,9.092648630256228,0.43854975348417624,49.94330118577799,0.6629641750324512,1.1309604271966567
16655,19.46435872248181,1.3388248386008643,49.474235719210455,0.7954057189583674,1.56717903804563
16656,106.30855755004573,0.899687530565668,14.247614028127847,0.5954226758023579,2.2657078333496834
16657,5.06243557473538,1.1278535159325627,59.732738092272314,0.7374412110157076,1.021541643466369
16658,23.994521398495472,1.5575800972733187,0.0,0.0,0.0
16659,1.1879393923933996,0.060733097770623704,0.0,0.0,0.0
16660,109.90782569764234,1.3872324467812702,97.20768145230772,0.9656392197249112,0.7888009092673757
16665,15.348848581498803,1.0202336575590047,0.0,0.0,0.0
16666,2.988363925564104,0.8037287411165854,0.0,0.0,0.0
16667,7.63186598247478,0.7094678355307796,0.0,0.0,0.6514799278250962
16668,7.5943929454911885,0.4952003746407921,32.33109957919774,0.6054513029812311,1.7188477229492591
16669,7.525886863209557,0.8758223672882012,38.18376618407357,1.4142135623730951,0.691274717674647
16670,5.311087097593509,0.3267643127502049,24.52232542897277,0.7276654429962246,2.0521680148545487
16671,277.77587308835876,0.9848636674585926,85.55992052357225,1.2675543781269962,0.4756508956237508
16672,44.584298151945816,0.6247876430953176,10.563647252481209,0.7870952854789921,2.1021716270603683
16674,3.137154675703586,0.9619259667061463,0.0,0.0,0.6651985271516724
16676,9.595490897118836,0.5363909063660883,80.05206639015219,0.7952192025511807,1.3647670944689114
16678,13.017784483862355,0.6822847889766733,18.275666882497067,0.7310266752998826,2.028468284590605
16679,50.891428551377885,1.1766804289335928,0.0,0.0,0.0
16680,3.5412019302930338,0.19277092707093274,0.0,0.0,0.0
16681,26.484250387818253,0.6582391049538523,26.23547217032695,0.7369514654586222,1.5850610083540573
16682,24.54310231540357,0.7162383944183921,17.114808402861737,0.37822781000799416,1.3541750486117314
16684,208.8601693426319,0.8679846494007079,20.059597812206118,1.5653443379467202,2.0458944777437265
16685,4.210928781837952,0.8051985704229985,0.0,0.0,0.0
16686,5.292758203427884,1.0109159009822002,28.09566989175853,0.5527017027886924,1.8404312608517408
16688,10.57003452338209,0.5197580543832697,12.662279942148386,0.6549455142490545,0.8595115832890751
16689,18.422917862382782,0.5667248750851305,0.0,0.0,0.0
16690,13.278520477094053,0.7063669018757365,0.0,0.0,0.6657306773681382
16692,603.5947177811726,1.4191098380435092,0.0,0.0,0.040022484208783404
16693,5.76612780947962,0.7177603546996477,0.0,0.0,0.6319479052956487
16696,60.473142799097175,0.9191844170709406,28.61817604250837,0.7734642173650911,0.6240740734978414
16697,3.2293759532793715,0.6014802218968232,0.0,0.0,0.0
16698,244.37021095051662,0.6115370644407323,0.0,0.0,0.6762740244504535
16700,7.369215008935539,0.4470985655124338,12.153999217117672,0.4131671121966347,2.4447974833595216
16701,29.59970035410554,0.7895739123411439,20.149441679609886,0.6948083337796512,2.2104875301514757
16705,40.37760931003165,0.776769667360543,23.200373056085123,1.2487452919705875,2.0935066800944324
16706,4.885485276487754,1.130920653068587,32.526911934581186,0.8559713666995049,1.0012497651232954
16708,18.10230382309676,0.744349486352455,0.0,0.0,0.0
16709,28.271109741068905,0.7371331672792706,47.64714052280577,0.9773772414934517,1.22439618541155
16710,5.476776739610649,0.8866809432483895,31.757326363813718,0.8260576221801257,1.6998939219597626
16711,67.3632701520971,0.8976166049957519,61.28621378417825,0.6964342475474802,1.580280521654521
16712,13.355495545784226,1.6376412409415486,24.128360445288813,0.9209297879881226,1.7088664246200709
16713,13.813876729987994,1.2450812103069722,19.5228803495503,0.8038833085108947,2.1745716162215007
16714,25.889524317341454,2.072891583956295,69.29646455628166,1.4142135623730951,0.06899896949690408
16715,22.93674296358962,1.444379279823024,0.0,0.0,0.0
16716,401.3538090014844,0.8907097403494993,0.0,0.0,0.47901945522257716
16717,10.539677326767555,0.5435949253382879,75.19640948875153,1.1058295513051695,1.082946156515368
16718,10.542443269992496,0.760577069578617,0.0,0.0,0.0
16719,6.399968947374917,0.7184871473857297,19.994165815724013,0.3437392403849401,1.8877639007625104
16720,5.269731770638135,0.9165341265603558,0.0,0.0,0.0
16721,5.760922280809344,0.7288067986116378,0.0,0.0,0.0
16722,19.797546798883136,0.9415825259836487,21.896969487289166,0.7616337212970145,2.2259360451566153
16723,25.218080834922347,1.8405796077427836,0.0,0.0,0.5930142246232024
16725,4.88349566652258,0.9441600031304059,8.612007121842542,0.771224518373959,1.0826898176395388
16726,6.620774072008005,0.8862702445127284,70.57560957346855,0.8477550699515742,1.2264561552774946
16727,4.537624354506298,0.7650858452726695,0.0,0.0,0.0
16728,4.916937360462674,1.2540947879094495,46.54388610046795,0.64346386314011,1.2370696081099268
16729,8.942247791852084,0.8151862924759357,5.7408966840417985,0.5918450189733814,1.9818318761811706
16730,7.774700391000826,0.8579152912248088,69.29646455628166,0.5210260492953509,1.0816456534638634
16732,12.499331426564826,0.5796791386232962,0.0,0.0,0.0
16734,10.885560341468434,0.886895971004023,43.1335136523794,1.4142135623730951,0.6914228873698571
16735,11.579504589659072,0.6291677129513614,65.08199955953003,1.0249133788902367,1.0130135853320907
16737,0.0,0.0,0.0,0.0,0.0
16738,0.0,0.0,0.0,0.0,0.0
16739,11.821792403904986,0.47579969427481367,0.0,0.0,0.0
16742,0.0,0.0,0.0,0.0,0.0
16743,9.21462017149554,0.7863814470176124,31.194016520266615,0.5741230034404898,1.7785994559230862
16744,6.1315631289059125,1.1372499748576221,11.691877522451216,0.4412029253755176,1.4926673462573494
16745,21.74888733589268,1.079236726146211,6.551081335677849,0.48081330904057606,1.9975698315645596
16746,12.595516945270525,0.8443825318732909,11.032705390578238,0.5436405554777682,2.3265361152038966
16747,9.894460128330731,0.4970544283782153,0.0,0.0,0.6820470232296254
16748,9.800124614271136,0.4460773127414132,74.96832664532403,0.9519787510517337,1.262755066992184
16750,8.250087743264102,1.2561638895550618,35.81782610191002,0.774439483284541,1.5666707255365941
16751,183.6376717052722,2.601512870388393,0.0,0.0,0.0
16752,21.528984016385394,0.933787258542017,0.0,0.0,0.0
16753,9.676220498585948,1.4692367673808604,0.0,0.0,0.0
16754,682.7823079137303,0.6819639511723234,0.0,0.0,0.0
16755,8.162620550192953,0.9270561744037747,15.556349186104045,0.15556349186104046,1.0622626814797007
16756,4.898594382379186,0.2660055429027962,0.0,0.0,0.0
16757,12.399242488382681,0.8124562147213213,0.0,0.0,0.0
16758,15.482706062345398,0.9222384073525715,0.0,0.0,0.0
16759,7.934746127581863,0.4219594289095054,16.263455967290593,1.4142135623730951,0.6913061298468106
16761,15.18204675232373,0.6233548347552539,0.0,0.0,0.0
16762,11.482716494361759,0.680681618243347,50.91168824543142,0.8211562620230874,1.060605242981599
16763,25.65242979037653,0.9642982514973608,0.0,0.0,0.0
16764,3.921023467443977,0.9889229500814317,6.780095646058172,0.6071727444231199,1.61672217979475
16765,0.0,0.0,0.0,0.0,0.0
16766,9.115253322714345,0.2705295155135194,0.0,0.0,0.0
16767,25.994782278587003,1.0340898229305655,23.735580417966986,0.8357598738720771,1.912193367950441
16768,10.533725739380193,1.189778472518836,79.90306627407988,0.716619428467084,1.0649971030500596
16769,7.265441729560633,0.7639992354752367,0.0,0.0,0.0
16770,6.558420025278144,1.2348667753088312,71.61180070351533,0.921052099080583,1.3116987933918351
16771,6.102763842339147,0.6926285621821527,83.00351398183894,1.0957559601562896,1.4877553610592262
16773,5.928234462818913,0.8982696895698568,0.0,0.0,0.0
16774,13.266060733159883,0.9625875486631914,11.50362261782493,0.31661346654564027,1.3519469617869504
16775,10.105454020849725,0.9416166774555373,24.003703417968193,0.6819233925559145,2.2596603048658426
16776,6.127271405543659,1.199321692647878,0.0,0.0,0.0
16777,3.9800631981445336,0.8791833881476769,0.0,0.0,0.5229828707097904
16778,5.219169633827461,0.33954100244465873,0.0,0.0,0.6635096576639645
16779,34.43051103881567,1.078613564226115,12.988089782199545,0.768309536411804,2.3479270251473765
16780,5.378104330192999,0.7589225047898114,0.0,0.0,0.6644288445736781
16781,5.514051235653488,0.3011690634734435,0.0,0.0,0.0
16782,11.227203863822595,0.9356413588869218,18.542334853469285,0.6393908570161823,1.928302585810077
16784,10.161364737737413,0.28330942577334794,0.0,0.0,0.0
16788,4.01064092906841,1.0404521389931103,0.0,0.0,0.69313337085006
16789,2.9904849105120066,0.18505475931386176,0.0,0.0,0.0
16790,4.910496945094187,0.29546474288231217,5.224940191045253,0.8163969048508207,0.35915209174473633
16791,4.745019067632328,0.8818816002290334,31.400636936215164,0.6280127387243033,1.695059839413867
16792,6.777813851535066,0.7368523846568291,0.0,0.0,0.0
16793,5.501602190877369,0.36099751908644157,0.0,0.0,0.0
16794,3.7424803420261528,0.8723302315982151,15.240661986205776,0.7838054735762972,1.843731330055361
16795,5.551657515148171,0.883169581565222,0.0,0.0,0.0
16796,9.269285072303797,0.5459300153833792,0.0,0.0,0.0
16800,5.593083963263088,0.7634402033934086,0.0,0.0,0.0
16801,12.930496520364478,0.606717005641496,32.07802986469088,0.8910563851303023,0.9281870789129045
16803,4.360204339713676,0.3149109363621072,0.0,0.0,0.0
16804,8.570780177621367,0.9576469034009609,174.65537495307723,1.414213562373095,0.5267009420384018
16805,4.420997343954589,0.9406581552086448,0.0,0.0,0.6908731639814065
16806,7.564062012759843,0.9720625177036069,24.440403706431148,0.54717321730816,1.349701185032285
16807,6.428016917567759,0.38398802902757684,12.727922061357855,0.1988737822087165,1.0771106657598846
16808,13.777480967803287,1.0986826928072795,0.0,0.0,0.6811537922280406
16809,5.003362049419308,0.8150312623549802,17.03672503740082,0.2875396630784949,1.551874852746927
16810,12.244121504974192,0.5933379291032269,0.0,0.0,0.0
16811,7.48846473588072,0.38327273037209164,0.0,0.0,0.6817411884912106
16812,32.94393433583502,1.0308939502190992,0.0,0.0,0.0
16813,3.9850160648991078,1.0568773483087215,9.12414379544733,0.4276942404115936,1.8859042380091326
16814,20.649016842455904,1.027835101159256,8.365813893774064,0.4849747184796559,2.3147445391383625
16816,4.981727723502271,0.3344563762002196,68.13467056743822,0.807920994870809,1.102106789523715
16817,11.508894615923712,0.6167720436014577,50.07066435120897,1.106534018811248,1.9125835115538101
16818,8.481907655598334,0.476060700105532,16.937794687883336,0.8914628783096493,1.6373153461452634
16820,7.655362213206153,0.39999079106802515,0.0,0.0,0.0
16823,7.728474129835296,0.8194709998709226,0.0,0.0,0.0
16824,7.160926068173456,0.4041856499055876,0.0,0.0,0.6926281539076666
16825,22.41156951550132,0.8095203003612541,0.0,0.0,0.6772673033334484
16826,4.447351953009723,0.28633814154584114,0.0,0.0,0.0
16828,4.369680439443731,0.2720423619887148,0.0,0.0,0.3603617836573091
16829,8.409287073879042,0.4690303103775959,0.0,0.0,0.0
16830,3.9468779376293677,0.27853761027730184,0.0,0.0,0.0
16832,15.434001106372746,0.9299925346546469,3.5355339059327378,0.21427478217774168,0.6221338769271015
16833,15.743837870650129,0.6687214805929854,132.85079349907298,1.2004589774012617,1.08887876531533
16834,6.10750589527915,0.3545207311147381,0.0,0.0,0.0
16835,3.396898094831027,0.18782958777058484,0.0,0.0,0.6885382509848291
16836,18.029640091199322,0.7874143050112857,0.0,0.0,0.6548814286254842
16837,16.5472184272533,0.8610243648641095,29.74129190947233,1.409539900922859,1.3485680966404718
16838,30.357400113755897,1.2888426642504838,0.0,0.0,0.6370386544898132
16839,58.43263511882774,0.9366489764051126,8.104899378733455,0.777504882262221,2.394930431466833
16841,14.335251143155157,0.8893311295236964,35.69733883638947,0.7197044120239813,1.5666055126009009
16842,10.432182396042109,0.5198803114647742,65.76093065034893,0.6543376184114321,1.0838455159098117
16843,18.373502461500458,0.681129431803751,16.504544828622205,0.887341119818398,2.0064144077017536
16846,6.749298145329294,0.3464085460928622,0.0,0.0,0.0
16847,3.6378415178634307,0.2256725507359448,0.0,0.0,0.0
16848,9.800368797725348,0.4875458857513853,0.0,0.0,0.0
16849,3.1688728843459235,0.20350793188381947,0.0,0.0,0.0
16850,5.999257702620895,0.3429075429433441,0.0,0.0,0.0
16851,8.670908939788566,0.5064043766849798,20.506096654409877,0.8725998576344628,0.6114939094966393
16852,10.186382385867473,0.6326508969208976,0.0,0.0,0.5266440633751954
16855,4.943347174390011,0.2860036428544768,0.0,0.0,0.6900098158175936
16856,0.0,0.0,0.0,0.0,0.0
16858,21.05358900520289,0.5603979079880457,0.0,0.0,0.0
16859,6.299761981067185,0.4380626402635611,0.0,0.0,0.6458650878323335
16861,9.24441452986613,0.3192132089042172,0.0,0.0,0.6759201930205697
16863,10.279230590781664,0.5315433479720033,0.0,0.0,0.6317957257602116
16866,18.94801116932137,1.0033124235223598,2.1213203435596424,0.22329687826943603,0.0
16869,6.203322291781127,0.961965124843091,55.949381885176656,1.1115771235465561,1.0169869931763582
16871,12.538281489304012,0.6107883698395818,47.64241807465276,0.9605326224728379,1.2756906532212193
16872,62.36540971220689,0.641977982979101,36.062445840513924,0.6740644082339051,0.9295338979839711
16873,23.42395676783507,0.9174105213677856,27.598913022073894,0.38762518289429626,1.6378803718686863
16875,7.854192602260125,0.4197838119488311,63.819406661819315,0.9419838621670747,1.2827176592854088
16877,5.739311267229538,1.0689107570274756,45.48406314303945,1.1783436047419547,1.2040537670802278
16878,4.435744958102679,1.0005439755118823,0.0,0.0,0.0
16880,7.88782159482826,0.9242648470649539,23.16031087874254,0.8907811876439438,1.5562162513626832
16881,0.0,0.0,0.0,0.0,0.0
16882,18.97854300879923,1.0496981752654442,67.17514421272202,0.5395593912668435,0.672760818391904
16883,5.859729923769215,0.8046461789586606,0.0,0.0,0.690355003082628
16884,7.139338517085353,0.43184161884473105,0.0,0.0,0.0
16885,4.025666586460748,0.8623196225584516,190.91883092036784,1.123051946590399,1.0849248768530486
16887,6.629006069651126,1.2585859225014968,0.0,0.0,0.0
16889,7.270906242679012,0.6217717083124824,31.81980515339464,0.45134475394886014,1.0599333825348674
16891,3.3738498890283384,0.8458583765255684,92.56709278499928,1.0061640520108617,1.5673343672768076
16892,5.114354022615725,0.9634300876031451,72.63378460927578,1.5963469144895777,0.9983413878607656
16893,2.5058165265331107,0.7727111881997532,0.0,0.0,0.0
16895,2.689001191586691,0.8466782979806594,0.0,0.0,0.0
16897,4.507397523231385,0.5755183530939377,0.0,0.0,0.5780752044504771
16898,3.7540044008344675,1.1952373438713542,28.284271247461902,0.1654050950143971,1.071537725019616
16899,9.451182436349502,0.9218435379878334,51.62363799656123,0.7374805428080176,1.6788535637233768
16900,7.27782190792454,0.6481134591268711,28.991378028648448,1.2885056901621532,0.42536595452242837
16902,40.91703309185758,1.0547604143476597,0.0,0.0,0.0
16903,5.7386125609152066,0.9225076456299227,0.0,0.0,0.0
16904,6.990997571820948,1.322123415735382,18.179527994291767,0.7659913480740913,2.152125184795286
16905,16.504570987671464,1.1065360912045283,74.0450313435457,1.2205224946738302,1.5942090741831956
16906,11.269135246766325,1.8076643806151893,44.93328387732194,0.8169687977694898,1.350277170674199
16907,10.01184636684409,1.5400486949457113,26.888659319497503,0.32201987208979044,1.5697392264857661
16909,16.130471347184894,0.7658081032054864,0.0,0.0,0.0
16910,2.6427176837107527,0.9572908182388659,14.45683229480096,1.2047360245667467,1.1987347921292888
16912,14.826310281869107,0.5814510241085896,34.1818665376834,1.1706118677288835,1.6789680632830384
16913,22.61163227822605,1.5946144060808216,0.0,0.0,0.0
16914,9.197461057293298,1.6765975255547603,0.0,0.0,0.0
16915,20.2710186625894,1.858589730677512,24.26520142096496,0.44441760844258166,1.6932748146729044
16916,3.4475158373292314,0.855507522191511,0.0,0.0,0.6434810326504905
16917,37.558641408395545,0.8633729379739474,0.0,0.0,0.0
16918,6.406334584615399,0.7672113422566673,62.82276657391013,1.1808790709381602,1.3828774078368735
16919,8.29954427845941,1.0452544740149925,32.15258759243009,1.5532651010835792,1.4962460644260616
16921,2.3965720516750704,0.8468951239796468,0.0,0.0,0.0
16923,13.055322602991337,1.21049239531517,12.927272685488122,0.6823780303190211,2.192874924022976
16924,9.399977574516363,0.9214031752995078,16.97056274847714,0.5474375080153916,1.0931001632294328
16926,9.16123657016374,0.5570350140381861,0.0,0.0,0.0
16927,88.0855176329609,0.9732310207122097,53.033008588991066,0.43292251909380464,1.0709073207570854
16928,13.712130126490752,1.0064037071346281,13.751212067789998,0.771997870472421,1.91761306076606
16929,6.436505557643438,0.3825959193281905,18.392027258208014,0.7456227266841087,1.4611518115844684
16930,9.215928257522341,1.3077391299598118,29.698484809834994,1.414213562373095,0.6892279499372338
16931,3.8207678298585948,0.7451966915597035,9.459609427789067,0.5344412106095519,2.446561869044948
16932,2.42834350475138,0.7947524129419733,0.0,0.0,0.0
16933,12.273643229659402,0.9588273034195866,0.0,0.0,0.6726050125484819
16934,9.045636695727651,0.5897694626682451,0.0,0.0,0.0
16936,4.855319538356757,1.0535755051253812,0.0,0.0,0.0
16938,53.50874722486678,4.712652512148493,88.55130339714562,0.891456074467909,0.6720508854984127
16940,6.681214077936733,0.6681476955718597,2.1213203435596424,0.017901437498393607,1.0811931660818275
16942,5.82682191550223,0.8525176941752933,31.83888009516487,1.201467173402448,1.5827548668215543
16943,13.81855001876869,0.5583389254947985,5.656854249492381,0.10673309904702605,0.9972695586760387
16945,6.972637097377269,0.3995366786898953,17.4928556845359,0.9541557646110492,2.2382555549907823
16947,5.465340315287307,0.28235619617455576,0.0,0.0,0.0
16948,15.68907380446995,0.6852383850970738,42.42640687119285,0.4561979233461597,1.0201622684957712
16949,43.55813769702245,2.0318348883370887,47.803765542057455,0.7685492852420812,1.6152098622035542
16950,29.837142494575108,1.0632975705709973,123.74368670764582,0.8009300110527238,0.9895328108326814
16951,7.25933102347212,0.488595161822424,116.67261889578035,1.3807410520210692,0.4641554633369384
16952,8.54923229984229,0.8161071344041323,0.0,0.0,0.0
16953,0.0,0.0,0.0,0.0,0.0
16954,35.49224327616224,0.9191882982488735,46.213595711342656,1.0414331427908203,1.7329713099154964
16955,9.649975699451268,0.46513080086814684,78.05340052382941,1.2521935912913809,1.0964326036967391
16956,12.119123661937497,0.6280559000809741,0.0,0.0,0.0
16957,17.91356283192524,0.6879248399356851,0.0,0.0,0.5887820224412189
16959,9.243813890277934,0.5513992094754626,0.0,0.0,0.0
16960,4.13133718194135,0.8229268422760603,120.20815280171308,1.1340391773746517,1.0894319357981062
16961,3.752118595679507,0.22432275842128832,0.0,0.0,0.0
16963,1.9685926807892862,0.12465082555879695,0.0,0.0,0.0
16965,8.33288714395234,1.0768679643260641,0.0,0.0,0.0
16966,61.485139851992265,0.7988899687029443,44.22405077179913,1.1587087538462655,1.5535033755098122
16967,6.26828069386996,0.41261956796210003,0.0,0.0,0.0
16968,5.541722879494994,0.39094601930761397,0.0,0.0,0.6814115940315912
16969,7.376782317754184,0.47635315777075343,26.16295090390226,0.34652915104506304,0.9129357851711539
16971,19.17886203356286,2.2013195133845005,0.0,0.0,0.0
16976,69.91871852372581,0.5559694539100336,0.0,0.0,0.0
16978,4.622866958974471,0.5236018104725245,0.0,0.0,0.0
16979,22.639495459210202,1.0879671144004903,61.75516172758355,1.0610852530512636,1.4997249445821281
16980,25.70957388992884,2.0730452736188636,0.0,0.0,0.6277970606656371
16982,4.304214083251305,0.24655707397679716,0.0,0.0,0.0
16983,12.612057331072716,0.9665162381870612,27.94279871451677,0.4736067578731656,1.643045103131545
16984,12.9453240704546,1.1757052889586892,0.0,0.0,0.5930464465082698
16985,36.510610009274004,0.8018259483892888,29.53858117408109,0.7865302679489048,1.8673379352075499
16986,1009.6534851125905,1.616997894158537,0.0,0.0,0.0
16987,18.879158016842357,1.498668585072868,42.25951569370698,1.2677854708112093,1.2480135457488544
16988,7.996534070636924,0.4438291983385543,0.0,0.0,0.0
16989,47.80505453021012,0.5062083868189027,20.4132310034448,0.7238734398384681,0.8800746672835464
16990,0.0,0.0,0.0,0.0,0.0
16992,5.98522146374547,0.34480712882180536,32.4794807019242,0.47940192917969304,1.319207334130963
16996,19.242897340266826,0.4886799923058097,51.15368999397795,0.7967864485043293,1.5458783482977494
16997,34.28291384666977,0.5860327153276884,3.5355339059327378,0.19110994086122907,0.6869615765973234
16998,86.43026090438465,1.171935741076402,49.56813492557492,0.9719242142269592,0.7285666565424126
16999,34.68812947511315,1.6456148218464635,0.0,0.0,0.6930476547864364
17001,11.483723419319565,0.486455747828715,11.633763124820984,0.32956836047651517,2.3886519221349785
17002,18.257143122624633,0.5989034249888581,39.59797974644666,0.3882154877102614,1.0982488334175218
17004,44.9603997780598,1.400100209658323,0.0,0.0,0.6001032755171954
17006,14.208804323235054,0.799697344805882,18.193405398660254,0.7910176260287066,1.097072536000286
17007,10.978682956050426,0.6415015941867586,60.53924347066125,0.9924466142731352,1.326896079782638
17010,8.527855533485544,0.4801720458043662,0.0,0.0,0.0
17011,5.983047479575701,0.33128723585690484,0.0,0.0,0.0
17014,10.640131871289482,1.3428781718066987,7.7781745930520225,0.2729184067737552,1.0893720580740602
17015,7.313073673673719,0.8612674687321971,50.91168824543142,0.6527139518645054,0.961902653807096
17017,24.02678672245124,0.6964077741012705,25.267226767851106,1.3225270209068072,2.1031674516616583
17018,21.232065961653376,0.3692131892038409,0.0,0.0,0.6859706301739819
17019,5.7375275351600585,1.0549826287923667,115.07533764162213,0.9724676420418772,1.3765325048230024
17022,5.191370128349915,0.5118252239218226,0.0,0.0,0.0
17024,7.32512798523002,0.22926848154084573,3.5355339059327378,0.0637033136204097,1.0811294438211416
17025,28.005741276467663,0.7045075648830504,220.61731573020282,1.414213562373095,0.6881239389649249
17026,55.32806001478816,1.429388620158578,0.0,0.0,0.5193459748981845
17027,5.4580991914425425,0.9379968058618079,51.72233560078276,1.0958121949318382,1.4391476243597836
17029,0.0,0.0,0.0,0.0,0.6931471805599453
17030,7.166989351438745,0.5367800290449118,0.0,0.0,0.0
17031,10.924305925627952,0.6318778240142368,0.0,0.0,0.6753474632470311
17033,52.213331767717285,1.419198642413734,12.727922061357855,0.09358766221586658,1.0858717138221883
17034,18.403631563162847,0.7405689275873021,101.82337649086284,0.7542472332656507,1.0199253525533676
17035,6.343387372673085,0.4096944765871944,0.0,0.0,0.6735762116783518
17037,5.3271032745102,0.315257981873769,0.0,0.0,0.0
17038,2.6572289703497143,0.5200981970435383,0.0,0.0,0.0
17040,46.29976831166961,1.5442521616859983,0.0,0.0,0.0
17041,7.198381490790587,0.4658845052611862,119.50104602052653,0.7177240001232824,1.084404355110999
17042,7.666506806542967,0.7193910904471654,38.957241517677645,0.6439213473996305,1.576122543016464
17043,19.394643730572565,1.1400855591456802,54.1510233821424,0.7002287506311518,1.1715598405545733
17044,55.496525296634566,0.3510660760161599,0.0,0.0,0.0
17045,14.431529935424598,0.9353454471463032,33.94112549695428,0.5065839626411086,0.939801676296582
17046,27.279709044290147,0.9347895688208828,0.0,0.0,0.0
17047,5.494198907449147,0.32439179669742435,84.14570696119915,1.414213562373095,0.6263081145798619
17048,11.203740975646971,0.5206255600073699,82.02438661763951,0.7738149680909387,0.9954161145432043
17049,16.24666296677868,0.9128016041462372,19.68864792571743,0.5833673459471831,2.00297448908493
17050,9.359475283201167,0.9159927991140995,35.32279717123206,0.8786765465480612,1.589765510246785
17051,4.3404827979337,0.7552025585139965,0.0,0.0,0.0
17052,5.994983636205819,1.3330235517363995,0.0,0.0,0.0
17053,16.529364081024923,0.43107393085645157,0.0,0.0,0.0
17054,8.673253077932424,0.5307557935520052,44.402514943788184,0.8260933012797802,1.2669788178781063
17058,8.679344129375735,0.45607585115671423,54.44722215136416,0.6935951866415816,1.033025622252466
17059,5.81567911101015,0.9695804969503584,18.627936010197157,0.22044894686623853,1.5574601335745353
17060,59.477546351543445,1.269585603473861,0.0,0.0,0.0
17061,63.89261749818137,1.2089241360414116,13.729125568982495,0.8915016603235386,1.588416477184634
17062,5.751783630104338,0.7478590079449146,22.538855339169288,1.2521586299538494,0.48716345396404365
17063,7.6206217893867745,0.40681146199006823,57.12355030983281,1.2836752878614115,1.3810972923186597
17064,10.539122654159014,0.7603719143048336,14.849242404917497,0.11123028018664792,1.0271452218999577
17068,8.7550076729892,0.5692887897131466,8.946625356141716,0.5141738710426275,2.3284058903214446
17069,9.982373882427607,0.5268035078374534,39.90323116168485,0.9361461856113747,1.5987397141122766
17070,4.8774842164527845,1.0000608376144622,0.0,0.0,0.0
17071,11.01845433465939,0.6350615706073266,20.332503886283025,0.5872203288457192,2.057684983410244
17073,6.503015383584061,0.7824718217701712,4.163331998932266,0.1372527032615033,1.3698519581519397
17075,9.364262782734949,0.8644418480201783,117.6194428371999,1.1840883507100661,1.2869549477858482
17076,24.242211587779416,0.7205679479888778,103.94469683442249,0.6357473812502904,0.9456063598376258
17078,17.697888523805833,1.310261445443055,0.0,0.0,0.0
17079,0.0,0.0,0.0,0.0,0.0
17080,23.181194194555946,0.64477280285254,0.0,0.0,0.5785789098724672
17081,3.5627265731347726,0.7858233411932225,0.0,0.0,0.6667621275070736
17082,28.960048428826916,1.1706285015020985,0.0,0.0,0.6252444172157858
17083,22.510559208230916,0.8326687524562931,125.86500705120545,1.2975773922804685,0.6034735878687844
17084,11.133439209585706,0.6114474623113432,0.0,0.0,0.0
17085,6.470860989175549,0.7723811987207273,49.88236161209692,0.8418963985164037,1.2621831500744767
17086,27.4117883208551,1.283623897019672,4.898979485566356,0.44536177141512323,1.0554834694539539
17088,5.921995628137497,0.3420522735876827,33.24655370611116,0.4452663442782744,1.2217205696184636
17090,36.138498295272015,1.1138850718472255,40.345590424068234,0.6976182782259637,1.5320697444936036
17091,7.442866251203691,0.3791666455014734,34.05012062072195,0.7504158814484176,1.9142617896859953
17092,9.882770349484254,0.6948814215963346,65.53116307020144,0.8698826956221432,1.2350274197855011
17094,19.028093747098044,0.8820970611237503,0.0,0.0,0.0
17095,14.130745738294415,0.7896894519044425,170.41273426595797,1.0959018280769002,0.9571648456917488
17096,10.196185750386416,0.47882061579109114,38.07011076071796,0.46807513230390935,1.3399600541738612
17097,4.626575138585427,1.0228278475320352,76.31482412318319,1.4797888334135245,1.5245979057905146
17100,4.540519825797652,0.3037168261848307,0.0,0.0,0.0
17101,36.516195208228936,0.9457062511920081,61.2072980398035,1.1061559886711474,1.002879161347048
17102,0.0,0.0,0.0,0.0,0.0
17105,4.124410291143195,0.5575369133991522,0.0,0.0,0.692325862575671
17107,36.41765440072188,1.4074872233005757,30.737599125501003,0.6350743620971282,1.602533680341574
17109,8.550158038914923,1.130308788928236,82.21435397787906,2.04513318352933,0.9639673988303783
17110,7.60994664099479,0.559212245510946,0.0,0.0,0.0
17111,5.390098297357147,0.6504281763433265,0.0,0.0,0.0
17114,4.460699124903476,0.7005871594355092,26.88777381919859,0.5773448366085587,2.0116247488641825
17115,14.034248671107516,0.6535351619978426,87.68124086713189,0.7828682220279634,1.0886777772875063
17117,4.861376976856568,0.37652661610765153,0.0,0.0,0.0
17118,6.476668896894451,0.41247413685482426,0.0,0.0,0.0
17119,5.99062428530876,0.34547437014682014,0.0,0.0,0.32133428229486205
17120,3.730700752482724,0.21841089424539464,0.0,0.0,0.0
17122,5.037975783983088,0.25495828866311177,0.0,0.0,0.0
17123,18.387359788724424,0.4792535131726609,0.0,0.0,0.0
17124,7.593073025047874,0.8129356512480578,0.0,0.0,0.0
17125,6.621204742612159,1.0211998831867606,0.0,0.0,0.0
17126,3.8827847017819623,1.0047514530612691,69.6491205974634,1.3266499161421599,1.040411818730941
17128,7.111962256849873,0.6338243783557084,0.0,0.0,0.0
17131,15.07564725317361,0.820136950322253,13.149778198382917,0.7623059825149517,1.1906986604202838
17133,161.46231911595345,0.8911015436958821,36.83295625749672,0.8911199094555657,1.4812738559533334
17134,7.134753684951397,0.40290373750313774,0.0,0.0,0.5298699094982009
17135,17.302986066282163,0.7894459875994073,92.35150242416199,1.5652797021044405,1.3378199062604765
17138,3.709327744867064,0.23396548193642455,0.0,0.0,0.0
17139,17.12569014341486,0.7673152653147363,18.35409292971808,0.747759341581107,2.004053871895354
17140,43.17676682759156,1.8557881383818258,0.0,0.0,0.0
17142,46.343018429347666,1.2005963323665199,0.0,0.0,0.0
17144,17.38363165742601,0.8474911073427471,0.0,0.0,0.6708345799058157
17146,26.171901758960356,1.2217137847950232,43.840620433565945,0.34794143201242816,1.0800895841363152
17147,16.544429349481955,0.781585555326952,34.39476704383968,0.35827882337333,1.3699472853149763
17148,4.187944337951232,0.3018217412040446,0.0,0.0,0.0
17152,189.48459214231815,1.570159390347709,48.08326112068523,1.414213562373095,0.48181182427205194
17153,4.696928620017389,0.3075919201059194,0.0,0.0,0.0
17154,6.322728059831221,0.4415581021926219,0.0,0.0,0.0
17155,19.882093371727866,1.579824662036382,0.0,0.0,0.6835032385340734
17157,19.630181628533926,0.7999760538274013,0.0,0.0,0.6930716762569376
17158,8.54484817319947,0.45186928467474724,51.61879502661797,0.31571128456647074,1.0605734144457835
17159,6.68784009739444,0.43893731144523185,30.405591591021544,0.40812874618820866,1.0835486640996208
17160,5.794832687559663,0.37720448246636973,28.29840984931839,0.6802502367624612,1.3396345541163939
17162,5.63700464093139,0.34174418678189206,35.71453174518431,1.1731050573235722,1.7514109544113339
17163,29.210135227348744,0.49829640442423645,0.0,0.0,0.6802897976169365
17164,6.506924522346215,0.37975849847725496,31.740615410963077,0.8001835817889852,1.551626999815991
17165,2.6211142668720115,0.16518239645021499,0.0,0.0,0.0
17166,12.872979100002102,0.7486466472813086,0.0,0.0,0.6648668993440247
17169,4.808587909141736,0.3106843273273514,0.0,0.0,0.6585990110612903
17171,9.06409452639001,0.6448157592914506,0.0,0.0,0.0
17172,12.67876334663598,0.5985065779189945,0.0,0.0,0.0
17173,21.862159716487763,0.4991625698555588,20.05587433242678,1.1321864542498987,1.523539938808163
17174,5.225179422756696,0.3489268395830849,0.0,0.0,0.0
17175,15.52180066398659,0.6773430873879817,39.551653989856526,0.4746198478782783,1.3567119105976464
17176,17.401567608640757,0.8526557806474745,0.0,0.0,0.0
17179,9.804552771415347,1.1019601591947452,53.033008588991066,0.5795957222840553,1.097752378409683
17180,7.219564608313453,1.1608912602089394,92.58509599282165,1.076570883637461,1.088939015795535
17181,21.672137391831818,2.0776057019511995,0.0,0.0,0.648543971575
17183,41.30307290726627,0.9007604082772248,18.096961070853855,0.9524716353080976,1.2905786917155742
17186,0.0,0.0,0.0,0.0,0.0
17187,12.152193446269505,0.5958417968261587,0.0,0.0,0.0
17188,33.71844329232811,1.1447396711524642,66.08908129688797,1.136201970720137,1.3380768850907159
17189,6.896191021215472,1.0943487312542763,0.0,0.0,0.6764545710202277
17190,44.166006641874,1.8868420339875118,0.0,0.0,0.685553207327259
17191,8.50959943724859,0.9626013978263478,44.80476165171138,0.7953507985510896,1.5879059800089097
17193,33.86035082011541,0.6376338646758625,34.15064665078345,1.4635991421764336,1.0310981524913823
17194,17.327652037225143,1.9134182814695344,0.0,0.0,0.16178652614724076
17197,26.552396007589266,0.7601301904424326,0.0,0.0,0.0
17198,9.321285749633244,1.2927153678957433,237.58787847867995,1.3733403380270517,0.5583406110095954
17201,14.223372943314656,1.6604935870548005,0.0,0.0,0.0
17203,38.13131477264479,1.6263198073549696,7.05691150575094,1.5341111969023784,0.5932398314446856
17204,20.154001710886252,0.7342499472826332,33.06055050963308,1.1400189830907959,1.0278086606269856
17205,18.51897433057269,0.6268138572626666,0.0,0.0,0.0
17206,9.70626896097863,0.33266687586589505,0.0,0.0,0.0
17211,7.661236031838796,0.6976121398563735,46.643531680384655,0.96030800518439,1.6516509988133925
17212,46.865132294702846,0.8263633642442645,0.0,0.0,0.0
17213,5.943606628144437,0.3355156677508428,68.71681017043792,1.2725335216747764,1.3126963283314323
17214,9.625697528132857,0.9273485159735897,59.533184023702276,1.0056281085084844,1.586149764919184
17217,20.432905106986407,1.6202303609064113,0.0,0.0,0.0
17218,6.380779753553789,0.8916794098462494,48.00376142669563,1.2034369159895841,1.6236138665044348
17219,3.1973516645290463,0.6997618104983467,0.0,0.0,0.0
17220,5.383949641183464,0.7945671009578973,21.23736426738594,0.8241365238090066,2.1851792415380418
17221,10.560243830972146,1.9851859318808978,0.0,0.0,0.6708094381000992
17222,11.600283857820488,0.9171479543102461,0.0,0.0,0.0
17223,12.231514113142332,1.4043070164342515,0.0,0.0,0.6221501431668837
17226,25.481036655670405,1.3598865784875815,0.0,0.0,0.0
17227,34.94462867280866,1.748496303306655,43.02673587433748,0.6182002280795615,1.7461135780875225
17228,6.550087784075646,0.7147712117936375,45.48573821487765,0.9019834773488485,1.7193610486958346
17229,7.086697561712003,1.0449077217984193,0.0,0.0,0.6930922842378541
17230,43.6590399265267,0.8279643456703183,21.321797476269385,1.5877934290838904,0.6833629378874221
17231,5.027934030335378,0.8569118143134401,17.17394667641787,0.449318372348142,2.0714798903523053
17232,8.696425136728893,0.742719930067945,0.0,0.0,0.6930639000282922
17233,7.087515502628547,0.9282684805412492,0.0,0.0,0.0
17234,8.78977781039111,0.8209813152676999,0.0,0.0,0.0
17235,20.25760750490196,1.0680118853255223,0.0,0.0,0.6632910183935539
17236,9.824220572314118,1.1259790205461915,56.62861467491501,0.8159742748546831,1.7583730898606007
17237,20.465086758266914,1.2356180635135257,0.0,0.0,0.0
17238,5.499909475672797,0.8313056662787719,17.68603498055269,0.7838685863956871,2.212641989940715
17239,16.23953509186763,0.6368445134065738,0.0,0.0,0.0
17242,17.18384763337884,0.6055768125662123,0.0,0.0,0.6615452334777729
17243,26.86324901428313,1.2383871572878697,11.679326464598319,0.8133235699581002,2.244137912639688
17244,32.691776579347575,1.061310162278537,0.0,0.0,0.0
17245,7.198437330421097,0.3778707260063568,0.0,0.0,0.0
17247,5.365418369157645,1.045742266925371,0.0,0.0,0.0
17248,7.162895051288377,1.551042706853595,0.0,0.0,0.0
17250,8.317515910854532,1.232961632473495,0.0,0.0,0.6812402768691238
17251,4.332513848600267,0.596470065290209,0.0,0.0,0.0
17252,3.0798366989969845,0.7572084802259018,0.0,0.0,0.14713938965179565
17253,4.937136583796201,0.49853280886531826,0.0,0.0,0.0
17254,2.841762395682213,1.1682476446792243,0.0,0.0,0.6614975778672896
17255,3.7549612269880788,0.9814918256930737,0.0,0.0,0.6625080329402575
17256,23.111555551282137,1.5407703700854758,0.0,0.0,0.6909785986346907
17259,4.92000016724449,1.0111209054780925,0.0,0.0,0.65760409299113
17262,121.72664437794694,1.1654430750425762,77.38378383098102,0.9889301448048692,1.2316535611519632
17263,1.8700356150568438,0.6779763421549087,0.0,0.0,0.0
17265,3.709289323319157,0.8368799858971984,0.0,0.0,0.6250919278305378
17266,3.3025269956447025,0.8505091412940259,101.82337649086284,1.414213562373095,0.6556616993157751
17267,11.01961777095391,1.3183850994781456,0.0,0.0,0.0
17268,104.56173959277201,0.8215526132164791,46.090490703976386,1.0167020008230085,0.8194272143233203
17272,17.67160540821837,0.9376035038777706,75.03554713156514,1.0232120063395247,1.0968938172024325
17274,5.333642565821505,1.2860184789889324,0.0,0.0,0.0
17277,11.93004579311186,0.7726786124041097,0.0,0.0,0.6320069653672875
17278,8.768160310925847,0.5345570015602653,0.0,0.0,0.0
17279,26.1326562943762,1.2521636940285674,0.0,0.0,0.0
17282,44.88672173805283,2.4770030957766864,57.982756057296896,0.6902709054440107,1.022431400503291
17284,5.456245745817502,0.9640826814911899,31.901410627118043,0.5821425296919351,1.4548521697964731
17286,3.241695653060402,0.9477410628100189,0.0,0.0,0.0
17287,9.178108989599504,1.069518672609353,35.81991997013208,0.6247660459906758,1.7762782020187484
17288,12.05714043071977,1.205943342158162,68.41539787698868,1.186394182837954,1.392184228145469
17289,12.437301534145961,1.4618020460289511,102.5304832720494,1.3949725615244815,0.4671381958462994
17290,5.284667121138885,1.0262661761407477,0.0,0.0,0.6326593307457911
17291,0.0,0.0,0.0,0.0,0.0
17293,13.945266994695526,1.0040003222658385,46.20064934608604,1.0560148421962523,2.0323350821547352
17295,6.4239425672570345,0.7958560681223364,24.748737341529164,1.4142135623730951,0.6931421306358361
17297,2.5328608950602653,0.9802390776147635,0.0,0.0,0.0
17298,17.440858212038012,1.049768762010233,0.0,0.0,0.0
17299,11.295614362311381,0.9622483876369337,37.322915213043046,0.7042059474159066,1.2687610334042727
17301,2.709168551866835,0.9047468725558423,0.0,0.0,0.0
17302,14.714734188544917,1.0236291757835283,37.16068711241312,0.5143347697219809,1.2605051814132946
17303,4.045409383823667,0.8574895910360517,0.0,0.0,0.0
17306,71.67516742618113,0.5480698816434533,13.971142059886027,0.7506882300834283,2.217006304155948
17309,3.87600182553042,0.5620788145784296,0.0,0.0,0.0
17311,21.06399915185529,0.8365671035505946,0.0,0.0,0.6737425934594572
17312,85.21574365710228,1.8516535949083224,8.48528137423857,0.8485281374238569,0.0
17313,63.955690979737305,0.6590992011102932,0.0,0.0,0.0
17314,11.842505808676554,0.6136935745342529,37.35352345208835,0.9206854371993609,1.8473596380748414
17315,20.281803164331727,1.524618006364789,6.39948853061348,0.7005357267239608,2.4519373151961634
17317,204.6930560619974,0.7084602415676321,21.213203435596427,1.0101525445522108,0.5270662008228734
17320,11.628478079065724,0.7070337823556144,2.8284271247461903,0.02126636935899391,1.0787374593679677
17321,7.763100855769141,1.1851893267803815,0.0,0.0,0.2238088212453127
17323,3.211510998262313,0.6973435240019354,24.733917333626447,0.5396491054609407,1.7645704883847646
17324,31.038361597433926,1.5672299161525063,169.00986164521092,1.461180360045051,0.9381872967468502
17325,3.4644864939362474,0.21474089838447816,0.0,0.0,0.0
17329,16.10725350085821,1.016113944540003,0.0,0.0,0.6907256002000804
17330,21.53859326882793,0.35512932017853144,0.0,0.0,0.5852898907204144
17331,0.0,0.0,0.0,0.0,0.0
17333,9.9163647212935,0.5617768582624542,0.0,0.0,0.0
17334,18.252919467605974,0.6539707971587053,0.0,0.0,0.0
17337,4.516596797335172,1.2094029996760138,11.547005383792515,0.22064341497692702,1.0951704453650868
17338,6.9744036004722885,0.790454732538668,23.03206874069697,0.4714166116516924,2.0031552751422095
17339,22.97435962110805,0.8496434771119841,0.0,0.0,0.5585112212430583
17340,25.578436166331997,0.8427247736997288,34.14088458139302,1.0221821730955993,1.6202062869944562
17341,6.414963570999148,1.5024295247937494,147.78531726798843,1.4142135623730951,0.642800086797366
17343,9.636694499793636,0.8460225495584167,0.0,0.0,0.0
17344,5.625475311459354,1.1211011394824646,0.0,0.0,0.0
17345,6.924445680473134,1.1202937743168868,53.724606404638585,0.890463089579645,1.0553061311631298
17346,5.976819975508656,1.116511487788179,24.414574101782495,0.9364494176026162,2.0081911334490687
17347,0.0,0.0,0.0,0.0,0.0
17348,5.755465672144907,1.0671873874630493,104.34717693034793,1.4801018004304671,0.9989418139612068
17349,12.013987796638457,0.976306006047369,0.0,0.0,0.0
17350,17.56060796534892,0.9694675760571146,20.074859899884732,1.4339185642774808,0.6167782792234123
17351,27.646901084952358,1.271338379108769,19.79898987322333,0.16778804977307907,1.088113903007478
17353,0.0,0.0,0.0,0.0,0.6931471805599453
17354,69.00435724165057,0.7925500092360768,0.0,0.0,0.0
17356,8.282790055960074,0.8830266584179183,0.0,0.0,0.0
17357,14.945527242136846,1.7327477866134848,0.0,0.0,0.0
17358,4.8765672239929945,0.7864356053453236,0.0,0.0,0.6310769226685157
17359,9.331778884160142,1.0947652374659953,0.0,0.0,0.0
17360,3.9440401098857616,0.8887370807028467,117.37972567696688,1.414213562373095,0.684682744680487
17361,11.847656364448172,0.7037731146435826,22.627416997969522,0.18700344626421092,0.9367317921622156
17362,7.438521109906256,0.8338347975746052,0.0,0.0,0.6923798459821043
17364,10.162038351033058,0.9320307959677108,33.6986646619714,1.0337013699991227,1.8478096130637647
17365,8.82562234543378,0.860218607632313,28.721155302403172,0.6342210950057483,1.891972461321433
17367,4.465538434678002,0.9015932706594539,0.0,0.0,0.0
17368,39.11950264875139,2.270263450575062,37.04437493447168,0.8337962203900379,1.29727170682519
17370,5.09686542113995,0.37697018893186235,39.0,1.21875,0.5602449521286141
17371,7.499046094554591,1.5391186633943934,242.5376259469858,1.4142135623730951,0.5396617306790925
17372,4.63159854328825,0.8727280003067949,36.331148907685,0.7972352424883856,1.5703511265134655
17373,8.080599655314803,0.7119801217352126,77.48763342194245,0.8577966799477024,1.370248232485824
17374,5.553556977813418,0.3136526925364095,0.0,0.0,0.6674678738413529
17375,4.109335596563427,0.7086832196022905,44.54772721475249,0.553387915711211,1.0733011402442854
17376,4.636543565187764,0.5476232557308383,0.0,0.0,0.6922720211352414
17377,13.306493062042302,1.3563088526315272,21.642226431499154,1.2058718539544984,1.9292136587727797
17379,4.983323971789979,1.022131887655237,0.0,0.0,0.0
17381,180.69666765869303,0.9714103188410873,12.56812125807481,0.9997369182559508,2.3257550390034303
17382,25.031580054003786,0.7654917447707579,0.0,0.0,0.0
17383,3.9525928645562747,1.0115020126066034,0.0,0.0,0.0
17384,53.12512166932846,2.3688371731270124,0.0,0.0,0.6293140959986046
17385,4.533361267848489,0.8160085005893263,0.0,0.0,0.0
17386,156.34576639056772,1.6295595844789332,39.40431448458405,1.262958797582822,1.2375164058865626
17387,8.782879992862874,0.8736843548013725,0.0,0.0,0.0
17388,142.26548569822683,1.6942283698064424,14.22439219556791,0.20515950282069104,1.3526884881113805
17389,173.908566169417,1.1636268440873259,9.513447420266843,0.9966468725993836,1.8106136184653947
17391,58.75116339273632,0.3464101615137755,0.0,0.0,0.0
17392,7.284604835523359,0.9863193636357542,0.0,0.0,0.6251603178844299
17394,70.36217893868836,1.3805303171371632,0.0,0.0,0.0
17396,243.73034924076575,0.8976809392563806,82.99368880193471,1.7498669325709124,0.8312997351406924
17397,7.933330502350937,1.0480412490002817,0.0,0.0,0.0
17398,8.113940833304905,0.47189958625238976,36.062445840513924,0.51888411281315,1.038584414804122
17400,8.214042564266766,0.8214196821484071,44.282238726905696,0.7872397995894346,1.298693417286216
17402,64.55136884719607,1.4459937969074048,26.834368510053174,0.8969705351549807,2.0707893682713925
17403,7.731289082113806,0.9059460965476728,0.0,0.0,0.0
17404,142.8036242570854,0.8861778642592057,19.708870095456014,0.7928855785528282,2.0852102313366085
17405,8.139991374407536,0.6471522408173451,4.242640687119285,0.05733298225836871,1.0002517399820314
17406,39.634488459452555,2.0353828795948674,23.33452377915607,1.4142135623730951,0.6261705921295567
17408,5.055813485483814,0.30969761013683395,0.0,0.0,0.0
17409,39.13133130553559,0.659075347505296,0.0,0.0,0.6394075269954715
17410,10.461742396381874,0.5511982295248616,47.14781719938545,0.9573160852667096,1.297312781294726
17411,9.545889576402928,0.502453940781729,86.2670273047588,0.6957018331028936,1.0889352085540962
17412,7.501900526876608,0.3935626558143937,49.71116574774725,0.8149371434056927,1.6770238069488193
17414,152.52507553404675,1.176285929568484,0.0,0.0,0.5409173930437956
17415,42.50745757453096,1.1718344479431189,0.0,0.0,0.0
17416,26.796062837432615,1.0456552630290006,27.10473513367483,0.6505136432081959,1.709952481025306
17418,8.125170229870129,0.5259463748675265,0.0,0.0,0.6540910492970404
17419,10.934805390788023,0.532954596872247,32.25974130539346,1.0109890437587694,1.9847383040557591
17420,5.365604603268927,0.2688043987409912,57.982756057296896,0.3601413419707882,1.0616155718876057
17422,10.800051834535202,0.6383880045876308,18.87591057406238,0.3407204074740502,1.782935224268714
17423,25.352882916028427,0.9438223333238915,0.0,0.0,0.651383577663821
17425,9.428552979947723,0.5340408316157804,0.0,0.0,0.3082142047293585
17426,16.093826563764583,0.8658332106701265,50.683330593006616,0.9282661280770442,1.3122232422239226
17427,28.84995667241114,0.5724197752462528,0.0,0.0,0.0
17428,55.11506386191242,1.0475689912531705,10.784604411275005,0.8088453308456254,2.3726381762699438
17429,7.029301435951007,0.5222562600055042,16.263455967290593,0.36547092061327174,1.0928382178617264
17430,8.27028734369325,0.4356713681957612,0.0,0.0,0.6814552771868607
17431,8.21637876843839,0.8760334417129948,0.0,0.0,0.0
17432,7.420088030675831,0.973764833422025,0.0,0.0,0.0
17433,2.9655560543329202,0.5282360038724689,0.0,0.0,0.0
17434,12.168506605245677,0.6869012330770322,10.726913193769523,0.8045184895327142,1.21353626517055
17436,10.93503543661382,0.45499453966493003,0.0,0.0,0.6844413483862446
17438,8.582048852109851,0.37558200665688624,0.0,0.0,0.0
17440,37.60304881256306,1.0085572581419122,63.63961030678928,1.4142135623730951,0.6352424884561059
17442,6.002087597027225,0.36035588358712933,16.015617378046965,0.3203123475609393,1.765612794281661
17443,0.0,0.0,0.0,0.0,0.0
17444,47.08854353326321,2.1621996221107653,12.020815280171307,0.9616652224137046,0.6723783375146326
17446,0.7000000000000003,0.05210918114143923,0.0,0.0,0.6851181076166752
17447,7.787466624555861,0.517697631680629,0.0,0.0,0.620826776103615
17449,6.069630598906197,0.6669500392314592,46.216880033165374,0.7833369497146674,1.7035481968239772
17450,819.5070140804442,1.4195463495425007,11.796806621482206,1.529845239097116,1.9572212943676344
17451,7.543136287414211,0.4381977627172191,15.594870951694341,0.9173453500996671,1.5743603526627297
17453,18.632280844643912,0.727344954076747,0.0,0.0,0.6085912736223593
17454,7.946580475703407,0.9366440767064863,12.662279942148388,0.2288363844966576,1.3704536839773653
17455,2.2990292982660563,0.1396525010336253,0.0,0.0,0.0
17456,7.008098466606122,0.4768177136488596,0.0,0.0,0.0
17457,98.41166324165192,1.0760324576114326,19.98958061924595,0.3789493956255156,1.6066849989696013
17458,4.214459237751231,0.7190546566779352,0.0,0.0,0.0
17459,6.205466291254178,1.0479336046389987,0.0,0.0,0.0
17460,8.538635765678045,0.3978285706098088,47.43100251944924,0.8592572920190079,1.577584544109816
17461,5.005901295521894,0.7335767483470153,4.242640687119285,1.414213562373095,0.0
17462,22.00111436571642,0.8791458921611143,0.0,0.0,0.6223948494376379
17463,6.325084035391998,0.7170881125965796,39.57587649060978,0.5366220541099631,1.49669649786384
17464,25.30143463213983,0.785325257584696,0.0,0.0,0.0
17466,7.6398892694057094,0.4103808039587492,0.0,0.0,0.671693098346872
17468,5.813776741499453,0.2121816329014399,0.0,0.0,0.0
17469,7.520719279579326,0.3537327143690068,8.220908303425682,0.17584830595562956,1.5959979945903584
17470,7.436190258309397,0.5155437796298301,37.07986875201511,0.4620544392774468,1.5629883630871928
17472,3.7415757407730057,0.9534488857789271,60.10407640085654,1.1234406803898418,0.6562519008238954
17475,5.753291508937575,0.4143956429753874,0.0,0.0,0.0
17480,8.02829564941917,0.45488760469140704,0.0,0.0,0.0
17481,6.56916322871065,0.42901853690637337,24.006943440041116,0.8092228125856555,0.8760651520073632
17483,8.955987090315883,0.4542453117974919,14.142135623730951,0.24382992454708535,1.0930482243476998
17486,4.668632434059018,0.28232715603955055,0.0,0.0,0.0
17489,5.257246465031734,0.40479011120943154,0.0,0.0,0.6873603960352258
17490,27.485666562518812,0.9983705450176978,39.72111109557066,1.377610789441757,1.2968692851036532
17491,25.929737003624478,0.7941681863611394,20.630344425411593,0.5143299164230036,1.9752760476409166
17492,17.300076961643494,0.5542379889999784,0.0,0.0,0.0
17495,6.573525009774517,0.35671110069923617,0.0,0.0,0.6202638002467507
17496,9.22281139349602,0.3402623646373739,0.0,0.0,0.0
17498,6.715187790287292,0.419360048618338,0.0,0.0,0.0
17499,9.36152359942355,0.6011767017353937,0.0,0.0,0.0
17500,213.46000796402123,0.9378734972057172,0.0,0.0,0.0
17501,4.6310016703288115,0.28883586301427094,0.0,0.0,0.0
17502,9.33146407018329,0.3791626671965348,4.58257569495584,0.7637626158259733,0.0
17503,10.293772440988597,0.6998056260869592,0.0,0.0,0.669174775887019
17504,20.40508485345051,0.8646712833666045,18.753571088500145,1.3045962496347927,1.248736750353265
17505,10.767887891926254,0.4886634873805812,0.0,0.0,0.6818567190888574
17506,7.825667545166517,0.3625391979891835,0.0,0.0,0.0
17507,4.212801750538672,0.6121842763093285,0.0,0.0,0.685346854003869
17508,9.685149530522047,0.5501362982403889,0.0,0.0,0.0
17509,3.8385463799791264,0.22974256927435188,1.2535663410560174,1.7549928774784243,0.0
17510,5.4115572231056905,0.35085303573040005,0.0,0.0,0.0
17511,82.04277007616697,0.8676161064903947,8.016075802059747,0.6755120057915517,2.502078602856606
17512,25.192441667317052,0.9043471516375408,20.73041244162788,0.6910137480542626,1.8771940390538002
17513,61.52380569069721,0.7192962473581123,0.0,0.0,0.0
17514,3.266044959807991,0.6261289163303121,0.0,0.0,0.0
17515,4.8582985521929425,0.661437786048615,69.21223398600375,0.7260024543986408,1.3012787090117697
17516,4.5554911495433785,0.8125485463590288,47.67598976424087,0.706310959470235,1.309480271272217
17517,5.913469985780538,0.42255534522272264,0.0,0.0,0.0
17519,15.990563454817012,0.7110694045048291,38.72079544637481,0.5563332679076841,1.7770543145195155
17520,7.678954288541976,0.42129556638733623,0.0,0.0,0.0
17521,6.437890535373721,0.4005822293549832,69.29646455628166,0.8249579113843055,1.05222779437436
17522,14.945725537226165,1.018985499544704,57.151115474678186,1.063276566970757,1.2176304176839563
17523,38.17857211512762,1.93016036982445,2.0816659994661326,0.892142571199771,0.0
17524,11.150231686681073,0.46138889737990646,0.0,0.0,0.0
17525,24.642544511474462,0.5246815722812164,0.0,0.0,0.0
17526,70.38369694269856,1.1182291511926357,147.669676417785,1.2340084380316296,1.0115364178427115
17527,12.894872468745042,0.6451760286479417,46.47938611183815,0.8554488241442605,1.341245555722141
17528,12.28773883801661,0.8567721995365034,5.349677337844557,0.5589215129091328,1.2371196646526206
17530,5.552067654793969,0.9171969207500309,38.48195825463033,0.9593840008079583,2.0303711630846877
17531,8.703267669781745,0.41066985971332803,0.0,0.0,0.0
17534,8.757016869028199,0.352852577996301,0.0,0.0,0.0
17535,2.6490927329356198,0.20947813581607697,0.0,0.0,0.0
17536,0.0,0.0,0.0,0.0,0.0
17537,10.544871351506371,0.8810692178906194,0.0,0.0,0.6086143740155342
17538,3.7581880977111535,0.34366686526519385,0.0,0.0,0.0
17540,12.759721130703966,0.5510330424384162,0.0,0.0,0.6906001625887672
17542,7.9313481409741,1.1612515579757101,0.0,0.0,0.0
17545,8.787133990895232,1.9724664509873808,0.0,0.0,0.0
17548,6.103523572494826,0.2954270848254998,0.0,0.0,0.0
17549,16.10736850016166,0.6492288794905948,0.0,0.0,0.48540956436744287
17550,9.330848341826423,1.4668948583497143,31.81980515339464,1.4142135623730951,0.6787147860762373
17551,5.38672408292043,0.7548857240437312,0.0,0.0,0.0
17552,7.803955455299531,0.4109949563199848,170.968808071336,1.6492167981157815,0.7096545424472586
17553,715.8749052732608,0.9624561781033353,0.0,0.0,0.0
17554,18.016070881806783,0.8120127212471494,21.02974084481309,0.5801307819258784,1.4732786828055644
17555,2.31396115878909,0.5075526276365591,0.0,0.0,0.6747711728313018
17556,24.319429817877445,0.9241075294950264,0.0,0.0,0.0
17557,11.280888433552892,0.708362957080483,5.656854249492381,0.17141982574219336,1.006394558841234
17560,20.884099512824065,0.6351091728562205,30.615900008546756,0.42919485993289846,1.3367832576239067
17561,2.9747048243935956,0.8163490151658835,0.0,0.0,0.0
17562,7.760598949652512,0.43560802386723585,11.15347479487895,0.4289797998030365,1.7190446695386599
17564,4.6491007469296735,0.5017641386743772,10.606601717798213,0.38569460791993504,1.0620902011760736
17566,5.335691363914479,0.8999290812518733,0.0,0.0,0.6898907695608414
17567,29.32292894765929,1.117004644224095,23.528098702858006,0.4549632345856521,2.0316167756199226
17569,9.532123172068628,0.8032532457429832,0.0,0.0,0.0
17571,5.868682064998994,1.1709871388477215,57.06429122781894,0.6930885574229022,1.0291811870602865
17572,3.697939127119156,0.19570129889935994,62.385895841928885,0.6238589584192888,1.0969362652038916
17573,5.029856691132793,0.33038995606494964,33.23401871576773,1.0550482131989756,0.6922432806161127
17574,7.1713934439947895,0.30902853515733,0.0,0.0,0.0
17576,7.666692338174596,0.8698009625442378,11.653073313382132,0.5975935032503658,2.4653220939640934
17578,12.192289366644806,0.4249368941393004,0.0,0.0,0.0
17579,7.944212628430478,0.8848532666997635,65.05382386916237,0.747745101944395,1.0759283599376683
17580,7.691224423413553,1.6044182229446036,9.899494936611665,0.1903749026271474,0.9893023245577522
17581,21.50147384585543,0.8565517637035618,21.714509608467605,1.420022426711778,2.2016110028341185
17582,10.876793584046299,1.799663456024092,0.0,0.0,0.0
17584,25.073394533755856,0.7064065110532519,0.0,0.0,0.6716609080943929
17585,6.706717021569229,1.26668029567089,15.524174696260024,0.20426545652973715,1.29315205425699
17588,61.09175808510387,1.1329708401527083,7.7781745930520225,0.1187507571458324,1.0719395303931614
17589,9.66776983148904,1.0173763782788767,27.610384519838426,0.4627438746341636,1.3852425511441853
17590,7.619195660464286,1.035314779244008,6.363961030678928,0.3439978935502123,1.0024431235168625
17591,15.298100545830264,1.14084407723726,21.295539439046856,0.43908328740302793,1.8945627666424392
17593,14.803220347318128,0.8028553509445989,71.60714582591135,0.8254426031805342,1.5979567910387797
17594,8.483858084621644,0.42710576555214785,0.0,0.0,0.6247125237846264
17595,4.848283357372025,1.0350253830136527,0.0,0.0,0.0
17596,15.845615341216233,1.5128790819180047,37.239763694201926,0.6533291876175776,1.735931385145307
17597,37.50401267240596,1.0089762112447003,0.0,0.0,0.0
17600,5.956925295348177,0.4790006113659077,0.0,0.0,0.0
17601,9.227792260340498,0.7158876850535686,0.0,0.0,0.0
17602,13.846178780185788,1.5194798552419553,76.39568050616475,1.2011899450654835,1.6735618488293849
17603,71.09981199310266,1.9813993005779522,0.0,0.0,0.0
17604,4.376239521579048,0.8912047125015518,0.0,0.0,0.6860242802145411
17608,2.625637625378127,0.8009131418535286,0.0,0.0,0.0
17609,3.807474301380739,0.8113245665670776,105.39884566097803,1.479282044364604,1.2754112918247573
17611,6.184599046107281,0.894109524714447,17.12927575562049,0.6910946990740255,2.3536613049155517
17612,15.291857736909588,1.0077867629099049,26.04419321077157,0.5358887491928307,1.7888208682209243
17613,12.867884559199998,0.8805983533049798,16.080725841508013,0.7519763882719575,2.0923644777352113
17614,3.161252550314303,0.810432114829211,0.0,0.0,0.0
17615,21.29127536324226,0.9043624244095619,38.890872965260115,0.8547444607749476,0.4619341251834299
17616,124.64605890279886,0.6546536707079773,21.920310216782973,0.22715347374904635,0.9556998911125343
17618,12.968687086796596,1.0411469902325434,91.21677477306463,0.5138973226651529,1.0972067565213806
17619,2.743737528523311,0.9668121439515603,0.0,0.0,0.0
17620,11.169768723359196,0.548613395056935,0.0,0.0,0.0
17621,38.10525630610357,0.7179771461400773,176.7766952966369,1.0649198511845597,1.0234367840103469
17623,6.889263729517726,0.4313550954825633,0.0,0.0,0.0
17624,6.0975498458355375,0.3614519517851957,0.0,0.0,0.6918544226686691
17625,5.474196798934874,0.842389834716407,42.665364563464514,0.5377987129848468,1.3606327765979727
17628,2.9355578686171415,0.19376619594832617,0.0,0.0,0.0
17629,13.21722360004006,0.8961471693189685,29.435967632748042,0.5870420895419837,1.839530911572879
17630,7.797397988086499,0.40256621860653086,0.0,0.0,0.6368348417455956
17631,4.352621807507549,0.32129966212934036,28.284271247461902,0.2459501847605383,0.9787478773154005
17633,9.965915124312989,0.5265647615575536,11.590225767142474,0.3951213329707662,1.0460230831584558
17634,9.842018157141165,1.2375599151009224,28.627846084338433,0.7711204332481733,1.8303359707669462
17636,3.8729569826521035,0.27125346565710207,0.0,0.0,0.0
17637,6.108236717606754,0.39079494957817495,0.0,0.0,0.6642670752958924
17639,10.28943633052851,0.6638346019695812,0.0,0.0,0.0
17640,76.69451036417144,0.6168525429026432,0.0,0.0,0.0
17642,10.146126705072463,0.5697750469652789,0.0,0.0,0.6870914155061635
17643,2.691579130229263,0.21203971483834666,0.0,0.0,0.0
17644,11.419053466361124,0.6191347661376057,19.85642912957357,0.7786834952773949,1.9713654884690108
17646,10.127347251523531,0.5121973738610063,14.849242404917497,0.2048171366195517,1.0789225072878978
17647,3.6017608127665777,0.1894808784711111,0.0,0.0,0.0
17648,8.188620839777066,0.4145560480777263,65.68358496103372,1.0481423132079848,1.0920676973917
17649,3.4692824150122346,0.20771993411626638,0.0,0.0,0.0
17650,9.423834524377916,0.45394193277350275,0.0,0.0,0.0
17651,7.127525538469684,0.4191599302724884,22.44685080609552,1.2547929022040973,1.5033951208702057
17652,8.785993068351509,0.46748214866570814,18.610847276887647,0.8156148208994587,1.708051672302555
17653,33.248005602333045,1.211461332358354,30.6648550189518,1.1218849397177488,0.7937286641628325
17654,4.309521447704502,0.8065459110973973,0.0,0.0,0.0
17655,28.021256487102697,0.9662721927464608,28.890598240027266,0.4924533790913739,1.729252810708341
17656,13.916274040948469,0.6814004211870701,4.123105625617661,0.3054152315272341,0.6873203856848709
17658,16.77886487318938,0.5354177430899169,0.0,0.0,0.6909137303920805
17659,8.15502008928337,0.4295750482109355,27.561171633625843,0.8686902234094106,1.693111970079952
17660,7.474458191235352,1.7160745847224024,0.0,0.0,0.0
17663,10.194013742550602,0.48626120098027736,19.452506265260524,0.4523838666339657,1.727860010065776
17664,5.805649375678071,0.4128786106677644,0.0,0.0,0.6900269030955134
17666,33.63322656855516,0.8314080397632291,0.0,0.0,0.6854892302124405
17667,6.786684596958275,0.38299760801317423,43.41562698691183,0.7517857486911139,1.285563038287225
17668,9.649309128982585,0.4162175037663229,0.0,0.0,0.6907537952806981
17669,55.52925313579447,1.1083943538752887,13.58553151947566,0.4015428035313003,1.6859812746658351
17670,5.739512174392524,0.30692578472687293,0.0,0.0,0.0
17671,34.426971773396104,1.1601817906607026,55.175477644813675,0.47428777345112044,1.375555963688183
17672,30.506014241934455,1.0558470964777813,0.0,0.0,0.6592759382224381
17673,8.012553200758093,1.1164613880942393,27.09797040370367,0.4274127823928024,1.5347899811972887
17674,30.90041539841935,1.5140665210462443,0.0,0.0,0.688978500872966
17675,20.651981336935183,0.7146091465582737,8.262642698786879,0.7042025027375182,2.4620149870604187
17676,8.858483170155266,0.49792580946047404,93.72406307880597,1.305349067949944,1.3757601510154227
17677,63.749718704919474,1.1843575190408935,15.015263170481488,1.2129321224065825,2.4338796717984885
17678,6.678851416972833,0.3584637304067805,0.0,0.0,0.0
17679,35.523218097787655,0.5349586834731163,0.0,0.0,0.46395267695899767
17680,8.7460016838865,0.5217246123793464,0.0,0.0,0.0
17682,7.96539124903815,0.379866940701726,39.30267166491357,0.552003815518449,1.7755171779162047
17684,5.447954356147513,0.3413362655787674,0.0,0.0,0.0
17685,29.910180488348065,1.2183258385430336,61.9044963364267,1.0522010708741083,1.6307199654555533
17686,10.032774240440018,0.4999378744282293,42.86451523890906,0.8777716431175916,1.5167281137577096
17690,20.278548277214306,1.0910808980688873,25.693459209570165,1.0705608003987568,2.022055019564686
17691,2.1007969804853537,0.1374488382548957,0.0,0.0,0.0
17692,9.56414913094907,0.5937739358431954,23.028967265887832,0.30037783390288475,1.2699373588149572
17693,4.770877583492021,0.38077538452572623,0.0,0.0,0.0
17694,9.731860684419622,0.5156043736447243,0.0,0.0,0.0
17695,19.574073454358924,0.8951480007611811,0.0,0.0,0.6902589642902819
17696,16.984639864738345,0.8545412954595769,35.90927722018629,0.778219630158836,1.6740511728386938
17697,6.3940636302434735,0.3584222126408792,0.0,0.0,0.0
17698,5.525585780194323,0.2852835510910267,0.0,0.0,0.0
17700,10.964102798442184,0.6142499910751784,26.839026311200886,0.3061485891011508,1.3665090154948807
17701,3.6797175921490255,0.21130092645430462,0.0,0.0,0.0
17702,37.85743952779808,1.5355714712788842,18.33030277982336,0.31603970310040275,1.3695011419195924
17703,6.090084296133078,0.4193537775588042,31.81980515339464,0.6178602942406726,1.09130687311723
17704,20.546334926811916,0.7195476482237366,0.0,0.0,0.6853197070623008
17705,7.993820828920838,0.45152427468788187,12.498571346929445,0.3400971795082842,1.9800131932419411
17706,19.600741416899307,0.7127888380355006,30.070403500230363,1.347693154071949,1.7383761042283756
17707,18.76451438220558,0.615633673956876,0.0,0.0,0.6882955697397379
17708,8.416433634625205,1.1029473461580133,0.0,0.0,0.6783189160419694
17709,13.755959747375991,0.7005581537405017,0.0,0.0,0.0
17711,7.200521198746439,0.4300493055600314,0.0,0.0,0.6825517862782926
17712,12.815959560568537,0.7107586912785903,0.0,0.0,0.0
17714,0.848528137423858,0.05545935538718026,0.0,0.0,0.0
17715,0.0,0.0,0.0,0.0,0.0
17716,17.541695084863314,0.7598519968726097,24.98355014360004,1.0323781051074397,1.7357743774376535
17718,6.685637591135194,0.2878638360015154,0.0,0.0,0.0
17719,11.553176988001285,0.5866469660551723,10.239172785955873,0.6858776028869963,1.9467054006389102
17720,21.677954252452622,0.9063144577676397,28.0237994093116,0.2472688183174553,1.2877913523825
17722,28.886355058636386,1.3704108974039968,47.08856903042747,0.5251513274768863,1.2857231836809209
17723,295.3639908843174,0.9014894118066089,7.106335201775948,0.41801971775152635,1.3661376720761793
17724,14.356232453412359,0.5559044512453963,34.64823227814083,1.0342755903922636,0.6540946893724123
17725,10.846018094575232,0.6055210911518327,8.59263250310016,0.3507196940040882,2.147478251041648
17727,4.09150983183014,0.2546943163412302,0.0,0.0,0.0
17728,4.475032755147748,0.2567377737210157,29.698484809834994,0.724353288044756,0.8438345075310406
17730,25.6017361387047,1.0533546372238123,11.658005443003145,0.4399247336982319,2.2311632462229163
17731,6.887570872174172,0.3721179963355425,29.838453936712828,0.8690811826227036,1.01317540425276
17732,2.574638308248492,0.15246073477143418,0.0,0.0,0.0
17733,16.16155346556042,0.8171952372825593,0.0,0.0,0.6218141030616104
17734,7.951112837134009,0.4879863151688658,9.192388155425117,0.10270824754664935,0.9334221927634752
17735,8.730463556041435,0.45949738090930375,12.951518446319701,0.6566967099542385,2.4327164746471124
17736,8.855617463885094,0.5865579604629275,26.16295090390226,0.508018464153442,0.6059542935822205
17737,5.304409486455585,0.31528824812503475,0.0,0.0,0.6923914335945114
17738,13.116905732712233,0.6771186802230311,75.65932416651192,0.8663281393112052,1.0253905058484014
17739,43.25527240833578,0.728320634528734,56.72624319190076,0.9836920784722675,1.7481560685202449
17742,14.105812783590826,0.5958356333357618,0.0,0.0,0.4191438874526402
17744,11.197382467239699,0.6557199515779362,89.09994388325954,1.2620388652019767,1.5342235923536953
17746,8.355701646181487,0.45473206237722374,0.0,0.0,0.0
17747,0.0,0.0,0.0,0.0,0.0
17749,12.211412405662848,0.6336349318006875,0.0,0.0,0.6887093461635971
17750,6.886501955325324,0.7393842116734188,6.041522986797285,0.31384534996349533,1.8182729612492552
17752,0.0,0.0,0.0,0.0,0.0
17754,34.79911432235942,1.8064609694159248,41.68432958958718,0.6487833399157538,1.5318655290060526
17757,12.438371967816384,1.6443098623179069,7.446856049678317,0.6100531792109355,2.4039820735278608
17758,6.194452191585806,0.7383094578451564,26.999118151383776,0.8289202941214318,1.771022878124997
17759,8.553414748051427,0.9731546498339926,107.48023074035522,1.4142135623730951,0.5006546784088506
17760,9.749326421177345,0.8475022098453828,0.0,0.0,0.6730314002812315
17761,42.75931586195523,1.1398005013849284,0.0,0.0,0.0
17763,0.0,0.0,0.0,0.0,0.0
17764,10.466676056689426,0.9586975211300492,0.0,0.0,0.6268212108906892
17765,4.530273543999153,0.6943788103903187,4.242640687119285,0.08658450381876091,1.0929943791232
17767,6.66259827051622,0.515909158115194,0.0,0.0,0.0
17768,19.525363941583322,0.9018921571834385,77.07463914933368,0.981842536934187,1.0382956749450523
17769,11.285917083419577,0.8751004997173744,35.94440151122286,1.067655490432362,1.6675405923488975
17770,26.8693632972044,0.8930837031442854,28.827070610799147,1.4061985663804462,0.5551936016250894
17771,3.2050022103601887,0.7040808728670526,0.0,0.0,0.6914753155241676
17772,2.9885637122887787,0.8666295166127115,0.0,0.0,0.0
17774,5.2380679116111235,0.6668287301485505,29.597297173897484,0.4289463358535867,1.3525946415890342
17775,2.7712812921102024,0.14740857936756396,0.0,0.0,0.0
17777,2.636534271359101,0.7681609477122302,32.526911934581186,0.8791057279616536,1.0920311028722334
17779,8.758044592935105,1.0904834058956203,7.7781745930520225,0.128564869306645,1.04604827243578
17781,25.36669392345129,1.6189784442155912,0.0,0.0,0.6895310882403765
17783,3.060132563648324,0.7232824699772028,0.0,0.0,0.6715879492949752
17785,5.755990302195997,0.5671356217109895,0.0,0.0,0.0
17786,3.003176396143536,0.7757361717813539,0.0,0.0,0.6775898496223047
17787,9.902981718347593,0.7114554282719602,69.93568473962345,0.9713289547169924,1.2693800777737143
17788,356.5104041258824,1.5945540930578872,0.0,0.0,0.07762596880121173
17789,9.79064366100122,0.6067685314476187,0.0,0.0,0.0
17790,7.684545457532861,0.7428270137779469,22.714222360360424,0.8920993676274487,2.0021937134087504
17791,5.5800637192698,0.5259249499783035,0.0,0.0,0.0
17793,6.353738494891335,1.1407777139168445,0.0,0.0,0.0
17795,6.1057883877308425,0.8015818540358423,0.0,0.0,0.6908210404162394
17796,7.47504087436797,0.8782824927613894,141.8884538408018,1.2977602485439188,0.7698197628827573
17797,5.94461812360934,0.84549877852035,113.13708498984761,1.4142135623730951,0.6468572929258876
17799,6.247935462406389,0.8341675590284485,30.453972556046683,0.8181664268788661,1.7842213531972917
17800,11.363666757318985,0.9856642920085524,21.928047923020547,0.5987180320278648,2.046600816905568
17802,10.265300430532236,1.1183636776088783,67.17514421272202,0.4648798907454811,0.908124537112859
17805,56.833873790196634,1.1093649116784103,0.0,0.0,0.0
17806,10.213704281478961,0.8043170538854212,0.0,0.0,0.0
17809,100.80640238417075,1.1362329649669738,27.086729390808873,0.8440623889487183,1.6797570687388803
17811,14.855588902716237,1.6129805640423334,5.687949879038847,0.6972325658176651,2.2180629983326163
17812,5.452685923389377,1.0500829261334985,183.0327839486686,1.5511252877005812,0.6084167892946997
17813,5.005502311278361,1.0486545432125678,8.906926143924924,0.6362090102803517,0.9551668383590217
17816,1.3107558439133282,0.6094871265461318,88.22131261775694,0.8093698405298801,1.2823114914313887
17817,33.803198236037495,2.877387385960682,192.33304448274092,1.414213562373095,0.6144829222566155
17819,90.1098367830175,1.167455852859841,37.65988139475039,0.7633759742179134,1.6496982747635673
17824,10.316366881854561,0.449439575952109,0.0,0.0,0.0
17827,8.535989504460359,0.941095131439006,113.34166636031665,1.2663873336348228,0.9028529815929733
17828,56.50573736714524,2.080053405929779,36.555893277737496,0.681165713249767,0.9709007394823629
17829,13.052573727795611,0.44035042489526827,0.0,0.0,0.0
17830,4.25834567703684,0.24565324949046233,164.75588001646557,1.1481245994178786,1.0562565051182715
17831,0.0,0.0,0.0,0.0,0.0
17832,3.1099331955645475,1.2209945609154753,0.0,0.0,0.0
17835,5.665864014192576,0.9856767763682043,4.242640687119285,0.42426406871192845,0.6309597823100564
17836,6.718882528184001,1.4631447298468017,0.0,0.0,0.0
17837,8.447104886673861,0.8959323738517381,24.531806370700135,1.45527664910933,1.006488129932324
17838,16.241903228866615,0.7071098084743858,83.38814863836068,0.9724565438875881,1.3553712172028234
17839,4.831014574412069,0.7985148056879453,0.0,0.0,0.0
17841,9.941529083347998,1.9031029725631814,1.8739073407841162,0.7340465061033322,2.4441220532869243
17843,3.7100443365246965,0.6680535353874527,0.0,0.0,0.0
17844,3.8029882986935424,0.368792503752283,0.0,0.0,0.0
17846,0.0,0.0,0.0,0.0,0.0
17848,27.503186899831427,1.5564386727601005,25.709572980840093,0.7533940800246182,2.0031841086491706
17849,26.42219143068947,1.133999632218432,9.643650760992955,0.2537802831840251,1.3511200630212028
17850,12.725234630308254,0.7010290241340166,0.0,0.0,0.0
17852,2.282854652035219,0.4791718702890087,0.0,0.0,0.0
17854,30.825544941693746,1.4855207033522013,0.0,0.0,0.652873543551438
17855,6.298406077544307,0.5123840901481228,0.0,0.0,0.0
17856,120.1773804998658,1.2712429973258585,120.03471720020559,1.2953386748223625,0.6868794990068128
17857,439.8670997231641,0.8836931447347398,16.444646755902266,1.0307186000850423,2.021223653715958
17858,35.3519868407728,1.36452857273633,25.64902975304772,0.7880986795629188,2.0177051262187358
17859,9.051287514307932,1.5267673426738972,0.0,0.0,0.0
17860,5.401330391112026,1.2392292827709555,0.0,0.0,0.0
17861,9.215787633534767,0.9738694091035406,43.948563008091526,0.9797450352122316,1.4787759772621571
17862,30.89274407306085,1.0269573430150178,0.0,0.0,0.0
17863,14.967638044715581,0.7010159590562994,31.405413546075145,0.5098281419817393,1.708509277870495
17864,4.473877895148125,0.7637414984185922,77.78174593052023,0.593753785729162,1.0445706330185525
17865,33.09953955878967,1.163448350112117,17.50187959830841,1.0138283913654262,2.254044698173149
17866,20.12993900746956,0.5495812257461733,0.0,0.0,0.0
17867,68.2623057666172,4.5048217822761325,50.65866164833019,0.9855770748702372,1.1155788123778234
17869,9.790084190727804,0.914576504341894,59.295868321494375,0.9122441280229904,1.0866484615655394
17870,20.43742097752499,3.0100247856676288,66.52941932982459,2.0272122233464556,1.8438026743813185
17871,8.06011441881841,0.51700541493383,0.0,0.0,0.0
17873,30.36608543439342,0.7186620619598691,30.0,0.410958904109589,1.5623700843409511
17874,15.39002070795567,1.0358191445965539,19.162463307205574,1.3885842976235923,0.7655813455918844
17877,24.908401451694726,1.2579471294151623,0.0,0.0,0.0
17878,10.484698249573775,0.718413900352927,0.0,0.0,0.0
17879,49.641525225023734,1.6684357570588304,0.0,0.0,0.0
17880,5.791589020693317,0.3281210549508111,0.0,0.0,0.0
17881,18.385862921199614,1.10301389853466,0.0,0.0,0.0
17883,6.296976227307809,1.3591877472343694,74.3796567169635,0.9220618601276466,1.2756912019447504
17884,6.955850866228341,1.134343231373219,162.9611405622007,1.3321074160397879,1.0191770625554224
17885,2.3529121130433985,0.7917681015551685,0.0,0.0,0.0
17886,16.582913677272238,2.009245774082851,98.99494936611666,0.9166199015381172,0.9878295202087094
17887,11.557129834002904,1.0379101781771805,0.0,0.0,0.0
17888,10.66337992244582,0.9840182560483024,34.355286555138996,0.724358451463774,1.753626406841832
17889,11.566794118962964,1.1914586574690844,0.0,0.0,0.6931468328947212
17890,4.90960452795442,0.7665013961828222,0.0,0.0,0.511062099149154
17891,4.221797059308059,0.7041160601220153,0.0,0.0,0.0
17892,16.79808264128024,1.9268591313226,68.58935777509511,1.3856435914160627,0.6795923688649539
17893,5.676725545300448,0.8091546434281262,0.0,0.0,0.0
17894,11.316411116948219,1.9503909998758775,66.01478910783841,1.5879846177143262,1.238507056348979
17895,4.049898764166828,0.661207961496625,0.0,0.0,0.0
17896,34.61994800689335,0.2701306804532877,0.0,0.0,0.0
17897,8.324933440160843,1.6749777835833675,132.93607486307093,1.3293607486307093,0.5427964442349191
17898,4.342370003658975,0.7995946343709806,0.0,0.0,0.6432760271540781
17899,4.861810860030414,0.99857475944142,0.0,0.0,0.0
17900,7.945564800566413,0.4248965133992734,0.0,0.0,0.0
17901,4.635993808935817,0.7980058196211318,0.0,0.0,0.0
17904,5.970861017847623,1.1837675101904819,0.0,0.0,0.0
17905,42.115641079406736,1.7893779324950378,88.00757543151234,0.8771519145997908,1.041851387924217
17906,4.138263799315756,0.6811956871301655,0.0,0.0,0.0
17908,3.497460819495774,0.8338241019843592,0.0,0.0,0.0
17911,8.266781002974925,0.8803332854108676,0.0,0.0,0.0
17912,5.822364012021058,0.7113913779518352,23.228933107943924,1.7531270270146357,0.25221690518212597
17913,6.6966460720905,0.9599176828312427,0.0,0.0,0.6913745910041212
17914,5.0518353460820595,1.2012805864119274,0.0,0.0,0.0
17917,2.6267121639981785,0.7234849490618519,73.53910524340094,0.4654373749582338,1.0979699075755418
17919,48.64117608638995,0.857908538071661,0.0,0.0,0.0
17920,8.370918354927017,1.3858279239383466,21.099664294327845,0.9403750103321602,2.1577162940014385
17921,4.491921450134257,0.788037325496621,47.258156262526086,0.7018538058791003,1.3575182601092635
17923,0.0,0.0,0.0,0.0,0.0
17924,79.48596248557392,0.8317518437309002,88.75359147662702,1.4792265246104503,0.874495546240633
17925,0.0,0.0,0.0,0.0,0.0
17926,8.725924756559781,0.46123592309838,0.0,0.0,0.6909760962756
17928,15.09567876550453,1.633577734104659,0.0,0.0,0.657997777693127
17929,81.58256553945826,0.48388235788528033,43.54690957270485,0.44135381323687345,1.3558934057523024
17930,51.22499628632893,1.1478298257761241,39.41657857636386,0.7805263084428488,1.5986720752366004
17931,9.161514276916991,1.458268263296122,0.0,0.0,0.5854453685512147
17932,4.314614628013106,0.29162215769443556,75.66042558696059,0.8360268020658628,1.071676921487295
17934,26.04195164948829,0.7765438191540704,0.0,0.0,0.0
17935,5.646360962445335,1.1231529454071931,0.0,0.0,0.0
17936,7.370223673164961,1.4557439535032375,0.0,0.0,0.0
17937,59.61362967078013,0.5959672083370637,50.39312122370142,0.8589736572221833,1.4730294455612791
17939,7.328686888873853,0.8870712393230406,0.0,0.0,0.0
17940,407.4517285283028,1.8852297469432775,19.53202498462461,0.7059768066731786,1.3850447020049588
17941,18.4979133958401,0.12147303254426123,0.0,0.0,0.0
17942,52.11376977344856,1.3448714780244788,0.0,0.0,0.0
17946,10.721612653642028,1.4335623283382843,0.0,0.0,0.36156824289091394
17947,14.760173139604802,0.7518766032173604,0.0,0.0,0.0
17948,0.0,0.0,0.0,0.0,0.0
17949,799.8002500251486,0.9568545242110541,11.577754422296326,1.4390429225453063,1.9750735586585657
17950,7.249767808673465,1.0674689224716218,206.47518010647187,1.414213562373095,0.6889516355609184
17951,49.33678728899968,0.9783803773573616,214.2533546995239,1.2868069351322757,0.6753819387733929
17954,5.586239488441248,1.1614450735167554,18.307474876771956,0.5578454948600873,2.133459701116669
17955,35.50395209036717,1.2104343974824625,10.692676621563626,1.603901493234544,0.0
17956,0.0,0.0,0.0,0.0,0.0
17957,2.984703187635174,0.8284903189173566,0.0,0.0,0.0
17958,132.94297896896572,1.8302341438515517,0.0,0.0,0.0
17960,4.077847773217933,1.4370295758154819,0.0,0.0,0.0
17961,9.175426464201768,1.7622729857041128,9.192929746590409,1.049043034145452,1.8325075087193263
17962,2.9394665382364473,1.000499162095455,0.0,0.0,0.0
17964,5.076298978036433,1.1192179218057854,0.0,0.0,0.6871005978950091
17965,5.297464594763692,0.6645640923511116,22.978250586152118,0.9191300234460847,2.045014441756253
17966,21.002102141430672,1.300167462302819,49.372732015421896,0.8895987750526467,1.2430051578291523
17967,2.994885526589603,1.1680710593670345,0.0,0.0,0.0
17968,2.8522363087206344,0.8741304713944615,0.0,0.0,0.0
17969,19.697891335798435,1.208459591153278,0.0,0.0,0.6884076889063475
17970,19.124615619160693,1.0176334715562942,0.0,0.0,0.0
17972,3.5015445132819063,0.7979114959698552,0.0,0.0,0.0
17973,13.898556691082643,0.6185567005881784,0.0,0.0,0.0
17974,3.994748021709487,0.9652666692125949,110.30865786510141,1.1372026584031074,0.9644880282371153
17975,22.453393854446883,1.4806161501414132,15.149757473806355,0.5284799118769659,2.2112857125430194
17976,5.987232919207848,1.1018719095911835,0.0,0.0,0.0
17977,16.963752799649583,1.2363393100320723,0.0,0.0,0.0
17978,42.770763024488694,1.7056000142691226,0.0,0.0,0.0
17979,7.312683499064281,1.409050680159144,67.86997372427172,0.9130489738691263,1.0980228869862325
17980,30.054747411249743,1.1111496978710853,82.02438661763951,0.8544206939337449,1.0961302403965996
17984,3.4486771027258047,1.0842055339981571,0.0,0.0,0.0
17985,19.884354884430135,0.7202774428567494,0.0,0.0,0.0
17986,0.0,0.0,0.0,0.0,0.0
17987,10.508481190118623,0.6879702647506779,0.0,0.0,0.0
17988,6.62668180966488,1.2520580189303174,68.62263960725109,1.3112606294379188,1.2664872148678097
17990,10.80492483726362,0.49670727962818617,76.36753236814714,1.2317343930346312,0.6931454899330198
17991,24.56884714430044,1.31595324822177,0.0,0.0,0.0
17994,9.460883720435683,1.1294662874254453,34.597687784012386,0.6178158532859355,1.1432680003549327
17995,20.435385976291226,0.5370666485227655,0.0,0.0,0.0
17997,17.69701925312334,1.4907139176110027,11.201615529743489,0.922485984802405,1.0149314288770337
17999,3.749599383307084,0.9127172241207109,0.0,0.0,0.6931406572805678
18001,8.002172226641187,1.1123984112963805,0.0,0.0,0.6711301221717286
18004,3.5254142418903167,0.8321034382227691,0.0,0.0,0.0
18005,4.789949506120753,1.1508768635561637,0.0,0.0,0.6858068224727691
18006,22.904088672594632,1.1331518188294545,0.0,0.0,0.0
18008,160.85357817042768,2.2803280164412603,43.67002895088837,1.420163543118321,1.3111624746733141
18009,5.598423993382193,0.6961590416889336,0.0,0.0,0.0
18010,16.060779133455085,1.2863324248762653,0.0,0.0,0.0
18011,2.6307023978055946,0.7166034355341634,0.0,0.0,0.0
18013,5.39327426632727,0.8926878223938566,0.0,0.0,0.0
18014,5.427616917508623,1.043647045789424,0.0,0.0,0.0
18015,1.8259042230862101,0.6997550134296897,0.0,0.0,0.0
18016,8.456824645619971,0.7011441609447926,44.16918231829368,0.5370113351768229,1.4382231718361624
18017,8.08290376865476,0.04636464876857414,37.476659402887016,0.3273070690208473,1.0978890707865556
18018,5.874686659708217,1.39484127338741,0.0,0.0,0.6163657157196516
18019,3.0784330429619544,0.4003163905022047,0.0,0.0,0.0
18022,3.608782929162597,1.031682716124674,0.0,0.0,0.0
18024,37.37916784851716,2.013860446454052,0.0,0.0,0.0
18027,4.377776724276725,0.7972709323546199,0.0,0.0,0.0
18030,32.31839753831313,1.2610690563399878,0.0,0.0,0.6918928595267249
18032,3.0149626863362675,0.20509950247185493,0.0,0.0,0.0
18033,1.8659827735619496,0.6475800173635429,0.0,0.0,0.0
18034,4.30971032539347,1.1414291440694018,0.0,0.0,0.0
18035,18.762446705748875,1.361459029853081,4.949747468305833,1.4142135623730951,0.6327422117909045
18036,4.733206986514849,1.120230439094289,47.37615433949868,0.44484651961970595,1.0899589823302385
18037,4.529988187893666,1.2292170175661192,27.613402542968153,0.6734976229992232,1.3852290828275455
18040,5.207126526854007,0.27697481525819184,0.0,0.0,0.6348191387018927
18041,12.18800533902065,1.3751379909637271,11.85615540774629,0.6736451936219482,2.2436828086196217
18042,22.609748213673548,0.9589108603193872,0.0,0.0,0.0
18043,3.9017576335356856,0.8437966679019463,15.556349186104045,0.09097280225791839,0.982799706804757
18044,8.976947159388997,0.5458547779576762,27.1062723368596,0.695032624022041,1.9702958901076122
18045,3.115201500469775,0.7730436669592367,0.0,0.0,0.0
18048,27.134283796386764,1.102443476549465,0.0,0.0,0.0
18050,5.454081040835385,0.3665377043572167,0.0,0.0,0.0
18053,7.205680434651248,0.48034667253191443,0.0,0.0,0.0
18055,12.434635315560369,0.6598383467446713,28.38916068580479,0.7136939837213494,1.8483572516504405
18056,9.224794170353078,0.4819774212476516,0.0,0.0,0.0
18058,43.09342409231367,0.7597571243355724,0.0,0.0,0.0
18059,9.900048260263967,0.5814816572627794,1.4142135623730951,0.0642824346533225,0.5953751713067902
18061,41.06130590422553,0.8912008868479315,7.47960189077229,0.19798946181456062,2.2168011921375443
18062,13.900011139801641,0.5208742307980962,48.79036790187178,0.5986548208818624,1.0674224520175195
18064,94.3635951796989,0.8114805482283689,0.0,0.0,0.6931441621263714
18065,5.366525269004106,0.30725708130270957,38.256891452256596,1.3970213170767858,1.7693606473082606
18066,16.739772997266126,0.5264079558888719,0.0,0.0,0.0
18067,9.57959855152649,0.89431823582994,0.0,0.0,0.0
18068,0.0,0.0,0.0,0.0,0.0
18069,4.2597992523878085,0.983028987819465,20.12254125767088,0.26919787635680104,1.509615828429615
18071,8.366189395417726,0.4617102315351945,0.0,0.0,0.6828490490754291
18072,10.213338452873339,0.7429683646610091,0.0,0.0,0.0
18073,70.72807779829094,1.3315597802913302,5.91300569622898,0.8233299070698581,1.2351157564046682
18074,28.254373952290948,0.7502182626221043,0.0,0.0,0.0
18075,9.298274657281187,0.5055441758720891,15.612494995995995,0.421959324216108,2.0920483652538726
18077,10.32179881184733,0.889874451783071,27.06863703829787,0.7646507637937251,2.0234623089268498
18078,16.655447613969276,1.4369677827183203,0.0,0.0,0.6772638464507945
18079,35.42189878642583,1.2318231381627123,57.41950887982237,0.8971798262472245,1.0230287904931974
18080,319.25871170572617,0.5184875545362991,0.0,0.0,0.6243469193644017
18081,7.8811593093163355,0.39009960185872095,38.890872965260115,0.8018736693868065,1.088104042273484
18082,8.061526790459911,0.8366740914505503,0.0,0.0,0.0
18084,0.0,0.0,0.0,0.0,0.0
18085,17.99679569180063,0.7564418799365437,0.0,0.0,0.6860419087515557
18086,4.757526368067459,0.328623293630079,0.0,0.0,0.0
18087,1661.785788602129,0.8194775717269086,0.0,0.0,0.5143154062107005
18088,5.142822481568179,1.1962192209766742,0.0,0.0,0.0
18092,79.25682534932574,0.7778622862699118,31.082149217838847,0.865798028352057,1.8859557839898238
18093,39.480018124503324,0.6747055107390956,93.94856748952235,1.3550274157142648,0.8340155685619501
18094,54.685455331785626,1.268677915097933,33.46440895439014,0.9653194890689464,1.6058527567618948
18095,23.43171233301448,0.8483164537424431,0.0,0.0,0.0
18096,4.653618582274683,1.0878787883712973,27.577164466275352,1.0814574300500137,0.6242546080620277
18097,17.762773838592413,0.7110903605041072,60.398675482166,0.875343122929942,1.5218572827469166
18099,7.876676726723648,0.8891738922687262,0.0,0.0,0.0
18101,6.465506214501391,1.1852705333984217,0.0,0.0,0.6930454554209109
18102,691.620534827144,1.1480072022257763,11.04067714065301,1.8401128567755016,2.151797106442525
18104,10.05231848730073,0.5061858667940047,0.0,0.0,0.0
18105,10.797543414631392,1.7126875349256698,0.0,0.0,0.0
18106,14.176872286483377,1.2837195708680096,0.0,0.0,0.0
18108,3.5838280552241577,0.22481578206203204,0.0,0.0,0.0
18109,28.04495860549924,1.5462570481253082,10.073397308422484,0.7113981150015879,2.4643927619316814
18110,4.234008276675486,0.8242250559757611,0.0,0.0,0.0
18112,7.255446643729109,0.534865215166171,0.0,0.0,0.6865099857149219
18113,0.0,0.0,0.0,0.0,0.0
18114,5.671768245129116,0.7215334432694923,0.0,0.0,0.0
18116,4.302456936988146,1.1468930291894524,58.50925852660699,1.3930775839668332,1.2133517125161322
18117,4.4844003337349925,1.0346895257432946,0.0,0.0,0.0
18118,5.255826268538798,1.1889663621164317,12.41195660106281,0.8968176734871973,2.2903314788221723
18119,10.470114755269197,1.7342283715662317,0.0,0.0,0.0
18120,4.745409933944218,0.7257936921012299,0.0,0.0,0.0
18121,12.177454826374317,0.5789311461060439,0.0,0.0,0.0
18122,4.38214375587605,0.8734484682149819,22.34949663862701,0.7981963085223932,1.4752823963194137
18123,15.296176366287472,0.9342127259540396,0.0,0.0,0.0
18125,5.610285887726214,0.9620521911778211,76.01973427998811,0.8002077292630327,1.2549819520889194
18126,4.2974949476032345,1.1635629118879327,0.0,0.0,0.0
18127,6.561899409987174,0.8843783794608929,80.61017305526642,1.414213562373095,0.6731370378011279
18129,7.594055837688717,0.9446182294770504,0.0,0.0,0.0
18130,4.768056296737831,0.3150529462914018,10.606601717798213,0.5173952057462543,0.6076662046570038
18133,0.0,0.0,0.0,0.0,0.0
18135,46.77835649719801,1.3719803638954704,50.01333155602947,1.2503332889007368,0.8793155631172624
18136,11.75043196143136,0.5692966156265752,28.991378028648448,0.22738335708743881,1.0744268276815971
18138,14.55325043467217,0.7626990073853741,0.0,0.0,0.0
18139,95.6832470165858,1.8029181421508427,0.0,0.0,0.0
18142,63.06398057302034,0.9278481134213208,0.0,0.0,0.5901662063965603
18143,5.171987779918706,0.31544078404959314,0.0,0.0,0.6923552048482671
18144,69.31763942647581,1.031816008771427,17.96258738195991,0.5503856857982146,2.2456759205727295
18145,6.250643485426157,0.4827426430707765,22.501851775650227,0.22652870915084122,1.3289358715836532
18146,3.4325282227536014,0.21406474728740887,0.0,0.0,0.6921803501243301
18147,10.079821426989668,0.39343565288796517,0.0,0.0,0.6878632016501707
18149,32.36531167778243,0.8460413456484756,74.95331880577403,0.6752551243763426,0.9385936739432745
18150,3.7120381230567974,0.24241132859102243,33.23401871576773,0.3933019966363045,1.0856758761930756
18151,5.351678835511687,0.31126317555589517,0.0,0.0,0.6922120967815899
18154,6.351374579381934,0.33412376604379024,0.0,0.0,0.6876574443895226
18155,3.5315625908842865,0.237578883730981,18.384776310850235,0.17022941028565033,1.0850953617672643
18156,4.73000842188682,0.9010275383897391,0.0,0.0,0.5935265779367295
18158,5.659525751249416,0.4244020192820471,0.0,0.0,0.5530649096603165
18159,33.18929865867228,1.439882805148472,0.0,0.0,0.0
18160,3.568789378042827,0.21813432238922711,0.0,0.0,0.6931460487080688
18161,9.679877894897569,0.4784055202613258,26.614532371118855,0.3525103625313756,1.572510711426769
18164,4.7219413649073605,0.2835646009202468,0.0,0.0,0.0
18165,44.17367949356268,1.4604800467355248,0.0,0.0,0.0
18167,16.063205395174638,0.42916872436308473,41.012193308819754,1.0002973977760916,0.6533892727830581
18168,7.276741667084874,0.8147880732243691,21.011901389450696,0.5387667022936076,1.5038093249790938
18169,16.045014802112213,0.7125839290353315,0.0,0.0,0.0
18170,20.111564971188276,0.7795895878907227,19.091883092036785,0.20865446002225993,1.0968763266201862
18171,13.005588113856355,0.57036957236459,22.998188334446407,0.3369697924461012,1.601045354007279
18172,54.79123475222802,1.3694765406855482,17.30530797791609,1.2223079984401701,1.8882598701624789
18173,52.24098767364836,0.7686728075616084,43.40506882842141,0.7000817552971196,1.3269959327600944
18174,0.0,0.0,0.0,0.0,0.0
18176,5.288857567359524,0.3330864427853169,0.0,0.0,0.0
18177,11.958750026000885,0.6597094883959278,48.48504924200861,1.0920056135587524,1.5837147506828497
18178,4.859653085793385,0.2963184474085267,19.924858845171276,0.25544690827142663,1.3648170116866007
18179,21.804001122072435,1.0943525159279484,79.72891570816701,1.222836130493359,1.5122871113436247
18180,6.476330550491603,0.4179977412927462,22.85825890132492,0.8466021815305526,1.3377836128317773
18181,5.642830808635299,0.6486012423718734,0.0,0.0,0.0
18183,5.331221386462156,0.31207807885060157,0.0,0.0,0.6930947896677412
18184,0.0,0.0,0.0,0.0,0.0
18185,7.0678734113468344,0.3949181528114911,0.0,0.0,0.0
18188,33.05318593848563,1.172778256123056,106.06601717798213,0.7742045049487747,0.9601356239714188
18189,4.914393741575296,0.30651854126350175,0.0,0.0,0.6800657602124895
18190,5.680871160557784,0.29956080787585865,0.0,0.0,0.6718783275319292
18191,8.210446307688064,0.2765790382763063,0.0,0.0,0.0
18192,15.044272285021254,0.7066946280425863,0.0,0.0,0.0
18193,5.572483587533779,0.36576853216500027,0.0,0.0,0.0
18194,76.16040616138196,0.5474439775832516,0.0,0.0,0.0
18196,5.15980957625588,1.0557270039790447,0.0,0.0,0.6448530119023476
18198,49.644769221761145,1.4548762351278066,13.243866504914644,0.6540180990081306,2.305343747797318
18200,4.087089626238117,0.7984546278365063,0.0,0.0,0.0
18202,8.084089983714534,0.3935018281394916,78.48885271170677,1.414213562373095,0.6460096690294337
18203,11.458718200872974,1.357160240721771,0.0,0.0,0.0
18204,10.006539758562823,1.0038159962444524,31.11269837220809,0.5185449728701348,1.0844733043136594
18205,6.949064917368844,0.42981691154283863,0.0,0.0,0.685027437589679
18209,3.5501257522998904,0.20417689445290524,0.0,0.0,0.0
18210,9.28938028045132,0.4748555942215462,90.94118978768643,1.7289199579408066,1.0597952781172462
18211,9.755364017791873,0.6827958217328955,54.67098560174918,0.8712507665617399,1.554522241678019
18212,5.582642455726755,0.9663216552461575,0.0,0.0,0.0
18213,5.390523254043243,0.3478056125716132,0.0,0.0,0.0
18215,10.270402084356729,0.4460320274491797,0.0,0.0,0.0
18216,5.880383203107143,0.3173637016726221,0.0,0.0,0.0
18217,8.765195015281403,0.43702620904499156,0.0,0.0,0.6928918351633135
18218,38.51602639223859,1.2216598511312988,0.0,0.0,0.6910050977303368
18219,7.050167111733525,0.38831321873329977,33.30206867114681,0.8234027968140696,1.9910973288890765
18220,0.0,0.0,0.0,0.0,0.0
18221,6.450615571016433,0.39634738198082947,17.635192088548397,0.37925144276448164,1.5779577017555453
18222,11.433132804747531,0.4903600977205488,0.0,0.0,0.0
18223,17.005892465523452,0.7133278151761542,14.772635825429708,0.5534416879843983,2.1556052011254443
18224,3.742581551104353,0.2354565304249357,0.0,0.0,0.0
18225,16.337236760937163,0.80364761744416,20.76097738109123,0.6432978906817001,2.1559444541845756
18226,13.443341580131586,0.6222757361524552,20.978560484456505,0.7259017468670071,2.1120414536688346
18227,6.229967897188556,0.33226495451672294,0.0,0.0,0.0
18228,13.63199515676348,0.5243747335593082,0.0,0.0,0.6900972962074754
18229,40.77111211955727,0.918861381578336,9.26352338460243,0.5028769837355604,2.395473575576734
18230,30.156927579574017,0.9228865460975608,21.565404393766112,0.44618078056067817,1.7715127065848122
18231,10.862010871221573,0.6465265414619684,15.777093099385155,0.664298656816217,1.2488043444684975
18232,5.824822530129782,0.36345588076091867,36.11555528208494,0.9421449204022158,0.9154267108273646
18233,0.0,0.0,0.0,0.0,0.0
18235,9.850630388156015,0.5702627139563065,34.64823227814083,0.47790665211228733,0.9641292203928943
18236,6.687098001141508,0.37140438209096605,12.660963628413123,0.3043500872214693,1.7746846334630921
18237,5.500773830311553,0.33993233071523127,20.69420208657488,0.641680684855035,1.540197963028596
18239,7.993373672108947,0.4504433777611486,19.72097022630141,0.5224098073192427,1.326510436279303
18240,113.5196458768261,1.611808119790233,0.0,0.0,0.0
18241,8.224788003673844,0.41261013867322677,12.87309856509561,1.0196513714927216,1.802797939225103
18242,28.639432602332576,1.000620716322107,66.65083145267832,1.4282321025573925,0.6198184726109972
18245,6.989113658683064,0.47645746116940635,56.248259232323505,0.9754033392888469,1.5439260374891162
18246,82.39872066158956,0.5529187764575713,0.0,0.0,0.6690629562781433
18248,10.915540598133072,0.6380816498498226,0.0,0.0,0.6652880564473456
18249,3.5760542900960393,0.30006748815574064,0.0,0.0,0.0
18250,5.159605235914488,0.3102233514307105,0.0,0.0,0.0
18251,139.9982045599157,0.5191463809838532,0.0,0.0,0.0
18252,5.926387770569302,1.1027512512878874,0.0,0.0,0.3915260732807185
18255,7.417119836342586,0.4308104454797242,0.0,0.0,0.0
18257,10.758100855027967,0.5430525364977777,28.84688643758382,0.7981351978778132,1.5147724157956877
18259,34.607325025380256,0.6215289707799414,156.27059864222701,0.9165431005409209,1.0193106009886763
18260,11.197483985435516,0.567669057978344,15.915401345866211,0.43484703130782,1.7585968301470725
18261,2.8199734041299047,0.18264076451618552,0.0,0.0,0.6164236764953435
18262,4.614531117664874,0.40131726337733054,0.0,0.0,0.0
18263,9.937649808473177,0.4996839974256188,23.33452377915607,0.20741798914805396,1.078853517251828
18265,5.241946447683961,0.30084407754546066,0.0,0.0,0.6689547424120615
18268,0.0,0.0,0.0,0.0,0.0
18269,7.784049625447449,0.32318118255119893,0.0,0.0,0.0
18270,12.67806803463797,0.49252604054747534,0.0,0.0,0.6710911221003064
18272,8.024890399368038,0.4327098228063245,21.993180761317813,0.45629005728875127,1.5378244007951307
18273,29.444863728670914,0.4330127018922193,48.79036790187178,0.3826695521715434,1.0397207708399179
18274,3.094233639882712,0.19347754683213866,0.0,0.0,0.0
18276,22.78462605827413,0.9497551504074252,0.0,0.0,0.0
18277,4.558335379123768,0.3303740082713367,0.0,0.0,0.0
18278,6.561779060928862,0.339597536218285,0.0,0.0,0.0
18280,3.380318854125385,0.18717158660716415,0.0,0.0,0.0
18281,6.110444220466182,0.5292391678206295,0.0,0.0,0.0
18282,5.85357874218064,0.3945124678807508,0.0,0.0,0.6852337218940618
18283,2.5499284072481667,0.9202178052583508,18.563404860100423,0.8515323330321295,2.0813692919840037
18287,19.75176084924994,0.7525381321559566,89.80256121069154,1.1439816714737776,0.679146832408555
